dataset,record_index,split
emorynlp,273,train
emorynlp,566,train
emorynlp,139,train
emorynlp,517,train
emorynlp,667,train
emorynlp,460,train
emorynlp,543,train
emorynlp,553,train
emorynlp,125,train
emorynlp,413,train
emorynlp,330,train
emorynlp,645,train
emorynlp,165,train
emorynlp,62,train
emorynlp,583,train
emorynlp,123,train
emorynlp,270,train
emorynlp,210,train
emorynlp,602,train
emorynlp,398,train
emorynlp,481,train
emorynlp,34,train
emorynlp,63,train
emorynlp,194,train
emorynlp,666,train
emorynlp,443,train
emorynlp,80,train
emorynlp,643,train
emorynlp,581,train
emorynlp,498,train
emorynlp,505,train
emorynlp,297,train
emorynlp,446,train
emorynlp,107,train
emorynlp,575,train
emorynlp,640,train
emorynlp,420,train
emorynlp,324,train
emorynlp,42,train
emorynlp,248,train
emorynlp,255,train
emorynlp,278,train
emorynlp,560,train
emorynlp,414,train
emorynlp,234,train
emorynlp,180,train
emorynlp,47,train
emorynlp,600,train
emorynlp,479,train
emorynlp,337,train
emorynlp,661,train
emorynlp,429,train
emorynlp,570,train
emorynlp,219,train
emorynlp,203,train
emorynlp,544,train
emorynlp,311,train
emorynlp,153,train
emorynlp,593,train
emorynlp,660,train
emorynlp,247,train
emorynlp,244,train
emorynlp,209,train
emorynlp,598,train
emorynlp,680,train
emorynlp,628,train
emorynlp,124,train
emorynlp,318,train
emorynlp,190,train
emorynlp,97,train
emorynlp,99,train
emorynlp,387,train
emorynlp,136,train
emorynlp,126,train
emorynlp,558,train
emorynlp,427,train
emorynlp,88,train
emorynlp,43,train
emorynlp,400,train
emorynlp,636,train
emorynlp,408,train
emorynlp,372,train
emorynlp,687,train
emorynlp,245,train
emorynlp,550,train
emorynlp,259,train
emorynlp,19,train
emorynlp,66,train
emorynlp,258,train
emorynlp,307,train
emorynlp,573,train
emorynlp,257,train
emorynlp,175,train
emorynlp,221,train
emorynlp,162,train
emorynlp,317,train
emorynlp,189,train
emorynlp,370,train
emorynlp,501,train
emorynlp,601,train
emorynlp,313,train
emorynlp,15,train
emorynlp,504,train
emorynlp,634,train
emorynlp,78,train
emorynlp,631,train
emorynlp,454,train
emorynlp,241,train
emorynlp,677,train
emorynlp,448,train
emorynlp,193,train
emorynlp,630,train
emorynlp,87,train
emorynlp,121,train
emorynlp,40,train
emorynlp,439,train
emorynlp,119,train
emorynlp,452,train
emorynlp,320,train
emorynlp,76,train
emorynlp,220,train
emorynlp,545,train
emorynlp,285,train
emorynlp,361,train
emorynlp,533,train
emorynlp,188,train
emorynlp,480,train
emorynlp,434,train
emorynlp,268,train
emorynlp,656,train
emorynlp,230,train
emorynlp,456,train
emorynlp,557,train
emorynlp,114,train
emorynlp,421,train
emorynlp,79,train
emorynlp,477,train
emorynlp,507,train
emorynlp,109,train
emorynlp,496,train
emorynlp,393,train
emorynlp,289,train
emorynlp,17,train
emorynlp,467,train
emorynlp,623,train
emorynlp,147,train
emorynlp,508,train
emorynlp,540,train
emorynlp,469,train
emorynlp,671,train
emorynlp,296,train
emorynlp,678,train
emorynlp,605,train
emorynlp,635,train
emorynlp,368,train
emorynlp,150,train
emorynlp,619,train
emorynlp,61,train
emorynlp,192,train
emorynlp,378,train
emorynlp,685,train
emorynlp,369,train
emorynlp,547,train
emorynlp,375,train
emorynlp,14,train
emorynlp,638,train
emorynlp,20,train
emorynlp,197,train
emorynlp,39,train
emorynlp,615,train
emorynlp,459,train
emorynlp,502,train
emorynlp,215,train
emorynlp,534,train
emorynlp,263,train
emorynlp,608,train
emorynlp,315,train
emorynlp,288,train
emorynlp,343,train
emorynlp,269,train
emorynlp,385,train
emorynlp,102,train
emorynlp,377,train
emorynlp,415,train
emorynlp,113,train
emorynlp,379,train
emorynlp,639,train
emorynlp,55,train
emorynlp,510,train
emorynlp,682,train
emorynlp,651,train
emorynlp,71,train
emorynlp,46,train
emorynlp,187,train
emorynlp,111,train
emorynlp,418,train
emorynlp,65,train
emorynlp,52,train
emorynlp,395,train
emorynlp,355,train
emorynlp,402,train
emorynlp,310,train
emorynlp,184,train
emorynlp,620,train
emorynlp,487,train
emorynlp,115,train
emorynlp,356,train
emorynlp,28,train
emorynlp,428,train
emorynlp,240,train
emorynlp,336,train
emorynlp,253,train
emorynlp,563,train
emorynlp,176,train
emorynlp,384,train
emorynlp,128,train
emorynlp,652,train
emorynlp,186,train
emorynlp,431,train
emorynlp,595,train
emorynlp,231,train
emorynlp,497,train
emorynlp,670,train
emorynlp,464,train
emorynlp,475,train
emorynlp,559,train
emorynlp,161,train
emorynlp,648,train
emorynlp,373,train
emorynlp,603,train
emorynlp,616,train
emorynlp,116,train
emorynlp,167,train
emorynlp,60,train
emorynlp,549,train
emorynlp,91,train
emorynlp,465,train
emorynlp,538,train
emorynlp,304,train
emorynlp,152,train
emorynlp,172,train
emorynlp,574,train
emorynlp,41,train
emorynlp,145,train
emorynlp,541,train
emorynlp,321,train
emorynlp,13,train
emorynlp,312,train
emorynlp,322,train
emorynlp,183,train
emorynlp,18,train
emorynlp,353,train
emorynlp,242,train
emorynlp,618,train
emorynlp,141,train
emorynlp,58,train
emorynlp,650,train
emorynlp,470,train
emorynlp,108,train
emorynlp,455,train
emorynlp,617,train
emorynlp,35,train
emorynlp,485,train
emorynlp,404,train
emorynlp,174,train
emorynlp,90,train
emorynlp,633,train
emorynlp,437,train
emorynlp,286,train
emorynlp,84,train
emorynlp,4,train
emorynlp,511,train
emorynlp,569,train
emorynlp,323,train
emorynlp,512,train
emorynlp,23,train
emorynlp,358,train
emorynlp,675,train
emorynlp,140,train
emorynlp,81,train
emorynlp,572,train
emorynlp,303,train
emorynlp,38,train
emorynlp,148,train
emorynlp,156,train
emorynlp,587,train
emorynlp,492,train
emorynlp,499,train
emorynlp,641,train
emorynlp,8,train
emorynlp,610,train
emorynlp,380,train
emorynlp,696,train
emorynlp,551,train
emorynlp,625,train
emorynlp,518,train
emorynlp,131,train
emorynlp,159,train
emorynlp,293,train
emorynlp,391,train
emorynlp,333,train
emorynlp,264,train
emorynlp,556,train
emorynlp,606,train
emorynlp,488,train
emorynlp,349,train
emorynlp,591,train
emorynlp,528,train
emorynlp,222,train
emorynlp,644,train
emorynlp,516,train
emorynlp,424,train
emorynlp,237,train
emorynlp,306,train
emorynlp,59,train
emorynlp,267,train
emorynlp,85,train
emorynlp,417,train
emorynlp,692,train
emorynlp,302,train
emorynlp,440,train
emorynlp,68,train
emorynlp,684,train
emorynlp,92,train
emorynlp,214,train
emorynlp,604,train
emorynlp,520,train
emorynlp,489,train
emorynlp,514,train
emorynlp,260,train
emorynlp,104,train
emorynlp,578,train
emorynlp,433,train
emorynlp,298,train
emorynlp,100,train
emorynlp,179,train
emorynlp,614,train
emorynlp,170,train
emorynlp,632,train
emorynlp,151,train
emorynlp,89,train
emorynlp,457,train
emorynlp,362,train
emorynlp,344,train
emorynlp,693,train
emorynlp,154,train
emorynlp,567,train
emorynlp,596,train
emorynlp,217,train
emorynlp,122,train
emorynlp,426,train
emorynlp,524,train
emorynlp,612,train
emorynlp,227,train
emorynlp,691,train
emorynlp,103,train
emorynlp,287,train
emorynlp,334,train
emorynlp,204,train
emorynlp,463,train
emorynlp,314,train
emorynlp,399,train
emorynlp,624,train
emorynlp,70,train
emorynlp,490,train
emorynlp,482,train
emorynlp,383,train
emorynlp,243,train
emorynlp,146,train
emorynlp,525,train
emorynlp,365,train
emorynlp,609,train
emorynlp,649,train
emorynlp,199,train
emorynlp,25,train
emorynlp,679,train
emorynlp,223,train
emorynlp,51,train
emorynlp,425,train
emorynlp,185,train
emorynlp,5,train
emorynlp,382,train
emorynlp,69,train
emorynlp,527,train
emorynlp,662,train
emorynlp,366,train
emorynlp,613,train
emorynlp,629,train
emorynlp,212,train
emorynlp,117,train
emorynlp,228,train
emorynlp,224,train
emorynlp,476,train
emorynlp,67,train
emorynlp,137,train
emorynlp,235,train
emorynlp,389,train
emorynlp,594,train
emorynlp,403,train
emorynlp,664,train
emorynlp,206,train
emorynlp,588,train
emorynlp,178,train
emorynlp,621,train
emorynlp,449,train
emorynlp,191,train
emorynlp,665,train
emorynlp,548,train
emorynlp,326,train
emorynlp,388,train
emorynlp,412,train
emorynlp,177,train
emorynlp,82,train
emorynlp,579,train
emorynlp,50,train
emorynlp,282,train
emorynlp,232,train
emorynlp,295,train
emorynlp,276,val
emorynlp,663,val
emorynlp,493,val
emorynlp,530,val
emorynlp,546,val
emorynlp,503,val
emorynlp,54,val
emorynlp,430,val
emorynlp,319,val
emorynlp,423,val
emorynlp,144,val
emorynlp,31,val
emorynlp,673,val
emorynlp,300,val
emorynlp,316,val
emorynlp,24,val
emorynlp,95,val
emorynlp,279,val
emorynlp,163,val
emorynlp,98,val
emorynlp,341,val
emorynlp,584,val
emorynlp,658,val
emorynlp,132,val
emorynlp,129,val
emorynlp,394,val
emorynlp,401,val
emorynlp,472,val
emorynlp,283,val
emorynlp,195,val
emorynlp,164,val
emorynlp,281,val
emorynlp,173,val
emorynlp,689,val
emorynlp,407,val
emorynlp,690,val
emorynlp,406,val
emorynlp,626,val
emorynlp,422,val
emorynlp,202,val
emorynlp,688,val
emorynlp,654,val
emorynlp,290,val
emorynlp,535,val
emorynlp,198,val
emorynlp,181,val
emorynlp,49,val
emorynlp,576,val
emorynlp,694,val
emorynlp,529,val
emorynlp,200,val
emorynlp,130,val
emorynlp,332,val
emorynlp,75,val
emorynlp,669,val
emorynlp,182,val
emorynlp,562,val
emorynlp,386,val
emorynlp,599,val
emorynlp,135,val
emorynlp,436,val
emorynlp,568,val
emorynlp,536,val
emorynlp,166,val
emorynlp,513,val
emorynlp,354,val
emorynlp,249,val
emorynlp,374,val
emorynlp,142,val
emorynlp,294,val
emorynlp,277,val
emorynlp,672,val
emorynlp,491,val
emorynlp,265,val
emorynlp,238,val
emorynlp,94,val
emorynlp,444,val
emorynlp,158,val
emorynlp,397,val
emorynlp,211,val
emorynlp,686,val
emorynlp,555,val
emorynlp,522,val
emorynlp,350,val
emorynlp,458,val
emorynlp,396,val
emorynlp,478,val
emorynlp,308,val
emorynlp,138,val
emorynlp,101,val
emorynlp,571,val
emorynlp,9,val
emorynlp,44,val
emorynlp,201,val
emorynlp,339,val
emorynlp,442,val
emorynlp,445,val
emorynlp,359,val
emorynlp,233,val
emorynlp,376,val
emorynlp,16,val
emorynlp,345,val
emorynlp,409,val
emorynlp,695,val
emorynlp,218,val
emorynlp,196,val
emorynlp,335,val
emorynlp,509,val
emorynlp,494,val
emorynlp,262,val
emorynlp,351,val
emorynlp,451,val
emorynlp,205,val
emorynlp,367,val
emorynlp,352,val
emorynlp,143,val
emorynlp,523,val
emorynlp,225,val
emorynlp,577,val
emorynlp,86,val
emorynlp,419,val
emorynlp,280,val
emorynlp,435,val
emorynlp,697,val
emorynlp,168,val
emorynlp,474,val
emorynlp,112,val
emorynlp,342,val
emorynlp,592,val
emorynlp,120,val
emorynlp,348,val
emorynlp,580,val
emorynlp,347,val
emorynlp,72,val
emorynlp,564,val
emorynlp,261,val
emorynlp,681,val
emorynlp,127,val
emorynlp,256,val
emorynlp,207,test
emorynlp,486,test
emorynlp,328,test
emorynlp,381,test
emorynlp,607,test
emorynlp,495,test
emorynlp,331,test
emorynlp,1,test
emorynlp,6,test
emorynlp,299,test
emorynlp,29,test
emorynlp,471,test
emorynlp,32,test
emorynlp,96,test
emorynlp,57,test
emorynlp,2,test
emorynlp,364,test
emorynlp,338,test
emorynlp,468,test
emorynlp,416,test
emorynlp,392,test
emorynlp,586,test
emorynlp,284,test
emorynlp,12,test
emorynlp,216,test
emorynlp,405,test
emorynlp,531,test
emorynlp,48,test
emorynlp,329,test
emorynlp,668,test
emorynlp,37,test
emorynlp,585,test
emorynlp,657,test
emorynlp,453,test
emorynlp,275,test
emorynlp,589,test
emorynlp,208,test
emorynlp,655,test
emorynlp,674,test
emorynlp,309,test
emorynlp,171,test
emorynlp,22,test
emorynlp,483,test
emorynlp,26,test
emorynlp,371,test
emorynlp,532,test
emorynlp,466,test
emorynlp,542,test
emorynlp,110,test
emorynlp,160,test
emorynlp,390,test
emorynlp,226,test
emorynlp,301,test
emorynlp,7,test
emorynlp,11,test
emorynlp,252,test
emorynlp,73,test
emorynlp,554,test
emorynlp,447,test
emorynlp,33,test
emorynlp,411,test
emorynlp,236,test
emorynlp,274,test
emorynlp,106,test
emorynlp,292,test
emorynlp,155,test
emorynlp,340,test
emorynlp,450,test
emorynlp,506,test
emorynlp,251,test
emorynlp,157,test
emorynlp,10,test
emorynlp,561,test
emorynlp,597,test
emorynlp,539,test
emorynlp,637,test
emorynlp,30,test
emorynlp,169,test
emorynlp,229,test
emorynlp,438,test
emorynlp,250,test
emorynlp,484,test
emorynlp,118,test
emorynlp,647,test
emorynlp,36,test
emorynlp,360,test
emorynlp,676,test
emorynlp,515,test
emorynlp,461,test
emorynlp,3,test
emorynlp,77,test
emorynlp,683,test
emorynlp,239,test
emorynlp,537,test
emorynlp,659,test
emorynlp,363,test
emorynlp,213,test
emorynlp,611,test
emorynlp,646,test
emorynlp,432,test
emorynlp,93,test
emorynlp,552,test
emorynlp,246,test
emorynlp,526,test
emorynlp,346,test
emorynlp,83,test
emorynlp,653,test
emorynlp,441,test
emorynlp,519,test
emorynlp,327,test
emorynlp,53,test
emorynlp,521,test
emorynlp,642,test
emorynlp,305,test
emorynlp,325,test
emorynlp,27,test
emorynlp,64,test
emorynlp,565,test
emorynlp,410,test
emorynlp,149,test
emorynlp,74,test
emorynlp,272,test
emorynlp,56,test
emorynlp,134,test
emorynlp,271,test
emorynlp,590,test
emorynlp,473,test
emorynlp,500,test
emorynlp,105,test
emorynlp,627,test
emorynlp,254,test
emorynlp,21,test
emorynlp,357,test
emorynlp,266,test
emorynlp,291,test
emorynlp,582,test
emorynlp,45,test
emorynlp,622,test
emorynlp,133,test
emorynlp,462,test
finqa,1086,train
finqa,495,train
finqa,232,train
finqa,776,train
finqa,74,train
finqa,462,train
finqa,564,train
finqa,322,train
finqa,63,train
finqa,704,train
finqa,134,train
finqa,239,train
finqa,435,train
finqa,1110,train
finqa,332,train
finqa,705,train
finqa,637,train
finqa,956,train
finqa,45,train
finqa,53,train
finqa,671,train
finqa,1126,train
finqa,961,train
finqa,706,train
finqa,638,train
finqa,75,train
finqa,900,train
finqa,613,train
finqa,416,train
finqa,917,train
finqa,357,train
finqa,10,train
finqa,830,train
finqa,1041,train
finqa,725,train
finqa,446,train
finqa,886,train
finqa,1133,train
finqa,115,train
finqa,777,train
finqa,1068,train
finqa,960,train
finqa,647,train
finqa,1012,train
finqa,824,train
finqa,12,train
finqa,552,train
finqa,458,train
finqa,601,train
finqa,838,train
finqa,341,train
finqa,368,train
finqa,122,train
finqa,760,train
finqa,619,train
finqa,469,train
finqa,744,train
finqa,905,train
finqa,788,train
finqa,474,train
finqa,842,train
finqa,454,train
finqa,1045,train
finqa,803,train
finqa,190,train
finqa,453,train
finqa,592,train
finqa,429,train
finqa,740,train
finqa,388,train
finqa,175,train
finqa,909,train
finqa,681,train
finqa,450,train
finqa,786,train
finqa,655,train
finqa,711,train
finqa,985,train
finqa,85,train
finqa,1129,train
finqa,910,train
finqa,894,train
finqa,384,train
finqa,295,train
finqa,713,train
finqa,1073,train
finqa,464,train
finqa,378,train
finqa,164,train
finqa,1128,train
finqa,206,train
finqa,867,train
finqa,855,train
finqa,1111,train
finqa,228,train
finqa,1046,train
finqa,709,train
finqa,73,train
finqa,178,train
finqa,1139,train
finqa,387,train
finqa,331,train
finqa,608,train
finqa,871,train
finqa,734,train
finqa,614,train
finqa,821,train
finqa,656,train
finqa,520,train
finqa,403,train
finqa,1023,train
finqa,720,train
finqa,44,train
finqa,572,train
finqa,866,train
finqa,1004,train
finqa,321,train
finqa,410,train
finqa,992,train
finqa,1143,train
finqa,56,train
finqa,412,train
finqa,343,train
finqa,240,train
finqa,1064,train
finqa,371,train
finqa,13,train
finqa,701,train
finqa,540,train
finqa,698,train
finqa,267,train
finqa,277,train
finqa,307,train
finqa,24,train
finqa,571,train
finqa,903,train
finqa,1021,train
finqa,728,train
finqa,154,train
finqa,541,train
finqa,884,train
finqa,220,train
finqa,880,train
finqa,1136,train
finqa,1109,train
finqa,100,train
finqa,975,train
finqa,680,train
finqa,915,train
finqa,489,train
finqa,109,train
finqa,329,train
finqa,38,train
finqa,932,train
finqa,77,train
finqa,549,train
finqa,424,train
finqa,186,train
finqa,997,train
finqa,1072,train
finqa,222,train
finqa,872,train
finqa,116,train
finqa,829,train
finqa,757,train
finqa,379,train
finqa,994,train
finqa,667,train
finqa,596,train
finqa,1140,train
finqa,661,train
finqa,816,train
finqa,224,train
finqa,171,train
finqa,486,train
finqa,672,train
finqa,574,train
finqa,789,train
finqa,950,train
finqa,1033,train
finqa,579,train
finqa,858,train
finqa,282,train
finqa,1113,train
finqa,1022,train
finqa,512,train
finqa,408,train
finqa,177,train
finqa,835,train
finqa,58,train
finqa,822,train
finqa,493,train
finqa,939,train
finqa,306,train
finqa,299,train
finqa,427,train
finqa,999,train
finqa,813,train
finqa,42,train
finqa,133,train
finqa,869,train
finqa,124,train
finqa,902,train
finqa,1,train
finqa,815,train
finqa,922,train
finqa,1047,train
finqa,779,train
finqa,523,train
finqa,719,train
finqa,763,train
finqa,471,train
finqa,216,train
finqa,1016,train
finqa,652,train
finqa,98,train
finqa,491,train
finqa,1035,train
finqa,1034,train
finqa,60,train
finqa,758,train
finqa,529,train
finqa,953,train
finqa,669,train
finqa,505,train
finqa,312,train
finqa,892,train
finqa,274,train
finqa,548,train
finqa,285,train
finqa,120,train
finqa,797,train
finqa,509,train
finqa,413,train
finqa,557,train
finqa,35,train
finqa,958,train
finqa,266,train
finqa,316,train
finqa,679,train
finqa,456,train
finqa,1036,train
finqa,1056,train
finqa,421,train
finqa,846,train
finqa,581,train
finqa,141,train
finqa,80,train
finqa,372,train
finqa,113,train
finqa,442,train
finqa,189,train
finqa,584,train
finqa,968,train
finqa,591,train
finqa,390,train
finqa,796,train
finqa,626,train
finqa,366,train
finqa,687,train
finqa,207,train
finqa,559,train
finqa,411,train
finqa,1079,train
finqa,480,train
finqa,1107,train
finqa,257,train
finqa,139,train
finqa,1006,train
finqa,840,train
finqa,256,train
finqa,611,train
finqa,82,train
finqa,911,train
finqa,308,train
finqa,635,train
finqa,575,train
finqa,473,train
finqa,183,train
finqa,185,train
finqa,152,train
finqa,962,train
finqa,94,train
finqa,586,train
finqa,163,train
finqa,1145,train
finqa,954,train
finqa,323,train
finqa,6,train
finqa,978,train
finqa,487,train
finqa,248,train
finqa,898,train
finqa,47,train
finqa,72,train
finqa,761,train
finqa,121,train
finqa,1061,train
finqa,33,train
finqa,853,train
finqa,688,train
finqa,226,train
finqa,392,train
finqa,125,train
finqa,1024,train
finqa,313,train
finqa,140,train
finqa,759,train
finqa,108,train
finqa,1053,train
finqa,39,train
finqa,50,train
finqa,641,train
finqa,918,train
finqa,516,train
finqa,772,train
finqa,792,train
finqa,7,train
finqa,643,train
finqa,708,train
finqa,649,train
finqa,1007,train
finqa,298,train
finqa,639,train
finqa,640,train
finqa,747,train
finqa,170,train
finqa,784,train
finqa,184,train
finqa,382,train
finqa,969,train
finqa,674,train
finqa,65,train
finqa,595,train
finqa,1117,train
finqa,949,train
finqa,919,train
finqa,717,train
finqa,479,train
finqa,756,train
finqa,561,train
finqa,854,train
finqa,155,train
finqa,533,train
finqa,465,train
finqa,521,train
finqa,906,train
finqa,794,train
finqa,16,train
finqa,925,train
finqa,833,train
finqa,326,train
finqa,1135,train
finqa,896,train
finqa,646,train
finqa,532,train
finqa,535,train
finqa,376,train
finqa,490,train
finqa,181,train
finqa,771,train
finqa,660,train
finqa,942,train
finqa,921,train
finqa,753,train
finqa,250,train
finqa,621,train
finqa,272,train
finqa,162,train
finqa,923,train
finqa,261,train
finqa,439,train
finqa,888,train
finqa,434,train
finqa,1083,train
finqa,773,train
finqa,1001,train
finqa,580,train
finqa,492,train
finqa,678,train
finqa,593,train
finqa,166,train
finqa,311,train
finqa,627,train
finqa,127,train
finqa,605,train
finqa,690,train
finqa,878,train
finqa,208,train
finqa,1005,train
finqa,425,train
finqa,560,train
finqa,952,train
finqa,623,train
finqa,633,train
finqa,692,train
finqa,327,train
finqa,718,train
finqa,934,train
finqa,517,train
finqa,732,train
finqa,48,train
finqa,989,train
finqa,702,train
finqa,1087,train
finqa,156,train
finqa,536,train
finqa,70,train
finqa,881,train
finqa,361,train
finqa,1116,train
finqa,1025,train
finqa,700,train
finqa,344,train
finqa,161,train
finqa,28,train
finqa,66,train
finqa,287,train
finqa,1069,train
finqa,996,train
finqa,289,train
finqa,650,train
finqa,1029,train
finqa,126,train
finqa,258,train
finqa,105,train
finqa,422,train
finqa,528,train
finqa,510,train
finqa,817,train
finqa,1002,train
finqa,88,train
finqa,485,train
finqa,632,train
finqa,697,train
finqa,628,train
finqa,916,train
finqa,806,train
finqa,812,train
finqa,550,train
finqa,848,train
finqa,223,train
finqa,167,train
finqa,43,train
finqa,229,train
finqa,653,train
finqa,1020,train
finqa,145,train
finqa,729,train
finqa,18,train
finqa,451,train
finqa,374,train
finqa,955,train
finqa,87,train
finqa,278,train
finqa,590,train
finqa,839,train
finqa,293,train
finqa,46,train
finqa,123,train
finqa,769,train
finqa,89,train
finqa,84,train
finqa,150,train
finqa,271,train
finqa,524,train
finqa,577,train
finqa,504,train
finqa,215,train
finqa,238,train
finqa,205,train
finqa,675,train
finqa,920,train
finqa,795,train
finqa,963,train
finqa,1092,train
finqa,767,train
finqa,893,train
finqa,381,train
finqa,877,train
finqa,1030,train
finqa,827,train
finqa,342,train
finqa,30,train
finqa,118,train
finqa,414,train
finqa,363,train
finqa,1051,train
finqa,180,train
finqa,1040,train
finqa,1052,train
finqa,21,train
finqa,945,train
finqa,984,train
finqa,762,train
finqa,703,train
finqa,545,train
finqa,383,train
finqa,233,train
finqa,722,train
finqa,328,train
finqa,723,train
finqa,79,train
finqa,242,train
finqa,1044,train
finqa,192,train
finqa,496,train
finqa,790,train
finqa,234,train
finqa,476,train
finqa,599,train
finqa,68,train
finqa,237,train
finqa,691,train
finqa,644,train
finqa,36,train
finqa,715,train
finqa,131,train
finqa,1048,train
finqa,598,train
finqa,764,train
finqa,585,train
finqa,385,train
finqa,315,train
finqa,845,train
finqa,1122,train
finqa,895,train
finqa,820,train
finqa,594,train
finqa,67,train
finqa,987,train
finqa,751,train
finqa,1042,train
finqa,300,train
finqa,1065,train
finqa,1050,train
finqa,428,train
finqa,514,train
finqa,1105,train
finqa,83,train
finqa,389,train
finqa,358,train
finqa,602,train
finqa,696,train
finqa,253,train
finqa,864,train
finqa,265,train
finqa,217,train
finqa,1121,train
finqa,136,train
finqa,147,train
finqa,859,train
finqa,279,train
finqa,179,train
finqa,114,train
finqa,291,train
finqa,937,train
finqa,314,train
finqa,609,train
finqa,104,train
finqa,1060,train
finqa,260,train
finqa,193,train
finqa,742,train
finqa,364,train
finqa,1018,train
finqa,34,train
finqa,398,train
finqa,106,train
finqa,11,train
finqa,199,train
finqa,391,train
finqa,1008,train
finqa,477,train
finqa,929,train
finqa,677,train
finqa,351,train
finqa,481,train
finqa,568,train
finqa,14,train
finqa,433,train
finqa,478,train
finqa,808,train
finqa,1011,train
finqa,1062,train
finqa,578,train
finqa,933,train
finqa,810,train
finqa,515,train
finqa,1010,train
finqa,807,train
finqa,409,train
finqa,501,train
finqa,959,train
finqa,71,train
finqa,1074,train
finqa,283,train
finqa,832,train
finqa,974,train
finqa,254,train
finqa,1031,train
finqa,318,train
finqa,86,train
finqa,547,train
finqa,255,train
finqa,168,train
finqa,770,train
finqa,117,train
finqa,752,train
finqa,936,train
finqa,406,train
finqa,1101,train
finqa,543,train
finqa,525,train
finqa,377,train
finqa,755,train
finqa,791,train
finqa,76,train
finqa,566,train
finqa,554,train
finqa,497,train
finqa,995,train
finqa,851,train
finqa,221,train
finqa,324,train
finqa,1049,train
finqa,17,train
finqa,606,train
finqa,546,train
finqa,818,train
finqa,99,train
finqa,197,train
finqa,684,train
finqa,415,train
finqa,1082,train
finqa,158,train
finqa,645,train
finqa,1146,train
finqa,64,train
finqa,320,train
finqa,804,train
finqa,1106,train
finqa,144,train
finqa,142,train
finqa,19,train
finqa,1019,train
finqa,107,train
finqa,1077,train
finqa,466,train
finqa,610,train
finqa,629,train
finqa,736,train
finqa,288,train
finqa,673,train
finqa,948,train
finqa,1127,train
finqa,62,train
finqa,781,train
finqa,137,train
finqa,55,train
finqa,721,train
finqa,607,train
finqa,452,train
finqa,662,train
finqa,785,train
finqa,269,train
finqa,1039,train
finqa,59,train
finqa,865,train
finqa,340,train
finqa,468,train
finqa,850,train
finqa,61,train
finqa,275,train
finqa,1119,train
finqa,860,train
finqa,475,train
finqa,1066,train
finqa,110,train
finqa,731,train
finqa,670,train
finqa,182,train
finqa,648,train
finqa,339,train
finqa,252,train
finqa,778,train
finqa,612,train
finqa,160,train
finqa,617,val
finqa,111,val
finqa,1095,val
finqa,636,val
finqa,202,val
finqa,482,val
finqa,499,val
finqa,971,val
finqa,986,val
finqa,337,val
finqa,766,val
finqa,402,val
finqa,1078,val
finqa,362,val
finqa,537,val
finqa,982,val
finqa,847,val
finqa,981,val
finqa,534,val
finqa,297,val
finqa,879,val
finqa,380,val
finqa,555,val
finqa,686,val
finqa,355,val
finqa,303,val
finqa,370,val
finqa,90,val
finqa,41,val
finqa,1043,val
finqa,1009,val
finqa,1137,val
finqa,347,val
finqa,213,val
finqa,296,val
finqa,459,val
finqa,522,val
finqa,730,val
finqa,231,val
finqa,1059,val
finqa,765,val
finqa,1000,val
finqa,1028,val
finqa,563,val
finqa,249,val
finqa,1037,val
finqa,483,val
finqa,1071,val
finqa,565,val
finqa,874,val
finqa,353,val
finqa,616,val
finqa,438,val
finqa,96,val
finqa,57,val
finqa,153,val
finqa,597,val
finqa,811,val
finqa,420,val
finqa,857,val
finqa,749,val
finqa,622,val
finqa,1094,val
finqa,558,val
finqa,1147,val
finqa,1120,val
finqa,472,val
finqa,1097,val
finqa,51,val
finqa,899,val
finqa,128,val
finqa,386,val
finqa,286,val
finqa,246,val
finqa,367,val
finqa,885,val
finqa,683,val
finqa,23,val
finqa,983,val
finqa,828,val
finqa,714,val
finqa,138,val
finqa,49,val
finqa,365,val
finqa,1114,val
finqa,695,val
finqa,834,val
finqa,657,val
finqa,405,val
finqa,20,val
finqa,940,val
finqa,1138,val
finqa,998,val
finqa,620,val
finqa,264,val
finqa,739,val
finqa,103,val
finqa,1134,val
finqa,685,val
finqa,973,val
finqa,930,val
finqa,526,val
finqa,26,val
finqa,1084,val
finqa,284,val
finqa,926,val
finqa,863,val
finqa,746,val
finqa,132,val
finqa,600,val
finqa,498,val
finqa,634,val
finqa,394,val
finqa,531,val
finqa,527,val
finqa,544,val
finqa,1125,val
finqa,754,val
finqa,281,val
finqa,876,val
finqa,95,val
finqa,81,val
finqa,904,val
finqa,334,val
finqa,37,val
finqa,676,val
finqa,836,val
finqa,689,val
finqa,889,val
finqa,801,val
finqa,694,val
finqa,743,val
finqa,194,val
finqa,27,val
finqa,461,val
finqa,146,val
finqa,176,val
finqa,883,val
finqa,707,val
finqa,1085,val
finqa,562,val
finqa,993,val
finqa,814,val
finqa,356,val
finqa,1098,val
finqa,437,val
finqa,538,val
finqa,1055,val
finqa,556,val
finqa,211,val
finqa,882,val
finqa,1027,val
finqa,943,val
finqa,1099,val
finqa,119,val
finqa,494,val
finqa,305,val
finqa,354,val
finqa,530,val
finqa,101,val
finqa,52,val
finqa,268,val
finqa,191,val
finqa,470,val
finqa,440,val
finqa,436,val
finqa,346,val
finqa,809,val
finqa,102,val
finqa,1131,val
finqa,890,val
finqa,9,val
finqa,519,val
finqa,302,val
finqa,745,val
finqa,844,val
finqa,404,val
finqa,604,val
finqa,913,val
finqa,348,val
finqa,31,val
finqa,227,val
finqa,92,val
finqa,891,val
finqa,375,val
finqa,1081,val
finqa,2,val
finqa,843,val
finqa,112,val
finqa,350,val
finqa,887,val
finqa,1118,val
finqa,654,val
finqa,1017,val
finqa,290,val
finqa,219,val
finqa,979,val
finqa,1070,val
finqa,699,val
finqa,1015,val
finqa,236,val
finqa,1014,val
finqa,780,val
finqa,951,val
finqa,301,val
finqa,589,val
finqa,148,val
finqa,849,val
finqa,441,val
finqa,294,val
finqa,1102,val
finqa,798,val
finqa,444,val
finqa,966,val
finqa,423,val
finqa,214,val
finqa,957,val
finqa,625,val
finqa,443,val
finqa,716,val
finqa,793,val
finqa,241,val
finqa,935,val
finqa,5,val
finqa,135,val
finqa,174,val
finqa,663,val
finqa,976,val
finqa,1089,val
finqa,1003,test
finqa,1091,test
finqa,738,test
finqa,259,test
finqa,826,test
finqa,196,test
finqa,225,test
finqa,22,test
finqa,373,test
finqa,1026,test
finqa,165,test
finqa,360,test
finqa,230,test
finqa,1013,test
finqa,972,test
finqa,204,test
finqa,1123,test
finqa,682,test
finqa,924,test
finqa,588,test
finqa,325,test
finqa,418,test
finqa,1058,test
finqa,518,test
finqa,868,test
finqa,710,test
finqa,928,test
finqa,1142,test
finqa,449,test
finqa,445,test
finqa,173,test
finqa,1088,test
finqa,582,test
finqa,447,test
finqa,658,test
finqa,149,test
finqa,870,test
finqa,1100,test
finqa,426,test
finqa,664,test
finqa,1067,test
finqa,29,test
finqa,964,test
finqa,502,test
finqa,397,test
finqa,1132,test
finqa,666,test
finqa,40,test
finqa,775,test
finqa,270,test
finqa,1112,test
finqa,335,test
finqa,570,test
finqa,419,test
finqa,551,test
finqa,4,test
finqa,1080,test
finqa,345,test
finqa,157,test
finqa,802,test
finqa,768,test
finqa,630,test
finqa,988,test
finqa,1144,test
finqa,1141,test
finqa,1076,test
finqa,247,test
finqa,553,test
finqa,805,test
finqa,841,test
finqa,91,test
finqa,1075,test
finqa,1115,test
finqa,750,test
finqa,977,test
finqa,200,test
finqa,727,test
finqa,1130,test
finqa,333,test
finqa,129,test
finqa,875,test
finqa,187,test
finqa,946,test
finqa,965,test
finqa,837,test
finqa,819,test
finqa,349,test
finqa,430,test
finqa,990,test
finqa,800,test
finqa,32,test
finqa,861,test
finqa,782,test
finqa,1093,test
finqa,218,test
finqa,799,test
finqa,569,test
finqa,262,test
finqa,400,test
finqa,393,test
finqa,330,test
finqa,733,test
finqa,651,test
finqa,825,test
finqa,1063,test
finqa,25,test
finqa,831,test
finqa,188,test
finqa,280,test
finqa,159,test
finqa,3,test
finqa,897,test
finqa,169,test
finqa,1057,test
finqa,198,test
finqa,203,test
finqa,737,test
finqa,912,test
finqa,774,test
finqa,143,test
finqa,273,test
finqa,624,test
finqa,941,test
finqa,399,test
finqa,309,test
finqa,573,test
finqa,93,test
finqa,511,test
finqa,1103,test
finqa,263,test
finqa,991,test
finqa,457,test
finqa,1096,test
finqa,352,test
finqa,460,test
finqa,8,test
finqa,15,test
finqa,693,test
finqa,54,test
finqa,508,test
finqa,201,test
finqa,210,test
finqa,251,test
finqa,78,test
finqa,97,test
finqa,980,test
finqa,724,test
finqa,539,test
finqa,567,test
finqa,908,test
finqa,873,test
finqa,212,test
finqa,369,test
finqa,907,test
finqa,583,test
finqa,336,test
finqa,276,test
finqa,1032,test
finqa,304,test
finqa,787,test
finqa,488,test
finqa,1054,test
finqa,172,test
finqa,244,test
finqa,431,test
finqa,484,test
finqa,317,test
finqa,665,test
finqa,243,test
finqa,69,test
finqa,631,test
finqa,359,test
finqa,783,test
finqa,587,test
finqa,856,test
finqa,659,test
finqa,615,test
finqa,938,test
finqa,506,test
finqa,292,test
finqa,503,test
finqa,395,test
finqa,823,test
finqa,1090,test
finqa,319,test
finqa,448,test
finqa,618,test
finqa,463,test
finqa,467,test
finqa,235,test
finqa,1108,test
finqa,970,test
finqa,901,test
finqa,852,test
finqa,748,test
finqa,967,test
finqa,914,test
finqa,726,test
finqa,1104,test
finqa,401,test
finqa,642,test
finqa,947,test
finqa,603,test
finqa,741,test
finqa,542,test
finqa,944,test
finqa,151,test
finqa,455,test
finqa,927,test
finqa,396,test
finqa,862,test
finqa,432,test
finqa,735,test
finqa,500,test
finqa,576,test
finqa,338,test
finqa,195,test
finqa,130,test
finqa,712,test
finqa,513,test
finqa,407,test
finqa,310,test
finqa,931,test
finqa,1124,test
finqa,1038,test
finqa,668,test
finqa,507,test
finqa,245,test
finqa,417,test
finqa,209,test
humaneval,126,train
humaneval,99,train
humaneval,29,train
humaneval,19,train
humaneval,163,train
humaneval,2,train
humaneval,93,train
humaneval,56,train
humaneval,24,train
humaneval,46,train
humaneval,111,train
humaneval,102,train
humaneval,152,train
humaneval,108,train
humaneval,158,train
humaneval,100,train
humaneval,22,train
humaneval,96,train
humaneval,47,train
humaneval,142,train
humaneval,89,train
humaneval,83,train
humaneval,155,train
humaneval,33,train
humaneval,26,train
humaneval,97,train
humaneval,134,train
humaneval,130,train
humaneval,11,train
humaneval,16,train
humaneval,161,train
humaneval,69,train
humaneval,118,train
humaneval,95,train
humaneval,38,train
humaneval,34,train
humaneval,88,train
humaneval,18,train
humaneval,32,train
humaneval,101,train
humaneval,21,train
humaneval,41,train
humaneval,138,train
humaneval,114,train
humaneval,120,train
humaneval,157,train
humaneval,14,train
humaneval,160,train
humaneval,68,train
humaneval,164,train
humaneval,55,train
humaneval,103,train
humaneval,49,train
humaneval,37,train
humaneval,112,train
humaneval,81,train
humaneval,64,train
humaneval,113,train
humaneval,154,train
humaneval,71,train
humaneval,42,train
humaneval,123,train
humaneval,141,train
humaneval,119,train
humaneval,82,train
humaneval,98,train
humaneval,31,train
humaneval,66,train
humaneval,39,train
humaneval,30,train
humaneval,25,train
humaneval,92,train
humaneval,122,train
humaneval,5,train
humaneval,140,train
humaneval,148,train
humaneval,132,train
humaneval,45,train
humaneval,35,train
humaneval,109,train
humaneval,139,train
humaneval,145,train
humaneval,159,train
humaneval,58,train
humaneval,62,train
humaneval,136,train
humaneval,106,train
humaneval,67,train
humaneval,105,train
humaneval,1,train
humaneval,63,train
humaneval,43,train
humaneval,162,train
humaneval,144,train
humaneval,143,train
humaneval,15,train
humaneval,20,train
humaneval,124,train
humaneval,90,val
humaneval,131,val
humaneval,9,val
humaneval,137,val
humaneval,125,val
humaneval,36,val
humaneval,7,val
humaneval,60,val
humaneval,48,val
humaneval,12,val
humaneval,127,val
humaneval,135,val
humaneval,84,val
humaneval,110,val
humaneval,4,val
humaneval,53,val
humaneval,74,val
humaneval,151,val
humaneval,13,val
humaneval,54,val
humaneval,51,val
humaneval,107,val
humaneval,153,val
humaneval,147,val
humaneval,121,val
humaneval,156,val
humaneval,76,val
humaneval,94,val
humaneval,79,val
humaneval,52,val
humaneval,17,val
humaneval,128,val
humaneval,115,val
humaneval,6,test
humaneval,146,test
humaneval,10,test
humaneval,23,test
humaneval,65,test
humaneval,70,test
humaneval,8,test
humaneval,78,test
humaneval,40,test
humaneval,72,test
humaneval,129,test
humaneval,57,test
humaneval,28,test
humaneval,59,test
humaneval,117,test
humaneval,104,test
humaneval,80,test
humaneval,91,test
humaneval,85,test
humaneval,87,test
humaneval,86,test
humaneval,150,test
humaneval,73,test
humaneval,44,test
humaneval,61,test
humaneval,77,test
humaneval,27,test
humaneval,116,test
humaneval,149,test
humaneval,133,test
humaneval,75,test
humaneval,3,test
humaneval,50,test
korbench,1080,train
korbench,473,train
korbench,1235,train
korbench,444,train
korbench,896,train
korbench,796,train
korbench,188,train
korbench,1240,train
korbench,591,train
korbench,933,train
korbench,781,train
korbench,192,train
korbench,958,train
korbench,1162,train
korbench,1181,train
korbench,698,train
korbench,443,train
korbench,198,train
korbench,41,train
korbench,618,train
korbench,1088,train
korbench,304,train
korbench,101,train
korbench,1143,train
korbench,1179,train
korbench,1138,train
korbench,987,train
korbench,371,train
korbench,1180,train
korbench,780,train
korbench,401,train
korbench,783,train
korbench,899,train
korbench,834,train
korbench,601,train
korbench,769,train
korbench,207,train
korbench,1033,train
korbench,165,train
korbench,155,train
korbench,560,train
korbench,669,train
korbench,390,train
korbench,156,train
korbench,54,train
korbench,634,train
korbench,1164,train
korbench,176,train
korbench,843,train
korbench,897,train
korbench,1194,train
korbench,1050,train
korbench,477,train
korbench,607,train
korbench,1149,train
korbench,33,train
korbench,164,train
korbench,791,train
korbench,1167,train
korbench,58,train
korbench,1077,train
korbench,122,train
korbench,1027,train
korbench,1116,train
korbench,88,train
korbench,452,train
korbench,1219,train
korbench,614,train
korbench,689,train
korbench,160,train
korbench,370,train
korbench,78,train
korbench,594,train
korbench,169,train
korbench,656,train
korbench,40,train
korbench,862,train
korbench,738,train
korbench,1017,train
korbench,721,train
korbench,974,train
korbench,414,train
korbench,367,train
korbench,777,train
korbench,753,train
korbench,574,train
korbench,590,train
korbench,1016,train
korbench,246,train
korbench,146,train
korbench,219,train
korbench,406,train
korbench,231,train
korbench,167,train
korbench,1224,train
korbench,557,train
korbench,867,train
korbench,276,train
korbench,512,train
korbench,342,train
korbench,856,train
korbench,211,train
korbench,206,train
korbench,440,train
korbench,707,train
korbench,89,train
korbench,553,train
korbench,281,train
korbench,128,train
korbench,929,train
korbench,851,train
korbench,1074,train
korbench,672,train
korbench,141,train
korbench,837,train
korbench,786,train
korbench,410,train
korbench,415,train
korbench,997,train
korbench,1196,train
korbench,447,train
korbench,1118,train
korbench,1107,train
korbench,81,train
korbench,218,train
korbench,287,train
korbench,1056,train
korbench,542,train
korbench,802,train
korbench,758,train
korbench,576,train
korbench,988,train
korbench,708,train
korbench,1090,train
korbench,1085,train
korbench,451,train
korbench,15,train
korbench,953,train
korbench,224,train
korbench,118,train
korbench,1026,train
korbench,289,train
korbench,778,train
korbench,1042,train
korbench,700,train
korbench,1215,train
korbench,162,train
korbench,255,train
korbench,993,train
korbench,216,train
korbench,341,train
korbench,399,train
korbench,307,train
korbench,1186,train
korbench,936,train
korbench,61,train
korbench,226,train
korbench,36,train
korbench,682,train
korbench,927,train
korbench,538,train
korbench,904,train
korbench,982,train
korbench,968,train
korbench,1152,train
korbench,263,train
korbench,1134,train
korbench,1059,train
korbench,189,train
korbench,589,train
korbench,105,train
korbench,1230,train
korbench,1125,train
korbench,139,train
korbench,1041,train
korbench,284,train
korbench,1170,train
korbench,170,train
korbench,504,train
korbench,306,train
korbench,888,train
korbench,710,train
korbench,1142,train
korbench,915,train
korbench,395,train
korbench,975,train
korbench,293,train
korbench,49,train
korbench,117,train
korbench,751,train
korbench,1078,train
korbench,568,train
korbench,627,train
korbench,510,train
korbench,908,train
korbench,844,train
korbench,879,train
korbench,343,train
korbench,670,train
korbench,649,train
korbench,129,train
korbench,737,train
korbench,18,train
korbench,926,train
korbench,620,train
korbench,299,train
korbench,1234,train
korbench,660,train
korbench,732,train
korbench,449,train
korbench,384,train
korbench,643,train
korbench,1204,train
korbench,692,train
korbench,884,train
korbench,830,train
korbench,1013,train
korbench,935,train
korbench,243,train
korbench,1146,train
korbench,1239,train
korbench,602,train
korbench,921,train
korbench,637,train
korbench,260,train
korbench,1096,train
korbench,852,train
korbench,80,train
korbench,1218,train
korbench,181,train
korbench,398,train
korbench,619,train
korbench,1166,train
korbench,1128,train
korbench,712,train
korbench,1174,train
korbench,762,train
korbench,592,train
korbench,674,train
korbench,733,train
korbench,1245,train
korbench,870,train
korbench,29,train
korbench,556,train
korbench,459,train
korbench,508,train
korbench,1205,train
korbench,1223,train
korbench,1104,train
korbench,486,train
korbench,230,train
korbench,513,train
korbench,130,train
korbench,907,train
korbench,227,train
korbench,941,train
korbench,1238,train
korbench,1212,train
korbench,520,train
korbench,996,train
korbench,992,train
korbench,127,train
korbench,1176,train
korbench,1021,train
korbench,603,train
korbench,563,train
korbench,185,train
korbench,120,train
korbench,789,train
korbench,608,train
korbench,505,train
korbench,11,train
korbench,471,train
korbench,237,train
korbench,1119,train
korbench,124,train
korbench,1032,train
korbench,1183,train
korbench,597,train
korbench,472,train
korbench,386,train
korbench,823,train
korbench,709,train
korbench,554,train
korbench,379,train
korbench,220,train
korbench,605,train
korbench,222,train
korbench,363,train
korbench,161,train
korbench,244,train
korbench,191,train
korbench,92,train
korbench,424,train
korbench,352,train
korbench,889,train
korbench,943,train
korbench,93,train
korbench,726,train
korbench,434,train
korbench,264,train
korbench,539,train
korbench,842,train
korbench,702,train
korbench,309,train
korbench,1097,train
korbench,500,train
korbench,1155,train
korbench,1036,train
korbench,814,train
korbench,445,train
korbench,1011,train
korbench,526,train
korbench,358,train
korbench,752,train
korbench,621,train
korbench,549,train
korbench,57,train
korbench,331,train
korbench,48,train
korbench,39,train
korbench,964,train
korbench,1177,train
korbench,305,train
korbench,635,train
korbench,767,train
korbench,1244,train
korbench,999,train
korbench,1222,train
korbench,1178,train
korbench,1226,train
korbench,201,train
korbench,278,train
korbench,567,train
korbench,273,train
korbench,267,train
korbench,271,train
korbench,736,train
korbench,688,train
korbench,699,train
korbench,730,train
korbench,1001,train
korbench,1048,train
korbench,1061,train
korbench,990,train
korbench,82,train
korbench,1044,train
korbench,430,train
korbench,677,train
korbench,902,train
korbench,685,train
korbench,143,train
korbench,617,train
korbench,209,train
korbench,901,train
korbench,248,train
korbench,403,train
korbench,631,train
korbench,1188,train
korbench,522,train
korbench,1137,train
korbench,151,train
korbench,1248,train
korbench,628,train
korbench,148,train
korbench,429,train
korbench,1220,train
korbench,102,train
korbench,1208,train
korbench,154,train
korbench,694,train
korbench,136,train
korbench,809,train
korbench,1197,train
korbench,112,train
korbench,453,train
korbench,720,train
korbench,329,train
korbench,625,train
korbench,377,train
korbench,928,train
korbench,5,train
korbench,1018,train
korbench,157,train
korbench,236,train
korbench,262,train
korbench,976,train
korbench,37,train
korbench,900,train
korbench,119,train
korbench,622,train
korbench,71,train
korbench,65,train
korbench,30,train
korbench,912,train
korbench,47,train
korbench,959,train
korbench,1247,train
korbench,360,train
korbench,171,train
korbench,566,train
korbench,743,train
korbench,931,train
korbench,1043,train
korbench,961,train
korbench,1159,train
korbench,728,train
korbench,918,train
korbench,350,train
korbench,746,train
korbench,184,train
korbench,1227,train
korbench,109,train
korbench,290,train
korbench,690,train
korbench,895,train
korbench,419,train
korbench,735,train
korbench,1109,train
korbench,63,train
korbench,739,train
korbench,609,train
korbench,1023,train
korbench,645,train
korbench,1095,train
korbench,980,train
korbench,713,train
korbench,868,train
korbench,1060,train
korbench,229,train
korbench,932,train
korbench,569,train
korbench,653,train
korbench,836,train
korbench,629,train
korbench,584,train
korbench,121,train
korbench,934,train
korbench,476,train
korbench,43,train
korbench,1140,train
korbench,963,train
korbench,718,train
korbench,582,train
korbench,1064,train
korbench,67,train
korbench,774,train
korbench,140,train
korbench,407,train
korbench,882,train
korbench,1124,train
korbench,106,train
korbench,418,train
korbench,349,train
korbench,819,train
korbench,1156,train
korbench,215,train
korbench,126,train
korbench,221,train
korbench,382,train
korbench,242,train
korbench,667,train
korbench,820,train
korbench,234,train
korbench,503,train
korbench,187,train
korbench,282,train
korbench,359,train
korbench,930,train
korbench,134,train
korbench,662,train
korbench,863,train
korbench,138,train
korbench,729,train
korbench,624,train
korbench,665,train
korbench,768,train
korbench,727,train
korbench,99,train
korbench,315,train
korbench,1231,train
korbench,537,train
korbench,297,train
korbench,481,train
korbench,1071,train
korbench,687,train
korbench,2,train
korbench,484,train
korbench,225,train
korbench,898,train
korbench,1007,train
korbench,412,train
korbench,492,train
korbench,561,train
korbench,381,train
korbench,947,train
korbench,540,train
korbench,1047,train
korbench,824,train
korbench,911,train
korbench,847,train
korbench,1049,train
korbench,855,train
korbench,942,train
korbench,26,train
korbench,135,train
korbench,986,train
korbench,890,train
korbench,825,train
korbench,1054,train
korbench,463,train
korbench,1241,train
korbench,866,train
korbench,811,train
korbench,1003,train
korbench,807,train
korbench,989,train
korbench,790,train
korbench,405,train
korbench,286,train
korbench,455,train
korbench,310,train
korbench,317,train
korbench,650,train
korbench,940,train
korbench,919,train
korbench,113,train
korbench,193,train
korbench,32,train
korbench,1058,train
korbench,1076,train
korbench,869,train
korbench,555,train
korbench,731,train
korbench,745,train
korbench,509,train
korbench,270,train
korbench,966,train
korbench,402,train
korbench,21,train
korbench,639,train
korbench,697,train
korbench,223,train
korbench,20,train
korbench,1102,train
korbench,232,train
korbench,722,train
korbench,695,train
korbench,641,train
korbench,1249,train
korbench,795,train
korbench,498,train
korbench,1010,train
korbench,666,train
korbench,392,train
korbench,283,train
korbench,150,train
korbench,322,train
korbench,771,train
korbench,313,train
korbench,945,train
korbench,438,train
korbench,64,train
korbench,1063,train
korbench,1131,train
korbench,466,train
korbench,491,train
korbench,1228,train
korbench,839,train
korbench,998,train
korbench,1122,train
korbench,517,train
korbench,741,train
korbench,1126,train
korbench,409,train
korbench,748,train
korbench,1154,train
korbench,1232,train
korbench,200,train
korbench,756,train
korbench,389,train
korbench,421,train
korbench,19,train
korbench,747,train
korbench,335,train
korbench,323,train
korbench,1020,train
korbench,1165,train
korbench,275,train
korbench,668,train
korbench,681,train
korbench,499,train
korbench,1182,train
korbench,600,train
korbench,1002,train
korbench,338,train
korbench,831,train
korbench,956,train
korbench,575,train
korbench,808,train
korbench,183,train
korbench,1045,train
korbench,1022,train
korbench,957,train
korbench,461,train
korbench,245,train
korbench,651,train
korbench,208,train
korbench,23,train
korbench,366,train
korbench,595,train
korbench,703,train
korbench,593,train
korbench,965,train
korbench,339,train
korbench,1081,train
korbench,356,train
korbench,6,train
korbench,330,train
korbench,1151,train
korbench,846,train
korbench,894,train
korbench,1210,train
korbench,1193,train
korbench,978,train
korbench,925,train
korbench,920,train
korbench,327,train
korbench,652,train
korbench,159,train
korbench,1035,train
korbench,716,train
korbench,354,train
korbench,433,train
korbench,7,train
korbench,588,train
korbench,1015,train
korbench,1150,train
korbench,878,train
korbench,577,train
korbench,1144,train
korbench,446,train
korbench,944,train
korbench,241,train
korbench,51,train
korbench,761,train
korbench,482,train
korbench,439,train
korbench,240,train
korbench,794,train
korbench,83,train
korbench,345,train
korbench,353,train
korbench,1221,train
korbench,1237,train
korbench,552,train
korbench,125,train
korbench,250,train
korbench,90,train
korbench,599,train
korbench,131,train
korbench,787,train
korbench,346,train
korbench,832,train
korbench,939,train
korbench,922,train
korbench,1225,train
korbench,34,train
korbench,100,train
korbench,1039,train
korbench,765,train
korbench,880,train
korbench,772,train
korbench,1157,train
korbench,1053,train
korbench,321,train
korbench,10,train
korbench,659,train
korbench,813,train
korbench,858,train
korbench,664,train
korbench,586,train
korbench,53,train
korbench,1184,train
korbench,1114,train
korbench,204,train
korbench,775,train
korbench,375,train
korbench,865,train
korbench,288,train
korbench,1202,train
korbench,325,train
korbench,785,train
korbench,110,train
korbench,793,train
korbench,91,train
korbench,103,train
korbench,1153,train
korbench,70,train
korbench,759,train
korbench,174,train
korbench,319,train
korbench,984,train
korbench,1163,train
korbench,79,train
korbench,501,train
korbench,265,train
korbench,1139,train
korbench,514,train
korbench,977,train
korbench,717,train
korbench,754,train
korbench,1098,train
korbench,675,train
korbench,596,train
korbench,1236,train
korbench,73,train
korbench,797,train
korbench,1040,train
korbench,530,train
korbench,570,train
korbench,766,train
korbench,235,train
korbench,529,train
korbench,764,train
korbench,874,train
korbench,1005,train
korbench,467,train
korbench,527,train
korbench,547,train
korbench,432,train
korbench,298,train
korbench,515,train
korbench,970,train
korbench,1135,train
korbench,676,train
korbench,706,train
korbench,123,train
korbench,107,train
korbench,1068,train
korbench,76,train
korbench,251,train
korbench,490,train
korbench,1127,train
korbench,1185,train
korbench,397,train
korbench,458,train
korbench,142,train
korbench,887,train
korbench,1115,train
korbench,351,val
korbench,475,val
korbench,77,val
korbench,719,val
korbench,611,val
korbench,448,val
korbench,859,val
korbench,704,val
korbench,1051,val
korbench,1099,val
korbench,4,val
korbench,511,val
korbench,952,val
korbench,633,val
korbench,544,val
korbench,829,val
korbench,60,val
korbench,1161,val
korbench,585,val
korbench,8,val
korbench,442,val
korbench,749,val
korbench,636,val
korbench,1121,val
korbench,983,val
korbench,337,val
korbench,247,val
korbench,1132,val
korbench,378,val
korbench,571,val
korbench,1175,val
korbench,579,val
korbench,604,val
korbench,949,val
korbench,1089,val
korbench,404,val
korbench,416,val
korbench,435,val
korbench,1191,val
korbench,133,val
korbench,742,val
korbench,658,val
korbench,564,val
korbench,1009,val
korbench,654,val
korbench,805,val
korbench,259,val
korbench,457,val
korbench,115,val
korbench,782,val
korbench,400,val
korbench,1130,val
korbench,872,val
korbench,69,val
korbench,269,val
korbench,137,val
korbench,166,val
korbench,46,val
korbench,202,val
korbench,903,val
korbench,374,val
korbench,995,val
korbench,87,val
korbench,507,val
korbench,950,val
korbench,3,val
korbench,145,val
korbench,35,val
korbench,860,val
korbench,116,val
korbench,647,val
korbench,1173,val
korbench,1110,val
korbench,294,val
korbench,1105,val
korbench,296,val
korbench,587,val
korbench,178,val
korbench,212,val
korbench,502,val
korbench,671,val
korbench,177,val
korbench,891,val
korbench,436,val
korbench,835,val
korbench,1029,val
korbench,311,val
korbench,646,val
korbench,798,val
korbench,1214,val
korbench,210,val
korbench,344,val
korbench,892,val
korbench,158,val
korbench,910,val
korbench,917,val
korbench,314,val
korbench,1087,val
korbench,152,val
korbench,300,val
korbench,886,val
korbench,1093,val
korbench,909,val
korbench,971,val
korbench,853,val
korbench,301,val
korbench,1014,val
korbench,149,val
korbench,1084,val
korbench,408,val
korbench,914,val
korbench,431,val
korbench,372,val
korbench,279,val
korbench,274,val
korbench,799,val
korbench,773,val
korbench,326,val
korbench,1008,val
korbench,784,val
korbench,1034,val
korbench,711,val
korbench,489,val
korbench,59,val
korbench,66,val
korbench,826,val
korbench,62,val
korbench,861,val
korbench,95,val
korbench,696,val
korbench,1038,val
korbench,849,val
korbench,1129,val
korbench,285,val
korbench,147,val
korbench,456,val
korbench,516,val
korbench,16,val
korbench,469,val
korbench,755,val
korbench,369,val
korbench,828,val
korbench,701,val
korbench,792,val
korbench,1187,val
korbench,1192,val
korbench,1168,val
korbench,816,val
korbench,883,val
korbench,197,val
korbench,679,val
korbench,27,val
korbench,750,val
korbench,104,val
korbench,50,val
korbench,364,val
korbench,1217,val
korbench,280,val
korbench,493,val
korbench,573,val
korbench,347,val
korbench,1233,val
korbench,906,val
korbench,1243,val
korbench,1136,val
korbench,487,val
korbench,228,val
korbench,163,val
korbench,194,val
korbench,420,val
korbench,423,val
korbench,714,val
korbench,801,val
korbench,1123,val
korbench,1069,val
korbench,422,val
korbench,638,val
korbench,655,val
korbench,946,val
korbench,261,val
korbench,686,val
korbench,610,val
korbench,845,val
korbench,268,val
korbench,663,val
korbench,916,val
korbench,1046,val
korbench,328,val
korbench,951,val
korbench,98,val
korbench,441,val
korbench,13,val
korbench,598,val
korbench,1101,val
korbench,991,val
korbench,257,val
korbench,1145,val
korbench,1169,val
korbench,985,val
korbench,960,val
korbench,534,val
korbench,518,val
korbench,800,val
korbench,437,val
korbench,864,val
korbench,840,val
korbench,1057,val
korbench,913,val
korbench,480,val
korbench,1199,val
korbench,173,val
korbench,14,val
korbench,657,val
korbench,196,val
korbench,153,val
korbench,292,val
korbench,905,val
korbench,291,val
korbench,44,val
korbench,462,val
korbench,254,val
korbench,871,val
korbench,613,val
korbench,348,val
korbench,1024,val
korbench,427,val
korbench,114,val
korbench,1190,val
korbench,779,val
korbench,740,val
korbench,85,val
korbench,994,val
korbench,277,val
korbench,96,val
korbench,877,val
korbench,295,val
korbench,630,val
korbench,955,val
korbench,205,val
korbench,86,val
korbench,818,val
korbench,1052,val
korbench,1025,val
korbench,413,val
korbench,581,val
korbench,214,val
korbench,303,val
korbench,45,val
korbench,460,val
korbench,411,val
korbench,428,test
korbench,1207,test
korbench,1211,test
korbench,394,test
korbench,17,test
korbench,340,test
korbench,833,test
korbench,1206,test
korbench,334,test
korbench,546,test
korbench,252,test
korbench,881,test
korbench,684,test
korbench,550,test
korbench,1111,test
korbench,1213,test
korbench,94,test
korbench,1062,test
korbench,1112,test
korbench,715,test
korbench,494,test
korbench,1242,test
korbench,806,test
korbench,357,test
korbench,9,test
korbench,616,test
korbench,948,test
korbench,876,test
korbench,562,test
korbench,1189,test
korbench,1216,test
korbench,1171,test
korbench,468,test
korbench,42,test
korbench,558,test
korbench,962,test
korbench,497,test
korbench,776,test
korbench,763,test
korbench,25,test
korbench,981,test
korbench,495,test
korbench,454,test
korbench,725,test
korbench,623,test
korbench,24,test
korbench,249,test
korbench,1086,test
korbench,172,test
korbench,788,test
korbench,1250,test
korbench,803,test
korbench,355,test
korbench,380,test
korbench,757,test
korbench,56,test
korbench,362,test
korbench,734,test
korbench,132,test
korbench,521,test
korbench,450,test
korbench,464,test
korbench,1094,test
korbench,854,test
korbench,385,test
korbench,1246,test
korbench,1065,test
korbench,967,test
korbench,1030,test
korbench,1055,test
korbench,387,test
korbench,683,test
korbench,1031,test
korbench,1082,test
korbench,1079,test
korbench,391,test
korbench,1200,test
korbench,470,test
korbench,580,test
korbench,478,test
korbench,336,test
korbench,528,test
korbench,523,test
korbench,973,test
korbench,821,test
korbench,804,test
korbench,1,test
korbench,1100,test
korbench,52,test
korbench,1229,test
korbench,533,test
korbench,1072,test
korbench,74,test
korbench,1006,test
korbench,376,test
korbench,506,test
korbench,810,test
korbench,75,test
korbench,648,test
korbench,312,test
korbench,1012,test
korbench,393,test
korbench,551,test
korbench,425,test
korbench,673,test
korbench,1028,test
korbench,525,test
korbench,190,test
korbench,239,test
korbench,531,test
korbench,875,test
korbench,373,test
korbench,1103,test
korbench,1083,test
korbench,893,test
korbench,483,test
korbench,485,test
korbench,258,test
korbench,642,test
korbench,203,test
korbench,559,test
korbench,186,test
korbench,1158,test
korbench,822,test
korbench,474,test
korbench,213,test
korbench,396,test
korbench,1091,test
korbench,857,test
korbench,84,test
korbench,1108,test
korbench,606,test
korbench,661,test
korbench,488,test
korbench,238,test
korbench,850,test
korbench,632,test
korbench,541,test
korbench,724,test
korbench,612,test
korbench,744,test
korbench,1004,test
korbench,532,test
korbench,179,test
korbench,1141,test
korbench,217,test
korbench,417,test
korbench,938,test
korbench,680,test
korbench,1019,test
korbench,705,test
korbench,465,test
korbench,770,test
korbench,969,test
korbench,1073,test
korbench,1120,test
korbench,302,test
korbench,1075,test
korbench,1070,test
korbench,365,test
korbench,316,test
korbench,1092,test
korbench,937,test
korbench,543,test
korbench,548,test
korbench,979,test
korbench,332,test
korbench,1160,test
korbench,368,test
korbench,812,test
korbench,266,test
korbench,873,test
korbench,1113,test
korbench,924,test
korbench,31,test
korbench,479,test
korbench,108,test
korbench,97,test
korbench,256,test
korbench,388,test
korbench,253,test
korbench,535,test
korbench,320,test
korbench,644,test
korbench,168,test
korbench,426,test
korbench,1195,test
korbench,383,test
korbench,954,test
korbench,318,test
korbench,333,test
korbench,38,test
korbench,1106,test
korbench,72,test
korbench,536,test
korbench,175,test
korbench,55,test
korbench,691,test
korbench,308,test
korbench,144,test
korbench,817,test
korbench,68,test
korbench,1066,test
korbench,972,test
korbench,195,test
korbench,572,test
korbench,1133,test
korbench,838,test
korbench,182,test
korbench,626,test
korbench,524,test
korbench,678,test
korbench,233,test
korbench,615,test
korbench,1201,test
korbench,324,test
korbench,1117,test
korbench,199,test
korbench,272,test
korbench,640,test
korbench,180,test
korbench,923,test
korbench,1209,test
korbench,28,test
korbench,827,test
korbench,841,test
korbench,1198,test
korbench,1037,test
korbench,723,test
korbench,1067,test
korbench,496,test
korbench,760,test
korbench,583,test
korbench,111,test
korbench,693,test
korbench,12,test
korbench,22,test
korbench,545,test
korbench,1147,test
korbench,848,test
korbench,815,test
korbench,885,test
korbench,519,test
korbench,1172,test
korbench,578,test
korbench,1203,test
korbench,361,test
korbench,1148,test
korbench,565,test
korbench,1000,test
math500,463,train
math500,415,train
math500,76,train
math500,177,train
math500,321,train
math500,54,train
math500,346,train
math500,77,train
math500,368,train
math500,425,train
math500,281,train
math500,444,train
math500,178,train
math500,7,train
math500,271,train
math500,336,train
math500,309,train
math500,145,train
math500,278,train
math500,71,train
math500,147,train
math500,280,train
math500,428,train
math500,363,train
math500,67,train
math500,99,train
math500,369,train
math500,91,train
math500,50,train
math500,377,train
math500,374,train
math500,14,train
math500,156,train
math500,322,train
math500,75,train
math500,191,train
math500,179,train
math500,172,train
math500,245,train
math500,282,train
math500,263,train
math500,228,train
math500,138,train
math500,316,train
math500,56,train
math500,199,train
math500,276,train
math500,212,train
math500,448,train
math500,421,train
math500,57,train
math500,312,train
math500,108,train
math500,378,train
math500,27,train
math500,371,train
math500,353,train
math500,493,train
math500,219,train
math500,130,train
math500,364,train
math500,104,train
math500,259,train
math500,382,train
math500,334,train
math500,356,train
math500,120,train
math500,164,train
math500,217,train
math500,471,train
math500,370,train
math500,472,train
math500,10,train
math500,449,train
math500,344,train
math500,398,train
math500,405,train
math500,499,train
math500,102,train
math500,332,train
math500,296,train
math500,273,train
math500,121,train
math500,96,train
math500,313,train
math500,294,train
math500,124,train
math500,183,train
math500,180,train
math500,101,train
math500,187,train
math500,357,train
math500,422,train
math500,410,train
math500,133,train
math500,381,train
math500,69,train
math500,182,train
math500,307,train
math500,88,train
math500,383,train
math500,105,train
math500,218,train
math500,328,train
math500,404,train
math500,440,train
math500,9,train
math500,148,train
math500,143,train
math500,310,train
math500,34,train
math500,109,train
math500,174,train
math500,18,train
math500,372,train
math500,419,train
math500,31,train
math500,141,train
math500,314,train
math500,289,train
math500,496,train
math500,89,train
math500,430,train
math500,168,train
math500,341,train
math500,159,train
math500,320,train
math500,432,train
math500,137,train
math500,234,train
math500,253,train
math500,55,train
math500,246,train
math500,318,train
math500,6,train
math500,458,train
math500,323,train
math500,326,train
math500,380,train
math500,416,train
math500,492,train
math500,460,train
math500,366,train
math500,49,train
math500,44,train
math500,420,train
math500,384,train
math500,8,train
math500,184,train
math500,359,train
math500,93,train
math500,387,train
math500,80,train
math500,72,train
math500,197,train
math500,315,train
math500,300,train
math500,373,train
math500,224,train
math500,190,train
math500,198,train
math500,311,train
math500,21,train
math500,230,train
math500,202,train
math500,193,train
math500,325,train
math500,46,train
math500,423,train
math500,360,train
math500,261,train
math500,154,train
math500,196,train
math500,399,train
math500,118,train
math500,292,train
math500,78,train
math500,308,train
math500,90,train
math500,11,train
math500,340,train
math500,98,train
math500,32,train
math500,438,train
math500,116,train
math500,248,train
math500,70,train
math500,386,train
math500,162,train
math500,331,train
math500,393,train
math500,446,train
math500,132,train
math500,277,train
math500,427,train
math500,155,train
math500,251,train
math500,3,train
math500,81,train
math500,361,train
math500,225,train
math500,235,train
math500,86,train
math500,244,train
math500,256,train
math500,201,train
math500,100,train
math500,348,train
math500,389,train
math500,123,train
math500,61,train
math500,135,train
math500,290,train
math500,171,train
math500,436,train
math500,43,train
math500,497,train
math500,85,train
math500,142,train
math500,291,train
math500,434,train
math500,431,train
math500,338,train
math500,424,train
math500,480,train
math500,287,train
math500,59,train
math500,53,train
math500,63,train
math500,65,train
math500,240,train
math500,275,train
math500,176,train
math500,94,train
math500,163,train
math500,451,train
math500,413,train
math500,447,train
math500,232,train
math500,239,train
math500,466,train
math500,442,train
math500,113,train
math500,406,train
math500,388,train
math500,146,train
math500,304,train
math500,115,train
math500,74,train
math500,249,train
math500,490,train
math500,110,train
math500,302,train
math500,345,train
math500,324,train
math500,12,train
math500,268,train
math500,484,train
math500,19,train
math500,455,train
math500,470,train
math500,267,train
math500,343,train
math500,236,train
math500,189,train
math500,112,train
math500,469,train
math500,195,train
math500,445,train
math500,462,train
math500,358,train
math500,38,train
math500,391,train
math500,397,train
math500,194,train
math500,60,train
math500,306,train
math500,441,train
math500,134,train
math500,207,train
math500,192,train
math500,4,train
math500,337,train
math500,73,train
math500,319,train
math500,465,train
math500,342,train
math500,188,train
math500,459,train
math500,375,train
math500,106,train
math500,285,train
math500,439,train
math500,149,train
math500,36,train
math500,477,train
math500,128,train
math500,260,train
math500,482,train
math500,226,train
math500,409,val
math500,167,val
math500,13,val
math500,131,val
math500,173,val
math500,213,val
math500,403,val
math500,223,val
math500,64,val
math500,221,val
math500,283,val
math500,24,val
math500,284,val
math500,351,val
math500,456,val
math500,376,val
math500,229,val
math500,269,val
math500,288,val
math500,152,val
math500,303,val
math500,265,val
math500,92,val
math500,204,val
math500,252,val
math500,47,val
math500,227,val
math500,365,val
math500,317,val
math500,494,val
math500,233,val
math500,20,val
math500,467,val
math500,200,val
math500,437,val
math500,238,val
math500,39,val
math500,243,val
math500,390,val
math500,395,val
math500,257,val
math500,117,val
math500,454,val
math500,258,val
math500,443,val
math500,5,val
math500,347,val
math500,111,val
math500,220,val
math500,335,val
math500,411,val
math500,28,val
math500,394,val
math500,487,val
math500,408,val
math500,16,val
math500,247,val
math500,186,val
math500,114,val
math500,350,val
math500,222,val
math500,379,val
math500,185,val
math500,166,val
math500,1,val
math500,103,val
math500,385,val
math500,495,val
math500,293,val
math500,41,val
math500,298,val
math500,478,val
math500,433,val
math500,125,val
math500,126,val
math500,210,val
math500,97,val
math500,139,val
math500,414,val
math500,481,val
math500,170,val
math500,84,val
math500,25,val
math500,464,val
math500,491,val
math500,151,val
math500,82,val
math500,144,val
math500,37,val
math500,15,val
math500,242,val
math500,264,val
math500,279,val
math500,305,val
math500,329,val
math500,488,val
math500,429,val
math500,30,val
math500,355,val
math500,255,val
math500,352,test
math500,66,test
math500,254,test
math500,203,test
math500,407,test
math500,122,test
math500,476,test
math500,231,test
math500,45,test
math500,475,test
math500,165,test
math500,150,test
math500,450,test
math500,396,test
math500,402,test
math500,52,test
math500,333,test
math500,26,test
math500,158,test
math500,208,test
math500,457,test
math500,181,test
math500,209,test
math500,160,test
math500,299,test
math500,412,test
math500,22,test
math500,241,test
math500,262,test
math500,140,test
math500,500,test
math500,266,test
math500,301,test
math500,29,test
math500,206,test
math500,58,test
math500,417,test
math500,498,test
math500,215,test
math500,23,test
math500,479,test
math500,161,test
math500,270,test
math500,237,test
math500,400,test
math500,33,test
math500,367,test
math500,42,test
math500,295,test
math500,169,test
math500,211,test
math500,362,test
math500,483,test
math500,339,test
math500,79,test
math500,87,test
math500,136,test
math500,401,test
math500,272,test
math500,127,test
math500,473,test
math500,327,test
math500,297,test
math500,35,test
math500,216,test
math500,83,test
math500,214,test
math500,175,test
math500,453,test
math500,286,test
math500,107,test
math500,48,test
math500,68,test
math500,435,test
math500,205,test
math500,153,test
math500,40,test
math500,17,test
math500,129,test
math500,474,test
math500,119,test
math500,354,test
math500,461,test
math500,250,test
math500,51,test
math500,2,test
math500,452,test
math500,486,test
math500,62,test
math500,274,test
math500,418,test
math500,349,test
math500,426,test
math500,95,test
math500,489,test
math500,468,test
math500,157,test
math500,485,test
math500,330,test
math500,392,test
mbpp,382,train
mbpp,825,train
mbpp,16,train
mbpp,735,train
mbpp,917,train
mbpp,291,train
mbpp,609,train
mbpp,554,train
mbpp,274,train
mbpp,298,train
mbpp,328,train
mbpp,365,train
mbpp,724,train
mbpp,610,train
mbpp,358,train
mbpp,249,train
mbpp,74,train
mbpp,408,train
mbpp,569,train
mbpp,797,train
mbpp,221,train
mbpp,361,train
mbpp,746,train
mbpp,682,train
mbpp,621,train
mbpp,907,train
mbpp,187,train
mbpp,709,train
mbpp,655,train
mbpp,324,train
mbpp,322,train
mbpp,37,train
mbpp,379,train
mbpp,545,train
mbpp,456,train
mbpp,368,train
mbpp,427,train
mbpp,861,train
mbpp,769,train
mbpp,517,train
mbpp,102,train
mbpp,872,train
mbpp,896,train
mbpp,350,train
mbpp,918,train
mbpp,416,train
mbpp,767,train
mbpp,800,train
mbpp,387,train
mbpp,215,train
mbpp,643,train
mbpp,449,train
mbpp,31,train
mbpp,646,train
mbpp,710,train
mbpp,701,train
mbpp,147,train
mbpp,801,train
mbpp,887,train
mbpp,51,train
mbpp,581,train
mbpp,440,train
mbpp,960,train
mbpp,583,train
mbpp,920,train
mbpp,886,train
mbpp,952,train
mbpp,56,train
mbpp,747,train
mbpp,633,train
mbpp,32,train
mbpp,726,train
mbpp,244,train
mbpp,481,train
mbpp,435,train
mbpp,550,train
mbpp,241,train
mbpp,798,train
mbpp,772,train
mbpp,541,train
mbpp,891,train
mbpp,43,train
mbpp,749,train
mbpp,781,train
mbpp,203,train
mbpp,242,train
mbpp,288,train
mbpp,451,train
mbpp,822,train
mbpp,265,train
mbpp,172,train
mbpp,771,train
mbpp,5,train
mbpp,410,train
mbpp,638,train
mbpp,306,train
mbpp,580,train
mbpp,315,train
mbpp,966,train
mbpp,419,train
mbpp,219,train
mbpp,858,train
mbpp,947,train
mbpp,857,train
mbpp,412,train
mbpp,877,train
mbpp,938,train
mbpp,757,train
mbpp,526,train
mbpp,972,train
mbpp,381,train
mbpp,64,train
mbpp,438,train
mbpp,743,train
mbpp,156,train
mbpp,535,train
mbpp,62,train
mbpp,957,train
mbpp,170,train
mbpp,20,train
mbpp,321,train
mbpp,835,train
mbpp,22,train
mbpp,956,train
mbpp,292,train
mbpp,584,train
mbpp,233,train
mbpp,527,train
mbpp,652,train
mbpp,369,train
mbpp,92,train
mbpp,830,train
mbpp,393,train
mbpp,690,train
mbpp,738,train
mbpp,332,train
mbpp,582,train
mbpp,805,train
mbpp,222,train
mbpp,140,train
mbpp,558,train
mbpp,587,train
mbpp,433,train
mbpp,261,train
mbpp,900,train
mbpp,27,train
mbpp,719,train
mbpp,942,train
mbpp,717,train
mbpp,693,train
mbpp,326,train
mbpp,618,train
mbpp,902,train
mbpp,926,train
mbpp,89,train
mbpp,879,train
mbpp,698,train
mbpp,971,train
mbpp,889,train
mbpp,751,train
mbpp,784,train
mbpp,207,train
mbpp,351,train
mbpp,29,train
mbpp,40,train
mbpp,197,train
mbpp,137,train
mbpp,831,train
mbpp,943,train
mbpp,826,train
mbpp,329,train
mbpp,700,train
mbpp,936,train
mbpp,314,train
mbpp,768,train
mbpp,718,train
mbpp,286,train
mbpp,378,train
mbpp,934,train
mbpp,774,train
mbpp,467,train
mbpp,778,train
mbpp,389,train
mbpp,670,train
mbpp,200,train
mbpp,903,train
mbpp,443,train
mbpp,560,train
mbpp,546,train
mbpp,338,train
mbpp,65,train
mbpp,484,train
mbpp,336,train
mbpp,346,train
mbpp,108,train
mbpp,548,train
mbpp,397,train
mbpp,442,train
mbpp,516,train
mbpp,69,train
mbpp,87,train
mbpp,765,train
mbpp,504,train
mbpp,73,train
mbpp,684,train
mbpp,28,train
mbpp,874,train
mbpp,240,train
mbpp,413,train
mbpp,565,train
mbpp,882,train
mbpp,832,train
mbpp,519,train
mbpp,1,train
mbpp,890,train
mbpp,563,train
mbpp,231,train
mbpp,723,train
mbpp,24,train
mbpp,810,train
mbpp,414,train
mbpp,543,train
mbpp,537,train
mbpp,97,train
mbpp,472,train
mbpp,697,train
mbpp,933,train
mbpp,897,train
mbpp,969,train
mbpp,280,train
mbpp,511,train
mbpp,327,train
mbpp,509,train
mbpp,603,train
mbpp,150,train
mbpp,46,train
mbpp,628,train
mbpp,125,train
mbpp,500,train
mbpp,112,train
mbpp,953,train
mbpp,318,train
mbpp,12,train
mbpp,474,train
mbpp,294,train
mbpp,713,train
mbpp,773,train
mbpp,795,train
mbpp,806,train
mbpp,914,train
mbpp,595,train
mbpp,848,train
mbpp,627,train
mbpp,578,train
mbpp,41,train
mbpp,446,train
mbpp,674,train
mbpp,568,train
mbpp,946,train
mbpp,954,train
mbpp,780,train
mbpp,878,train
mbpp,680,train
mbpp,162,train
mbpp,875,train
mbpp,390,train
mbpp,564,train
mbpp,492,train
mbpp,135,train
mbpp,460,train
mbpp,540,train
mbpp,782,train
mbpp,935,train
mbpp,457,train
mbpp,908,train
mbpp,90,train
mbpp,375,train
mbpp,847,train
mbpp,260,train
mbpp,521,train
mbpp,10,train
mbpp,561,train
mbpp,363,train
mbpp,343,train
mbpp,478,train
mbpp,95,train
mbpp,311,train
mbpp,884,train
mbpp,347,train
mbpp,740,train
mbpp,791,train
mbpp,123,train
mbpp,731,train
mbpp,337,train
mbpp,224,train
mbpp,133,train
mbpp,809,train
mbpp,495,train
mbpp,851,train
mbpp,169,train
mbpp,659,train
mbpp,117,train
mbpp,811,train
mbpp,339,train
mbpp,645,train
mbpp,662,train
mbpp,181,train
mbpp,4,train
mbpp,254,train
mbpp,775,train
mbpp,623,train
mbpp,577,train
mbpp,692,train
mbpp,689,train
mbpp,616,train
mbpp,753,train
mbpp,316,train
mbpp,211,train
mbpp,605,train
mbpp,420,train
mbpp,436,train
mbpp,299,train
mbpp,248,train
mbpp,762,train
mbpp,229,train
mbpp,542,train
mbpp,276,train
mbpp,567,train
mbpp,392,train
mbpp,348,train
mbpp,111,train
mbpp,508,train
mbpp,544,train
mbpp,639,train
mbpp,201,train
mbpp,259,train
mbpp,491,train
mbpp,669,train
mbpp,341,train
mbpp,189,train
mbpp,844,train
mbpp,199,train
mbpp,506,train
mbpp,647,train
mbpp,370,train
mbpp,864,train
mbpp,237,train
mbpp,970,train
mbpp,703,train
mbpp,304,train
mbpp,183,train
mbpp,502,train
mbpp,793,train
mbpp,134,train
mbpp,52,train
mbpp,867,train
mbpp,756,train
mbpp,239,train
mbpp,505,train
mbpp,428,train
mbpp,45,train
mbpp,131,train
mbpp,921,train
mbpp,657,train
mbpp,230,train
mbpp,209,train
mbpp,699,train
mbpp,653,train
mbpp,915,train
mbpp,906,train
mbpp,302,train
mbpp,394,train
mbpp,185,train
mbpp,572,train
mbpp,344,train
mbpp,570,train
mbpp,452,train
mbpp,402,train
mbpp,919,train
mbpp,485,train
mbpp,600,train
mbpp,84,train
mbpp,168,train
mbpp,593,train
mbpp,730,train
mbpp,47,train
mbpp,683,train
mbpp,571,train
mbpp,19,train
mbpp,364,train
mbpp,39,train
mbpp,576,train
mbpp,706,train
mbpp,454,train
mbpp,620,train
mbpp,448,train
mbpp,624,train
mbpp,340,train
mbpp,469,train
mbpp,284,train
mbpp,376,train
mbpp,601,train
mbpp,251,train
mbpp,739,train
mbpp,255,train
mbpp,373,train
mbpp,827,train
mbpp,96,train
mbpp,520,train
mbpp,685,train
mbpp,401,train
mbpp,949,train
mbpp,528,train
mbpp,205,train
mbpp,333,train
mbpp,862,train
mbpp,715,train
mbpp,776,train
mbpp,417,train
mbpp,869,train
mbpp,534,train
mbpp,426,train
mbpp,152,train
mbpp,458,train
mbpp,307,train
mbpp,272,train
mbpp,856,train
mbpp,514,train
mbpp,232,train
mbpp,559,train
mbpp,159,train
mbpp,617,train
mbpp,142,train
mbpp,212,train
mbpp,75,train
mbpp,160,train
mbpp,816,train
mbpp,876,train
mbpp,866,train
mbpp,144,train
mbpp,310,train
mbpp,194,train
mbpp,531,train
mbpp,121,train
mbpp,796,train
mbpp,499,train
mbpp,823,train
mbpp,663,train
mbpp,712,train
mbpp,614,train
mbpp,736,train
mbpp,613,train
mbpp,963,train
mbpp,532,train
mbpp,99,train
mbpp,2,train
mbpp,539,train
mbpp,372,train
mbpp,538,train
mbpp,262,train
mbpp,104,train
mbpp,186,train
mbpp,820,train
mbpp,895,train
mbpp,445,train
mbpp,180,train
mbpp,182,train
mbpp,675,train
mbpp,110,train
mbpp,366,train
mbpp,465,train
mbpp,263,train
mbpp,962,train
mbpp,163,train
mbpp,216,train
mbpp,725,train
mbpp,8,train
mbpp,453,train
mbpp,119,train
mbpp,843,train
mbpp,44,train
mbpp,672,train
mbpp,530,train
mbpp,802,train
mbpp,640,train
mbpp,38,train
mbpp,673,train
mbpp,476,train
mbpp,912,train
mbpp,371,train
mbpp,529,train
mbpp,681,train
mbpp,127,train
mbpp,267,train
mbpp,184,train
mbpp,66,train
mbpp,405,train
mbpp,173,train
mbpp,444,train
mbpp,83,train
mbpp,945,train
mbpp,522,train
mbpp,745,train
mbpp,924,train
mbpp,928,train
mbpp,598,train
mbpp,606,train
mbpp,100,train
mbpp,649,train
mbpp,269,train
mbpp,23,train
mbpp,206,train
mbpp,849,train
mbpp,109,train
mbpp,637,train
mbpp,88,train
mbpp,245,train
mbpp,894,train
mbpp,126,train
mbpp,671,train
mbpp,6,train
mbpp,60,train
mbpp,432,train
mbpp,973,train
mbpp,691,train
mbpp,396,train
mbpp,785,train
mbpp,799,train
mbpp,82,train
mbpp,418,train
mbpp,58,train
mbpp,859,train
mbpp,228,train
mbpp,42,train
mbpp,190,train
mbpp,122,train
mbpp,118,train
mbpp,898,train
mbpp,625,train
mbpp,852,train
mbpp,271,train
mbpp,597,train
mbpp,817,train
mbpp,688,train
mbpp,786,train
mbpp,838,train
mbpp,788,train
mbpp,277,train
mbpp,285,train
mbpp,196,train
mbpp,612,train
mbpp,128,train
mbpp,158,train
mbpp,958,train
mbpp,868,train
mbpp,804,train
mbpp,950,train
mbpp,770,train
mbpp,434,train
mbpp,486,train
mbpp,113,train
mbpp,819,train
mbpp,334,train
mbpp,406,train
mbpp,175,train
mbpp,686,train
mbpp,562,train
mbpp,575,train
mbpp,423,train
mbpp,695,train
mbpp,72,train
mbpp,153,train
mbpp,855,train
mbpp,510,train
mbpp,124,train
mbpp,59,train
mbpp,679,train
mbpp,974,train
mbpp,243,train
mbpp,842,train
mbpp,716,train
mbpp,630,train
mbpp,281,train
mbpp,586,train
mbpp,837,val
mbpp,101,val
mbpp,622,val
mbpp,965,val
mbpp,607,val
mbpp,737,val
mbpp,733,val
mbpp,828,val
mbpp,821,val
mbpp,881,val
mbpp,853,val
mbpp,789,val
mbpp,193,val
mbpp,549,val
mbpp,441,val
mbpp,385,val
mbpp,758,val
mbpp,14,val
mbpp,81,val
mbpp,177,val
mbpp,525,val
mbpp,702,val
mbpp,107,val
mbpp,763,val
mbpp,654,val
mbpp,164,val
mbpp,146,val
mbpp,888,val
mbpp,179,val
mbpp,143,val
mbpp,26,val
mbpp,55,val
mbpp,552,val
mbpp,752,val
mbpp,386,val
mbpp,13,val
mbpp,922,val
mbpp,98,val
mbpp,707,val
mbpp,79,val
mbpp,407,val
mbpp,384,val
mbpp,220,val
mbpp,301,val
mbpp,871,val
mbpp,661,val
mbpp,808,val
mbpp,487,val
mbpp,854,val
mbpp,829,val
mbpp,377,val
mbpp,836,val
mbpp,599,val
mbpp,666,val
mbpp,591,val
mbpp,235,val
mbpp,208,val
mbpp,845,val
mbpp,217,val
mbpp,461,val
mbpp,331,val
mbpp,257,val
mbpp,694,val
mbpp,105,val
mbpp,210,val
mbpp,77,val
mbpp,660,val
mbpp,63,val
mbpp,704,val
mbpp,833,val
mbpp,750,val
mbpp,50,val
mbpp,3,val
mbpp,17,val
mbpp,227,val
mbpp,964,val
mbpp,289,val
mbpp,139,val
mbpp,761,val
mbpp,359,val
mbpp,11,val
mbpp,295,val
mbpp,863,val
mbpp,395,val
mbpp,608,val
mbpp,188,val
mbpp,430,val
mbpp,939,val
mbpp,741,val
mbpp,234,val
mbpp,589,val
mbpp,818,val
mbpp,238,val
mbpp,223,val
mbpp,33,val
mbpp,93,val
mbpp,400,val
mbpp,192,val
mbpp,585,val
mbpp,834,val
mbpp,742,val
mbpp,191,val
mbpp,932,val
mbpp,883,val
mbpp,759,val
mbpp,120,val
mbpp,641,val
mbpp,279,val
mbpp,590,val
mbpp,592,val
mbpp,880,val
mbpp,722,val
mbpp,7,val
mbpp,450,val
mbpp,512,val
mbpp,256,val
mbpp,748,val
mbpp,431,val
mbpp,103,val
mbpp,721,val
mbpp,959,val
mbpp,236,val
mbpp,904,val
mbpp,305,val
mbpp,116,val
mbpp,470,val
mbpp,803,val
mbpp,399,val
mbpp,353,val
mbpp,335,val
mbpp,489,val
mbpp,596,val
mbpp,421,val
mbpp,155,val
mbpp,814,val
mbpp,312,val
mbpp,198,val
mbpp,579,val
mbpp,391,val
mbpp,860,val
mbpp,300,val
mbpp,839,val
mbpp,477,val
mbpp,732,val
mbpp,929,val
mbpp,367,val
mbpp,892,val
mbpp,479,val
mbpp,967,val
mbpp,293,val
mbpp,57,val
mbpp,556,val
mbpp,252,val
mbpp,667,val
mbpp,268,val
mbpp,54,val
mbpp,604,val
mbpp,154,val
mbpp,555,val
mbpp,668,val
mbpp,422,val
mbpp,916,val
mbpp,488,val
mbpp,493,val
mbpp,547,val
mbpp,61,val
mbpp,553,val
mbpp,149,val
mbpp,360,val
mbpp,49,val
mbpp,632,val
mbpp,619,val
mbpp,650,val
mbpp,15,val
mbpp,35,val
mbpp,70,val
mbpp,779,val
mbpp,106,val
mbpp,34,val
mbpp,282,val
mbpp,409,val
mbpp,503,val
mbpp,468,val
mbpp,138,val
mbpp,68,val
mbpp,792,val
mbpp,496,val
mbpp,634,val
mbpp,9,val
mbpp,760,val
mbpp,523,val
mbpp,602,val
mbpp,951,val
mbpp,911,val
mbpp,91,val
mbpp,955,test
mbpp,85,test
mbpp,494,test
mbpp,696,test
mbpp,86,test
mbpp,664,test
mbpp,429,test
mbpp,464,test
mbpp,931,test
mbpp,948,test
mbpp,362,test
mbpp,78,test
mbpp,325,test
mbpp,937,test
mbpp,130,test
mbpp,253,test
mbpp,167,test
mbpp,157,test
mbpp,213,test
mbpp,940,test
mbpp,374,test
mbpp,287,test
mbpp,518,test
mbpp,424,test
mbpp,345,test
mbpp,631,test
mbpp,755,test
mbpp,141,test
mbpp,734,test
mbpp,777,test
mbpp,574,test
mbpp,913,test
mbpp,473,test
mbpp,629,test
mbpp,927,test
mbpp,642,test
mbpp,202,test
mbpp,588,test
mbpp,865,test
mbpp,145,test
mbpp,840,test
mbpp,225,test
mbpp,824,test
mbpp,812,test
mbpp,247,test
mbpp,644,test
mbpp,728,test
mbpp,319,test
mbpp,841,test
mbpp,482,test
mbpp,711,test
mbpp,754,test
mbpp,708,test
mbpp,383,test
mbpp,94,test
mbpp,909,test
mbpp,787,test
mbpp,356,test
mbpp,536,test
mbpp,615,test
mbpp,566,test
mbpp,925,test
mbpp,36,test
mbpp,901,test
mbpp,313,test
mbpp,455,test
mbpp,515,test
mbpp,349,test
mbpp,651,test
mbpp,303,test
mbpp,490,test
mbpp,415,test
mbpp,524,test
mbpp,687,test
mbpp,471,test
mbpp,714,test
mbpp,557,test
mbpp,893,test
mbpp,166,test
mbpp,80,test
mbpp,463,test
mbpp,941,test
mbpp,483,test
mbpp,290,test
mbpp,923,test
mbpp,132,test
mbpp,178,test
mbpp,352,test
mbpp,53,test
mbpp,246,test
mbpp,944,test
mbpp,308,test
mbpp,323,test
mbpp,513,test
mbpp,648,test
mbpp,114,test
mbpp,176,test
mbpp,330,test
mbpp,665,test
mbpp,355,test
mbpp,594,test
mbpp,466,test
mbpp,25,test
mbpp,317,test
mbpp,873,test
mbpp,635,test
mbpp,910,test
mbpp,342,test
mbpp,398,test
mbpp,411,test
mbpp,195,test
mbpp,404,test
mbpp,899,test
mbpp,790,test
mbpp,764,test
mbpp,480,test
mbpp,250,test
mbpp,148,test
mbpp,677,test
mbpp,507,test
mbpp,218,test
mbpp,214,test
mbpp,475,test
mbpp,275,test
mbpp,439,test
mbpp,846,test
mbpp,278,test
mbpp,459,test
mbpp,611,test
mbpp,297,test
mbpp,357,test
mbpp,171,test
mbpp,885,test
mbpp,636,test
mbpp,870,test
mbpp,21,test
mbpp,136,test
mbpp,309,test
mbpp,783,test
mbpp,497,test
mbpp,425,test
mbpp,129,test
mbpp,258,test
mbpp,462,test
mbpp,850,test
mbpp,727,test
mbpp,226,test
mbpp,551,test
mbpp,705,test
mbpp,388,test
mbpp,447,test
mbpp,533,test
mbpp,656,test
mbpp,807,test
mbpp,658,test
mbpp,729,test
mbpp,437,test
mbpp,161,test
mbpp,165,test
mbpp,766,test
mbpp,961,test
mbpp,968,test
mbpp,283,test
mbpp,501,test
mbpp,794,test
mbpp,296,test
mbpp,151,test
mbpp,270,test
mbpp,264,test
mbpp,380,test
mbpp,676,test
mbpp,273,test
mbpp,720,test
mbpp,815,test
mbpp,498,test
mbpp,76,test
mbpp,30,test
mbpp,174,test
mbpp,354,test
mbpp,115,test
mbpp,48,test
mbpp,905,test
mbpp,678,test
mbpp,813,test
mbpp,930,test
mbpp,67,test
mbpp,18,test
mbpp,320,test
mbpp,744,test
mbpp,266,test
mbpp,204,test
mbpp,573,test
mbpp,71,test
mbpp,626,test
mbpp,403,test
medqa,728,train
medqa,122,train
medqa,269,train
medqa,14,train
medqa,900,train
medqa,559,train
medqa,367,train
medqa,776,train
medqa,69,train
medqa,1111,train
medqa,1002,train
medqa,339,train
medqa,866,train
medqa,907,train
medqa,323,train
medqa,501,train
medqa,950,train
medqa,612,train
medqa,800,train
medqa,583,train
medqa,707,train
medqa,701,train
medqa,1254,train
medqa,112,train
medqa,34,train
medqa,1052,train
medqa,505,train
medqa,1186,train
medqa,386,train
medqa,227,train
medqa,1155,train
medqa,762,train
medqa,614,train
medqa,676,train
medqa,703,train
medqa,352,train
medqa,195,train
medqa,881,train
medqa,650,train
medqa,449,train
medqa,1108,train
medqa,1266,train
medqa,1216,train
medqa,1008,train
medqa,318,train
medqa,606,train
medqa,1049,train
medqa,270,train
medqa,347,train
medqa,1055,train
medqa,1129,train
medqa,146,train
medqa,1110,train
medqa,210,train
medqa,461,train
medqa,601,train
medqa,1248,train
medqa,427,train
medqa,932,train
medqa,566,train
medqa,1140,train
medqa,992,train
medqa,99,train
medqa,357,train
medqa,787,train
medqa,939,train
medqa,1086,train
medqa,1237,train
medqa,68,train
medqa,76,train
medqa,591,train
medqa,480,train
medqa,282,train
medqa,475,train
medqa,1211,train
medqa,922,train
medqa,1101,train
medqa,377,train
medqa,292,train
medqa,242,train
medqa,1066,train
medqa,967,train
medqa,1145,train
medqa,301,train
medqa,4,train
medqa,754,train
medqa,452,train
medqa,757,train
medqa,1137,train
medqa,1106,train
medqa,406,train
medqa,351,train
medqa,1206,train
medqa,929,train
medqa,218,train
medqa,442,train
medqa,217,train
medqa,1,train
medqa,934,train
medqa,43,train
medqa,38,train
medqa,1084,train
medqa,156,train
medqa,73,train
medqa,1060,train
medqa,631,train
medqa,891,train
medqa,1053,train
medqa,127,train
medqa,846,train
medqa,252,train
medqa,198,train
medqa,380,train
medqa,80,train
medqa,194,train
medqa,659,train
medqa,654,train
medqa,818,train
medqa,413,train
medqa,9,train
medqa,561,train
medqa,31,train
medqa,179,train
medqa,319,train
medqa,178,train
medqa,97,train
medqa,1138,train
medqa,528,train
medqa,177,train
medqa,771,train
medqa,1012,train
medqa,637,train
medqa,997,train
medqa,1225,train
medqa,841,train
medqa,474,train
medqa,955,train
medqa,666,train
medqa,910,train
medqa,1178,train
medqa,644,train
medqa,1153,train
medqa,790,train
medqa,978,train
medqa,1116,train
medqa,363,train
medqa,3,train
medqa,1047,train
medqa,696,train
medqa,1105,train
medqa,977,train
medqa,239,train
medqa,913,train
medqa,868,train
medqa,562,train
medqa,737,train
medqa,1230,train
medqa,212,train
medqa,908,train
medqa,272,train
medqa,152,train
medqa,268,train
medqa,310,train
medqa,782,train
medqa,418,train
medqa,774,train
medqa,1231,train
medqa,1030,train
medqa,1088,train
medqa,1011,train
medqa,32,train
medqa,1188,train
medqa,136,train
medqa,1036,train
medqa,938,train
medqa,1177,train
medqa,425,train
medqa,106,train
medqa,51,train
medqa,889,train
medqa,1224,train
medqa,852,train
medqa,820,train
medqa,546,train
medqa,98,train
medqa,290,train
medqa,555,train
medqa,705,train
medqa,951,train
medqa,1166,train
medqa,118,train
medqa,314,train
medqa,341,train
medqa,355,train
medqa,884,train
medqa,130,train
medqa,300,train
medqa,172,train
medqa,174,train
medqa,758,train
medqa,1253,train
medqa,35,train
medqa,109,train
medqa,188,train
medqa,574,train
medqa,716,train
medqa,636,train
medqa,713,train
medqa,313,train
medqa,931,train
medqa,399,train
medqa,803,train
medqa,216,train
medqa,1069,train
medqa,720,train
medqa,734,train
medqa,220,train
medqa,1073,train
medqa,1164,train
medqa,383,train
medqa,1085,train
medqa,1205,train
medqa,588,train
medqa,254,train
medqa,170,train
medqa,896,train
medqa,539,train
medqa,116,train
medqa,738,train
medqa,344,train
medqa,192,train
medqa,844,train
medqa,379,train
medqa,1134,train
medqa,814,train
medqa,1241,train
medqa,1033,train
medqa,434,train
medqa,436,train
medqa,277,train
medqa,1176,train
medqa,148,train
medqa,549,train
medqa,642,train
medqa,356,train
medqa,953,train
medqa,599,train
medqa,570,train
medqa,50,train
medqa,149,train
medqa,544,train
medqa,980,train
medqa,1244,train
medqa,1076,train
medqa,443,train
medqa,1063,train
medqa,1151,train
medqa,865,train
medqa,59,train
medqa,750,train
medqa,834,train
medqa,221,train
medqa,1119,train
medqa,219,train
medqa,1158,train
medqa,415,train
medqa,796,train
medqa,700,train
medqa,1200,train
medqa,186,train
medqa,263,train
medqa,1270,train
medqa,993,train
medqa,1117,train
medqa,755,train
medqa,316,train
medqa,1059,train
medqa,576,train
medqa,568,train
medqa,307,train
medqa,224,train
medqa,784,train
medqa,433,train
medqa,1181,train
medqa,429,train
medqa,995,train
medqa,479,train
medqa,1004,train
medqa,918,train
medqa,665,train
medqa,30,train
medqa,1064,train
medqa,373,train
medqa,698,train
medqa,748,train
medqa,1093,train
medqa,743,train
medqa,287,train
medqa,855,train
medqa,1235,train
medqa,613,train
medqa,256,train
medqa,201,train
medqa,55,train
medqa,71,train
medqa,490,train
medqa,822,train
medqa,261,train
medqa,267,train
medqa,768,train
medqa,827,train
medqa,485,train
medqa,1267,train
medqa,808,train
medqa,664,train
medqa,1161,train
medqa,521,train
medqa,941,train
medqa,1021,train
medqa,44,train
medqa,37,train
medqa,968,train
medqa,1152,train
medqa,103,train
medqa,598,train
medqa,802,train
medqa,1183,train
medqa,150,train
medqa,656,train
medqa,422,train
medqa,440,train
medqa,883,train
medqa,416,train
medqa,262,train
medqa,102,train
medqa,550,train
medqa,153,train
medqa,64,train
medqa,25,train
medqa,492,train
medqa,638,train
medqa,184,train
medqa,185,train
medqa,1050,train
medqa,912,train
medqa,640,train
medqa,1252,train
medqa,1213,train
medqa,447,train
medqa,1074,train
medqa,281,train
medqa,975,train
medqa,1126,train
medqa,481,train
medqa,115,train
medqa,847,train
medqa,274,train
medqa,733,train
medqa,6,train
medqa,810,train
medqa,348,train
medqa,495,train
medqa,1162,train
medqa,128,train
medqa,875,train
medqa,565,train
medqa,1273,train
medqa,760,train
medqa,489,train
medqa,366,train
medqa,577,train
medqa,305,train
medqa,1133,train
medqa,689,train
medqa,727,train
medqa,151,train
medqa,134,train
medqa,444,train
medqa,690,train
medqa,1018,train
medqa,682,train
medqa,673,train
medqa,991,train
medqa,1062,train
medqa,289,train
medqa,19,train
medqa,680,train
medqa,1136,train
medqa,604,train
medqa,990,train
medqa,854,train
medqa,503,train
medqa,1109,train
medqa,311,train
medqa,364,train
medqa,830,train
medqa,593,train
medqa,541,train
medqa,1077,train
medqa,234,train
medqa,24,train
medqa,424,train
medqa,780,train
medqa,838,train
medqa,1193,train
medqa,36,train
medqa,840,train
medqa,1131,train
medqa,1144,train
medqa,567,train
medqa,781,train
medqa,233,train
medqa,1143,train
medqa,428,train
medqa,82,train
medqa,586,train
medqa,248,train
medqa,660,train
medqa,20,train
medqa,1054,train
medqa,886,train
medqa,532,train
medqa,679,train
medqa,437,train
medqa,765,train
medqa,522,train
medqa,812,train
medqa,321,train
medqa,48,train
medqa,569,train
medqa,1027,train
medqa,244,train
medqa,791,train
medqa,530,train
medqa,692,train
medqa,166,train
medqa,804,train
medqa,958,train
medqa,111,train
medqa,809,train
medqa,298,train
medqa,470,train
medqa,864,train
medqa,621,train
medqa,395,train
medqa,996,train
medqa,63,train
medqa,678,train
medqa,280,train
medqa,401,train
medqa,1029,train
medqa,1191,train
medqa,1222,train
medqa,41,train
medqa,1195,train
medqa,502,train
medqa,786,train
medqa,905,train
medqa,183,train
medqa,789,train
medqa,1258,train
medqa,1120,train
medqa,924,train
medqa,1003,train
medqa,460,train
medqa,430,train
medqa,369,train
medqa,143,train
medqa,647,train
medqa,388,train
medqa,1271,train
medqa,1261,train
medqa,1157,train
medqa,472,train
medqa,238,train
medqa,204,train
medqa,525,train
medqa,1125,train
medqa,710,train
medqa,807,train
medqa,353,train
medqa,1182,train
medqa,605,train
medqa,1123,train
medqa,457,train
medqa,90,train
medqa,873,train
medqa,324,train
medqa,113,train
medqa,320,train
medqa,21,train
medqa,726,train
medqa,1217,train
medqa,412,train
medqa,42,train
medqa,788,train
medqa,358,train
medqa,7,train
medqa,466,train
medqa,1023,train
medqa,509,train
medqa,453,train
medqa,836,train
medqa,536,train
medqa,869,train
medqa,117,train
medqa,397,train
medqa,829,train
medqa,83,train
medqa,1067,train
medqa,894,train
medqa,421,train
medqa,1096,train
medqa,154,train
medqa,672,train
medqa,294,train
medqa,1170,train
medqa,853,train
medqa,1220,train
medqa,322,train
medqa,1160,train
medqa,919,train
medqa,26,train
medqa,410,train
medqa,1212,train
medqa,423,train
medqa,215,train
medqa,770,train
medqa,1124,train
medqa,226,train
medqa,571,train
medqa,458,train
medqa,486,train
medqa,382,train
medqa,335,train
medqa,145,train
medqa,18,train
medqa,867,train
medqa,354,train
medqa,58,train
medqa,1034,train
medqa,426,train
medqa,253,train
medqa,296,train
medqa,223,train
medqa,851,train
medqa,556,train
medqa,798,train
medqa,336,train
medqa,764,train
medqa,639,train
medqa,53,train
medqa,819,train
medqa,1014,train
medqa,930,train
medqa,611,train
medqa,1075,train
medqa,1057,train
medqa,181,train
medqa,971,train
medqa,986,train
medqa,620,train
medqa,1179,train
medqa,285,train
medqa,587,train
medqa,641,train
medqa,963,train
medqa,396,train
medqa,104,train
medqa,1092,train
medqa,1259,train
medqa,985,train
medqa,622,train
medqa,499,train
medqa,439,train
medqa,893,train
medqa,207,train
medqa,635,train
medqa,989,train
medqa,27,train
medqa,1173,train
medqa,801,train
medqa,405,train
medqa,959,train
medqa,712,train
medqa,948,train
medqa,815,train
medqa,411,train
medqa,120,train
medqa,629,train
medqa,669,train
medqa,197,train
medqa,5,train
medqa,1146,train
medqa,487,train
medqa,1112,train
medqa,158,train
medqa,761,train
medqa,78,train
medqa,91,train
medqa,752,train
medqa,649,train
medqa,1156,train
medqa,209,train
medqa,1221,train
medqa,623,train
medqa,850,train
medqa,923,train
medqa,1185,train
medqa,74,train
medqa,1229,train
medqa,926,train
medqa,828,train
medqa,54,train
medqa,275,train
medqa,123,train
medqa,708,train
medqa,1210,train
medqa,928,train
medqa,124,train
medqa,370,train
medqa,527,train
medqa,681,train
medqa,1044,train
medqa,329,train
medqa,943,train
medqa,398,train
medqa,914,train
medqa,729,train
medqa,888,train
medqa,1037,train
medqa,965,train
medqa,456,train
medqa,877,train
medqa,175,train
medqa,251,train
medqa,759,train
medqa,878,train
medqa,769,train
medqa,260,train
medqa,871,train
medqa,359,train
medqa,65,train
medqa,228,train
medqa,972,train
medqa,1107,train
medqa,1019,train
medqa,361,train
medqa,182,train
medqa,205,train
medqa,949,train
medqa,468,train
medqa,1051,train
medqa,349,train
medqa,271,train
medqa,543,train
medqa,512,train
medqa,169,train
medqa,288,train
medqa,857,train
medqa,643,train
medqa,308,train
medqa,793,train
medqa,1013,train
medqa,17,train
medqa,1102,train
medqa,1010,train
medqa,879,train
medqa,1238,train
medqa,813,train
medqa,683,train
medqa,1236,train
medqa,1202,train
medqa,435,train
medqa,590,train
medqa,1040,train
medqa,62,train
medqa,1207,train
medqa,404,train
medqa,295,train
medqa,1209,train
medqa,284,train
medqa,488,train
medqa,537,train
medqa,699,train
medqa,12,train
medqa,691,train
medqa,77,train
medqa,338,train
medqa,824,train
medqa,93,train
medqa,860,train
medqa,741,train
medqa,724,train
medqa,47,train
medqa,230,train
medqa,330,train
medqa,389,train
medqa,706,train
medqa,1028,train
medqa,393,train
medqa,535,train
medqa,1026,train
medqa,259,train
medqa,833,train
medqa,1227,train
medqa,462,train
medqa,240,train
medqa,674,train
medqa,222,train
medqa,1097,train
medqa,40,train
medqa,121,train
medqa,1208,train
medqa,1121,train
medqa,1098,train
medqa,45,train
medqa,625,train
medqa,984,train
medqa,901,train
medqa,582,train
medqa,1132,train
medqa,516,train
medqa,1269,train
medqa,89,train
medqa,1043,train
medqa,381,train
medqa,973,train
medqa,778,train
medqa,70,train
medqa,387,train
medqa,190,train
medqa,1065,train
medqa,304,train
medqa,835,train
medqa,384,train
medqa,1032,train
medqa,1041,train
medqa,694,train
medqa,702,train
medqa,346,train
medqa,709,train
medqa,693,train
medqa,861,train
medqa,1114,train
medqa,652,train
medqa,670,train
medqa,1168,train
medqa,147,train
medqa,1167,train
medqa,825,train
medqa,173,train
medqa,1082,train
medqa,342,train
medqa,463,train
medqa,1068,train
medqa,432,train
medqa,391,train
medqa,974,train
medqa,119,train
medqa,603,train
medqa,1268,train
medqa,580,train
medqa,409,train
medqa,1232,val
medqa,648,val
medqa,839,val
medqa,849,val
medqa,1089,val
medqa,811,val
medqa,1080,val
medqa,898,val
medqa,935,val
medqa,334,val
medqa,511,val
medqa,394,val
medqa,627,val
medqa,859,val
medqa,531,val
medqa,1128,val
medqa,1174,val
medqa,817,val
medqa,1180,val
medqa,1005,val
medqa,1056,val
medqa,1149,val
medqa,61,val
medqa,916,val
medqa,1203,val
medqa,1122,val
medqa,732,val
medqa,1218,val
medqa,171,val
medqa,141,val
medqa,465,val
medqa,534,val
medqa,585,val
medqa,482,val
medqa,730,val
medqa,180,val
medqa,717,val
medqa,403,val
medqa,498,val
medqa,617,val
medqa,438,val
medqa,548,val
medqa,596,val
medqa,714,val
medqa,554,val
medqa,1154,val
medqa,94,val
medqa,671,val
medqa,940,val
medqa,736,val
medqa,947,val
medqa,795,val
medqa,303,val
medqa,1247,val
medqa,135,val
medqa,193,val
medqa,1265,val
medqa,911,val
medqa,445,val
medqa,746,val
medqa,904,val
medqa,1242,val
medqa,451,val
medqa,75,val
medqa,1006,val
medqa,618,val
medqa,667,val
medqa,885,val
medqa,66,val
medqa,110,val
medqa,856,val
medqa,595,val
medqa,845,val
medqa,312,val
medqa,137,val
medqa,473,val
medqa,1061,val
medqa,632,val
medqa,961,val
medqa,374,val
medqa,1171,val
medqa,1240,val
medqa,431,val
medqa,332,val
medqa,142,val
medqa,581,val
medqa,751,val
medqa,937,val
medqa,1233,val
medqa,345,val
medqa,624,val
medqa,243,val
medqa,826,val
medqa,2,val
medqa,735,val
medqa,8,val
medqa,806,val
medqa,553,val
medqa,899,val
medqa,365,val
medqa,1264,val
medqa,1257,val
medqa,584,val
medqa,81,val
medqa,538,val
medqa,792,val
medqa,983,val
medqa,375,val
medqa,455,val
medqa,725,val
medqa,420,val
medqa,719,val
medqa,159,val
medqa,515,val
medqa,779,val
medqa,484,val
medqa,514,val
medqa,837,val
medqa,862,val
medqa,573,val
medqa,777,val
medqa,988,val
medqa,371,val
medqa,1226,val
medqa,540,val
medqa,890,val
medqa,749,val
medqa,469,val
medqa,96,val
medqa,572,val
medqa,1035,val
medqa,229,val
medqa,247,val
medqa,962,val
medqa,575,val
medqa,1139,val
medqa,408,val
medqa,39,val
medqa,721,val
medqa,1159,val
medqa,1234,val
medqa,211,val
medqa,775,val
medqa,56,val
medqa,545,val
medqa,1025,val
medqa,524,val
medqa,237,val
medqa,740,val
medqa,1260,val
medqa,633,val
medqa,794,val
medqa,767,val
medqa,23,val
medqa,805,val
medqa,1038,val
medqa,108,val
medqa,1099,val
medqa,645,val
medqa,887,val
medqa,257,val
medqa,155,val
medqa,892,val
medqa,1169,val
medqa,874,val
medqa,400,val
medqa,956,val
medqa,592,val
medqa,607,val
medqa,675,val
medqa,917,val
medqa,1104,val
medqa,1095,val
medqa,459,val
medqa,340,val
medqa,964,val
medqa,619,val
medqa,162,val
medqa,157,val
medqa,579,val
medqa,232,val
medqa,1190,val
medqa,441,val
medqa,85,val
medqa,46,val
medqa,523,val
medqa,100,val
medqa,84,val
medqa,265,val
medqa,655,val
medqa,560,val
medqa,697,val
medqa,1250,val
medqa,225,val
medqa,551,val
medqa,933,val
medqa,140,val
medqa,563,val
medqa,1142,val
medqa,1228,val
medqa,658,val
medqa,1058,val
medqa,1172,val
medqa,493,val
medqa,273,val
medqa,1046,val
medqa,1091,val
medqa,372,val
medqa,328,val
medqa,114,val
medqa,533,val
medqa,999,val
medqa,842,val
medqa,450,val
medqa,392,val
medqa,952,val
medqa,976,val
medqa,1135,val
medqa,1239,val
medqa,1070,val
medqa,799,val
medqa,1199,val
medqa,15,val
medqa,139,val
medqa,477,val
medqa,22,val
medqa,1272,val
medqa,1039,val
medqa,1141,val
medqa,331,val
medqa,773,val
medqa,518,val
medqa,668,val
medqa,1196,val
medqa,957,val
medqa,508,val
medqa,29,val
medqa,969,val
medqa,823,val
medqa,283,val
medqa,189,val
medqa,510,val
medqa,333,val
medqa,11,val
medqa,144,val
medqa,126,val
medqa,858,val
medqa,1148,val
medqa,60,val
medqa,684,val
medqa,954,val
medqa,496,val
medqa,797,val
medqa,998,val
medqa,10,val
medqa,1198,test
medqa,615,test
medqa,616,test
medqa,52,test
medqa,742,test
medqa,600,test
medqa,1115,test
medqa,454,test
medqa,1016,test
medqa,315,test
medqa,848,test
medqa,1246,test
medqa,1000,test
medqa,196,test
medqa,13,test
medqa,966,test
medqa,1223,test
medqa,902,test
medqa,526,test
medqa,231,test
medqa,520,test
medqa,895,test
medqa,163,test
medqa,278,test
medqa,476,test
medqa,500,test
medqa,578,test
medqa,695,test
medqa,783,test
medqa,276,test
medqa,79,test
medqa,1071,test
medqa,1194,test
medqa,1163,test
medqa,1045,test
medqa,249,test
medqa,610,test
medqa,350,test
medqa,1083,test
medqa,542,test
medqa,506,test
medqa,1204,test
medqa,187,test
medqa,982,test
medqa,504,test
medqa,927,test
medqa,28,test
medqa,167,test
medqa,552,test
medqa,291,test
medqa,906,test
medqa,1078,test
medqa,164,test
medqa,246,test
medqa,711,test
medqa,208,test
medqa,491,test
medqa,317,test
medqa,1175,test
medqa,1263,test
medqa,1187,test
medqa,942,test
medqa,925,test
medqa,981,test
medqa,176,test
medqa,597,test
medqa,1009,test
medqa,816,test
medqa,202,test
medqa,107,test
medqa,1072,test
medqa,1150,test
medqa,661,test
medqa,129,test
medqa,368,test
medqa,1249,test
medqa,785,test
medqa,125,test
medqa,250,test
medqa,407,test
medqa,86,test
medqa,594,test
medqa,419,test
medqa,863,test
medqa,467,test
medqa,1001,test
medqa,558,test
medqa,1214,test
medqa,628,test
medqa,557,test
medqa,766,test
medqa,266,test
medqa,1087,test
medqa,756,test
medqa,653,test
medqa,417,test
medqa,87,test
medqa,870,test
medqa,876,test
medqa,168,test
medqa,1103,test
medqa,161,test
medqa,723,test
medqa,402,test
medqa,903,test
medqa,677,test
medqa,494,test
medqa,378,test
medqa,16,test
medqa,821,test
medqa,478,test
medqa,293,test
medqa,385,test
medqa,897,test
medqa,165,test
medqa,763,test
medqa,832,test
medqa,1113,test
medqa,1197,test
medqa,446,test
medqa,1255,test
medqa,1262,test
medqa,519,test
medqa,687,test
medqa,686,test
medqa,1118,test
medqa,1192,test
medqa,1042,test
medqa,1245,test
medqa,979,test
medqa,843,test
medqa,57,test
medqa,688,test
medqa,1243,test
medqa,1079,test
medqa,309,test
medqa,1017,test
medqa,33,test
medqa,245,test
medqa,286,test
medqa,718,test
medqa,264,test
medqa,1100,test
medqa,772,test
medqa,241,test
medqa,909,test
medqa,882,test
medqa,608,test
medqa,602,test
medqa,1007,test
medqa,880,test
medqa,589,test
medqa,483,test
medqa,306,test
medqa,872,test
medqa,326,test
medqa,279,test
medqa,464,test
medqa,1022,test
medqa,946,test
medqa,744,test
medqa,945,test
medqa,634,test
medqa,731,test
medqa,517,test
medqa,235,test
medqa,1215,test
medqa,214,test
medqa,1147,test
medqa,133,test
medqa,390,test
medqa,448,test
medqa,722,test
medqa,507,test
medqa,1090,test
medqa,704,test
medqa,1081,test
medqa,662,test
medqa,960,test
medqa,745,test
medqa,236,test
medqa,1048,test
medqa,297,test
medqa,497,test
medqa,1165,test
medqa,199,test
medqa,299,test
medqa,1015,test
medqa,1127,test
medqa,343,test
medqa,138,test
medqa,1024,test
medqa,609,test
medqa,67,test
medqa,753,test
medqa,1031,test
medqa,564,test
medqa,213,test
medqa,1184,test
medqa,920,test
medqa,92,test
medqa,471,test
medqa,1256,test
medqa,747,test
medqa,191,test
medqa,325,test
medqa,1201,test
medqa,200,test
medqa,936,test
medqa,1130,test
medqa,95,test
medqa,337,test
medqa,651,test
medqa,105,test
medqa,915,test
medqa,131,test
medqa,663,test
medqa,646,test
medqa,657,test
medqa,1094,test
medqa,360,test
medqa,255,test
medqa,547,test
medqa,258,test
medqa,362,test
medqa,1251,test
medqa,414,test
medqa,206,test
medqa,739,test
medqa,1020,test
medqa,831,test
medqa,160,test
medqa,1189,test
medqa,529,test
medqa,630,test
medqa,302,test
medqa,1219,test
medqa,101,test
medqa,49,test
medqa,626,test
medqa,944,test
medqa,970,test
medqa,921,test
medqa,72,test
medqa,376,test
medqa,715,test
medqa,987,test
medqa,203,test
medqa,327,test
medqa,685,test
medqa,88,test
medqa,994,test
medqa,132,test
medqa,513,test
meld,825,train
meld,357,train
meld,1012,train
meld,582,train
meld,1075,train
meld,348,train
meld,286,train
meld,496,train
meld,728,train
meld,70,train
meld,316,train
meld,258,train
meld,737,train
meld,629,train
meld,108,train
meld,437,train
meld,580,train
meld,938,train
meld,204,train
meld,800,train
meld,1232,train
meld,1080,train
meld,786,train
meld,415,train
meld,53,train
meld,1026,train
meld,976,train
meld,416,train
meld,735,train
meld,772,train
meld,52,train
meld,219,train
meld,1085,train
meld,265,train
meld,777,train
meld,902,train
meld,1129,train
meld,1050,train
meld,583,train
meld,810,train
meld,1078,train
meld,857,train
meld,537,train
meld,1151,train
meld,1186,train
meld,997,train
meld,646,train
meld,1105,train
meld,808,train
meld,793,train
meld,956,train
meld,338,train
meld,1178,train
meld,947,train
meld,608,train
meld,698,train
meld,480,train
meld,434,train
meld,117,train
meld,240,train
meld,1021,train
meld,1152,train
meld,432,train
meld,406,train
meld,908,train
meld,1040,train
meld,514,train
meld,807,train
meld,147,train
meld,205,train
meld,396,train
meld,1226,train
meld,255,train
meld,999,train
meld,604,train
meld,329,train
meld,563,train
meld,910,train
meld,844,train
meld,928,train
meld,185,train
meld,1209,train
meld,86,train
meld,442,train
meld,965,train
meld,188,train
meld,297,train
meld,208,train
meld,226,train
meld,891,train
meld,801,train
meld,935,train
meld,581,train
meld,454,train
meld,838,train
meld,285,train
meld,1225,train
meld,142,train
meld,815,train
meld,759,train
meld,319,train
meld,771,train
meld,520,train
meld,477,train
meld,251,train
meld,741,train
meld,1020,train
meld,448,train
meld,943,train
meld,439,train
meld,1223,train
meld,1133,train
meld,104,train
meld,32,train
meld,206,train
meld,39,train
meld,833,train
meld,875,train
meld,159,train
meld,26,train
meld,172,train
meld,960,train
meld,911,train
meld,534,train
meld,231,train
meld,267,train
meld,1111,train
meld,628,train
meld,505,train
meld,247,train
meld,975,train
meld,647,train
meld,1207,train
meld,232,train
meld,630,train
meld,937,train
meld,699,train
meld,767,train
meld,837,train
meld,847,train
meld,252,train
meld,634,train
meld,750,train
meld,183,train
meld,12,train
meld,458,train
meld,1149,train
meld,308,train
meld,596,train
meld,1184,train
meld,1039,train
meld,1214,train
meld,1157,train
meld,971,train
meld,981,train
meld,411,train
meld,920,train
meld,289,train
meld,742,train
meld,326,train
meld,1150,train
meld,708,train
meld,173,train
meld,460,train
meld,1079,train
meld,519,train
meld,1073,train
meld,484,train
meld,1146,train
meld,153,train
meld,1218,train
meld,322,train
meld,133,train
meld,388,train
meld,915,train
meld,478,train
meld,73,train
meld,120,train
meld,1203,train
meld,20,train
meld,1030,train
meld,658,train
meld,253,train
meld,174,train
meld,890,train
meld,373,train
meld,843,train
meld,5,train
meld,607,train
meld,545,train
meld,1145,train
meld,137,train
meld,743,train
meld,398,train
meld,873,train
meld,299,train
meld,368,train
meld,655,train
meld,773,train
meld,56,train
meld,614,train
meld,632,train
meld,379,train
meld,984,train
meld,846,train
meld,328,train
meld,276,train
meld,182,train
meld,933,train
meld,363,train
meld,191,train
meld,83,train
meld,1014,train
meld,309,train
meld,164,train
meld,827,train
meld,917,train
meld,97,train
meld,925,train
meld,464,train
meld,257,train
meld,394,train
meld,1130,train
meld,798,train
meld,136,train
meld,518,train
meld,691,train
meld,503,train
meld,1097,train
meld,590,train
meld,387,train
meld,1022,train
meld,225,train
meld,717,train
meld,229,train
meld,264,train
meld,68,train
meld,36,train
meld,1013,train
meld,260,train
meld,100,train
meld,167,train
meld,197,train
meld,497,train
meld,218,train
meld,358,train
meld,1190,train
meld,360,train
meld,382,train
meld,511,train
meld,678,train
meld,10,train
meld,595,train
meld,481,train
meld,278,train
meld,145,train
meld,1208,train
meld,664,train
meld,84,train
meld,1042,train
meld,702,train
meld,1045,train
meld,592,train
meld,281,train
meld,300,train
meld,291,train
meld,115,train
meld,539,train
meld,538,train
meld,1179,train
meld,684,train
meld,37,train
meld,180,train
meld,471,train
meld,889,train
meld,110,train
meld,573,train
meld,498,train
meld,1046,train
meld,102,train
meld,509,train
meld,365,train
meld,4,train
meld,455,train
meld,212,train
meld,1059,train
meld,76,train
meld,380,train
meld,1104,train
meld,988,train
meld,842,train
meld,637,train
meld,591,train
meld,410,train
meld,834,train
meld,391,train
meld,426,train
meld,615,train
meld,558,train
meld,587,train
meld,967,train
meld,390,train
meld,111,train
meld,427,train
meld,1035,train
meld,774,train
meld,355,train
meld,72,train
meld,979,train
meld,412,train
meld,351,train
meld,723,train
meld,399,train
meld,753,train
meld,1015,train
meld,1171,train
meld,487,train
meld,521,train
meld,1199,train
meld,179,train
meld,782,train
meld,245,train
meld,375,train
meld,848,train
meld,670,train
meld,33,train
meld,22,train
meld,839,train
meld,369,train
meld,1084,train
meld,131,train
meld,63,train
meld,763,train
meld,948,train
meld,89,train
meld,7,train
meld,491,train
meld,893,train
meld,995,train
meld,644,train
meld,661,train
meld,57,train
meld,222,train
meld,942,train
meld,693,train
meld,651,train
meld,571,train
meld,640,train
meld,694,train
meld,796,train
meld,482,train
meld,899,train
meld,586,train
meld,74,train
meld,476,train
meld,101,train
meld,211,train
meld,674,train
meld,983,train
meld,700,train
meld,516,train
meld,799,train
meld,894,train
meld,166,train
meld,659,train
meld,714,train
meld,1166,train
meld,272,train
meld,957,train
meld,1065,train
meld,1005,train
meld,733,train
meld,490,train
meld,992,train
meld,269,train
meld,422,train
meld,954,train
meld,178,train
meld,951,train
meld,601,train
meld,1185,train
meld,553,train
meld,268,train
meld,407,train
meld,349,train
meld,2,train
meld,1091,train
meld,642,train
meld,343,train
meld,69,train
meld,186,train
meld,1138,train
meld,963,train
meld,189,train
meld,361,train
meld,560,train
meld,130,train
meld,1221,train
meld,370,train
meld,1064,train
meld,143,train
meld,381,train
meld,762,train
meld,668,train
meld,112,train
meld,452,train
meld,40,train
meld,90,train
meld,924,train
meld,194,train
meld,1212,train
meld,939,train
meld,653,train
meld,605,train
meld,657,train
meld,6,train
meld,1217,train
meld,806,train
meld,896,train
meld,395,train
meld,156,train
meld,1096,train
meld,1002,train
meld,314,train
meld,770,train
meld,1072,train
meld,855,train
meld,152,train
meld,346,train
meld,1056,train
meld,1175,train
meld,114,train
meld,662,train
meld,140,train
meld,841,train
meld,1110,train
meld,79,train
meld,736,train
meld,973,train
meld,862,train
meld,927,train
meld,1086,train
meld,449,train
meld,165,train
meld,523,train
meld,469,train
meld,475,train
meld,106,train
meld,631,train
meld,1099,train
meld,428,train
meld,531,train
meld,1164,train
meld,1172,train
meld,566,train
meld,302,train
meld,867,train
meld,339,train
meld,122,train
meld,814,train
meld,150,train
meld,420,train
meld,1187,train
meld,804,train
meld,930,train
meld,198,train
meld,730,train
meld,400,train
meld,554,train
meld,707,train
meld,337,train
meld,424,train
meld,280,train
meld,163,train
meld,1224,train
meld,230,train
meld,1159,train
meld,1128,train
meld,461,train
meld,790,train
meld,666,train
meld,217,train
meld,824,train
meld,3,train
meld,720,train
meld,397,train
meld,1142,train
meld,959,train
meld,1147,train
meld,92,train
meld,546,train
meld,645,train
meld,619,train
meld,877,train
meld,677,train
meld,854,train
meld,530,train
meld,1177,train
meld,62,train
meld,513,train
meld,1008,train
meld,425,train
meld,859,train
meld,1121,train
meld,494,train
meld,282,train
meld,16,train
meld,744,train
meld,977,train
meld,65,train
meld,271,train
meld,912,train
meld,817,train
meld,649,train
meld,1198,train
meld,1062,train
meld,1043,train
meld,1088,train
meld,203,train
meld,1127,train
meld,679,train
meld,64,train
meld,207,train
meld,303,train
meld,622,train
meld,1023,train
meld,868,train
meld,941,train
meld,562,train
meld,853,train
meld,652,train
meld,256,train
meld,158,train
meld,77,train
meld,754,train
meld,1155,train
meld,1058,train
meld,192,train
meld,758,train
meld,468,train
meld,1016,train
meld,347,train
meld,542,train
meld,1118,train
meld,224,train
meld,321,train
meld,489,train
meld,945,train
meld,323,train
meld,871,train
meld,306,train
meld,129,train
meld,946,train
meld,372,train
meld,547,train
meld,459,train
meld,493,train
meld,431,train
meld,860,train
meld,293,train
meld,940,train
meld,612,train
meld,472,train
meld,88,train
meld,556,train
meld,310,train
meld,210,train
meld,246,train
meld,162,train
meld,892,train
meld,243,train
meld,421,train
meld,128,train
meld,354,train
meld,821,train
meld,445,train
meld,822,train
meld,254,train
meld,512,train
meld,705,train
meld,697,train
meld,241,train
meld,473,train
meld,340,train
meld,457,train
meld,1189,train
meld,423,train
meld,1201,train
meld,1174,train
meld,1000,train
meld,67,train
meld,288,train
meld,236,train
meld,643,train
meld,1132,train
meld,748,train
meld,781,train
meld,126,train
meld,625,train
meld,27,train
meld,913,train
meld,1168,train
meld,529,train
meld,898,train
meld,59,train
meld,234,train
meld,362,train
meld,914,train
meld,620,train
meld,1231,train
meld,193,train
meld,263,train
meld,170,train
meld,931,train
meld,1195,train
meld,1100,train
meld,1181,train
meld,1182,train
meld,414,train
meld,865,train
meld,510,train
meld,304,train
meld,818,train
meld,270,train
meld,1033,train
meld,1205,train
meld,874,train
meld,527,train
meld,19,train
meld,667,train
meld,13,train
meld,830,train
meld,345,train
meld,341,train
meld,663,train
meld,766,train
meld,1135,train
meld,706,train
meld,589,train
meld,21,train
meld,1215,train
meld,233,train
meld,572,train
meld,564,train
meld,526,train
meld,441,train
meld,578,train
meld,1048,train
meld,25,train
meld,1067,train
meld,1019,train
meld,820,train
meld,968,train
meld,929,train
meld,953,train
meld,61,train
meld,161,train
meld,734,train
meld,978,train
meld,1193,train
meld,485,train
meld,665,train
meld,613,train
meld,334,train
meld,540,train
meld,1153,train
meld,683,train
meld,506,train
meld,71,train
meld,1144,train
meld,541,train
meld,66,train
meld,463,train
meld,803,train
meld,829,train
meld,1170,train
meld,344,train
meld,982,train
meld,235,train
meld,465,train
meld,740,train
meld,727,train
meld,972,train
meld,756,train
meld,171,train
meld,1228,train
meld,900,train
meld,157,train
meld,549,train
meld,438,train
meld,716,train
meld,187,train
meld,1196,train
meld,1230,train
meld,342,train
meld,107,train
meld,23,train
meld,466,train
meld,1200,train
meld,462,train
meld,1053,train
meld,882,train
meld,312,train
meld,239,train
meld,1027,train
meld,785,train
meld,1093,train
meld,262,train
meld,479,train
meld,1060,train
meld,332,train
meld,93,train
meld,1018,train
meld,228,train
meld,575,train
meld,313,train
meld,371,train
meld,1004,train
meld,295,train
meld,214,train
meld,1213,train
meld,1143,train
meld,904,train
meld,726,train
meld,41,train
meld,366,train
meld,1160,train
meld,60,train
meld,916,train
meld,327,train
meld,1122,train
meld,654,train
meld,305,train
meld,1095,train
meld,1211,train
meld,985,train
meld,82,train
meld,283,train
meld,1227,train
meld,1031,val
meld,789,val
meld,603,val
meld,1003,val
meld,1134,val
meld,1161,val
meld,200,val
meld,768,val
meld,696,val
meld,51,val
meld,1131,val
meld,621,val
meld,648,val
meld,1034,val
meld,650,val
meld,712,val
meld,832,val
meld,1124,val
meld,775,val
meld,961,val
meld,141,val
meld,576,val
meld,1063,val
meld,1074,val
meld,1163,val
meld,994,val
meld,1049,val
meld,675,val
meld,325,val
meld,1115,val
meld,121,val
meld,402,val
meld,919,val
meld,641,val
meld,221,val
meld,769,val
meld,1089,val
meld,597,val
meld,483,val
meld,783,val
meld,685,val
meld,836,val
meld,1082,val
meld,669,val
meld,870,val
meld,1123,val
meld,850,val
meld,149,val
meld,1103,val
meld,802,val
meld,49,val
meld,991,val
meld,797,val
meld,1219,val
meld,536,val
meld,353,val
meld,1098,val
meld,474,val
meld,151,val
meld,220,val
meld,779,val
meld,1167,val
meld,883,val
meld,557,val
meld,501,val
meld,155,val
meld,1092,val
meld,724,val
meld,888,val
meld,949,val
meld,638,val
meld,274,val
meld,687,val
meld,952,val
meld,1120,val
meld,784,val
meld,1113,val
meld,127,val
meld,195,val
meld,9,val
meld,1011,val
meld,672,val
meld,787,val
meld,1,val
meld,690,val
meld,1025,val
meld,259,val
meld,851,val
meld,1204,val
meld,574,val
meld,598,val
meld,1222,val
meld,248,val
meld,921,val
meld,1148,val
meld,887,val
meld,958,val
meld,845,val
meld,1106,val
meld,160,val
meld,747,val
meld,279,val
meld,718,val
meld,602,val
meld,8,val
meld,453,val
meld,852,val
meld,732,val
meld,378,val
meld,290,val
meld,500,val
meld,1114,val
meld,34,val
meld,488,val
meld,987,val
meld,1102,val
meld,1017,val
meld,47,val
meld,738,val
meld,559,val
meld,746,val
meld,826,val
meld,284,val
meld,333,val
meld,94,val
meld,682,val
meld,1229,val
meld,1090,val
meld,436,val
meld,209,val
meld,1041,val
meld,261,val
meld,298,val
meld,1044,val
meld,213,val
meld,676,val
meld,85,val
meld,1140,val
meld,922,val
meld,618,val
meld,249,val
meld,1156,val
meld,196,val
meld,96,val
meld,636,val
meld,315,val
meld,35,val
meld,932,val
meld,386,val
meld,710,val
meld,936,val
meld,535,val
meld,989,val
meld,866,val
meld,1173,val
meld,1068,val
meld,565,val
meld,926,val
meld,1197,val
meld,584,val
meld,609,val
meld,125,val
meld,1076,val
meld,1052,val
meld,1220,val
meld,555,val
meld,986,val
meld,336,val
meld,181,val
meld,139,val
meld,48,val
meld,722,val
meld,980,val
meld,18,val
meld,446,val
meld,403,val
meld,43,val
meld,1057,val
meld,1136,val
meld,1176,val
meld,792,val
meld,606,val
meld,413,val
meld,1069,val
meld,242,val
meld,660,val
meld,311,val
meld,1169,val
meld,1180,val
meld,307,val
meld,1183,val
meld,237,val
meld,1206,val
meld,633,val
meld,878,val
meld,757,val
meld,42,val
meld,1107,val
meld,109,val
meld,528,val
meld,962,val
meld,1162,val
meld,1070,val
meld,970,val
meld,317,val
meld,430,val
meld,433,val
meld,955,val
meld,709,val
meld,1094,val
meld,377,val
meld,176,val
meld,840,val
meld,1032,val
meld,1154,val
meld,525,val
meld,1137,val
meld,376,val
meld,532,val
meld,17,val
meld,635,val
meld,331,val
meld,134,val
meld,273,val
meld,359,val
meld,745,val
meld,880,val
meld,918,val
meld,148,val
meld,897,val
meld,146,val
meld,132,val
meld,765,val
meld,502,val
meld,296,val
meld,356,val
meld,964,val
meld,292,val
meld,418,val
meld,611,val
meld,1055,val
meld,266,val
meld,216,val
meld,352,val
meld,38,val
meld,227,val
meld,805,test
meld,169,test
meld,828,test
meld,1117,test
meld,28,test
meld,577,test
meld,835,test
meld,417,test
meld,616,test
meld,250,test
meld,470,test
meld,275,test
meld,277,test
meld,831,test
meld,923,test
meld,401,test
meld,440,test
meld,50,test
meld,91,test
meld,950,test
meld,861,test
meld,876,test
meld,105,test
meld,778,test
meld,568,test
meld,495,test
meld,1101,test
meld,46,test
meld,1009,test
meld,881,test
meld,429,test
meld,1109,test
meld,1210,test
meld,223,test
meld,1083,test
meld,75,test
meld,95,test
meld,795,test
meld,1194,test
meld,29,test
meld,864,test
meld,1028,test
meld,1007,test
meld,713,test
meld,1024,test
meld,177,test
meld,385,test
meld,15,test
meld,123,test
meld,599,test
meld,703,test
meld,998,test
meld,447,test
meld,686,test
meld,1216,test
meld,98,test
meld,544,test
meld,823,test
meld,404,test
meld,623,test
meld,905,test
meld,504,test
meld,906,test
meld,719,test
meld,879,test
meld,570,test
meld,626,test
meld,202,test
meld,974,test
meld,443,test
meld,350,test
meld,548,test
meld,1054,test
meld,492,test
meld,1119,test
meld,673,test
meld,585,test
meld,55,test
meld,990,test
meld,593,test
meld,567,test
meld,1202,test
meld,1051,test
meld,729,test
meld,507,test
meld,849,test
meld,656,test
meld,901,test
meld,1047,test
meld,30,test
meld,1188,test
meld,138,test
meld,451,test
meld,811,test
meld,58,test
meld,812,test
meld,324,test
meld,594,test
meld,1037,test
meld,1112,test
meld,1066,test
meld,725,test
meld,184,test
meld,966,test
meld,731,test
meld,14,test
meld,617,test
meld,533,test
meld,1029,test
meld,435,test
meld,124,test
meld,1165,test
meld,1116,test
meld,1139,test
meld,791,test
meld,704,test
meld,907,test
meld,816,test
meld,794,test
meld,1192,test
meld,330,test
meld,467,test
meld,99,test
meld,113,test
meld,885,test
meld,760,test
meld,383,test
meld,238,test
meld,116,test
meld,681,test
meld,1006,test
meld,87,test
meld,1010,test
meld,721,test
meld,103,test
meld,692,test
meld,1077,test
meld,486,test
meld,389,test
meld,872,test
meld,884,test
meld,711,test
meld,1036,test
meld,969,test
meld,869,test
meld,688,test
meld,456,test
meld,392,test
meld,444,test
meld,244,test
meld,701,test
meld,450,test
meld,405,test
meld,761,test
meld,408,test
meld,44,test
meld,788,test
meld,374,test
meld,780,test
meld,1141,test
meld,522,test
meld,886,test
meld,364,test
meld,409,test
meld,294,test
meld,190,test
meld,384,test
meld,993,test
meld,813,test
meld,909,test
meld,588,test
meld,600,test
meld,550,test
meld,856,test
meld,318,test
meld,895,test
meld,739,test
meld,552,test
meld,627,test
meld,78,test
meld,81,test
meld,695,test
meld,1061,test
meld,903,test
meld,579,test
meld,1081,test
meld,11,test
meld,80,test
meld,764,test
meld,499,test
meld,639,test
meld,335,test
meld,551,test
meld,569,test
meld,31,test
meld,755,test
meld,301,test
meld,715,test
meld,367,test
meld,508,test
meld,680,test
meld,517,test
meld,1126,test
meld,45,test
meld,1001,test
meld,671,test
meld,320,test
meld,751,test
meld,524,test
meld,135,test
meld,1158,test
meld,1038,test
meld,752,test
meld,119,test
meld,1071,test
meld,749,test
meld,624,test
meld,863,test
meld,1087,test
meld,944,test
meld,858,test
meld,543,test
meld,287,test
meld,996,test
meld,809,test
meld,610,test
meld,215,test
meld,561,test
meld,24,test
meld,154,test
meld,118,test
meld,419,test
meld,1191,test
meld,1108,test
meld,1125,test
meld,201,test
meld,934,test
meld,199,test
meld,168,test
meld,54,test
meld,819,test
meld,175,test
meld,689,test
meld,393,test
meld,144,test
meld,776,test
meld,515,test
