algorithm,seed,t,welfare,regret,cum_regret
p2etg,0,448,5.002872264269508,0.0,0.0
p2etg,0,896,4.695236955062979,0.021111544566553953,4.728985982908085
p2etg,0,1344,4.675701237295049,0.04064726233448468,18.56295872874074
p2etg,0,1792,4.652071693812598,0.0642768058169354,42.06594999465884
p2etg,0,2240,4.720441577903667,0.0,56.46395449765237
p2etg,0,2688,4.734700496527038,0.0,56.46395449765237
p2etg,0,3136,4.670423690710105,0.04592480891942863,66.75111169560438
p2etg,0,3584,4.670423690710105,0.04592480891942863,87.3254260915084
p2etg,0,4032,4.734700496527038,0.0,97.61258328946042
p2etg,0,4480,4.734700496527038,0.0,97.61258328946042
p2etg,0,4928,4.734700496527038,0.0,97.61258328946042
p2etg,0,5376,4.734700496527038,0.0,97.61258328946042
p2etg,0,5824,4.734700496527038,0.0,97.61258328946042
p2etg,0,6272,4.734700496527038,0.0,97.61258328946042
p2etg,0,6720,4.734700496527038,0.0,97.61258328946042
p2etg,0,7168,4.734700496527038,0.0,97.61258328946042
p2etg,0,7616,4.734700496527038,0.0,97.61258328946042
p2etg,0,8064,4.734700496527038,0.0,97.61258328946042
p2etg,0,8512,4.734700496527038,0.0,97.61258328946042
p2etg,0,8960,4.734700496527038,0.0,97.61258328946042
p2etg,0,9408,4.734700496527038,0.0,97.61258328946042
p2etg,0,9856,4.695202087649749,0.021146411979784396,102.34937957293212
p2etg,0,10304,4.695202087649749,0.021146411979784396,111.82297213987553
p2etg,0,10752,4.695202087649749,0.021146411979784396,121.29656470681894
p2etg,0,11200,4.695202087649749,0.021146411979784396,130.77015727376235
p2etg,0,11648,4.695202087649749,0.021146411979784396,140.24374984070576
p2etg,0,12096,4.695202087649749,0.021146411979784396,149.71734240764917
p2etg,0,12544,4.695202087649749,0.021146411979784396,159.19093497459258
p2etg,0,12992,4.695202087649749,0.021146411979784396,168.664527541536
p2etg,0,13440,4.695202087649749,0.021146411979784396,178.1381201084794
p2etg,0,13888,4.695202087649749,0.021146411979784396,187.6117126754228
p2etg,0,14336,4.695202087649749,0.021146411979784396,197.08530524236622
p2etg,0,14784,4.695202087649749,0.021146411979784396,206.55889780930963
p2etg,0,15232,4.695202087649749,0.021146411979784396,216.03249037625304
p2etg,0,15680,4.695202087649749,0.021146411979784396,225.50608294319645
p2etg,0,16128,4.695202087649749,0.021146411979784396,234.97967551013986
p2etg,0,16576,4.695202087649749,0.021146411979784396,244.45326807708327
p2etg,0,17024,4.695202087649749,0.021146411979784396,253.92686064402668
p2etg,0,17472,4.695202087649749,0.021146411979784396,263.4004532109701
p2etg,0,17920,4.695202087649749,0.021146411979784396,272.8740457779135
p2etg,0,18368,4.695202087649749,0.021146411979784396,282.34763834485693
p2etg,0,18816,4.695202087649749,0.021146411979784396,291.82123091180034
p2etg,0,19264,4.695202087649749,0.021146411979784396,301.29482347874375
p2etg,0,19712,4.695202087649749,0.021146411979784396,310.76841604568716
p2etg,0,20160,4.695202087649749,0.021146411979784396,320.24200861263057
p2etg,0,20608,4.695202087649749,0.021146411979784396,329.715601179574
p2etg,0,21056,4.695202087649749,0.021146411979784396,339.1891937465174
p2etg,0,21504,4.695202087649749,0.021146411979784396,348.6627863134608
p2etg,0,21952,4.695202087649749,0.021146411979784396,358.1363788804042
p2etg,0,22400,4.755099155896375,0.0,362.8731751638759
p2etg,0,22848,4.755099155896375,0.0,362.8731751638759
p2etg,0,23296,4.755099155896375,0.0,362.8731751638759
p2etg,0,23744,4.755099155896375,0.0,362.8731751638759
p2etg,0,24192,4.755099155896375,0.0,362.8731751638759
p2etg,0,24640,4.755099155896375,0.0,362.8731751638759
p2etg,0,25088,4.755099155896375,0.0,362.8731751638759
p2etg,0,25536,4.755099155896375,0.0,362.8731751638759
p2etg,0,25984,4.755099155896375,0.0,362.8731751638759
p2etg,0,26432,4.755099155896375,0.0,362.8731751638759
p2etg,0,26880,4.755099155896375,0.0,362.8731751638759
p2etg,0,27328,4.755099155896375,0.0,362.8731751638759
p2etg,0,27776,4.755099155896375,0.0,362.8731751638759
p2etg,0,28224,4.755099155896375,0.0,362.8731751638759
p2etg,0,28672,4.755099155896375,0.0,362.8731751638759
p2etg,0,29120,4.755099155896375,0.0,362.8731751638759
p2etg,0,29568,4.755099155896375,0.0,362.8731751638759
p2etg,0,30016,4.755099155896375,0.0,362.8731751638759
p2etg,0,30464,4.755099155896375,0.0,362.8731751638759
p2etg,0,30912,4.755099155896375,0.0,362.8731751638759
p2etg,0,31360,4.695202087649749,0.021146411979784396,367.60997144734756
p2etg,0,31808,4.695202087649749,0.021146411979784396,377.08356401429097
p2etg,0,32256,4.755099155896375,0.0,381.8203602977627
p2etg,0,32704,4.755099155896375,0.0,381.8203602977627
p2etg,0,33152,4.716348499629533,0.0,381.8203602977627
p2etg,0,33600,4.716348499629533,0.0,381.8203602977627
p2etg,0,34048,4.716348499629533,0.0,381.8203602977627
p2etg,0,34496,4.716348499629533,0.0,381.8203602977627
p2etg,0,34944,4.716348499629533,0.0,381.8203602977627
p2etg,0,35392,4.716348499629533,0.0,381.8203602977627
p2etg,0,35840,4.716348499629533,0.0,381.8203602977627
p2etg,0,36288,4.716348499629533,0.0,381.8203602977627
p2etg,0,36736,4.716348499629533,0.0,381.8203602977627
p2etg,0,37184,4.716348499629533,0.0,381.8203602977627
p2etg,0,37632,4.716348499629533,0.0,381.8203602977627
p2etg,0,38080,4.716348499629533,0.0,381.8203602977627
p2etg,0,38528,4.716348499629533,0.0,381.8203602977627
p2etg,0,38976,4.716348499629533,0.0,381.8203602977627
p2etg,0,39424,4.716348499629533,0.0,381.8203602977627
p2etg,0,39872,4.716348499629533,0.0,381.8203602977627
p2etg,0,40320,4.716348499629533,0.0,381.8203602977627
p2etg,0,40768,4.716348499629533,0.0,381.8203602977627
p2etg,0,41216,4.716348499629533,0.0,381.8203602977627
p2etg,0,41664,4.716348499629533,0.0,381.8203602977627
p2etg,0,42112,4.716348499629533,0.0,381.8203602977627
p2etg,0,42560,4.716348499629533,0.0,381.8203602977627
p2etg,0,43008,4.716348499629533,0.0,381.8203602977627
p2etg,0,43456,4.716348499629533,0.0,381.8203602977627
p2etg,0,43904,4.716348499629533,0.0,381.8203602977627
p2etg,0,44352,4.716348499629533,0.0,381.8203602977627
p2etg,0,44800,4.716348499629533,0.0,381.8203602977627
p2etg,0,45248,4.716348499629533,0.0,381.8203602977627
p2etg,0,45696,4.716348499629533,0.0,381.8203602977627
p2etg,0,46144,4.754211470392199,0.0,381.8203602977627
p2etg,0,46592,4.754211470392199,0.0,381.8203602977627
p2etg,0,47040,4.754211470392199,0.0,381.8203602977627
p2etg,0,47488,4.754211470392199,0.0,381.8203602977627
p2etg,0,47936,4.754211470392199,0.0,381.8203602977627
p2etg,0,48384,4.754211470392199,0.0,381.8203602977627
p2etg,0,48832,4.754211470392199,0.0,381.8203602977627
p2etg,0,49280,4.716348499629533,0.0,381.8203602977627
p2etg,0,49728,4.716348499629533,0.0,381.8203602977627
p2etg,0,50176,4.716348499629533,0.0,381.8203602977627
p2etg,0,50624,4.754211470392199,0.0,381.8203602977627
p2etg,0,51072,4.754211470392199,0.0,381.8203602977627
p2etg,0,51520,4.754211470392199,0.0,381.8203602977627
p2etg,0,51968,4.754211470392199,0.0,381.8203602977627
p2etg,0,52416,4.754211470392199,0.0,381.8203602977627
p2etg,0,52864,4.754211470392199,0.0,381.8203602977627
p2etg,0,53312,4.754211470392199,0.0,381.8203602977627
p2etg,0,53760,4.754211470392199,0.0,381.8203602977627
p2etg,0,54208,4.754211470392199,0.0,381.8203602977627
p2etg,0,54656,4.754211470392199,0.0,381.8203602977627
p2etg,0,55104,4.754211470392199,0.0,381.8203602977627
p2etg,0,55552,4.754211470392199,0.0,381.8203602977627
p2etg,0,56000,4.754211470392199,0.0,381.8203602977627
p2etg,0,56448,4.754211470392199,0.0,381.8203602977627
p2etg,0,56896,4.754211470392199,0.0,381.8203602977627
p2etg,0,57344,4.754211470392199,0.0,381.8203602977627
p2etg,0,57792,4.754211470392199,0.0,381.8203602977627
p2etg,0,58240,4.754211470392199,0.0,381.8203602977627
p2etg,0,58688,4.754211470392199,0.0,381.8203602977627
p2etg,0,59136,4.754211470392199,0.0,381.8203602977627
p2etg,0,59584,4.754211470392199,0.0,381.8203602977627
p2etg,0,60032,4.754211470392199,0.0,381.8203602977627
p2etg,0,60480,4.754211470392199,0.0,381.8203602977627
p2etg,0,60928,4.754211470392199,0.0,381.8203602977627
p2etg,0,61376,4.754211470392199,0.0,381.8203602977627
p2etg,0,61824,4.754211470392199,0.0,381.8203602977627
p2etg,0,62272,4.754211470392199,0.0,381.8203602977627
p2etg,0,62720,4.754211470392199,0.0,381.8203602977627
p2etg,0,63168,4.754211470392199,0.0,381.8203602977627
p2etg,0,63616,4.754211470392199,0.0,381.8203602977627
p2etg,0,64064,4.754211470392199,0.0,381.8203602977627
p2etg,0,64512,4.754211470392199,0.0,381.8203602977627
p2etg,0,64960,4.754211470392199,0.0,381.8203602977627
p2etg,0,65408,4.754211470392199,0.0,381.8203602977627
p2etg,0,65856,4.754211470392199,0.0,381.8203602977627
p2etg,0,66304,4.754211470392199,0.0,381.8203602977627
p2etg,0,66752,4.754211470392199,0.0,381.8203602977627
p2etg,0,67200,4.754211470392199,0.0,381.8203602977627
p2etg,0,67648,4.754211470392199,0.0,381.8203602977627
p2etg,0,68096,4.754211470392199,0.0,381.8203602977627
p2etg,0,68544,4.754211470392199,0.0,381.8203602977627
p2etg,0,68992,4.754211470392199,0.0,381.8203602977627
p2etg,0,69440,4.754211470392199,0.0,381.8203602977627
p2etg,0,69888,4.754211470392199,0.0,381.8203602977627
p2etg,0,70336,4.754211470392199,0.0,381.8203602977627
p2etg,0,70784,4.754211470392199,0.0,381.8203602977627
p2etg,0,71232,4.754211470392199,0.0,381.8203602977627
p2etg,0,71680,4.754211470392199,0.0,381.8203602977627
p2etg,0,72128,4.754211470392199,0.0,381.8203602977627
p2etg,0,72576,4.754211470392199,0.0,381.8203602977627
p2etg,0,73024,4.754211470392199,0.0,381.8203602977627
p2etg,0,73472,4.754211470392199,0.0,381.8203602977627
p2etg,0,73920,4.754211470392199,0.0,381.8203602977627
p2etg,0,74368,4.754211470392199,0.0,381.8203602977627
p2etg,0,74816,4.754211470392199,0.0,381.8203602977627
p2etg,0,75264,4.754211470392199,0.0,381.8203602977627
p2etg,0,75712,4.754211470392199,0.0,381.8203602977627
p2etg,0,76160,4.754211470392199,0.0,381.8203602977627
p2etg,0,76608,4.754211470392199,0.0,381.8203602977627
p2etg,0,77056,4.754211470392199,0.0,381.8203602977627
p2etg,0,77504,4.754211470392199,0.0,381.8203602977627
p2etg,0,77952,4.754211470392199,0.0,381.8203602977627
p2etg,0,78400,4.754211470392199,0.0,381.8203602977627
p2etg,0,78848,4.754211470392199,0.0,381.8203602977627
p2etg,0,79296,4.754211470392199,0.0,381.8203602977627
p2etg,0,79744,4.754211470392199,0.0,381.8203602977627
p2etg,0,80192,4.754211470392199,0.0,381.8203602977627
p2etg,0,80640,4.754211470392199,0.0,381.8203602977627
p2etg,0,81088,4.754211470392199,0.0,381.8203602977627
p2etg,0,81536,4.754211470392199,0.0,381.8203602977627
p2etg,0,81984,4.754211470392199,0.0,381.8203602977627
p2etg,0,82432,4.754211470392199,0.0,381.8203602977627
p2etg,0,82880,4.754211470392199,0.0,381.8203602977627
p2etg,0,83328,4.754211470392199,0.0,381.8203602977627
p2etg,0,83776,4.754211470392199,0.0,381.8203602977627
p2etg,0,84224,4.754211470392199,0.0,381.8203602977627
p2etg,0,84672,4.754211470392199,0.0,381.8203602977627
p2etg,0,85120,4.754211470392199,0.0,381.8203602977627
p2etg,0,85568,4.754211470392199,0.0,381.8203602977627
p2etg,0,86016,4.754211470392199,0.0,381.8203602977627
p2etg,0,86464,4.754211470392199,0.0,381.8203602977627
p2etg,0,86912,4.754211470392199,0.0,381.8203602977627
p2etg,0,87360,4.754211470392199,0.0,381.8203602977627
p2etg,0,87808,4.754211470392199,0.0,381.8203602977627
p2etg,0,88256,4.754211470392199,0.0,381.8203602977627
p2etg,0,88704,4.754211470392199,0.0,381.8203602977627
p2etg,0,89152,4.754211470392199,0.0,381.8203602977627
p2etg,0,89600,4.754211470392199,0.0,381.8203602977627
p2etg,0,90048,4.754211470392199,0.0,381.8203602977627
p2etg,0,90496,4.754211470392199,0.0,381.8203602977627
p2etg,0,90944,4.754211470392199,0.0,381.8203602977627
p2etg,0,91392,4.754211470392199,0.0,381.8203602977627
p2etg,0,91840,4.754211470392199,0.0,381.8203602977627
p2etg,0,92288,4.754211470392199,0.0,381.8203602977627
p2etg,0,92736,4.754211470392199,0.0,381.8203602977627
p2etg,0,93184,4.754211470392199,0.0,381.8203602977627
p2etg,0,93632,4.754211470392199,0.0,381.8203602977627
p2etg,0,94080,4.754211470392199,0.0,381.8203602977627
p2etg,0,94528,4.754211470392199,0.0,381.8203602977627
p2etg,0,94976,4.754211470392199,0.0,381.8203602977627
p2etg,0,95424,4.754211470392199,0.0,381.8203602977627
p2etg,0,95872,4.754211470392199,0.0,381.8203602977627
p2etg,0,96320,4.754211470392199,0.0,381.8203602977627
p2etg,0,96768,4.754211470392199,0.0,381.8203602977627
p2etg,0,97216,4.754211470392199,0.0,381.8203602977627
p2etg,0,97664,4.754211470392199,0.0,381.8203602977627
p2etg,0,98112,4.754211470392199,0.0,381.8203602977627
p2etg,0,98560,4.754211470392199,0.0,381.8203602977627
p2etg,0,99008,4.754211470392199,0.0,381.8203602977627
p2etg,0,99456,4.754211470392199,0.0,381.8203602977627
p2etg,0,99904,4.754211470392199,0.0,381.8203602977627
p2etg,0,100352,4.754211470392199,0.0,381.8203602977627
p2etg,0,100800,4.754211470392199,0.0,381.8203602977627
p2etg,0,101248,4.754211470392199,0.0,381.8203602977627
p2etg,0,101696,4.754211470392199,0.0,381.8203602977627
p2etg,0,102144,4.754211470392199,0.0,381.8203602977627
p2etg,0,102592,4.754211470392199,0.0,381.8203602977627
p2etg,0,103040,4.754211470392199,0.0,381.8203602977627
p2etg,0,103488,4.754211470392199,0.0,381.8203602977627
p2etg,0,103936,4.754211470392199,0.0,381.8203602977627
p2etg,0,104384,4.754211470392199,0.0,381.8203602977627
p2etg,0,104832,4.754211470392199,0.0,381.8203602977627
p2etg,0,105280,4.754211470392199,0.0,381.8203602977627
p2etg,0,105728,4.733065058412415,0.0,381.8203602977627
p2etg,0,106176,4.733065058412415,0.0,381.8203602977627
p2etg,0,106624,4.733065058412415,0.0,381.8203602977627
p2etg,0,107072,4.733065058412415,0.0,381.8203602977627
p2etg,0,107520,4.754211470392199,0.0,381.8203602977627
p2etg,0,107968,4.754211470392199,0.0,381.8203602977627
p2etg,0,108416,4.754211470392199,0.0,381.8203602977627
p2etg,0,108864,4.754211470392199,0.0,381.8203602977627
p2etg,0,109312,4.754211470392199,0.0,381.8203602977627
p2etg,0,109760,4.754211470392199,0.0,381.8203602977627
p2etg,0,110208,4.754211470392199,0.0,381.8203602977627
p2etg,0,110656,4.754211470392199,0.0,381.8203602977627
p2etg,0,111104,4.754211470392199,0.0,381.8203602977627
p2etg,0,111552,4.754211470392199,0.0,381.8203602977627
p2etg,0,112000,4.754211470392199,0.0,381.8203602977627
p2etg,0,112448,4.754211470392199,0.0,381.8203602977627
p2etg,0,112896,4.754211470392199,0.0,381.8203602977627
p2etg,0,113344,4.754211470392199,0.0,381.8203602977627
p2etg,0,113792,4.754211470392199,0.0,381.8203602977627
p2etg,0,114240,4.754211470392199,0.0,381.8203602977627
p2etg,0,114688,4.754211470392199,0.0,381.8203602977627
p2etg,0,115136,4.754211470392199,0.0,381.8203602977627
p2etg,0,115584,4.754211470392199,0.0,381.8203602977627
p2etg,0,116032,4.754211470392199,0.0,381.8203602977627
p2etg,0,116480,4.754211470392199,0.0,381.8203602977627
p2etg,0,116928,4.754211470392199,0.0,381.8203602977627
p2etg,0,117376,4.754211470392199,0.0,381.8203602977627
p2etg,0,117824,4.754211470392199,0.0,381.8203602977627
p2etg,0,118272,4.754211470392199,0.0,381.8203602977627
p2etg,0,118720,4.754211470392199,0.0,381.8203602977627
p2etg,0,119168,4.754211470392199,0.0,381.8203602977627
p2etg,0,119616,4.754211470392199,0.0,381.8203602977627
p2etg,0,120064,4.754211470392199,0.0,381.8203602977627
p2etg,0,120512,4.754211470392199,0.0,381.8203602977627
p2etg,0,120960,4.754211470392199,0.0,381.8203602977627
p2etg,0,121408,4.754211470392199,0.0,381.8203602977627
p2etg,0,121856,4.754211470392199,0.0,381.8203602977627
p2etg,0,122304,4.754211470392199,0.0,381.8203602977627
p2etg,0,122752,4.754211470392199,0.0,381.8203602977627
p2etg,0,123200,4.754211470392199,0.0,381.8203602977627
p2etg,0,123648,4.754211470392199,0.0,381.8203602977627
p2etg,0,124096,4.754211470392199,0.0,381.8203602977627
p2etg,0,124544,4.754211470392199,0.0,381.8203602977627
p2etg,0,124992,4.754211470392199,0.0,381.8203602977627
p2etg,0,125440,4.754211470392199,0.0,381.8203602977627
p2etg,0,125888,4.754211470392199,0.0,381.8203602977627
p2etg,0,126336,4.754211470392199,0.0,381.8203602977627
p2etg,0,126784,4.754211470392199,0.0,381.8203602977627
p2etg,0,127232,4.754211470392199,0.0,381.8203602977627
p2etg,0,127680,4.754211470392199,0.0,381.8203602977627
p2etg,0,128128,4.754211470392199,0.0,381.8203602977627
p2etg,0,128576,4.754211470392199,0.0,381.8203602977627
p2etg,0,129024,4.754211470392199,0.0,381.8203602977627
p2etg,0,129472,4.754211470392199,0.0,381.8203602977627
p2etg,0,129920,4.754211470392199,0.0,381.8203602977627
p2etg,0,130368,4.754211470392199,0.0,381.8203602977627
p2etg,0,130816,4.754211470392199,0.0,381.8203602977627
p2etg,0,131264,4.754211470392199,0.0,381.8203602977627
p2etg,0,131712,4.754211470392199,0.0,381.8203602977627
p2etg,0,132160,4.754211470392199,0.0,381.8203602977627
p2etg,0,132608,4.754211470392199,0.0,381.8203602977627
p2etg,0,133056,4.754211470392199,0.0,381.8203602977627
p2etg,0,133504,4.754211470392199,0.0,381.8203602977627
p2etg,0,133952,4.754211470392199,0.0,381.8203602977627
p2etg,0,134400,4.754211470392199,0.0,381.8203602977627
p2etg,0,134848,4.754211470392199,0.0,381.8203602977627
p2etg,0,135296,4.754211470392199,0.0,381.8203602977627
p2etg,0,135744,4.754211470392199,0.0,381.8203602977627
p2etg,0,136192,4.754211470392199,0.0,381.8203602977627
p2etg,0,136640,4.754211470392199,0.0,381.8203602977627
p2etg,0,137088,4.754211470392199,0.0,381.8203602977627
p2etg,0,137536,4.754211470392199,0.0,381.8203602977627
p2etg,0,137984,4.754211470392199,0.0,381.8203602977627
p2etg,0,138432,4.754211470392199,0.0,381.8203602977627
p2etg,0,138880,4.754211470392199,0.0,381.8203602977627
p2etg,0,139328,4.754211470392199,0.0,381.8203602977627
p2etg,0,139776,4.754211470392199,0.0,381.8203602977627
p2etg,0,140224,4.754211470392199,0.0,381.8203602977627
p2etg,0,140672,4.754211470392199,0.0,381.8203602977627
p2etg,0,141120,4.754211470392199,0.0,381.8203602977627
p2etg,0,141568,4.754211470392199,0.0,381.8203602977627
p2etg,0,142016,4.754211470392199,0.0,381.8203602977627
p2etg,0,142464,4.754211470392199,0.0,381.8203602977627
p2etg,0,142912,4.754211470392199,0.0,381.8203602977627
p2etg,0,143360,4.754211470392199,0.0,381.8203602977627
p2etg,0,143808,4.754211470392199,0.0,381.8203602977627
p2etg,0,144256,4.754211470392199,0.0,381.8203602977627
p2etg,0,144704,4.754211470392199,0.0,381.8203602977627
p2etg,0,145152,4.754211470392199,0.0,381.8203602977627
p2etg,0,145600,4.754211470392199,0.0,381.8203602977627
p2etg,0,146048,4.754211470392199,0.0,381.8203602977627
p2etg,0,146496,4.754211470392199,0.0,381.8203602977627
p2etg,0,146944,4.754211470392199,0.0,381.8203602977627
p2etg,0,147392,4.754211470392199,0.0,381.8203602977627
p2etg,0,147840,4.754211470392199,0.0,381.8203602977627
p2etg,0,148288,4.754211470392199,0.0,381.8203602977627
p2etg,0,148736,4.754211470392199,0.0,381.8203602977627
p2etg,0,149184,4.754211470392199,0.0,381.8203602977627
p2etg,0,149632,4.754211470392199,0.0,381.8203602977627
p2etg,0,150080,4.754211470392199,0.0,381.8203602977627
p2etg,0,150528,4.754211470392199,0.0,381.8203602977627
p2etg,0,150976,4.754211470392199,0.0,381.8203602977627
p2etg,0,151424,4.754211470392199,0.0,381.8203602977627
p2etg,0,151872,4.754211470392199,0.0,381.8203602977627
p2etg,0,152320,4.754211470392199,0.0,381.8203602977627
p2etg,0,152768,4.754211470392199,0.0,381.8203602977627
p2etg,0,153216,4.754211470392199,0.0,381.8203602977627
p2etg,0,153664,4.754211470392199,0.0,381.8203602977627
p2etg,0,154112,4.754211470392199,0.0,381.8203602977627
p2etg,0,154560,4.754211470392199,0.0,381.8203602977627
p2etg,0,155008,4.754211470392199,0.0,381.8203602977627
p2etg,0,155456,4.754211470392199,0.0,381.8203602977627
p2etg,0,155904,4.754211470392199,0.0,381.8203602977627
p2etg,0,156352,4.754211470392199,0.0,381.8203602977627
p2etg,0,156800,4.754211470392199,0.0,381.8203602977627
p2etg,0,157248,4.754211470392199,0.0,381.8203602977627
p2etg,0,157696,4.754211470392199,0.0,381.8203602977627
p2etg,0,158144,4.754211470392199,0.0,381.8203602977627
p2etg,0,158592,4.754211470392199,0.0,381.8203602977627
p2etg,0,159040,4.754211470392199,0.0,381.8203602977627
p2etg,0,159488,4.754211470392199,0.0,381.8203602977627
p2etg,0,159936,4.754211470392199,0.0,381.8203602977627
p2etg,0,160384,4.754211470392199,0.0,381.8203602977627
p2etg,0,160832,4.754211470392199,0.0,381.8203602977627
p2etg,0,161280,4.754211470392199,0.0,381.8203602977627
p2etg,0,161728,4.754211470392199,0.0,381.8203602977627
p2etg,0,162176,4.754211470392199,0.0,381.8203602977627
p2etg,0,162624,4.754211470392199,0.0,381.8203602977627
p2etg,0,163072,4.754211470392199,0.0,381.8203602977627
p2etg,0,163520,4.754211470392199,0.0,381.8203602977627
p2etg,0,163968,4.754211470392199,0.0,381.8203602977627
p2etg,0,164416,4.754211470392199,0.0,381.8203602977627
p2etg,0,164864,4.754211470392199,0.0,381.8203602977627
p2etg,0,165312,4.754211470392199,0.0,381.8203602977627
p2etg,0,165760,4.754211470392199,0.0,381.8203602977627
p2etg,0,166208,4.754211470392199,0.0,381.8203602977627
p2etg,0,166656,4.754211470392199,0.0,381.8203602977627
p2etg,0,167104,4.754211470392199,0.0,381.8203602977627
p2etg,0,167552,4.754211470392199,0.0,381.8203602977627
p2etg,0,168000,4.754211470392199,0.0,381.8203602977627
p2etg,0,168448,4.754211470392199,0.0,381.8203602977627
p2etg,0,168896,4.754211470392199,0.0,381.8203602977627
p2etg,0,169344,4.754211470392199,0.0,381.8203602977627
p2etg,0,169792,4.754211470392199,0.0,381.8203602977627
p2etg,0,170240,4.754211470392199,0.0,381.8203602977627
p2etg,0,170688,4.754211470392199,0.0,381.8203602977627
p2etg,0,171136,4.754211470392199,0.0,381.8203602977627
p2etg,0,171584,4.754211470392199,0.0,381.8203602977627
p2etg,0,172032,4.754211470392199,0.0,381.8203602977627
p2etg,0,172480,4.754211470392199,0.0,381.8203602977627
p2etg,0,172928,4.754211470392199,0.0,381.8203602977627
p2etg,0,173376,4.754211470392199,0.0,381.8203602977627
p2etg,0,173824,4.754211470392199,0.0,381.8203602977627
p2etg,0,174272,4.754211470392199,0.0,381.8203602977627
p2etg,0,174720,4.754211470392199,0.0,381.8203602977627
p2etg,0,175168,4.754211470392199,0.0,381.8203602977627
p2etg,0,175616,4.754211470392199,0.0,381.8203602977627
p2etg,0,176064,4.754211470392199,0.0,381.8203602977627
p2etg,0,176512,4.754211470392199,0.0,381.8203602977627
p2etg,0,176960,4.754211470392199,0.0,381.8203602977627
p2etg,0,177408,4.754211470392199,0.0,381.8203602977627
p2etg,0,177856,4.754211470392199,0.0,381.8203602977627
p2etg,0,178304,4.754211470392199,0.0,381.8203602977627
p2etg,0,178752,4.754211470392199,0.0,381.8203602977627
p2etg,0,179200,4.754211470392199,0.0,381.8203602977627
p2etg,0,179648,4.754211470392199,0.0,381.8203602977627
p2etg,0,180096,4.754211470392199,0.0,381.8203602977627
p2etg,0,180544,4.754211470392199,0.0,381.8203602977627
p2etg,0,180992,4.754211470392199,0.0,381.8203602977627
p2etg,0,181440,4.754211470392199,0.0,381.8203602977627
p2etg,0,181888,4.754211470392199,0.0,381.8203602977627
p2etg,0,182336,4.754211470392199,0.0,381.8203602977627
p2etg,0,182784,4.754211470392199,0.0,381.8203602977627
p2etg,0,183232,4.754211470392199,0.0,381.8203602977627
p2etg,0,183680,4.754211470392199,0.0,381.8203602977627
p2etg,0,184128,4.754211470392199,0.0,381.8203602977627
p2etg,0,184576,4.754211470392199,0.0,381.8203602977627
p2etg,0,185024,4.754211470392199,0.0,381.8203602977627
p2etg,0,185472,4.754211470392199,0.0,381.8203602977627
p2etg,0,185920,4.754211470392199,0.0,381.8203602977627
p2etg,0,186368,4.754211470392199,0.0,381.8203602977627
p2etg,0,186816,4.754211470392199,0.0,381.8203602977627
p2etg,0,187264,4.754211470392199,0.0,381.8203602977627
p2etg,0,187712,4.754211470392199,0.0,381.8203602977627
p2etg,0,188160,4.754211470392199,0.0,381.8203602977627
p2etg,0,188608,4.754211470392199,0.0,381.8203602977627
p2etg,0,189056,4.754211470392199,0.0,381.8203602977627
p2etg,0,189504,4.754211470392199,0.0,381.8203602977627
p2etg,0,189952,4.754211470392199,0.0,381.8203602977627
p2etg,0,190400,4.754211470392199,0.0,381.8203602977627
p2etg,0,190848,4.754211470392199,0.0,381.8203602977627
p2etg,0,191296,4.754211470392199,0.0,381.8203602977627
p2etg,0,191744,4.754211470392199,0.0,381.8203602977627
p2etg,0,192192,4.754211470392199,0.0,381.8203602977627
p2etg,0,192640,4.754211470392199,0.0,381.8203602977627
p2etg,0,193088,4.754211470392199,0.0,381.8203602977627
p2etg,0,193536,4.754211470392199,0.0,381.8203602977627
p2etg,0,193984,4.754211470392199,0.0,381.8203602977627
p2etg,0,194432,4.754211470392199,0.0,381.8203602977627
p2etg,0,194880,4.754211470392199,0.0,381.8203602977627
p2etg,0,195328,4.754211470392199,0.0,381.8203602977627
p2etg,0,195776,4.754211470392199,0.0,381.8203602977627
p2etg,0,196224,4.754211470392199,0.0,381.8203602977627
p2etg,0,196672,4.754211470392199,0.0,381.8203602977627
p2etg,0,197120,4.754211470392199,0.0,381.8203602977627
p2etg,0,197568,4.754211470392199,0.0,381.8203602977627
p2etg,0,198016,4.754211470392199,0.0,381.8203602977627
p2etg,0,198464,4.754211470392199,0.0,381.8203602977627
p2etg,0,198912,4.754211470392199,0.0,381.8203602977627
p2etg,0,199360,4.754211470392199,0.0,381.8203602977627
p2etg,0,199808,4.754211470392199,0.0,381.8203602977627
p2etg,0,200000,4.754211470392199,0.0,381.8203602977627
p2etg,1,448,4.530482813433051,0.18586568619648247,83.26782741602415
p2etg,1,896,4.999351292427928,0.0,124.90174112403622
p2etg,1,1344,4.933905281204249,0.0,124.90174112403622
p2etg,1,1792,4.781840788542172,0.0,124.90174112403622
p2etg,1,2240,4.781840788542172,0.0,124.90174112403622
p2etg,1,2688,4.781840788542172,0.0,124.90174112403622
p2etg,1,3136,4.77784101387465,0.0,124.90174112403622
p2etg,1,3584,4.77784101387465,0.0,124.90174112403622
p2etg,1,4032,4.77784101387465,0.0,124.90174112403622
p2etg,1,4480,4.739978043111983,0.0,124.90174112403622
p2etg,1,4928,4.739978043111983,0.0,124.90174112403622
p2etg,1,5376,4.739978043111983,0.0,124.90174112403622
p2etg,1,5824,4.739978043111983,0.0,124.90174112403622
p2etg,1,6272,4.739978043111983,0.0,124.90174112403622
p2etg,1,6720,4.77784101387465,0.0,124.90174112403622
p2etg,1,7168,4.77784101387465,0.0,124.90174112403622
p2etg,1,7616,4.77784101387465,0.0,124.90174112403622
p2etg,1,8064,4.77784101387465,0.0,124.90174112403622
p2etg,1,8512,4.77784101387465,0.0,124.90174112403622
p2etg,1,8960,4.77784101387465,0.0,124.90174112403622
p2etg,1,9408,4.754211470392199,0.0,124.90174112403622
p2etg,1,9856,4.772563467289705,0.0,124.90174112403622
p2etg,1,10304,4.772563467289705,0.0,124.90174112403622
p2etg,1,10752,4.772563467289705,0.0,124.90174112403622
p2etg,1,11200,4.772563467289705,0.0,124.90174112403622
p2etg,1,11648,4.772563467289705,0.0,124.90174112403622
p2etg,1,12096,4.772563467289705,0.0,124.90174112403622
p2etg,1,12544,4.734700496527038,0.0,124.90174112403622
p2etg,1,12992,4.772563467289705,0.0,124.90174112403622
p2etg,1,13440,4.9034155685476835,0.0,124.90174112403622
p2etg,1,13888,4.9034155685476835,0.0,124.90174112403622
p2etg,1,14336,4.9034155685476835,0.0,124.90174112403622
p2etg,1,14784,4.9034155685476835,0.0,124.90174112403622
p2etg,1,15232,4.772563467289705,0.0,124.90174112403622
p2etg,1,15680,4.772563467289705,0.0,124.90174112403622
p2etg,1,16128,4.772563467289705,0.0,124.90174112403622
p2etg,1,16576,4.772563467289705,0.0,124.90174112403622
p2etg,1,17024,4.772563467289705,0.0,124.90174112403622
p2etg,1,17472,4.772563467289705,0.0,124.90174112403622
p2etg,1,17920,4.772563467289705,0.0,124.90174112403622
p2etg,1,18368,4.754211470392199,0.0,124.90174112403622
p2etg,1,18816,4.754211470392199,0.0,124.90174112403622
p2etg,1,19264,4.754211470392199,0.0,124.90174112403622
p2etg,1,19712,4.754211470392199,0.0,124.90174112403622
p2etg,1,20160,4.754211470392199,0.0,124.90174112403622
p2etg,1,20608,4.77784101387465,0.0,124.90174112403622
p2etg,1,21056,4.77784101387465,0.0,124.90174112403622
p2etg,1,21504,4.754211470392199,0.0,124.90174112403622
p2etg,1,21952,4.754211470392199,0.0,124.90174112403622
p2etg,1,22400,4.754211470392199,0.0,124.90174112403622
p2etg,1,22848,4.754211470392199,0.0,124.90174112403622
p2etg,1,23296,4.77784101387465,0.0,124.90174112403622
p2etg,1,23744,4.77784101387465,0.0,124.90174112403622
p2etg,1,24192,4.77784101387465,0.0,124.90174112403622
p2etg,1,24640,4.77784101387465,0.0,124.90174112403622
p2etg,1,25088,4.66405406334025,0.05229443628928365,136.61569485283576
p2etg,1,25536,4.66405406334025,0.05229443628928365,160.04360231043484
p2etg,1,25984,4.66405406334025,0.05229443628928365,183.4715097680339
p2etg,1,26432,4.739978043111983,0.0,195.18546349683345
p2etg,1,26880,4.739978043111983,0.0,195.18546349683345
p2etg,1,27328,4.739978043111983,0.0,195.18546349683345
p2etg,1,27776,4.739978043111983,0.0,195.18546349683345
p2etg,1,28224,4.66405406334025,0.05229443628928365,206.899417225633
p2etg,1,28672,4.66405406334025,0.05229443628928365,230.32732468323206
p2etg,1,29120,4.739978043111983,0.0,242.0412784120316
p2etg,1,29568,4.739978043111983,0.0,242.0412784120316
p2etg,1,30016,4.739978043111983,0.0,242.0412784120316
p2etg,1,30464,4.739978043111983,0.0,242.0412784120316
p2etg,1,30912,4.739978043111983,0.0,242.0412784120316
p2etg,1,31360,4.739978043111983,0.0,242.0412784120316
p2etg,1,31808,4.739978043111983,0.0,242.0412784120316
p2etg,1,32256,4.739978043111983,0.0,242.0412784120316
p2etg,1,32704,4.739978043111983,0.0,242.0412784120316
p2etg,1,33152,4.907415343215205,0.0,242.0412784120316
p2etg,1,33600,4.907415343215205,0.0,242.0412784120316
p2etg,1,34048,4.907415343215205,0.0,242.0412784120316
p2etg,1,34496,4.907415343215205,0.0,242.0412784120316
p2etg,1,34944,4.739978043111983,0.0,242.0412784120316
p2etg,1,35392,4.739978043111983,0.0,242.0412784120316
p2etg,1,35840,4.739978043111983,0.0,242.0412784120316
p2etg,1,36288,4.739978043111983,0.0,242.0412784120316
p2etg,1,36736,4.739978043111983,0.0,242.0412784120316
p2etg,1,37184,4.739978043111983,0.0,242.0412784120316
p2etg,1,37632,4.907415343215205,0.0,242.0412784120316
p2etg,1,38080,4.907415343215205,0.0,242.0412784120316
p2etg,1,38528,4.695202087649749,0.021146411979784396,246.7780746955033
p2etg,1,38976,4.695202087649749,0.021146411979784396,256.25166726244674
p2etg,1,39424,4.695202087649749,0.021146411979784396,265.72525982939015
p2etg,1,39872,4.695202087649749,0.021146411979784396,275.19885239633356
p2etg,1,40320,4.695202087649749,0.021146411979784396,284.672444963277
p2etg,1,40768,4.695202087649749,0.021146411979784396,294.1460375302204
p2etg,1,41216,4.695202087649749,0.021146411979784396,303.6196300971638
p2etg,1,41664,4.716348499629533,0.0,308.3564263806355
p2etg,1,42112,4.716348499629533,0.0,308.3564263806355
p2etg,1,42560,4.716348499629533,0.0,308.3564263806355
p2etg,1,43008,4.695202087649749,0.021146411979784396,313.0932226641072
p2etg,1,43456,4.695202087649749,0.021146411979784396,322.5668152310506
p2etg,1,43904,4.695202087649749,0.021146411979784396,332.040407797994
p2etg,1,44352,4.695202087649749,0.021146411979784396,341.51400036493743
p2etg,1,44800,4.695202087649749,0.021146411979784396,350.98759293188084
p2etg,1,45248,4.695202087649749,0.021146411979784396,360.46118549882425
p2etg,1,45696,4.695202087649749,0.021146411979784396,369.93477806576766
p2etg,1,46144,4.695202087649749,0.021146411979784396,379.40837063271107
p2etg,1,46592,4.695202087649749,0.021146411979784396,388.8819631996545
p2etg,1,47040,4.695202087649749,0.021146411979784396,398.3555557665979
p2etg,1,47488,4.695202087649749,0.021146411979784396,407.8291483335413
p2etg,1,47936,4.695202087649749,0.021146411979784396,417.3027409004847
p2etg,1,48384,4.695202087649749,0.021146411979784396,426.7763334674281
p2etg,1,48832,4.695202087649749,0.021146411979784396,436.2499260343715
p2etg,1,49280,4.716348499629533,0.0,440.98672231784326
p2etg,1,49728,4.716348499629533,0.0,440.98672231784326
p2etg,1,50176,4.716348499629533,0.0,440.98672231784326
p2etg,1,50624,4.716348499629533,0.0,440.98672231784326
p2etg,1,51072,4.695202087649749,0.021146411979784396,445.72351860131494
p2etg,1,51520,4.716348499629533,0.0,450.4603148847866
p2etg,1,51968,4.695202087649749,0.021146411979784396,455.1971111682583
p2etg,1,52416,4.695202087649749,0.021146411979784396,464.6707037352017
p2etg,1,52864,4.695202087649749,0.021146411979784396,474.1442963021451
p2etg,1,53312,4.695202087649749,0.021146411979784396,483.6178888690885
p2etg,1,53760,4.695202087649749,0.021146411979784396,493.0914814360319
p2etg,1,54208,4.695202087649749,0.021146411979784396,502.56507400297534
p2etg,1,54656,4.695202087649749,0.021146411979784396,512.0386665699187
p2etg,1,55104,4.733065058412415,0.0,516.7754628533904
p2etg,1,55552,4.733065058412415,0.0,516.7754628533904
p2etg,1,56000,4.733065058412415,0.0,516.7754628533904
p2etg,1,56448,4.733065058412415,0.0,516.7754628533904
p2etg,1,56896,4.754211470392199,0.0,516.7754628533904
p2etg,1,57344,4.754211470392199,0.0,516.7754628533904
p2etg,1,57792,4.754211470392199,0.0,516.7754628533904
p2etg,1,58240,4.754211470392199,0.0,516.7754628533904
p2etg,1,58688,4.754211470392199,0.0,516.7754628533904
p2etg,1,59136,4.754211470392199,0.0,516.7754628533904
p2etg,1,59584,4.754211470392199,0.0,516.7754628533904
p2etg,1,60032,4.754211470392199,0.0,516.7754628533904
p2etg,1,60480,4.754211470392199,0.0,516.7754628533904
p2etg,1,60928,4.754211470392199,0.0,516.7754628533904
p2etg,1,61376,4.754211470392199,0.0,516.7754628533904
p2etg,1,61824,4.754211470392199,0.0,516.7754628533904
p2etg,1,62272,4.754211470392199,0.0,516.7754628533904
p2etg,1,62720,4.754211470392199,0.0,516.7754628533904
p2etg,1,63168,4.754211470392199,0.0,516.7754628533904
p2etg,1,63616,4.754211470392199,0.0,516.7754628533904
p2etg,1,64064,4.754211470392199,0.0,516.7754628533904
p2etg,1,64512,4.754211470392199,0.0,516.7754628533904
p2etg,1,64960,4.754211470392199,0.0,516.7754628533904
p2etg,1,65408,4.640424519857799,0.07592397977173437,533.782434322259
p2etg,1,65856,4.640424519857799,0.07592397977173437,567.796377259996
p2etg,1,66304,4.754211470392199,0.0,584.8033487288645
p2etg,1,66752,4.754211470392199,0.0,584.8033487288645
p2etg,1,67200,4.754211470392199,0.0,584.8033487288645
p2etg,1,67648,4.640424519857799,0.07592397977173437,601.8103201977331
p2etg,1,68096,4.640424519857799,0.07592397977173437,635.8242631354701
p2etg,1,68544,4.640424519857799,0.07592397977173437,669.8382060732072
p2etg,1,68992,4.640424519857799,0.07592397977173437,703.8521490109442
p2etg,1,69440,4.640424519857799,0.07592397977173437,737.8660919486813
p2etg,1,69888,4.754211470392199,0.0,754.8730634175498
p2etg,1,70336,4.754211470392199,0.0,754.8730634175498
p2etg,1,70784,4.754211470392199,0.0,754.8730634175498
p2etg,1,71232,4.754211470392199,0.0,754.8730634175498
p2etg,1,71680,4.754211470392199,0.0,754.8730634175498
p2etg,1,72128,4.716348499629533,0.0,754.8730634175498
p2etg,1,72576,4.716348499629533,0.0,754.8730634175498
p2etg,1,73024,4.716348499629533,0.0,754.8730634175498
p2etg,1,73472,4.716348499629533,0.0,754.8730634175498
p2etg,1,73920,4.716348499629533,0.0,754.8730634175498
p2etg,1,74368,4.716348499629533,0.0,754.8730634175498
p2etg,1,74816,4.716348499629533,0.0,754.8730634175498
p2etg,1,75264,4.716348499629533,0.0,754.8730634175498
p2etg,1,75712,4.716348499629533,0.0,754.8730634175498
p2etg,1,76160,4.695202087649749,0.021146411979784396,759.6098597010215
p2etg,1,76608,4.716348499629533,0.0,764.3466559844932
p2etg,1,77056,4.716348499629533,0.0,764.3466559844932
p2etg,1,77504,4.716348499629533,0.0,764.3466559844932
p2etg,1,77952,4.716348499629533,0.0,764.3466559844932
p2etg,1,78400,4.716348499629533,0.0,764.3466559844932
p2etg,1,78848,4.716348499629533,0.0,764.3466559844932
p2etg,1,79296,4.716348499629533,0.0,764.3466559844932
p2etg,1,79744,4.716348499629533,0.0,764.3466559844932
p2etg,1,80192,4.716348499629533,0.0,764.3466559844932
p2etg,1,80640,4.716348499629533,0.0,764.3466559844932
p2etg,1,81088,4.716348499629533,0.0,764.3466559844932
p2etg,1,81536,4.716348499629533,0.0,764.3466559844932
p2etg,1,81984,4.716348499629533,0.0,764.3466559844932
p2etg,1,82432,4.716348499629533,0.0,764.3466559844932
p2etg,1,82880,4.716348499629533,0.0,764.3466559844932
p2etg,1,83328,4.716348499629533,0.0,764.3466559844932
p2etg,1,83776,4.716348499629533,0.0,764.3466559844932
p2etg,1,84224,4.716348499629533,0.0,764.3466559844932
p2etg,1,84672,4.716348499629533,0.0,764.3466559844932
p2etg,1,85120,4.716348499629533,0.0,764.3466559844932
p2etg,1,85568,4.716348499629533,0.0,764.3466559844932
p2etg,1,86016,4.716348499629533,0.0,764.3466559844932
p2etg,1,86464,4.754211470392199,0.0,764.3466559844932
p2etg,1,86912,4.754211470392199,0.0,764.3466559844932
p2etg,1,87360,4.754211470392199,0.0,764.3466559844932
p2etg,1,87808,4.754211470392199,0.0,764.3466559844932
p2etg,1,88256,4.754211470392199,0.0,764.3466559844932
p2etg,1,88704,4.754211470392199,0.0,764.3466559844932
p2etg,1,89152,4.754211470392199,0.0,764.3466559844932
p2etg,1,89600,4.754211470392199,0.0,764.3466559844932
p2etg,1,90048,4.754211470392199,0.0,764.3466559844932
p2etg,1,90496,4.754211470392199,0.0,764.3466559844932
p2etg,1,90944,4.754211470392199,0.0,764.3466559844932
p2etg,1,91392,4.754211470392199,0.0,764.3466559844932
p2etg,1,91840,4.754211470392199,0.0,764.3466559844932
p2etg,1,92288,4.754211470392199,0.0,764.3466559844932
p2etg,1,92736,4.754211470392199,0.0,764.3466559844932
p2etg,1,93184,4.754211470392199,0.0,764.3466559844932
p2etg,1,93632,4.754211470392199,0.0,764.3466559844932
p2etg,1,94080,4.754211470392199,0.0,764.3466559844932
p2etg,1,94528,4.754211470392199,0.0,764.3466559844932
p2etg,1,94976,4.754211470392199,0.0,764.3466559844932
p2etg,1,95424,4.754211470392199,0.0,764.3466559844932
p2etg,1,95872,4.754211470392199,0.0,764.3466559844932
p2etg,1,96320,4.754211470392199,0.0,764.3466559844932
p2etg,1,96768,4.754211470392199,0.0,764.3466559844932
p2etg,1,97216,4.754211470392199,0.0,764.3466559844932
p2etg,1,97664,4.754211470392199,0.0,764.3466559844932
p2etg,1,98112,4.754211470392199,0.0,764.3466559844932
p2etg,1,98560,4.754211470392199,0.0,764.3466559844932
p2etg,1,99008,4.754211470392199,0.0,764.3466559844932
p2etg,1,99456,4.754211470392199,0.0,764.3466559844932
p2etg,1,99904,4.754211470392199,0.0,764.3466559844932
p2etg,1,100352,4.754211470392199,0.0,764.3466559844932
p2etg,1,100800,4.754211470392199,0.0,764.3466559844932
p2etg,1,101248,4.754211470392199,0.0,764.3466559844932
p2etg,1,101696,4.754211470392199,0.0,764.3466559844932
p2etg,1,102144,4.754211470392199,0.0,764.3466559844932
p2etg,1,102592,4.754211470392199,0.0,764.3466559844932
p2etg,1,103040,4.754211470392199,0.0,764.3466559844932
p2etg,1,103488,4.754211470392199,0.0,764.3466559844932
p2etg,1,103936,4.754211470392199,0.0,764.3466559844932
p2etg,1,104384,4.754211470392199,0.0,764.3466559844932
p2etg,1,104832,4.716348499629533,0.0,764.3466559844932
p2etg,1,105280,4.754211470392199,0.0,764.3466559844932
p2etg,1,105728,4.754211470392199,0.0,764.3466559844932
p2etg,1,106176,4.754211470392199,0.0,764.3466559844932
p2etg,1,106624,4.754211470392199,0.0,764.3466559844932
p2etg,1,107072,4.754211470392199,0.0,764.3466559844932
p2etg,1,107520,4.716348499629533,0.0,764.3466559844932
p2etg,1,107968,4.716348499629533,0.0,764.3466559844932
p2etg,1,108416,4.754211470392199,0.0,764.3466559844932
p2etg,1,108864,4.754211470392199,0.0,764.3466559844932
p2etg,1,109312,4.754211470392199,0.0,764.3466559844932
p2etg,1,109760,4.754211470392199,0.0,764.3466559844932
p2etg,1,110208,4.754211470392199,0.0,764.3466559844932
p2etg,1,110656,4.754211470392199,0.0,764.3466559844932
p2etg,1,111104,4.754211470392199,0.0,764.3466559844932
p2etg,1,111552,4.754211470392199,0.0,764.3466559844932
p2etg,1,112000,4.754211470392199,0.0,764.3466559844932
p2etg,1,112448,4.754211470392199,0.0,764.3466559844932
p2etg,1,112896,4.754211470392199,0.0,764.3466559844932
p2etg,1,113344,4.754211470392199,0.0,764.3466559844932
p2etg,1,113792,4.754211470392199,0.0,764.3466559844932
p2etg,1,114240,4.754211470392199,0.0,764.3466559844932
p2etg,1,114688,4.754211470392199,0.0,764.3466559844932
p2etg,1,115136,4.754211470392199,0.0,764.3466559844932
p2etg,1,115584,4.754211470392199,0.0,764.3466559844932
p2etg,1,116032,4.754211470392199,0.0,764.3466559844932
p2etg,1,116480,4.754211470392199,0.0,764.3466559844932
p2etg,1,116928,4.754211470392199,0.0,764.3466559844932
p2etg,1,117376,4.754211470392199,0.0,764.3466559844932
p2etg,1,117824,4.754211470392199,0.0,764.3466559844932
p2etg,1,118272,4.754211470392199,0.0,764.3466559844932
p2etg,1,118720,4.754211470392199,0.0,764.3466559844932
p2etg,1,119168,4.754211470392199,0.0,764.3466559844932
p2etg,1,119616,4.754211470392199,0.0,764.3466559844932
p2etg,1,120064,4.754211470392199,0.0,764.3466559844932
p2etg,1,120512,4.754211470392199,0.0,764.3466559844932
p2etg,1,120960,4.754211470392199,0.0,764.3466559844932
p2etg,1,121408,4.754211470392199,0.0,764.3466559844932
p2etg,1,121856,4.754211470392199,0.0,764.3466559844932
p2etg,1,122304,4.754211470392199,0.0,764.3466559844932
p2etg,1,122752,4.754211470392199,0.0,764.3466559844932
p2etg,1,123200,4.754211470392199,0.0,764.3466559844932
p2etg,1,123648,4.754211470392199,0.0,764.3466559844932
p2etg,1,124096,4.754211470392199,0.0,764.3466559844932
p2etg,1,124544,4.754211470392199,0.0,764.3466559844932
p2etg,1,124992,4.754211470392199,0.0,764.3466559844932
p2etg,1,125440,4.754211470392199,0.0,764.3466559844932
p2etg,1,125888,4.754211470392199,0.0,764.3466559844932
p2etg,1,126336,4.754211470392199,0.0,764.3466559844932
p2etg,1,126784,4.754211470392199,0.0,764.3466559844932
p2etg,1,127232,4.754211470392199,0.0,764.3466559844932
p2etg,1,127680,4.754211470392199,0.0,764.3466559844932
p2etg,1,128128,4.754211470392199,0.0,764.3466559844932
p2etg,1,128576,4.754211470392199,0.0,764.3466559844932
p2etg,1,129024,4.754211470392199,0.0,764.3466559844932
p2etg,1,129472,4.754211470392199,0.0,764.3466559844932
p2etg,1,129920,4.754211470392199,0.0,764.3466559844932
p2etg,1,130368,4.754211470392199,0.0,764.3466559844932
p2etg,1,130816,4.754211470392199,0.0,764.3466559844932
p2etg,1,131264,4.754211470392199,0.0,764.3466559844932
p2etg,1,131712,4.754211470392199,0.0,764.3466559844932
p2etg,1,132160,4.754211470392199,0.0,764.3466559844932
p2etg,1,132608,4.754211470392199,0.0,764.3466559844932
p2etg,1,133056,4.754211470392199,0.0,764.3466559844932
p2etg,1,133504,4.754211470392199,0.0,764.3466559844932
p2etg,1,133952,4.754211470392199,0.0,764.3466559844932
p2etg,1,134400,4.754211470392199,0.0,764.3466559844932
p2etg,1,134848,4.754211470392199,0.0,764.3466559844932
p2etg,1,135296,4.733065058412415,0.0,764.3466559844932
p2etg,1,135744,4.733065058412415,0.0,764.3466559844932
p2etg,1,136192,4.716348499629533,0.0,764.3466559844932
p2etg,1,136640,4.716348499629533,0.0,764.3466559844932
p2etg,1,137088,4.695202087649749,0.021146411979784396,769.0834522679648
p2etg,1,137536,4.733065058412415,0.0,773.8202485514365
p2etg,1,137984,4.733065058412415,0.0,773.8202485514365
p2etg,1,138432,4.695202087649749,0.021146411979784396,778.5570448349082
p2etg,1,138880,4.695202087649749,0.021146411979784396,788.0306374018517
p2etg,1,139328,4.695202087649749,0.021146411979784396,797.504229968795
p2etg,1,139776,4.695202087649749,0.021146411979784396,806.9778225357384
p2etg,1,140224,4.695202087649749,0.021146411979784396,816.4514151026817
p2etg,1,140672,4.695202087649749,0.021146411979784396,825.9250076696251
p2etg,1,141120,4.695202087649749,0.021146411979784396,835.3986002365684
p2etg,1,141568,4.695202087649749,0.021146411979784396,844.8721928035118
p2etg,1,142016,4.695202087649749,0.021146411979784396,854.3457853704551
p2etg,1,142464,4.695202087649749,0.021146411979784396,863.8193779373985
p2etg,1,142912,4.695202087649749,0.021146411979784396,873.2929705043418
p2etg,1,143360,4.695202087649749,0.021146411979784396,882.7665630712852
p2etg,1,143808,4.695202087649749,0.021146411979784396,892.2401556382285
p2etg,1,144256,4.695202087649749,0.021146411979784396,901.7137482051719
p2etg,1,144704,4.695202087649749,0.021146411979784396,911.1873407721152
p2etg,1,145152,4.695202087649749,0.021146411979784396,920.6609333390586
p2etg,1,145600,4.695202087649749,0.021146411979784396,930.134525906002
p2etg,1,146048,4.695202087649749,0.021146411979784396,939.6081184729453
p2etg,1,146496,4.695202087649749,0.021146411979784396,949.0817110398887
p2etg,1,146944,4.695202087649749,0.021146411979784396,958.555303606832
p2etg,1,147392,4.695202087649749,0.021146411979784396,968.0288961737754
p2etg,1,147840,4.695202087649749,0.021146411979784396,977.5024887407187
p2etg,1,148288,4.695202087649749,0.021146411979784396,986.9760813076621
p2etg,1,148736,4.695202087649749,0.021146411979784396,996.4496738746054
p2etg,1,149184,4.695202087649749,0.021146411979784396,1005.9232664415488
p2etg,1,149632,4.695202087649749,0.021146411979784396,1015.3968590084921
p2etg,1,150080,4.695202087649749,0.021146411979784396,1024.8704515754355
p2etg,1,150528,4.695202087649749,0.021146411979784396,1034.3440441423788
p2etg,1,150976,4.695202087649749,0.021146411979784396,1043.8176367093222
p2etg,1,151424,4.695202087649749,0.021146411979784396,1053.2912292762655
p2etg,1,151872,4.695202087649749,0.021146411979784396,1062.764821843209
p2etg,1,152320,4.695202087649749,0.021146411979784396,1072.2384144101522
p2etg,1,152768,4.695202087649749,0.021146411979784396,1081.7120069770956
p2etg,1,153216,4.695202087649749,0.021146411979784396,1091.185599544039
p2etg,1,153664,4.695202087649749,0.021146411979784396,1100.6591921109823
p2etg,1,154112,4.695202087649749,0.021146411979784396,1110.1327846779257
p2etg,1,154560,4.695202087649749,0.021146411979784396,1119.606377244869
p2etg,1,155008,4.695202087649749,0.021146411979784396,1129.0799698118124
p2etg,1,155456,4.695202087649749,0.021146411979784396,1138.5535623787557
p2etg,1,155904,4.695202087649749,0.021146411979784396,1148.027154945699
p2etg,1,156352,4.695202087649749,0.021146411979784396,1157.5007475126424
p2etg,1,156800,4.695202087649749,0.021146411979784396,1166.9743400795858
p2etg,1,157248,4.695202087649749,0.021146411979784396,1176.4479326465291
p2etg,1,157696,4.695202087649749,0.021146411979784396,1185.9215252134725
p2etg,1,158144,4.695202087649749,0.021146411979784396,1195.3951177804158
p2etg,1,158592,4.695202087649749,0.021146411979784396,1204.8687103473592
p2etg,1,159040,4.695202087649749,0.021146411979784396,1214.3423029143025
p2etg,1,159488,4.695202087649749,0.021146411979784396,1223.815895481246
p2etg,1,159936,4.695202087649749,0.021146411979784396,1233.2894880481892
p2etg,1,160384,4.695202087649749,0.021146411979784396,1242.7630806151326
p2etg,1,160832,4.695202087649749,0.021146411979784396,1252.236673182076
p2etg,1,161280,4.695202087649749,0.021146411979784396,1261.7102657490193
p2etg,1,161728,4.716348499629533,0.0,1266.447062032491
p2etg,1,162176,4.716348499629533,0.0,1266.447062032491
p2etg,1,162624,4.716348499629533,0.0,1266.447062032491
p2etg,1,163072,4.716348499629533,0.0,1266.447062032491
p2etg,1,163520,4.716348499629533,0.0,1266.447062032491
p2etg,1,163968,4.716348499629533,0.0,1266.447062032491
p2etg,1,164416,4.716348499629533,0.0,1266.447062032491
p2etg,1,164864,4.716348499629533,0.0,1266.447062032491
p2etg,1,165312,4.716348499629533,0.0,1266.447062032491
p2etg,1,165760,4.716348499629533,0.0,1266.447062032491
p2etg,1,166208,4.716348499629533,0.0,1266.447062032491
p2etg,1,166656,4.716348499629533,0.0,1266.447062032491
p2etg,1,167104,4.716348499629533,0.0,1266.447062032491
p2etg,1,167552,4.716348499629533,0.0,1266.447062032491
p2etg,1,168000,4.716348499629533,0.0,1266.447062032491
p2etg,1,168448,4.716348499629533,0.0,1266.447062032491
p2etg,1,168896,4.716348499629533,0.0,1266.447062032491
p2etg,1,169344,4.716348499629533,0.0,1266.447062032491
p2etg,1,169792,4.716348499629533,0.0,1266.447062032491
p2etg,1,170240,4.716348499629533,0.0,1266.447062032491
p2etg,1,170688,4.716348499629533,0.0,1266.447062032491
p2etg,1,171136,4.716348499629533,0.0,1266.447062032491
p2etg,1,171584,4.716348499629533,0.0,1266.447062032491
p2etg,1,172032,4.716348499629533,0.0,1266.447062032491
p2etg,1,172480,4.716348499629533,0.0,1266.447062032491
p2etg,1,172928,4.716348499629533,0.0,1266.447062032491
p2etg,1,173376,4.716348499629533,0.0,1266.447062032491
p2etg,1,173824,4.716348499629533,0.0,1266.447062032491
p2etg,1,174272,4.716348499629533,0.0,1266.447062032491
p2etg,1,174720,4.716348499629533,0.0,1266.447062032491
p2etg,1,175168,4.716348499629533,0.0,1266.447062032491
p2etg,1,175616,4.716348499629533,0.0,1266.447062032491
p2etg,1,176064,4.716348499629533,0.0,1266.447062032491
p2etg,1,176512,4.716348499629533,0.0,1266.447062032491
p2etg,1,176960,4.716348499629533,0.0,1266.447062032491
p2etg,1,177408,4.716348499629533,0.0,1266.447062032491
p2etg,1,177856,4.716348499629533,0.0,1266.447062032491
p2etg,1,178304,4.716348499629533,0.0,1266.447062032491
p2etg,1,178752,4.716348499629533,0.0,1266.447062032491
p2etg,1,179200,4.716348499629533,0.0,1266.447062032491
p2etg,1,179648,4.716348499629533,0.0,1266.447062032491
p2etg,1,180096,4.716348499629533,0.0,1266.447062032491
p2etg,1,180544,4.716348499629533,0.0,1266.447062032491
p2etg,1,180992,4.716348499629533,0.0,1266.447062032491
p2etg,1,181440,4.716348499629533,0.0,1266.447062032491
p2etg,1,181888,4.716348499629533,0.0,1266.447062032491
p2etg,1,182336,4.716348499629533,0.0,1266.447062032491
p2etg,1,182784,4.716348499629533,0.0,1266.447062032491
p2etg,1,183232,4.716348499629533,0.0,1266.447062032491
p2etg,1,183680,4.716348499629533,0.0,1266.447062032491
p2etg,1,184128,4.716348499629533,0.0,1266.447062032491
p2etg,1,184576,4.716348499629533,0.0,1266.447062032491
p2etg,1,185024,4.716348499629533,0.0,1266.447062032491
p2etg,1,185472,4.716348499629533,0.0,1266.447062032491
p2etg,1,185920,4.716348499629533,0.0,1266.447062032491
p2etg,1,186368,4.716348499629533,0.0,1266.447062032491
p2etg,1,186816,4.716348499629533,0.0,1266.447062032491
p2etg,1,187264,4.716348499629533,0.0,1266.447062032491
p2etg,1,187712,4.716348499629533,0.0,1266.447062032491
p2etg,1,188160,4.716348499629533,0.0,1266.447062032491
p2etg,1,188608,4.716348499629533,0.0,1266.447062032491
p2etg,1,189056,4.716348499629533,0.0,1266.447062032491
p2etg,1,189504,4.716348499629533,0.0,1266.447062032491
p2etg,1,189952,4.716348499629533,0.0,1266.447062032491
p2etg,1,190400,4.716348499629533,0.0,1266.447062032491
p2etg,1,190848,4.716348499629533,0.0,1266.447062032491
p2etg,1,191296,4.716348499629533,0.0,1266.447062032491
p2etg,1,191744,4.716348499629533,0.0,1266.447062032491
p2etg,1,192192,4.716348499629533,0.0,1266.447062032491
p2etg,1,192640,4.739978043111983,0.0,1266.447062032491
p2etg,1,193088,4.739978043111983,0.0,1266.447062032491
p2etg,1,193536,4.739978043111983,0.0,1266.447062032491
p2etg,1,193984,4.739978043111983,0.0,1266.447062032491
p2etg,1,194432,4.739978043111983,0.0,1266.447062032491
p2etg,1,194880,4.739978043111983,0.0,1266.447062032491
p2etg,1,195328,4.739978043111983,0.0,1266.447062032491
p2etg,1,195776,4.739978043111983,0.0,1266.447062032491
p2etg,1,196224,4.739978043111983,0.0,1266.447062032491
p2etg,1,196672,4.739978043111983,0.0,1266.447062032491
p2etg,1,197120,4.739978043111983,0.0,1266.447062032491
p2etg,1,197568,4.739978043111983,0.0,1266.447062032491
p2etg,1,198016,4.739978043111983,0.0,1266.447062032491
p2etg,1,198464,4.739978043111983,0.0,1266.447062032491
p2etg,1,198912,4.739978043111983,0.0,1266.447062032491
p2etg,1,199360,4.739978043111983,0.0,1266.447062032491
p2etg,1,199808,4.739978043111983,0.0,1266.447062032491
p2etg,1,200000,4.739978043111983,0.0,1266.447062032491
p2etg,2,448,4.756488208140357,0.0,0.0
p2etg,2,896,4.756488208140357,0.0,0.0
p2etg,2,1344,4.639507256303279,0.0768412433262542,17.21243850508094
p2etg,2,1792,4.657859253200785,0.05848924642874831,47.5264682102015
p2etg,2,2240,5.016501760125466,0.0,60.62805941024112
p2etg,2,2688,4.7953236098912155,0.0,60.62805941024112
p2etg,2,3136,4.701440474600429,0.014908025029104266,63.96745701676048
p2etg,2,3584,4.7299976448333325,0.0,67.30685462327983
p2etg,2,4032,4.7953236098912155,0.0,67.30685462327983
p2etg,2,4480,4.7953236098912155,0.0,67.30685462327983
p2etg,2,4928,4.7953236098912155,0.0,67.30685462327983
p2etg,2,5376,4.7505476544289795,0.0,67.30685462327983
p2etg,2,5824,4.7505476544289795,0.0,67.30685462327983
p2etg,2,6272,4.656044531350894,0.06030396827863971,80.81494351769513
p2etg,2,6720,4.656044531350894,0.06030396827863971,107.83112130652572
p2etg,2,7168,4.656044531350894,0.06030396827863971,134.8472990953563
p2etg,2,7616,4.632414987868443,0.08393351176109043,167.15649462425586
p2etg,2,8064,4.632414987868443,0.08393351176109043,204.75870789322437
p2etg,2,8512,4.656044531350894,0.06030396827863971,237.06790342212392
p2etg,2,8960,4.656044531350894,0.06030396827863971,264.08408121095454
p2etg,2,9408,4.632414987868443,0.08393351176109043,296.39327673985406
p2etg,2,9856,4.656044531350894,0.06030396827863971,328.7024722687536
p2etg,2,10304,4.656044531350894,0.06030396827863971,355.71865005758417
p2etg,2,10752,4.656044531350894,0.06030396827863971,382.73482784641476
p2etg,2,11200,4.656044531350894,0.06030396827863971,409.75100563524535
p2etg,2,11648,4.656044531350894,0.06030396827863971,436.76718342407594
p2etg,2,12096,4.656044531350894,0.06030396827863971,463.7833612129065
p2etg,2,12544,4.656044531350894,0.06030396827863971,490.7995390017371
p2etg,2,12992,4.656044531350894,0.06030396827863971,517.8157167905676
p2etg,2,13440,4.656044531350894,0.06030396827863971,544.8318945793983
p2etg,2,13888,4.739978043111983,0.0,558.3399834738136
p2etg,2,14336,4.716348499629533,0.0,558.3399834738136
p2etg,2,14784,4.716348499629533,0.0,558.3399834738136
p2etg,2,15232,4.739978043111983,0.0,558.3399834738136
p2etg,2,15680,4.695202087649749,0.021146411979784396,563.0767797572853
p2etg,2,16128,4.695202087649749,0.021146411979784396,572.5503723242286
p2etg,2,16576,4.695202087649749,0.021146411979784396,582.023964891172
p2etg,2,17024,4.739978043111983,0.0,586.7607611746437
p2etg,2,17472,4.739978043111983,0.0,586.7607611746437
p2etg,2,17920,4.695202087649749,0.021146411979784396,591.4975574581154
p2etg,2,18368,4.695202087649749,0.021146411979784396,600.9711500250587
p2etg,2,18816,4.739978043111983,0.0,605.7079463085304
p2etg,2,19264,4.739978043111983,0.0,605.7079463085304
p2etg,2,19712,4.739978043111983,0.0,605.7079463085304
p2etg,2,20160,4.739978043111983,0.0,605.7079463085304
p2etg,2,20608,4.739978043111983,0.0,605.7079463085304
p2etg,2,21056,4.739978043111983,0.0,605.7079463085304
p2etg,2,21504,4.739978043111983,0.0,605.7079463085304
p2etg,2,21952,4.716348499629533,0.0,605.7079463085304
p2etg,2,22400,4.716348499629533,0.0,605.7079463085304
p2etg,2,22848,4.716348499629533,0.0,605.7079463085304
p2etg,2,23296,4.716348499629533,0.0,605.7079463085304
p2etg,2,23744,4.716348499629533,0.0,605.7079463085304
p2etg,2,24192,4.716348499629533,0.0,605.7079463085304
p2etg,2,24640,4.716348499629533,0.0,605.7079463085304
p2etg,2,25088,4.716348499629533,0.0,605.7079463085304
p2etg,2,25536,4.716348499629533,0.0,605.7079463085304
p2etg,2,25984,4.716348499629533,0.0,605.7079463085304
p2etg,2,26432,4.739978043111983,0.0,605.7079463085304
p2etg,2,26880,4.739978043111983,0.0,605.7079463085304
p2etg,2,27328,4.739978043111983,0.0,605.7079463085304
p2etg,2,27776,4.739978043111983,0.0,605.7079463085304
p2etg,2,28224,4.739978043111983,0.0,605.7079463085304
p2etg,2,28672,4.739978043111983,0.0,605.7079463085304
p2etg,2,29120,4.739978043111983,0.0,605.7079463085304
p2etg,2,29568,4.739978043111983,0.0,605.7079463085304
p2etg,2,30016,4.739978043111983,0.0,605.7079463085304
p2etg,2,30464,4.739978043111983,0.0,605.7079463085304
p2etg,2,30912,4.739978043111983,0.0,605.7079463085304
p2etg,2,31360,4.739978043111983,0.0,605.7079463085304
p2etg,2,31808,4.739978043111983,0.0,605.7079463085304
p2etg,2,32256,4.739978043111983,0.0,605.7079463085304
p2etg,2,32704,4.739978043111983,0.0,605.7079463085304
p2etg,2,33152,4.739978043111983,0.0,605.7079463085304
p2etg,2,33600,4.739978043111983,0.0,605.7079463085304
p2etg,2,34048,4.739978043111983,0.0,605.7079463085304
p2etg,2,34496,4.739978043111983,0.0,605.7079463085304
p2etg,2,34944,4.739978043111983,0.0,605.7079463085304
p2etg,2,35392,4.739978043111983,0.0,605.7079463085304
p2etg,2,35840,4.739978043111983,0.0,605.7079463085304
p2etg,2,36288,4.739978043111983,0.0,605.7079463085304
p2etg,2,36736,4.739978043111983,0.0,605.7079463085304
p2etg,2,37184,4.739978043111983,0.0,605.7079463085304
p2etg,2,37632,4.739978043111983,0.0,605.7079463085304
p2etg,2,38080,4.739978043111983,0.0,605.7079463085304
p2etg,2,38528,4.739978043111983,0.0,605.7079463085304
p2etg,2,38976,4.739978043111983,0.0,605.7079463085304
p2etg,2,39424,4.739978043111983,0.0,605.7079463085304
p2etg,2,39872,4.739978043111983,0.0,605.7079463085304
p2etg,2,40320,4.739978043111983,0.0,605.7079463085304
p2etg,2,40768,4.716348499629533,0.0,605.7079463085304
p2etg,2,41216,4.716348499629533,0.0,605.7079463085304
p2etg,2,41664,4.716348499629533,0.0,605.7079463085304
p2etg,2,42112,4.716348499629533,0.0,605.7079463085304
p2etg,2,42560,4.716348499629533,0.0,605.7079463085304
p2etg,2,43008,4.716348499629533,0.0,605.7079463085304
p2etg,2,43456,4.716348499629533,0.0,605.7079463085304
p2etg,2,43904,4.716348499629533,0.0,605.7079463085304
p2etg,2,44352,4.716348499629533,0.0,605.7079463085304
p2etg,2,44800,4.716348499629533,0.0,605.7079463085304
p2etg,2,45248,4.739978043111983,0.0,605.7079463085304
p2etg,2,45696,4.716348499629533,0.0,605.7079463085304
p2etg,2,46144,4.716348499629533,0.0,605.7079463085304
p2etg,2,46592,4.739978043111983,0.0,605.7079463085304
p2etg,2,47040,4.739978043111983,0.0,605.7079463085304
p2etg,2,47488,4.739978043111983,0.0,605.7079463085304
p2etg,2,47936,4.739978043111983,0.0,605.7079463085304
p2etg,2,48384,4.739978043111983,0.0,605.7079463085304
p2etg,2,48832,4.739978043111983,0.0,605.7079463085304
p2etg,2,49280,4.739978043111983,0.0,605.7079463085304
p2etg,2,49728,4.739978043111983,0.0,605.7079463085304
p2etg,2,50176,4.739978043111983,0.0,605.7079463085304
p2etg,2,50624,4.739978043111983,0.0,605.7079463085304
p2etg,2,51072,4.739978043111983,0.0,605.7079463085304
p2etg,2,51520,4.739978043111983,0.0,605.7079463085304
p2etg,2,51968,4.739978043111983,0.0,605.7079463085304
p2etg,2,52416,4.739978043111983,0.0,605.7079463085304
p2etg,2,52864,4.739978043111983,0.0,605.7079463085304
p2etg,2,53312,4.739978043111983,0.0,605.7079463085304
p2etg,2,53760,4.739978043111983,0.0,605.7079463085304
p2etg,2,54208,4.739978043111983,0.0,605.7079463085304
p2etg,2,54656,4.739978043111983,0.0,605.7079463085304
p2etg,2,55104,4.739978043111983,0.0,605.7079463085304
p2etg,2,55552,4.739978043111983,0.0,605.7079463085304
p2etg,2,56000,4.739978043111983,0.0,605.7079463085304
p2etg,2,56448,4.739978043111983,0.0,605.7079463085304
p2etg,2,56896,4.739978043111983,0.0,605.7079463085304
p2etg,2,57344,4.739978043111983,0.0,605.7079463085304
p2etg,2,57792,4.739978043111983,0.0,605.7079463085304
p2etg,2,58240,4.739978043111983,0.0,605.7079463085304
p2etg,2,58688,4.739978043111983,0.0,605.7079463085304
p2etg,2,59136,4.739978043111983,0.0,605.7079463085304
p2etg,2,59584,4.739978043111983,0.0,605.7079463085304
p2etg,2,60032,4.739978043111983,0.0,605.7079463085304
p2etg,2,60480,4.739978043111983,0.0,605.7079463085304
p2etg,2,60928,4.739978043111983,0.0,605.7079463085304
p2etg,2,61376,4.739978043111983,0.0,605.7079463085304
p2etg,2,61824,4.739978043111983,0.0,605.7079463085304
p2etg,2,62272,4.739978043111983,0.0,605.7079463085304
p2etg,2,62720,4.739978043111983,0.0,605.7079463085304
p2etg,2,63168,4.739978043111983,0.0,605.7079463085304
p2etg,2,63616,4.739978043111983,0.0,605.7079463085304
p2etg,2,64064,4.739978043111983,0.0,605.7079463085304
p2etg,2,64512,4.739978043111983,0.0,605.7079463085304
p2etg,2,64960,4.739978043111983,0.0,605.7079463085304
p2etg,2,65408,4.739978043111983,0.0,605.7079463085304
p2etg,2,65856,4.739978043111983,0.0,605.7079463085304
p2etg,2,66304,4.739978043111983,0.0,605.7079463085304
p2etg,2,66752,4.739978043111983,0.0,605.7079463085304
p2etg,2,67200,4.739978043111983,0.0,605.7079463085304
p2etg,2,67648,4.739978043111983,0.0,605.7079463085304
p2etg,2,68096,4.739978043111983,0.0,605.7079463085304
p2etg,2,68544,4.739978043111983,0.0,605.7079463085304
p2etg,2,68992,4.739978043111983,0.0,605.7079463085304
p2etg,2,69440,4.739978043111983,0.0,605.7079463085304
p2etg,2,69888,4.739978043111983,0.0,605.7079463085304
p2etg,2,70336,4.739978043111983,0.0,605.7079463085304
p2etg,2,70784,4.739978043111983,0.0,605.7079463085304
p2etg,2,71232,4.739978043111983,0.0,605.7079463085304
p2etg,2,71680,4.739978043111983,0.0,605.7079463085304
p2etg,2,72128,4.739978043111983,0.0,605.7079463085304
p2etg,2,72576,4.739978043111983,0.0,605.7079463085304
p2etg,2,73024,4.739978043111983,0.0,605.7079463085304
p2etg,2,73472,4.739978043111983,0.0,605.7079463085304
p2etg,2,73920,4.739978043111983,0.0,605.7079463085304
p2etg,2,74368,4.716348499629533,0.0,605.7079463085304
p2etg,2,74816,4.716348499629533,0.0,605.7079463085304
p2etg,2,75264,4.716348499629533,0.0,605.7079463085304
p2etg,2,75712,4.716348499629533,0.0,605.7079463085304
p2etg,2,76160,4.739978043111983,0.0,605.7079463085304
p2etg,2,76608,4.739978043111983,0.0,605.7079463085304
p2etg,2,77056,4.739978043111983,0.0,605.7079463085304
p2etg,2,77504,4.739978043111983,0.0,605.7079463085304
p2etg,2,77952,4.739978043111983,0.0,605.7079463085304
p2etg,2,78400,4.739978043111983,0.0,605.7079463085304
p2etg,2,78848,4.739978043111983,0.0,605.7079463085304
p2etg,2,79296,4.739978043111983,0.0,605.7079463085304
p2etg,2,79744,4.739978043111983,0.0,605.7079463085304
p2etg,2,80192,4.739978043111983,0.0,605.7079463085304
p2etg,2,80640,4.739978043111983,0.0,605.7079463085304
p2etg,2,81088,4.739978043111983,0.0,605.7079463085304
p2etg,2,81536,4.739978043111983,0.0,605.7079463085304
p2etg,2,81984,4.739978043111983,0.0,605.7079463085304
p2etg,2,82432,4.739978043111983,0.0,605.7079463085304
p2etg,2,82880,4.739978043111983,0.0,605.7079463085304
p2etg,2,83328,4.739978043111983,0.0,605.7079463085304
p2etg,2,83776,4.739978043111983,0.0,605.7079463085304
p2etg,2,84224,4.739978043111983,0.0,605.7079463085304
p2etg,2,84672,4.739978043111983,0.0,605.7079463085304
p2etg,2,85120,4.739978043111983,0.0,605.7079463085304
p2etg,2,85568,4.739978043111983,0.0,605.7079463085304
p2etg,2,86016,4.739978043111983,0.0,605.7079463085304
p2etg,2,86464,4.739978043111983,0.0,605.7079463085304
p2etg,2,86912,4.739978043111983,0.0,605.7079463085304
p2etg,2,87360,4.739978043111983,0.0,605.7079463085304
p2etg,2,87808,4.739978043111983,0.0,605.7079463085304
p2etg,2,88256,4.739978043111983,0.0,605.7079463085304
p2etg,2,88704,4.739978043111983,0.0,605.7079463085304
p2etg,2,89152,4.739978043111983,0.0,605.7079463085304
p2etg,2,89600,4.739978043111983,0.0,605.7079463085304
p2etg,2,90048,4.739978043111983,0.0,605.7079463085304
p2etg,2,90496,4.739978043111983,0.0,605.7079463085304
p2etg,2,90944,4.739978043111983,0.0,605.7079463085304
p2etg,2,91392,4.739978043111983,0.0,605.7079463085304
p2etg,2,91840,4.739978043111983,0.0,605.7079463085304
p2etg,2,92288,4.739978043111983,0.0,605.7079463085304
p2etg,2,92736,4.739978043111983,0.0,605.7079463085304
p2etg,2,93184,4.739978043111983,0.0,605.7079463085304
p2etg,2,93632,4.716348499629533,0.0,605.7079463085304
p2etg,2,94080,4.716348499629533,0.0,605.7079463085304
p2etg,2,94528,4.716348499629533,0.0,605.7079463085304
p2etg,2,94976,4.716348499629533,0.0,605.7079463085304
p2etg,2,95424,4.716348499629533,0.0,605.7079463085304
p2etg,2,95872,4.716348499629533,0.0,605.7079463085304
p2etg,2,96320,4.716348499629533,0.0,605.7079463085304
p2etg,2,96768,4.716348499629533,0.0,605.7079463085304
p2etg,2,97216,4.716348499629533,0.0,605.7079463085304
p2etg,2,97664,4.716348499629533,0.0,605.7079463085304
p2etg,2,98112,4.739978043111983,0.0,605.7079463085304
p2etg,2,98560,4.739978043111983,0.0,605.7079463085304
p2etg,2,99008,4.739978043111983,0.0,605.7079463085304
p2etg,2,99456,4.739978043111983,0.0,605.7079463085304
p2etg,2,99904,4.739978043111983,0.0,605.7079463085304
p2etg,2,100352,4.739978043111983,0.0,605.7079463085304
p2etg,2,100800,4.739978043111983,0.0,605.7079463085304
p2etg,2,101248,4.739978043111983,0.0,605.7079463085304
p2etg,2,101696,4.739978043111983,0.0,605.7079463085304
p2etg,2,102144,4.739978043111983,0.0,605.7079463085304
p2etg,2,102592,4.739978043111983,0.0,605.7079463085304
p2etg,2,103040,4.739978043111983,0.0,605.7079463085304
p2etg,2,103488,4.739978043111983,0.0,605.7079463085304
p2etg,2,103936,4.739978043111983,0.0,605.7079463085304
p2etg,2,104384,4.716348499629533,0.0,605.7079463085304
p2etg,2,104832,4.716348499629533,0.0,605.7079463085304
p2etg,2,105280,4.739978043111983,0.0,605.7079463085304
p2etg,2,105728,4.739978043111983,0.0,605.7079463085304
p2etg,2,106176,4.739978043111983,0.0,605.7079463085304
p2etg,2,106624,4.716348499629533,0.0,605.7079463085304
p2etg,2,107072,4.716348499629533,0.0,605.7079463085304
p2etg,2,107520,4.716348499629533,0.0,605.7079463085304
p2etg,2,107968,4.716348499629533,0.0,605.7079463085304
p2etg,2,108416,4.716348499629533,0.0,605.7079463085304
p2etg,2,108864,4.716348499629533,0.0,605.7079463085304
p2etg,2,109312,4.716348499629533,0.0,605.7079463085304
p2etg,2,109760,4.716348499629533,0.0,605.7079463085304
p2etg,2,110208,4.716348499629533,0.0,605.7079463085304
p2etg,2,110656,4.716348499629533,0.0,605.7079463085304
p2etg,2,111104,4.716348499629533,0.0,605.7079463085304
p2etg,2,111552,4.716348499629533,0.0,605.7079463085304
p2etg,2,112000,4.716348499629533,0.0,605.7079463085304
p2etg,2,112448,4.716348499629533,0.0,605.7079463085304
p2etg,2,112896,4.716348499629533,0.0,605.7079463085304
p2etg,2,113344,4.716348499629533,0.0,605.7079463085304
p2etg,2,113792,4.716348499629533,0.0,605.7079463085304
p2etg,2,114240,4.716348499629533,0.0,605.7079463085304
p2etg,2,114688,4.716348499629533,0.0,605.7079463085304
p2etg,2,115136,4.716348499629533,0.0,605.7079463085304
p2etg,2,115584,4.716348499629533,0.0,605.7079463085304
p2etg,2,116032,4.716348499629533,0.0,605.7079463085304
p2etg,2,116480,4.716348499629533,0.0,605.7079463085304
p2etg,2,116928,4.716348499629533,0.0,605.7079463085304
p2etg,2,117376,4.716348499629533,0.0,605.7079463085304
p2etg,2,117824,4.716348499629533,0.0,605.7079463085304
p2etg,2,118272,4.716348499629533,0.0,605.7079463085304
p2etg,2,118720,4.716348499629533,0.0,605.7079463085304
p2etg,2,119168,4.716348499629533,0.0,605.7079463085304
p2etg,2,119616,4.716348499629533,0.0,605.7079463085304
p2etg,2,120064,4.716348499629533,0.0,605.7079463085304
p2etg,2,120512,4.716348499629533,0.0,605.7079463085304
p2etg,2,120960,4.716348499629533,0.0,605.7079463085304
p2etg,2,121408,4.716348499629533,0.0,605.7079463085304
p2etg,2,121856,4.716348499629533,0.0,605.7079463085304
p2etg,2,122304,4.716348499629533,0.0,605.7079463085304
p2etg,2,122752,4.716348499629533,0.0,605.7079463085304
p2etg,2,123200,4.716348499629533,0.0,605.7079463085304
p2etg,2,123648,4.716348499629533,0.0,605.7079463085304
p2etg,2,124096,4.716348499629533,0.0,605.7079463085304
p2etg,2,124544,4.716348499629533,0.0,605.7079463085304
p2etg,2,124992,4.716348499629533,0.0,605.7079463085304
p2etg,2,125440,4.716348499629533,0.0,605.7079463085304
p2etg,2,125888,4.716348499629533,0.0,605.7079463085304
p2etg,2,126336,4.716348499629533,0.0,605.7079463085304
p2etg,2,126784,4.716348499629533,0.0,605.7079463085304
p2etg,2,127232,4.716348499629533,0.0,605.7079463085304
p2etg,2,127680,4.716348499629533,0.0,605.7079463085304
p2etg,2,128128,4.716348499629533,0.0,605.7079463085304
p2etg,2,128576,4.716348499629533,0.0,605.7079463085304
p2etg,2,129024,4.716348499629533,0.0,605.7079463085304
p2etg,2,129472,4.716348499629533,0.0,605.7079463085304
p2etg,2,129920,4.716348499629533,0.0,605.7079463085304
p2etg,2,130368,4.716348499629533,0.0,605.7079463085304
p2etg,2,130816,4.716348499629533,0.0,605.7079463085304
p2etg,2,131264,4.716348499629533,0.0,605.7079463085304
p2etg,2,131712,4.716348499629533,0.0,605.7079463085304
p2etg,2,132160,4.716348499629533,0.0,605.7079463085304
p2etg,2,132608,4.716348499629533,0.0,605.7079463085304
p2etg,2,133056,4.716348499629533,0.0,605.7079463085304
p2etg,2,133504,4.716348499629533,0.0,605.7079463085304
p2etg,2,133952,4.716348499629533,0.0,605.7079463085304
p2etg,2,134400,4.716348499629533,0.0,605.7079463085304
p2etg,2,134848,4.716348499629533,0.0,605.7079463085304
p2etg,2,135296,4.716348499629533,0.0,605.7079463085304
p2etg,2,135744,4.716348499629533,0.0,605.7079463085304
p2etg,2,136192,4.716348499629533,0.0,605.7079463085304
p2etg,2,136640,4.716348499629533,0.0,605.7079463085304
p2etg,2,137088,4.716348499629533,0.0,605.7079463085304
p2etg,2,137536,4.716348499629533,0.0,605.7079463085304
p2etg,2,137984,4.716348499629533,0.0,605.7079463085304
p2etg,2,138432,4.716348499629533,0.0,605.7079463085304
p2etg,2,138880,4.716348499629533,0.0,605.7079463085304
p2etg,2,139328,4.716348499629533,0.0,605.7079463085304
p2etg,2,139776,4.716348499629533,0.0,605.7079463085304
p2etg,2,140224,4.716348499629533,0.0,605.7079463085304
p2etg,2,140672,4.716348499629533,0.0,605.7079463085304
p2etg,2,141120,4.716348499629533,0.0,605.7079463085304
p2etg,2,141568,4.716348499629533,0.0,605.7079463085304
p2etg,2,142016,4.716348499629533,0.0,605.7079463085304
p2etg,2,142464,4.716348499629533,0.0,605.7079463085304
p2etg,2,142912,4.716348499629533,0.0,605.7079463085304
p2etg,2,143360,4.716348499629533,0.0,605.7079463085304
p2etg,2,143808,4.716348499629533,0.0,605.7079463085304
p2etg,2,144256,4.716348499629533,0.0,605.7079463085304
p2etg,2,144704,4.716348499629533,0.0,605.7079463085304
p2etg,2,145152,4.716348499629533,0.0,605.7079463085304
p2etg,2,145600,4.716348499629533,0.0,605.7079463085304
p2etg,2,146048,4.716348499629533,0.0,605.7079463085304
p2etg,2,146496,4.716348499629533,0.0,605.7079463085304
p2etg,2,146944,4.716348499629533,0.0,605.7079463085304
p2etg,2,147392,4.716348499629533,0.0,605.7079463085304
p2etg,2,147840,4.716348499629533,0.0,605.7079463085304
p2etg,2,148288,4.716348499629533,0.0,605.7079463085304
p2etg,2,148736,4.716348499629533,0.0,605.7079463085304
p2etg,2,149184,4.716348499629533,0.0,605.7079463085304
p2etg,2,149632,4.716348499629533,0.0,605.7079463085304
p2etg,2,150080,4.716348499629533,0.0,605.7079463085304
p2etg,2,150528,4.716348499629533,0.0,605.7079463085304
p2etg,2,150976,4.716348499629533,0.0,605.7079463085304
p2etg,2,151424,4.716348499629533,0.0,605.7079463085304
p2etg,2,151872,4.716348499629533,0.0,605.7079463085304
p2etg,2,152320,4.716348499629533,0.0,605.7079463085304
p2etg,2,152768,4.716348499629533,0.0,605.7079463085304
p2etg,2,153216,4.716348499629533,0.0,605.7079463085304
p2etg,2,153664,4.716348499629533,0.0,605.7079463085304
p2etg,2,154112,4.716348499629533,0.0,605.7079463085304
p2etg,2,154560,4.716348499629533,0.0,605.7079463085304
p2etg,2,155008,4.716348499629533,0.0,605.7079463085304
p2etg,2,155456,4.716348499629533,0.0,605.7079463085304
p2etg,2,155904,4.716348499629533,0.0,605.7079463085304
p2etg,2,156352,4.716348499629533,0.0,605.7079463085304
p2etg,2,156800,4.716348499629533,0.0,605.7079463085304
p2etg,2,157248,4.716348499629533,0.0,605.7079463085304
p2etg,2,157696,4.716348499629533,0.0,605.7079463085304
p2etg,2,158144,4.716348499629533,0.0,605.7079463085304
p2etg,2,158592,4.716348499629533,0.0,605.7079463085304
p2etg,2,159040,4.716348499629533,0.0,605.7079463085304
p2etg,2,159488,4.716348499629533,0.0,605.7079463085304
p2etg,2,159936,4.716348499629533,0.0,605.7079463085304
p2etg,2,160384,4.716348499629533,0.0,605.7079463085304
p2etg,2,160832,4.716348499629533,0.0,605.7079463085304
p2etg,2,161280,4.716348499629533,0.0,605.7079463085304
p2etg,2,161728,4.716348499629533,0.0,605.7079463085304
p2etg,2,162176,4.716348499629533,0.0,605.7079463085304
p2etg,2,162624,4.716348499629533,0.0,605.7079463085304
p2etg,2,163072,4.716348499629533,0.0,605.7079463085304
p2etg,2,163520,4.716348499629533,0.0,605.7079463085304
p2etg,2,163968,4.716348499629533,0.0,605.7079463085304
p2etg,2,164416,4.716348499629533,0.0,605.7079463085304
p2etg,2,164864,4.716348499629533,0.0,605.7079463085304
p2etg,2,165312,4.716348499629533,0.0,605.7079463085304
p2etg,2,165760,4.716348499629533,0.0,605.7079463085304
p2etg,2,166208,4.716348499629533,0.0,605.7079463085304
p2etg,2,166656,4.716348499629533,0.0,605.7079463085304
p2etg,2,167104,4.716348499629533,0.0,605.7079463085304
p2etg,2,167552,4.716348499629533,0.0,605.7079463085304
p2etg,2,168000,4.716348499629533,0.0,605.7079463085304
p2etg,2,168448,4.716348499629533,0.0,605.7079463085304
p2etg,2,168896,4.716348499629533,0.0,605.7079463085304
p2etg,2,169344,4.716348499629533,0.0,605.7079463085304
p2etg,2,169792,4.716348499629533,0.0,605.7079463085304
p2etg,2,170240,4.716348499629533,0.0,605.7079463085304
p2etg,2,170688,4.716348499629533,0.0,605.7079463085304
p2etg,2,171136,4.716348499629533,0.0,605.7079463085304
p2etg,2,171584,4.716348499629533,0.0,605.7079463085304
p2etg,2,172032,4.716348499629533,0.0,605.7079463085304
p2etg,2,172480,4.716348499629533,0.0,605.7079463085304
p2etg,2,172928,4.716348499629533,0.0,605.7079463085304
p2etg,2,173376,4.716348499629533,0.0,605.7079463085304
p2etg,2,173824,4.716348499629533,0.0,605.7079463085304
p2etg,2,174272,4.716348499629533,0.0,605.7079463085304
p2etg,2,174720,4.716348499629533,0.0,605.7079463085304
p2etg,2,175168,4.716348499629533,0.0,605.7079463085304
p2etg,2,175616,4.716348499629533,0.0,605.7079463085304
p2etg,2,176064,4.716348499629533,0.0,605.7079463085304
p2etg,2,176512,4.716348499629533,0.0,605.7079463085304
p2etg,2,176960,4.716348499629533,0.0,605.7079463085304
p2etg,2,177408,4.716348499629533,0.0,605.7079463085304
p2etg,2,177856,4.716348499629533,0.0,605.7079463085304
p2etg,2,178304,4.716348499629533,0.0,605.7079463085304
p2etg,2,178752,4.716348499629533,0.0,605.7079463085304
p2etg,2,179200,4.716348499629533,0.0,605.7079463085304
p2etg,2,179648,4.716348499629533,0.0,605.7079463085304
p2etg,2,180096,4.716348499629533,0.0,605.7079463085304
p2etg,2,180544,4.716348499629533,0.0,605.7079463085304
p2etg,2,180992,4.716348499629533,0.0,605.7079463085304
p2etg,2,181440,4.716348499629533,0.0,605.7079463085304
p2etg,2,181888,4.716348499629533,0.0,605.7079463085304
p2etg,2,182336,4.716348499629533,0.0,605.7079463085304
p2etg,2,182784,4.716348499629533,0.0,605.7079463085304
p2etg,2,183232,4.716348499629533,0.0,605.7079463085304
p2etg,2,183680,4.716348499629533,0.0,605.7079463085304
p2etg,2,184128,4.716348499629533,0.0,605.7079463085304
p2etg,2,184576,4.716348499629533,0.0,605.7079463085304
p2etg,2,185024,4.716348499629533,0.0,605.7079463085304
p2etg,2,185472,4.716348499629533,0.0,605.7079463085304
p2etg,2,185920,4.716348499629533,0.0,605.7079463085304
p2etg,2,186368,4.716348499629533,0.0,605.7079463085304
p2etg,2,186816,4.716348499629533,0.0,605.7079463085304
p2etg,2,187264,4.716348499629533,0.0,605.7079463085304
p2etg,2,187712,4.716348499629533,0.0,605.7079463085304
p2etg,2,188160,4.716348499629533,0.0,605.7079463085304
p2etg,2,188608,4.716348499629533,0.0,605.7079463085304
p2etg,2,189056,4.716348499629533,0.0,605.7079463085304
p2etg,2,189504,4.716348499629533,0.0,605.7079463085304
p2etg,2,189952,4.716348499629533,0.0,605.7079463085304
p2etg,2,190400,4.716348499629533,0.0,605.7079463085304
p2etg,2,190848,4.716348499629533,0.0,605.7079463085304
p2etg,2,191296,4.716348499629533,0.0,605.7079463085304
p2etg,2,191744,4.716348499629533,0.0,605.7079463085304
p2etg,2,192192,4.716348499629533,0.0,605.7079463085304
p2etg,2,192640,4.716348499629533,0.0,605.7079463085304
p2etg,2,193088,4.716348499629533,0.0,605.7079463085304
p2etg,2,193536,4.716348499629533,0.0,605.7079463085304
p2etg,2,193984,4.716348499629533,0.0,605.7079463085304
p2etg,2,194432,4.716348499629533,0.0,605.7079463085304
p2etg,2,194880,4.716348499629533,0.0,605.7079463085304
p2etg,2,195328,4.716348499629533,0.0,605.7079463085304
p2etg,2,195776,4.716348499629533,0.0,605.7079463085304
p2etg,2,196224,4.716348499629533,0.0,605.7079463085304
p2etg,2,196672,4.716348499629533,0.0,605.7079463085304
p2etg,2,197120,4.716348499629533,0.0,605.7079463085304
p2etg,2,197568,4.716348499629533,0.0,605.7079463085304
p2etg,2,198016,4.716348499629533,0.0,605.7079463085304
p2etg,2,198464,4.716348499629533,0.0,605.7079463085304
p2etg,2,198912,4.716348499629533,0.0,605.7079463085304
p2etg,2,199360,4.716348499629533,0.0,605.7079463085304
p2etg,2,199808,4.716348499629533,0.0,605.7079463085304
p2etg,2,200000,4.716348499629533,0.0,605.7079463085304
p2etg,3,448,4.733090126530768,0.0,0.0
p2etg,3,896,4.752727884864587,0.0,0.0
p2etg,3,1344,4.656044531350894,0.06030396827863971,13.508088894415295
p2etg,3,1792,4.77784101387465,0.0,27.01617778883059
p2etg,3,2240,4.77784101387465,0.0,27.01617778883059
p2etg,3,2688,4.739978043111983,0.0,27.01617778883059
p2etg,3,3136,4.739978043111983,0.0,27.01617778883059
p2etg,3,3584,4.739978043111983,0.0,27.01617778883059
p2etg,3,4032,4.739978043111983,0.0,27.01617778883059
p2etg,3,4480,4.739978043111983,0.0,27.01617778883059
p2etg,3,4928,4.739978043111983,0.0,27.01617778883059
p2etg,3,5376,4.739978043111983,0.0,27.01617778883059
p2etg,3,5824,4.723664652502161,0.0,27.01617778883059
p2etg,3,6272,4.723664652502161,0.0,27.01617778883059
p2etg,3,6720,4.77784101387465,0.0,27.01617778883059
p2etg,3,7168,4.77784101387465,0.0,27.01617778883059
p2etg,3,7616,4.77784101387465,0.0,27.01617778883059
p2etg,3,8064,4.77784101387465,0.0,27.01617778883059
p2etg,3,8512,4.77784101387465,0.0,27.01617778883059
p2etg,3,8960,4.77784101387465,0.0,27.01617778883059
p2etg,3,9408,4.77784101387465,0.0,27.01617778883059
p2etg,3,9856,4.77784101387465,0.0,27.01617778883059
p2etg,3,10304,4.77784101387465,0.0,27.01617778883059
p2etg,3,10752,4.77784101387465,0.0,27.01617778883059
p2etg,3,11200,4.77784101387465,0.0,27.01617778883059
p2etg,3,11648,4.754211470392199,0.0,27.01617778883059
p2etg,3,12096,4.754211470392199,0.0,27.01617778883059
p2etg,3,12544,4.754211470392199,0.0,27.01617778883059
p2etg,3,12992,4.716348499629533,0.0,27.01617778883059
p2etg,3,13440,4.716348499629533,0.0,27.01617778883059
p2etg,3,13888,4.754211470392199,0.0,27.01617778883059
p2etg,3,14336,4.754211470392199,0.0,27.01617778883059
p2etg,3,14784,4.77784101387465,0.0,27.01617778883059
p2etg,3,15232,4.77784101387465,0.0,27.01617778883059
p2etg,3,15680,4.77784101387465,0.0,27.01617778883059
p2etg,3,16128,4.77784101387465,0.0,27.01617778883059
p2etg,3,16576,4.754211470392199,0.0,27.01617778883059
p2etg,3,17024,4.754211470392199,0.0,27.01617778883059
p2etg,3,17472,4.754211470392199,0.0,27.01617778883059
p2etg,3,17920,4.754211470392199,0.0,27.01617778883059
p2etg,3,18368,4.739978043111983,0.0,27.01617778883059
p2etg,3,18816,4.739978043111983,0.0,27.01617778883059
p2etg,3,19264,4.739978043111983,0.0,27.01617778883059
p2etg,3,19712,4.739978043111983,0.0,27.01617778883059
p2etg,3,20160,4.739978043111983,0.0,27.01617778883059
p2etg,3,20608,4.716348499629533,0.0,27.01617778883059
p2etg,3,21056,4.739978043111983,0.0,27.01617778883059
p2etg,3,21504,4.739978043111983,0.0,27.01617778883059
p2etg,3,21952,4.739978043111983,0.0,27.01617778883059
p2etg,3,22400,4.739978043111983,0.0,27.01617778883059
p2etg,3,22848,4.695202087649749,0.021146411979784396,31.752974072302294
p2etg,3,23296,4.695202087649749,0.021146411979784396,41.2265666392457
p2etg,3,23744,4.695202087649749,0.021146411979784396,50.70015920618911
p2etg,3,24192,4.695202087649749,0.021146411979784396,60.17375177313252
p2etg,3,24640,4.695202087649749,0.021146411979784396,69.64734434007593
p2etg,3,25088,4.695202087649749,0.021146411979784396,79.12093690701934
p2etg,3,25536,4.695202087649749,0.021146411979784396,88.59452947396275
p2etg,3,25984,4.695202087649749,0.021146411979784396,98.06812204090616
p2etg,3,26432,4.695202087649749,0.021146411979784396,107.54171460784957
p2etg,3,26880,4.695202087649749,0.021146411979784396,117.01530717479298
p2etg,3,27328,4.695202087649749,0.021146411979784396,126.48889974173639
p2etg,3,27776,4.695202087649749,0.021146411979784396,135.9624923086798
p2etg,3,28224,4.695202087649749,0.021146411979784396,145.4360848756232
p2etg,3,28672,4.695202087649749,0.021146411979784396,154.90967744256662
p2etg,3,29120,4.695202087649749,0.021146411979784396,164.38327000951003
p2etg,3,29568,4.695202087649749,0.021146411979784396,173.85686257645344
p2etg,3,30016,4.695202087649749,0.021146411979784396,183.33045514339685
p2etg,3,30464,4.695202087649749,0.021146411979784396,192.80404771034026
p2etg,3,30912,4.695202087649749,0.021146411979784396,202.27764027728367
p2etg,3,31360,4.695202087649749,0.021146411979784396,211.75123284422708
p2etg,3,31808,4.695202087649749,0.021146411979784396,221.22482541117049
p2etg,3,32256,4.695202087649749,0.021146411979784396,230.6984179781139
p2etg,3,32704,4.695202087649749,0.021146411979784396,240.1720105450573
p2etg,3,33152,4.695202087649749,0.021146411979784396,249.6456031120007
p2etg,3,33600,4.695202087649749,0.021146411979784396,259.11919567894415
p2etg,3,34048,4.695202087649749,0.021146411979784396,268.59278824588756
p2etg,3,34496,4.695202087649749,0.021146411979784396,278.06638081283097
p2etg,3,34944,4.695202087649749,0.021146411979784396,287.5399733797744
p2etg,3,35392,4.695202087649749,0.021146411979784396,297.0135659467178
p2etg,3,35840,4.695202087649749,0.021146411979784396,306.4871585136612
p2etg,3,36288,4.739978043111983,0.0,311.22395479713293
p2etg,3,36736,4.695202087649749,0.021146411979784396,315.9607510806046
p2etg,3,37184,4.695202087649749,0.021146411979784396,325.434343647548
p2etg,3,37632,4.695202087649749,0.021146411979784396,334.90793621449143
p2etg,3,38080,4.739978043111983,0.0,339.6447324979631
p2etg,3,38528,4.739978043111983,0.0,339.6447324979631
p2etg,3,38976,4.739978043111983,0.0,339.6447324979631
p2etg,3,39424,4.739978043111983,0.0,339.6447324979631
p2etg,3,39872,4.739978043111983,0.0,339.6447324979631
p2etg,3,40320,4.739978043111983,0.0,339.6447324979631
p2etg,3,40768,4.739978043111983,0.0,339.6447324979631
p2etg,3,41216,4.739978043111983,0.0,339.6447324979631
p2etg,3,41664,4.739978043111983,0.0,339.6447324979631
p2etg,3,42112,4.739978043111983,0.0,339.6447324979631
p2etg,3,42560,4.739978043111983,0.0,339.6447324979631
p2etg,3,43008,4.739978043111983,0.0,339.6447324979631
p2etg,3,43456,4.739978043111983,0.0,339.6447324979631
p2etg,3,43904,4.739978043111983,0.0,339.6447324979631
p2etg,3,44352,4.739978043111983,0.0,339.6447324979631
p2etg,3,44800,4.739978043111983,0.0,339.6447324979631
p2etg,3,45248,4.739978043111983,0.0,339.6447324979631
p2etg,3,45696,4.739978043111983,0.0,339.6447324979631
p2etg,3,46144,4.739978043111983,0.0,339.6447324979631
p2etg,3,46592,4.739978043111983,0.0,339.6447324979631
p2etg,3,47040,4.739978043111983,0.0,339.6447324979631
p2etg,3,47488,4.739978043111983,0.0,339.6447324979631
p2etg,3,47936,4.739978043111983,0.0,339.6447324979631
p2etg,3,48384,4.739978043111983,0.0,339.6447324979631
p2etg,3,48832,4.739978043111983,0.0,339.6447324979631
p2etg,3,49280,4.739978043111983,0.0,339.6447324979631
p2etg,3,49728,4.739978043111983,0.0,339.6447324979631
p2etg,3,50176,4.739978043111983,0.0,339.6447324979631
p2etg,3,50624,4.739978043111983,0.0,339.6447324979631
p2etg,3,51072,4.739978043111983,0.0,339.6447324979631
p2etg,3,51520,4.739978043111983,0.0,339.6447324979631
p2etg,3,51968,4.739978043111983,0.0,339.6447324979631
p2etg,3,52416,4.739978043111983,0.0,339.6447324979631
p2etg,3,52864,4.739978043111983,0.0,339.6447324979631
p2etg,3,53312,4.739978043111983,0.0,339.6447324979631
p2etg,3,53760,4.739978043111983,0.0,339.6447324979631
p2etg,3,54208,4.739978043111983,0.0,339.6447324979631
p2etg,3,54656,4.739978043111983,0.0,339.6447324979631
p2etg,3,55104,4.739978043111983,0.0,339.6447324979631
p2etg,3,55552,4.739978043111983,0.0,339.6447324979631
p2etg,3,56000,4.739978043111983,0.0,339.6447324979631
p2etg,3,56448,4.739978043111983,0.0,339.6447324979631
p2etg,3,56896,4.739978043111983,0.0,339.6447324979631
p2etg,3,57344,4.739978043111983,0.0,339.6447324979631
p2etg,3,57792,4.739978043111983,0.0,339.6447324979631
p2etg,3,58240,4.739978043111983,0.0,339.6447324979631
p2etg,3,58688,4.739978043111983,0.0,339.6447324979631
p2etg,3,59136,4.739978043111983,0.0,339.6447324979631
p2etg,3,59584,4.739978043111983,0.0,339.6447324979631
p2etg,3,60032,4.739978043111983,0.0,339.6447324979631
p2etg,3,60480,4.739978043111983,0.0,339.6447324979631
p2etg,3,60928,4.739978043111983,0.0,339.6447324979631
p2etg,3,61376,4.739978043111983,0.0,339.6447324979631
p2etg,3,61824,4.739978043111983,0.0,339.6447324979631
p2etg,3,62272,4.739978043111983,0.0,339.6447324979631
p2etg,3,62720,4.739978043111983,0.0,339.6447324979631
p2etg,3,63168,4.739978043111983,0.0,339.6447324979631
p2etg,3,63616,4.739978043111983,0.0,339.6447324979631
p2etg,3,64064,4.739978043111983,0.0,339.6447324979631
p2etg,3,64512,4.739978043111983,0.0,339.6447324979631
p2etg,3,64960,4.739978043111983,0.0,339.6447324979631
p2etg,3,65408,4.739978043111983,0.0,339.6447324979631
p2etg,3,65856,4.739978043111983,0.0,339.6447324979631
p2etg,3,66304,4.739978043111983,0.0,339.6447324979631
p2etg,3,66752,4.739978043111983,0.0,339.6447324979631
p2etg,3,67200,4.739978043111983,0.0,339.6447324979631
p2etg,3,67648,4.739978043111983,0.0,339.6447324979631
p2etg,3,68096,4.739978043111983,0.0,339.6447324979631
p2etg,3,68544,4.739978043111983,0.0,339.6447324979631
p2etg,3,68992,4.739978043111983,0.0,339.6447324979631
p2etg,3,69440,4.739978043111983,0.0,339.6447324979631
p2etg,3,69888,4.739978043111983,0.0,339.6447324979631
p2etg,3,70336,4.739978043111983,0.0,339.6447324979631
p2etg,3,70784,4.739978043111983,0.0,339.6447324979631
p2etg,3,71232,4.739978043111983,0.0,339.6447324979631
p2etg,3,71680,4.739978043111983,0.0,339.6447324979631
p2etg,3,72128,4.739978043111983,0.0,339.6447324979631
p2etg,3,72576,4.739978043111983,0.0,339.6447324979631
p2etg,3,73024,4.739978043111983,0.0,339.6447324979631
p2etg,3,73472,4.739978043111983,0.0,339.6447324979631
p2etg,3,73920,4.739978043111983,0.0,339.6447324979631
p2etg,3,74368,4.739978043111983,0.0,339.6447324979631
p2etg,3,74816,4.739978043111983,0.0,339.6447324979631
p2etg,3,75264,4.739978043111983,0.0,339.6447324979631
p2etg,3,75712,4.739978043111983,0.0,339.6447324979631
p2etg,3,76160,4.739978043111983,0.0,339.6447324979631
p2etg,3,76608,4.739978043111983,0.0,339.6447324979631
p2etg,3,77056,4.739978043111983,0.0,339.6447324979631
p2etg,3,77504,4.739978043111983,0.0,339.6447324979631
p2etg,3,77952,4.739978043111983,0.0,339.6447324979631
p2etg,3,78400,4.739978043111983,0.0,339.6447324979631
p2etg,3,78848,4.739978043111983,0.0,339.6447324979631
p2etg,3,79296,4.739978043111983,0.0,339.6447324979631
p2etg,3,79744,4.739978043111983,0.0,339.6447324979631
p2etg,3,80192,4.739978043111983,0.0,339.6447324979631
p2etg,3,80640,4.739978043111983,0.0,339.6447324979631
p2etg,3,81088,4.739978043111983,0.0,339.6447324979631
p2etg,3,81536,4.739978043111983,0.0,339.6447324979631
p2etg,3,81984,4.739978043111983,0.0,339.6447324979631
p2etg,3,82432,4.739978043111983,0.0,339.6447324979631
p2etg,3,82880,4.739978043111983,0.0,339.6447324979631
p2etg,3,83328,4.739978043111983,0.0,339.6447324979631
p2etg,3,83776,4.739978043111983,0.0,339.6447324979631
p2etg,3,84224,4.739978043111983,0.0,339.6447324979631
p2etg,3,84672,4.739978043111983,0.0,339.6447324979631
p2etg,3,85120,4.739978043111983,0.0,339.6447324979631
p2etg,3,85568,4.739978043111983,0.0,339.6447324979631
p2etg,3,86016,4.739978043111983,0.0,339.6447324979631
p2etg,3,86464,4.739978043111983,0.0,339.6447324979631
p2etg,3,86912,4.739978043111983,0.0,339.6447324979631
p2etg,3,87360,4.739978043111983,0.0,339.6447324979631
p2etg,3,87808,4.739978043111983,0.0,339.6447324979631
p2etg,3,88256,4.739978043111983,0.0,339.6447324979631
p2etg,3,88704,4.739978043111983,0.0,339.6447324979631
p2etg,3,89152,4.739978043111983,0.0,339.6447324979631
p2etg,3,89600,4.739978043111983,0.0,339.6447324979631
p2etg,3,90048,4.739978043111983,0.0,339.6447324979631
p2etg,3,90496,4.739978043111983,0.0,339.6447324979631
p2etg,3,90944,4.739978043111983,0.0,339.6447324979631
p2etg,3,91392,4.739978043111983,0.0,339.6447324979631
p2etg,3,91840,4.739978043111983,0.0,339.6447324979631
p2etg,3,92288,4.739978043111983,0.0,339.6447324979631
p2etg,3,92736,4.739978043111983,0.0,339.6447324979631
p2etg,3,93184,4.739978043111983,0.0,339.6447324979631
p2etg,3,93632,4.739978043111983,0.0,339.6447324979631
p2etg,3,94080,4.739978043111983,0.0,339.6447324979631
p2etg,3,94528,4.739978043111983,0.0,339.6447324979631
p2etg,3,94976,4.739978043111983,0.0,339.6447324979631
p2etg,3,95424,4.739978043111983,0.0,339.6447324979631
p2etg,3,95872,4.739978043111983,0.0,339.6447324979631
p2etg,3,96320,4.739978043111983,0.0,339.6447324979631
p2etg,3,96768,4.739978043111983,0.0,339.6447324979631
p2etg,3,97216,4.739978043111983,0.0,339.6447324979631
p2etg,3,97664,4.739978043111983,0.0,339.6447324979631
p2etg,3,98112,4.739978043111983,0.0,339.6447324979631
p2etg,3,98560,4.739978043111983,0.0,339.6447324979631
p2etg,3,99008,4.739978043111983,0.0,339.6447324979631
p2etg,3,99456,4.739978043111983,0.0,339.6447324979631
p2etg,3,99904,4.739978043111983,0.0,339.6447324979631
p2etg,3,100352,4.739978043111983,0.0,339.6447324979631
p2etg,3,100800,4.739978043111983,0.0,339.6447324979631
p2etg,3,101248,4.716348499629533,0.0,339.6447324979631
p2etg,3,101696,4.716348499629533,0.0,339.6447324979631
p2etg,3,102144,4.716348499629533,0.0,339.6447324979631
p2etg,3,102592,4.716348499629533,0.0,339.6447324979631
p2etg,3,103040,4.716348499629533,0.0,339.6447324979631
p2etg,3,103488,4.716348499629533,0.0,339.6447324979631
p2etg,3,103936,4.716348499629533,0.0,339.6447324979631
p2etg,3,104384,4.716348499629533,0.0,339.6447324979631
p2etg,3,104832,4.716348499629533,0.0,339.6447324979631
p2etg,3,105280,4.716348499629533,0.0,339.6447324979631
p2etg,3,105728,4.716348499629533,0.0,339.6447324979631
p2etg,3,106176,4.716348499629533,0.0,339.6447324979631
p2etg,3,106624,4.716348499629533,0.0,339.6447324979631
p2etg,3,107072,4.716348499629533,0.0,339.6447324979631
p2etg,3,107520,4.716348499629533,0.0,339.6447324979631
p2etg,3,107968,4.716348499629533,0.0,339.6447324979631
p2etg,3,108416,4.716348499629533,0.0,339.6447324979631
p2etg,3,108864,4.716348499629533,0.0,339.6447324979631
p2etg,3,109312,4.716348499629533,0.0,339.6447324979631
p2etg,3,109760,4.716348499629533,0.0,339.6447324979631
p2etg,3,110208,4.716348499629533,0.0,339.6447324979631
p2etg,3,110656,4.716348499629533,0.0,339.6447324979631
p2etg,3,111104,4.716348499629533,0.0,339.6447324979631
p2etg,3,111552,4.716348499629533,0.0,339.6447324979631
p2etg,3,112000,4.716348499629533,0.0,339.6447324979631
p2etg,3,112448,4.716348499629533,0.0,339.6447324979631
p2etg,3,112896,4.716348499629533,0.0,339.6447324979631
p2etg,3,113344,4.716348499629533,0.0,339.6447324979631
p2etg,3,113792,4.716348499629533,0.0,339.6447324979631
p2etg,3,114240,4.716348499629533,0.0,339.6447324979631
p2etg,3,114688,4.716348499629533,0.0,339.6447324979631
p2etg,3,115136,4.716348499629533,0.0,339.6447324979631
p2etg,3,115584,4.716348499629533,0.0,339.6447324979631
p2etg,3,116032,4.716348499629533,0.0,339.6447324979631
p2etg,3,116480,4.716348499629533,0.0,339.6447324979631
p2etg,3,116928,4.716348499629533,0.0,339.6447324979631
p2etg,3,117376,4.716348499629533,0.0,339.6447324979631
p2etg,3,117824,4.716348499629533,0.0,339.6447324979631
p2etg,3,118272,4.716348499629533,0.0,339.6447324979631
p2etg,3,118720,4.716348499629533,0.0,339.6447324979631
p2etg,3,119168,4.716348499629533,0.0,339.6447324979631
p2etg,3,119616,4.716348499629533,0.0,339.6447324979631
p2etg,3,120064,4.716348499629533,0.0,339.6447324979631
p2etg,3,120512,4.716348499629533,0.0,339.6447324979631
p2etg,3,120960,4.716348499629533,0.0,339.6447324979631
p2etg,3,121408,4.716348499629533,0.0,339.6447324979631
p2etg,3,121856,4.716348499629533,0.0,339.6447324979631
p2etg,3,122304,4.716348499629533,0.0,339.6447324979631
p2etg,3,122752,4.716348499629533,0.0,339.6447324979631
p2etg,3,123200,4.716348499629533,0.0,339.6447324979631
p2etg,3,123648,4.716348499629533,0.0,339.6447324979631
p2etg,3,124096,4.716348499629533,0.0,339.6447324979631
p2etg,3,124544,4.716348499629533,0.0,339.6447324979631
p2etg,3,124992,4.716348499629533,0.0,339.6447324979631
p2etg,3,125440,4.716348499629533,0.0,339.6447324979631
p2etg,3,125888,4.716348499629533,0.0,339.6447324979631
p2etg,3,126336,4.716348499629533,0.0,339.6447324979631
p2etg,3,126784,4.716348499629533,0.0,339.6447324979631
p2etg,3,127232,4.716348499629533,0.0,339.6447324979631
p2etg,3,127680,4.716348499629533,0.0,339.6447324979631
p2etg,3,128128,4.716348499629533,0.0,339.6447324979631
p2etg,3,128576,4.716348499629533,0.0,339.6447324979631
p2etg,3,129024,4.716348499629533,0.0,339.6447324979631
p2etg,3,129472,4.716348499629533,0.0,339.6447324979631
p2etg,3,129920,4.716348499629533,0.0,339.6447324979631
p2etg,3,130368,4.716348499629533,0.0,339.6447324979631
p2etg,3,130816,4.716348499629533,0.0,339.6447324979631
p2etg,3,131264,4.716348499629533,0.0,339.6447324979631
p2etg,3,131712,4.716348499629533,0.0,339.6447324979631
p2etg,3,132160,4.716348499629533,0.0,339.6447324979631
p2etg,3,132608,4.716348499629533,0.0,339.6447324979631
p2etg,3,133056,4.716348499629533,0.0,339.6447324979631
p2etg,3,133504,4.716348499629533,0.0,339.6447324979631
p2etg,3,133952,4.716348499629533,0.0,339.6447324979631
p2etg,3,134400,4.716348499629533,0.0,339.6447324979631
p2etg,3,134848,4.716348499629533,0.0,339.6447324979631
p2etg,3,135296,4.716348499629533,0.0,339.6447324979631
p2etg,3,135744,4.716348499629533,0.0,339.6447324979631
p2etg,3,136192,4.716348499629533,0.0,339.6447324979631
p2etg,3,136640,4.716348499629533,0.0,339.6447324979631
p2etg,3,137088,4.716348499629533,0.0,339.6447324979631
p2etg,3,137536,4.716348499629533,0.0,339.6447324979631
p2etg,3,137984,4.716348499629533,0.0,339.6447324979631
p2etg,3,138432,4.716348499629533,0.0,339.6447324979631
p2etg,3,138880,4.716348499629533,0.0,339.6447324979631
p2etg,3,139328,4.716348499629533,0.0,339.6447324979631
p2etg,3,139776,4.716348499629533,0.0,339.6447324979631
p2etg,3,140224,4.716348499629533,0.0,339.6447324979631
p2etg,3,140672,4.716348499629533,0.0,339.6447324979631
p2etg,3,141120,4.716348499629533,0.0,339.6447324979631
p2etg,3,141568,4.716348499629533,0.0,339.6447324979631
p2etg,3,142016,4.716348499629533,0.0,339.6447324979631
p2etg,3,142464,4.716348499629533,0.0,339.6447324979631
p2etg,3,142912,4.716348499629533,0.0,339.6447324979631
p2etg,3,143360,4.716348499629533,0.0,339.6447324979631
p2etg,3,143808,4.716348499629533,0.0,339.6447324979631
p2etg,3,144256,4.716348499629533,0.0,339.6447324979631
p2etg,3,144704,4.716348499629533,0.0,339.6447324979631
p2etg,3,145152,4.716348499629533,0.0,339.6447324979631
p2etg,3,145600,4.716348499629533,0.0,339.6447324979631
p2etg,3,146048,4.716348499629533,0.0,339.6447324979631
p2etg,3,146496,4.716348499629533,0.0,339.6447324979631
p2etg,3,146944,4.716348499629533,0.0,339.6447324979631
p2etg,3,147392,4.716348499629533,0.0,339.6447324979631
p2etg,3,147840,4.716348499629533,0.0,339.6447324979631
p2etg,3,148288,4.716348499629533,0.0,339.6447324979631
p2etg,3,148736,4.716348499629533,0.0,339.6447324979631
p2etg,3,149184,4.716348499629533,0.0,339.6447324979631
p2etg,3,149632,4.716348499629533,0.0,339.6447324979631
p2etg,3,150080,4.716348499629533,0.0,339.6447324979631
p2etg,3,150528,4.716348499629533,0.0,339.6447324979631
p2etg,3,150976,4.716348499629533,0.0,339.6447324979631
p2etg,3,151424,4.716348499629533,0.0,339.6447324979631
p2etg,3,151872,4.716348499629533,0.0,339.6447324979631
p2etg,3,152320,4.716348499629533,0.0,339.6447324979631
p2etg,3,152768,4.716348499629533,0.0,339.6447324979631
p2etg,3,153216,4.716348499629533,0.0,339.6447324979631
p2etg,3,153664,4.716348499629533,0.0,339.6447324979631
p2etg,3,154112,4.716348499629533,0.0,339.6447324979631
p2etg,3,154560,4.716348499629533,0.0,339.6447324979631
p2etg,3,155008,4.716348499629533,0.0,339.6447324979631
p2etg,3,155456,4.716348499629533,0.0,339.6447324979631
p2etg,3,155904,4.716348499629533,0.0,339.6447324979631
p2etg,3,156352,4.716348499629533,0.0,339.6447324979631
p2etg,3,156800,4.716348499629533,0.0,339.6447324979631
p2etg,3,157248,4.716348499629533,0.0,339.6447324979631
p2etg,3,157696,4.716348499629533,0.0,339.6447324979631
p2etg,3,158144,4.716348499629533,0.0,339.6447324979631
p2etg,3,158592,4.716348499629533,0.0,339.6447324979631
p2etg,3,159040,4.716348499629533,0.0,339.6447324979631
p2etg,3,159488,4.716348499629533,0.0,339.6447324979631
p2etg,3,159936,4.716348499629533,0.0,339.6447324979631
p2etg,3,160384,4.716348499629533,0.0,339.6447324979631
p2etg,3,160832,4.716348499629533,0.0,339.6447324979631
p2etg,3,161280,4.716348499629533,0.0,339.6447324979631
p2etg,3,161728,4.716348499629533,0.0,339.6447324979631
p2etg,3,162176,4.716348499629533,0.0,339.6447324979631
p2etg,3,162624,4.716348499629533,0.0,339.6447324979631
p2etg,3,163072,4.716348499629533,0.0,339.6447324979631
p2etg,3,163520,4.716348499629533,0.0,339.6447324979631
p2etg,3,163968,4.716348499629533,0.0,339.6447324979631
p2etg,3,164416,4.716348499629533,0.0,339.6447324979631
p2etg,3,164864,4.716348499629533,0.0,339.6447324979631
p2etg,3,165312,4.716348499629533,0.0,339.6447324979631
p2etg,3,165760,4.716348499629533,0.0,339.6447324979631
p2etg,3,166208,4.716348499629533,0.0,339.6447324979631
p2etg,3,166656,4.716348499629533,0.0,339.6447324979631
p2etg,3,167104,4.716348499629533,0.0,339.6447324979631
p2etg,3,167552,4.716348499629533,0.0,339.6447324979631
p2etg,3,168000,4.716348499629533,0.0,339.6447324979631
p2etg,3,168448,4.716348499629533,0.0,339.6447324979631
p2etg,3,168896,4.716348499629533,0.0,339.6447324979631
p2etg,3,169344,4.716348499629533,0.0,339.6447324979631
p2etg,3,169792,4.716348499629533,0.0,339.6447324979631
p2etg,3,170240,4.716348499629533,0.0,339.6447324979631
p2etg,3,170688,4.716348499629533,0.0,339.6447324979631
p2etg,3,171136,4.716348499629533,0.0,339.6447324979631
p2etg,3,171584,4.716348499629533,0.0,339.6447324979631
p2etg,3,172032,4.716348499629533,0.0,339.6447324979631
p2etg,3,172480,4.716348499629533,0.0,339.6447324979631
p2etg,3,172928,4.716348499629533,0.0,339.6447324979631
p2etg,3,173376,4.716348499629533,0.0,339.6447324979631
p2etg,3,173824,4.716348499629533,0.0,339.6447324979631
p2etg,3,174272,4.716348499629533,0.0,339.6447324979631
p2etg,3,174720,4.716348499629533,0.0,339.6447324979631
p2etg,3,175168,4.716348499629533,0.0,339.6447324979631
p2etg,3,175616,4.716348499629533,0.0,339.6447324979631
p2etg,3,176064,4.716348499629533,0.0,339.6447324979631
p2etg,3,176512,4.716348499629533,0.0,339.6447324979631
p2etg,3,176960,4.716348499629533,0.0,339.6447324979631
p2etg,3,177408,4.716348499629533,0.0,339.6447324979631
p2etg,3,177856,4.716348499629533,0.0,339.6447324979631
p2etg,3,178304,4.716348499629533,0.0,339.6447324979631
p2etg,3,178752,4.716348499629533,0.0,339.6447324979631
p2etg,3,179200,4.716348499629533,0.0,339.6447324979631
p2etg,3,179648,4.716348499629533,0.0,339.6447324979631
p2etg,3,180096,4.716348499629533,0.0,339.6447324979631
p2etg,3,180544,4.716348499629533,0.0,339.6447324979631
p2etg,3,180992,4.716348499629533,0.0,339.6447324979631
p2etg,3,181440,4.716348499629533,0.0,339.6447324979631
p2etg,3,181888,4.716348499629533,0.0,339.6447324979631
p2etg,3,182336,4.716348499629533,0.0,339.6447324979631
p2etg,3,182784,4.716348499629533,0.0,339.6447324979631
p2etg,3,183232,4.716348499629533,0.0,339.6447324979631
p2etg,3,183680,4.716348499629533,0.0,339.6447324979631
p2etg,3,184128,4.716348499629533,0.0,339.6447324979631
p2etg,3,184576,4.716348499629533,0.0,339.6447324979631
p2etg,3,185024,4.716348499629533,0.0,339.6447324979631
p2etg,3,185472,4.716348499629533,0.0,339.6447324979631
p2etg,3,185920,4.716348499629533,0.0,339.6447324979631
p2etg,3,186368,4.716348499629533,0.0,339.6447324979631
p2etg,3,186816,4.716348499629533,0.0,339.6447324979631
p2etg,3,187264,4.716348499629533,0.0,339.6447324979631
p2etg,3,187712,4.716348499629533,0.0,339.6447324979631
p2etg,3,188160,4.716348499629533,0.0,339.6447324979631
p2etg,3,188608,4.716348499629533,0.0,339.6447324979631
p2etg,3,189056,4.716348499629533,0.0,339.6447324979631
p2etg,3,189504,4.716348499629533,0.0,339.6447324979631
p2etg,3,189952,4.716348499629533,0.0,339.6447324979631
p2etg,3,190400,4.716348499629533,0.0,339.6447324979631
p2etg,3,190848,4.716348499629533,0.0,339.6447324979631
p2etg,3,191296,4.716348499629533,0.0,339.6447324979631
p2etg,3,191744,4.716348499629533,0.0,339.6447324979631
p2etg,3,192192,4.716348499629533,0.0,339.6447324979631
p2etg,3,192640,4.716348499629533,0.0,339.6447324979631
p2etg,3,193088,4.716348499629533,0.0,339.6447324979631
p2etg,3,193536,4.716348499629533,0.0,339.6447324979631
p2etg,3,193984,4.716348499629533,0.0,339.6447324979631
p2etg,3,194432,4.716348499629533,0.0,339.6447324979631
p2etg,3,194880,4.716348499629533,0.0,339.6447324979631
p2etg,3,195328,4.716348499629533,0.0,339.6447324979631
p2etg,3,195776,4.716348499629533,0.0,339.6447324979631
p2etg,3,196224,4.716348499629533,0.0,339.6447324979631
p2etg,3,196672,4.716348499629533,0.0,339.6447324979631
p2etg,3,197120,4.716348499629533,0.0,339.6447324979631
p2etg,3,197568,4.716348499629533,0.0,339.6447324979631
p2etg,3,198016,4.716348499629533,0.0,339.6447324979631
p2etg,3,198464,4.716348499629533,0.0,339.6447324979631
p2etg,3,198912,4.716348499629533,0.0,339.6447324979631
p2etg,3,199360,4.716348499629533,0.0,339.6447324979631
p2etg,3,199808,4.716348499629533,0.0,339.6447324979631
p2etg,3,200000,4.716348499629533,0.0,339.6447324979631
p2etg,4,448,4.656286936572653,0.060061563056880374,26.907580249482407
p2etg,4,896,4.785224850875711,0.0,40.36137037422361
p2etg,4,1344,4.659787906907708,0.056560592721825564,53.03094314391254
p2etg,4,1792,4.724720098248388,0.0,65.70051591360146
p2etg,4,2240,4.724720098248388,0.0,65.70051591360146
p2etg,4,2688,4.790164193760616,0.0,65.70051591360146
p2etg,4,3136,4.639507256303279,0.0768412433262542,82.9129544186824
p2etg,4,3584,4.7299976448333325,0.0,100.12539292376334
p2etg,4,4032,4.598859993968795,0.11748850566073799,126.44281819176865
p2etg,4,4480,4.598859993968795,0.11748850566073799,179.07766872777927
p2etg,4,4928,4.575230450486345,0.1411180491431887,237.00553700385885
p2etg,4,5376,4.575230450486345,0.1411180491431887,300.22642302000736
p2etg,4,5824,4.791579027584541,0.0,331.83686602808166
p2etg,4,6272,4.791579027584541,0.0,331.83686602808166
p2etg,4,6720,4.791579027584541,0.0,331.83686602808166
p2etg,4,7168,4.815208571066993,0.0,331.83686602808166
p2etg,4,7616,4.815208571066993,0.0,331.83686602808166
p2etg,4,8064,4.815208571066993,0.0,331.83686602808166
p2etg,4,8512,4.782950571735006,0.0,331.83686602808166
p2etg,4,8960,4.782950571735006,0.0,331.83686602808166
p2etg,4,9408,4.867053971577118,0.0,331.83686602808166
p2etg,4,9856,4.867053971577118,0.0,331.83686602808166
p2etg,4,10304,4.815208571066993,0.0,331.83686602808166
p2etg,4,10752,4.790164193760616,0.0,331.83686602808166
p2etg,4,11200,4.790164193760616,0.0,331.83686602808166
p2etg,4,11648,4.790164193760616,0.0,331.83686602808166
p2etg,4,12096,4.790164193760616,0.0,331.83686602808166
p2etg,4,12544,4.780063749316171,0.0,331.83686602808166
p2etg,4,12992,4.780063749316171,0.0,331.83686602808166
p2etg,4,13440,4.791579027584541,0.0,331.83686602808166
p2etg,4,13888,4.791579027584541,0.0,331.83686602808166
p2etg,4,14336,4.791579027584541,0.0,331.83686602808166
p2etg,4,14784,4.780063749316171,0.0,331.83686602808166
p2etg,4,15232,4.780063749316171,0.0,331.83686602808166
p2etg,4,15680,4.780063749316171,0.0,331.83686602808166
p2etg,4,16128,4.780063749316171,0.0,331.83686602808166
p2etg,4,16576,4.734700496527038,0.0,331.83686602808166
p2etg,4,17024,4.734700496527038,0.0,331.83686602808166
p2etg,4,17472,4.734700496527038,0.0,331.83686602808166
p2etg,4,17920,4.734700496527038,0.0,331.83686602808166
p2etg,4,18368,4.734700496527038,0.0,331.83686602808166
p2etg,4,18816,4.709671622160669,0.006676877468864362,333.3324865811073
p2etg,4,19264,4.709671622160669,0.006676877468864362,336.3237276871585
p2etg,4,19712,4.734700496527038,0.0,337.8193482401841
p2etg,4,20160,4.734700496527038,0.0,337.8193482401841
p2etg,4,20608,4.734700496527038,0.0,337.8193482401841
p2etg,4,21056,4.734700496527038,0.0,337.8193482401841
p2etg,4,21504,4.734700496527038,0.0,337.8193482401841
p2etg,4,21952,4.734700496527038,0.0,337.8193482401841
p2etg,4,22400,4.734700496527038,0.0,337.8193482401841
p2etg,4,22848,4.734700496527038,0.0,337.8193482401841
p2etg,4,23296,4.734700496527038,0.0,337.8193482401841
p2etg,4,23744,4.734700496527038,0.0,337.8193482401841
p2etg,4,24192,4.734700496527038,0.0,337.8193482401841
p2etg,4,24640,4.734700496527038,0.0,337.8193482401841
p2etg,4,25088,4.695202087649749,0.021146411979784396,342.5561445236558
p2etg,4,25536,4.695202087649749,0.021146411979784396,352.0297370905992
p2etg,4,25984,4.695202087649749,0.021146411979784396,361.5033296575426
p2etg,4,26432,4.695202087649749,0.021146411979784396,370.97692222448603
p2etg,4,26880,4.695202087649749,0.021146411979784396,380.45051479142944
p2etg,4,27328,4.695202087649749,0.021146411979784396,389.92410735837285
p2etg,4,27776,4.695202087649749,0.021146411979784396,399.39769992531626
p2etg,4,28224,4.695202087649749,0.021146411979784396,408.87129249225967
p2etg,4,28672,4.695202087649749,0.021146411979784396,418.3448850592031
p2etg,4,29120,4.695202087649749,0.021146411979784396,427.8184776261465
p2etg,4,29568,4.695202087649749,0.021146411979784396,437.2920701930899
p2etg,4,30016,4.695202087649749,0.021146411979784396,446.7656627600333
p2etg,4,30464,4.695202087649749,0.021146411979784396,456.2392553269767
p2etg,4,30912,4.695202087649749,0.021146411979784396,465.7128478939201
p2etg,4,31360,4.695202087649749,0.021146411979784396,475.18644046086354
p2etg,4,31808,4.695202087649749,0.021146411979784396,484.66003302780695
p2etg,4,32256,4.695202087649749,0.021146411979784396,494.13362559475036
p2etg,4,32704,4.782950571735006,0.0,498.87042187822203
p2etg,4,33152,4.782950571735006,0.0,498.87042187822203
p2etg,4,33600,4.782950571735006,0.0,498.87042187822203
p2etg,4,34048,4.782950571735006,0.0,498.87042187822203
p2etg,4,34496,4.695202087649749,0.021146411979784396,503.6072181616937
p2etg,4,34944,4.695202087649749,0.021146411979784396,513.0808107286371
p2etg,4,35392,4.695202087649749,0.021146411979784396,522.5544032955804
p2etg,4,35840,4.695202087649749,0.021146411979784396,532.0279958625238
p2etg,4,36288,4.695202087649749,0.021146411979784396,541.5015884294671
p2etg,4,36736,4.695202087649749,0.021146411979784396,550.9751809964105
p2etg,4,37184,4.695202087649749,0.021146411979784396,560.4487735633538
p2etg,4,37632,4.695202087649749,0.021146411979784396,569.9223661302972
p2etg,4,38080,4.695202087649749,0.021146411979784396,579.3959586972405
p2etg,4,38528,4.695202087649749,0.021146411979784396,588.8695512641839
p2etg,4,38976,4.739978043111983,0.0,593.6063475476556
p2etg,4,39424,4.739978043111983,0.0,593.6063475476556
p2etg,4,39872,4.739978043111983,0.0,593.6063475476556
p2etg,4,40320,4.739978043111983,0.0,593.6063475476556
p2etg,4,40768,4.739978043111983,0.0,593.6063475476556
p2etg,4,41216,4.739978043111983,0.0,593.6063475476556
p2etg,4,41664,4.739978043111983,0.0,593.6063475476556
p2etg,4,42112,4.739978043111983,0.0,593.6063475476556
p2etg,4,42560,4.739978043111983,0.0,593.6063475476556
p2etg,4,43008,4.739978043111983,0.0,593.6063475476556
p2etg,4,43456,4.739978043111983,0.0,593.6063475476556
p2etg,4,43904,4.739978043111983,0.0,593.6063475476556
p2etg,4,44352,4.739978043111983,0.0,593.6063475476556
p2etg,4,44800,4.739978043111983,0.0,593.6063475476556
p2etg,4,45248,4.739978043111983,0.0,593.6063475476556
p2etg,4,45696,4.739978043111983,0.0,593.6063475476556
p2etg,4,46144,4.739978043111983,0.0,593.6063475476556
p2etg,4,46592,4.739978043111983,0.0,593.6063475476556
p2etg,4,47040,4.739978043111983,0.0,593.6063475476556
p2etg,4,47488,4.739978043111983,0.0,593.6063475476556
p2etg,4,47936,4.739978043111983,0.0,593.6063475476556
p2etg,4,48384,4.739978043111983,0.0,593.6063475476556
p2etg,4,48832,4.739978043111983,0.0,593.6063475476556
p2etg,4,49280,4.739978043111983,0.0,593.6063475476556
p2etg,4,49728,4.739978043111983,0.0,593.6063475476556
p2etg,4,50176,4.695202087649749,0.021146411979784396,598.3431438311272
p2etg,4,50624,4.695202087649749,0.021146411979784396,607.8167363980706
p2etg,4,51072,4.695202087649749,0.021146411979784396,617.2903289650139
p2etg,4,51520,4.695202087649749,0.021146411979784396,626.7639215319573
p2etg,4,51968,4.695202087649749,0.021146411979784396,636.2375140989006
p2etg,4,52416,4.716348499629533,0.0,640.9743103823723
p2etg,4,52864,4.716348499629533,0.0,640.9743103823723
p2etg,4,53312,4.716348499629533,0.0,640.9743103823723
p2etg,4,53760,4.716348499629533,0.0,640.9743103823723
p2etg,4,54208,4.716348499629533,0.0,640.9743103823723
p2etg,4,54656,4.716348499629533,0.0,640.9743103823723
p2etg,4,55104,4.716348499629533,0.0,640.9743103823723
p2etg,4,55552,4.716348499629533,0.0,640.9743103823723
p2etg,4,56000,4.716348499629533,0.0,640.9743103823723
p2etg,4,56448,4.716348499629533,0.0,640.9743103823723
p2etg,4,56896,4.716348499629533,0.0,640.9743103823723
p2etg,4,57344,4.716348499629533,0.0,640.9743103823723
p2etg,4,57792,4.716348499629533,0.0,640.9743103823723
p2etg,4,58240,4.716348499629533,0.0,640.9743103823723
p2etg,4,58688,4.716348499629533,0.0,640.9743103823723
p2etg,4,59136,4.716348499629533,0.0,640.9743103823723
p2etg,4,59584,4.716348499629533,0.0,640.9743103823723
p2etg,4,60032,4.716348499629533,0.0,640.9743103823723
p2etg,4,60480,4.716348499629533,0.0,640.9743103823723
p2etg,4,60928,4.716348499629533,0.0,640.9743103823723
p2etg,4,61376,4.716348499629533,0.0,640.9743103823723
p2etg,4,61824,4.716348499629533,0.0,640.9743103823723
p2etg,4,62272,4.716348499629533,0.0,640.9743103823723
p2etg,4,62720,4.716348499629533,0.0,640.9743103823723
p2etg,4,63168,4.716348499629533,0.0,640.9743103823723
p2etg,4,63616,4.716348499629533,0.0,640.9743103823723
p2etg,4,64064,4.716348499629533,0.0,640.9743103823723
p2etg,4,64512,4.716348499629533,0.0,640.9743103823723
p2etg,4,64960,4.716348499629533,0.0,640.9743103823723
p2etg,4,65408,4.716348499629533,0.0,640.9743103823723
p2etg,4,65856,4.716348499629533,0.0,640.9743103823723
p2etg,4,66304,4.716348499629533,0.0,640.9743103823723
p2etg,4,66752,4.716348499629533,0.0,640.9743103823723
p2etg,4,67200,4.716348499629533,0.0,640.9743103823723
p2etg,4,67648,4.716348499629533,0.0,640.9743103823723
p2etg,4,68096,4.716348499629533,0.0,640.9743103823723
p2etg,4,68544,4.716348499629533,0.0,640.9743103823723
p2etg,4,68992,4.716348499629533,0.0,640.9743103823723
p2etg,4,69440,4.716348499629533,0.0,640.9743103823723
p2etg,4,69888,4.716348499629533,0.0,640.9743103823723
p2etg,4,70336,4.716348499629533,0.0,640.9743103823723
p2etg,4,70784,4.716348499629533,0.0,640.9743103823723
p2etg,4,71232,4.716348499629533,0.0,640.9743103823723
p2etg,4,71680,4.716348499629533,0.0,640.9743103823723
p2etg,4,72128,4.716348499629533,0.0,640.9743103823723
p2etg,4,72576,4.716348499629533,0.0,640.9743103823723
p2etg,4,73024,4.716348499629533,0.0,640.9743103823723
p2etg,4,73472,4.716348499629533,0.0,640.9743103823723
p2etg,4,73920,4.716348499629533,0.0,640.9743103823723
p2etg,4,74368,4.716348499629533,0.0,640.9743103823723
p2etg,4,74816,4.716348499629533,0.0,640.9743103823723
p2etg,4,75264,4.716348499629533,0.0,640.9743103823723
p2etg,4,75712,4.716348499629533,0.0,640.9743103823723
p2etg,4,76160,4.716348499629533,0.0,640.9743103823723
p2etg,4,76608,4.716348499629533,0.0,640.9743103823723
p2etg,4,77056,4.716348499629533,0.0,640.9743103823723
p2etg,4,77504,4.716348499629533,0.0,640.9743103823723
p2etg,4,77952,4.716348499629533,0.0,640.9743103823723
p2etg,4,78400,4.716348499629533,0.0,640.9743103823723
p2etg,4,78848,4.716348499629533,0.0,640.9743103823723
p2etg,4,79296,4.716348499629533,0.0,640.9743103823723
p2etg,4,79744,4.716348499629533,0.0,640.9743103823723
p2etg,4,80192,4.716348499629533,0.0,640.9743103823723
p2etg,4,80640,4.716348499629533,0.0,640.9743103823723
p2etg,4,81088,4.716348499629533,0.0,640.9743103823723
p2etg,4,81536,4.716348499629533,0.0,640.9743103823723
p2etg,4,81984,4.716348499629533,0.0,640.9743103823723
p2etg,4,82432,4.716348499629533,0.0,640.9743103823723
p2etg,4,82880,4.695202087649749,0.021146411979784396,645.711106665844
p2etg,4,83328,4.695202087649749,0.021146411979784396,655.1846992327874
p2etg,4,83776,4.695202087649749,0.021146411979784396,664.6582917997307
p2etg,4,84224,4.695202087649749,0.021146411979784396,674.1318843666741
p2etg,4,84672,4.695202087649749,0.021146411979784396,683.6054769336174
p2etg,4,85120,4.695202087649749,0.021146411979784396,693.0790695005608
p2etg,4,85568,4.695202087649749,0.021146411979784396,702.5526620675041
p2etg,4,86016,4.695202087649749,0.021146411979784396,712.0262546344475
p2etg,4,86464,4.695202087649749,0.021146411979784396,721.4998472013908
p2etg,4,86912,4.695202087649749,0.021146411979784396,730.9734397683342
p2etg,4,87360,4.695202087649749,0.021146411979784396,740.4470323352775
p2etg,4,87808,4.695202087649749,0.021146411979784396,749.9206249022209
p2etg,4,88256,4.695202087649749,0.021146411979784396,759.3942174691642
p2etg,4,88704,4.695202087649749,0.021146411979784396,768.8678100361076
p2etg,4,89152,4.695202087649749,0.021146411979784396,778.3414026030509
p2etg,4,89600,4.695202087649749,0.021146411979784396,787.8149951699943
p2etg,4,90048,4.695202087649749,0.021146411979784396,797.2885877369376
p2etg,4,90496,4.695202087649749,0.021146411979784396,806.762180303881
p2etg,4,90944,4.695202087649749,0.021146411979784396,816.2357728708243
p2etg,4,91392,4.695202087649749,0.021146411979784396,825.7093654377677
p2etg,4,91840,4.695202087649749,0.021146411979784396,835.182958004711
p2etg,4,92288,4.695202087649749,0.021146411979784396,844.6565505716544
p2etg,4,92736,4.695202087649749,0.021146411979784396,854.1301431385978
p2etg,4,93184,4.716348499629533,0.0,858.8669394220694
p2etg,4,93632,4.716348499629533,0.0,858.8669394220694
p2etg,4,94080,4.716348499629533,0.0,858.8669394220694
p2etg,4,94528,4.716348499629533,0.0,858.8669394220694
p2etg,4,94976,4.716348499629533,0.0,858.8669394220694
p2etg,4,95424,4.695202087649749,0.021146411979784396,863.6037357055411
p2etg,4,95872,4.695202087649749,0.021146411979784396,873.0773282724845
p2etg,4,96320,4.695202087649749,0.021146411979784396,882.5509208394278
p2etg,4,96768,4.695202087649749,0.021146411979784396,892.0245134063712
p2etg,4,97216,4.695202087649749,0.021146411979784396,901.4981059733145
p2etg,4,97664,4.695202087649749,0.021146411979784396,910.9716985402579
p2etg,4,98112,4.695202087649749,0.021146411979784396,920.4452911072012
p2etg,4,98560,4.695202087649749,0.021146411979784396,929.9188836741446
p2etg,4,99008,4.695202087649749,0.021146411979784396,939.3924762410879
p2etg,4,99456,4.695202087649749,0.021146411979784396,948.8660688080313
p2etg,4,99904,4.695202087649749,0.021146411979784396,958.3396613749746
p2etg,4,100352,4.716348499629533,0.0,963.0764576584463
p2etg,4,100800,4.716348499629533,0.0,963.0764576584463
p2etg,4,101248,4.716348499629533,0.0,963.0764576584463
p2etg,4,101696,4.716348499629533,0.0,963.0764576584463
p2etg,4,102144,4.716348499629533,0.0,963.0764576584463
p2etg,4,102592,4.695202087649749,0.021146411979784396,967.813253941918
p2etg,4,103040,4.695202087649749,0.021146411979784396,977.2868465088613
p2etg,4,103488,4.716348499629533,0.0,982.023642792333
p2etg,4,103936,4.695202087649749,0.021146411979784396,986.7604390758047
p2etg,4,104384,4.695202087649749,0.021146411979784396,996.234031642748
p2etg,4,104832,4.695202087649749,0.021146411979784396,1005.7076242096914
p2etg,4,105280,4.695202087649749,0.021146411979784396,1015.1812167766348
p2etg,4,105728,4.695202087649749,0.021146411979784396,1024.654809343578
p2etg,4,106176,4.695202087649749,0.021146411979784396,1034.1284019105215
p2etg,4,106624,4.695202087649749,0.021146411979784396,1043.6019944774648
p2etg,4,107072,4.695202087649749,0.021146411979784396,1053.0755870444082
p2etg,4,107520,4.695202087649749,0.021146411979784396,1062.5491796113515
p2etg,4,107968,4.695202087649749,0.021146411979784396,1072.0227721782949
p2etg,4,108416,4.695202087649749,0.021146411979784396,1081.4963647452382
p2etg,4,108864,4.695202087649749,0.021146411979784396,1090.9699573121816
p2etg,4,109312,4.695202087649749,0.021146411979784396,1100.443549879125
p2etg,4,109760,4.695202087649749,0.021146411979784396,1109.9171424460683
p2etg,4,110208,4.695202087649749,0.021146411979784396,1119.3907350130116
p2etg,4,110656,4.695202087649749,0.021146411979784396,1128.864327579955
p2etg,4,111104,4.695202087649749,0.021146411979784396,1138.3379201468983
p2etg,4,111552,4.695202087649749,0.021146411979784396,1147.8115127138417
p2etg,4,112000,4.695202087649749,0.021146411979784396,1157.285105280785
p2etg,4,112448,4.695202087649749,0.021146411979784396,1166.7586978477284
p2etg,4,112896,4.695202087649749,0.021146411979784396,1176.2322904146718
p2etg,4,113344,4.695202087649749,0.021146411979784396,1185.705882981615
p2etg,4,113792,4.695202087649749,0.021146411979784396,1195.1794755485585
p2etg,4,114240,4.695202087649749,0.021146411979784396,1204.6530681155018
p2etg,4,114688,4.695202087649749,0.021146411979784396,1214.1266606824452
p2etg,4,115136,4.695202087649749,0.021146411979784396,1223.6002532493885
p2etg,4,115584,4.695202087649749,0.021146411979784396,1233.0738458163319
p2etg,4,116032,4.695202087649749,0.021146411979784396,1242.5474383832752
p2etg,4,116480,4.695202087649749,0.021146411979784396,1252.0210309502186
p2etg,4,116928,4.695202087649749,0.021146411979784396,1261.494623517162
p2etg,4,117376,4.695202087649749,0.021146411979784396,1270.9682160841053
p2etg,4,117824,4.695202087649749,0.021146411979784396,1280.4418086510486
p2etg,4,118272,4.695202087649749,0.021146411979784396,1289.915401217992
p2etg,4,118720,4.695202087649749,0.021146411979784396,1299.3889937849353
p2etg,4,119168,4.695202087649749,0.021146411979784396,1308.8625863518787
p2etg,4,119616,4.695202087649749,0.021146411979784396,1318.336178918822
p2etg,4,120064,4.695202087649749,0.021146411979784396,1327.8097714857654
p2etg,4,120512,4.695202087649749,0.021146411979784396,1337.2833640527087
p2etg,4,120960,4.695202087649749,0.021146411979784396,1346.756956619652
p2etg,4,121408,4.695202087649749,0.021146411979784396,1356.2305491865955
p2etg,4,121856,4.695202087649749,0.021146411979784396,1365.7041417535388
p2etg,4,122304,4.695202087649749,0.021146411979784396,1375.1777343204822
p2etg,4,122752,4.695202087649749,0.021146411979784396,1384.6513268874255
p2etg,4,123200,4.695202087649749,0.021146411979784396,1394.1249194543689
p2etg,4,123648,4.695202087649749,0.021146411979784396,1403.5985120213122
p2etg,4,124096,4.695202087649749,0.021146411979784396,1413.0721045882556
p2etg,4,124544,4.695202087649749,0.021146411979784396,1422.545697155199
p2etg,4,124992,4.695202087649749,0.021146411979784396,1432.0192897221423
p2etg,4,125440,4.695202087649749,0.021146411979784396,1441.4928822890856
p2etg,4,125888,4.695202087649749,0.021146411979784396,1450.966474856029
p2etg,4,126336,4.695202087649749,0.021146411979784396,1460.4400674229723
p2etg,4,126784,4.695202087649749,0.021146411979784396,1469.9136599899157
p2etg,4,127232,4.695202087649749,0.021146411979784396,1479.387252556859
p2etg,4,127680,4.695202087649749,0.021146411979784396,1488.8608451238024
p2etg,4,128128,4.695202087649749,0.021146411979784396,1498.3344376907457
p2etg,4,128576,4.695202087649749,0.021146411979784396,1507.808030257689
p2etg,4,129024,4.695202087649749,0.021146411979784396,1517.2816228246324
p2etg,4,129472,4.695202087649749,0.021146411979784396,1526.7552153915758
p2etg,4,129920,4.695202087649749,0.021146411979784396,1536.2288079585192
p2etg,4,130368,4.695202087649749,0.021146411979784396,1545.7024005254625
p2etg,4,130816,4.695202087649749,0.021146411979784396,1555.1759930924059
p2etg,4,131264,4.695202087649749,0.021146411979784396,1564.6495856593492
p2etg,4,131712,4.695202087649749,0.021146411979784396,1574.1231782262926
p2etg,4,132160,4.695202087649749,0.021146411979784396,1583.596770793236
p2etg,4,132608,4.695202087649749,0.021146411979784396,1593.0703633601793
p2etg,4,133056,4.695202087649749,0.021146411979784396,1602.5439559271226
p2etg,4,133504,4.695202087649749,0.021146411979784396,1612.017548494066
p2etg,4,133952,4.695202087649749,0.021146411979784396,1621.4911410610093
p2etg,4,134400,4.695202087649749,0.021146411979784396,1630.9647336279527
p2etg,4,134848,4.695202087649749,0.021146411979784396,1640.438326194896
p2etg,4,135296,4.695202087649749,0.021146411979784396,1649.9119187618394
p2etg,4,135744,4.695202087649749,0.021146411979784396,1659.3855113287827
p2etg,4,136192,4.695202087649749,0.021146411979784396,1668.859103895726
p2etg,4,136640,4.695202087649749,0.021146411979784396,1678.3326964626694
p2etg,4,137088,4.695202087649749,0.021146411979784396,1687.8062890296128
p2etg,4,137536,4.695202087649749,0.021146411979784396,1697.2798815965562
p2etg,4,137984,4.695202087649749,0.021146411979784396,1706.7534741634995
p2etg,4,138432,4.695202087649749,0.021146411979784396,1716.2270667304429
p2etg,4,138880,4.695202087649749,0.021146411979784396,1725.7006592973862
p2etg,4,139328,4.695202087649749,0.021146411979784396,1735.1742518643296
p2etg,4,139776,4.695202087649749,0.021146411979784396,1744.647844431273
p2etg,4,140224,4.695202087649749,0.021146411979784396,1754.1214369982163
p2etg,4,140672,4.695202087649749,0.021146411979784396,1763.5950295651596
p2etg,4,141120,4.695202087649749,0.021146411979784396,1773.068622132103
p2etg,4,141568,4.695202087649749,0.021146411979784396,1782.5422146990463
p2etg,4,142016,4.695202087649749,0.021146411979784396,1792.0158072659897
p2etg,4,142464,4.695202087649749,0.021146411979784396,1801.489399832933
p2etg,4,142912,4.695202087649749,0.021146411979784396,1810.9629923998764
p2etg,4,143360,4.695202087649749,0.021146411979784396,1820.4365849668197
p2etg,4,143808,4.695202087649749,0.021146411979784396,1829.910177533763
p2etg,4,144256,4.695202087649749,0.021146411979784396,1839.3837701007064
p2etg,4,144704,4.695202087649749,0.021146411979784396,1848.8573626676498
p2etg,4,145152,4.695202087649749,0.021146411979784396,1858.3309552345931
p2etg,4,145600,4.695202087649749,0.021146411979784396,1867.8045478015365
p2etg,4,146048,4.695202087649749,0.021146411979784396,1877.2781403684799
p2etg,4,146496,4.695202087649749,0.021146411979784396,1886.7517329354232
p2etg,4,146944,4.695202087649749,0.021146411979784396,1896.2253255023666
p2etg,4,147392,4.695202087649749,0.021146411979784396,1905.69891806931
p2etg,4,147840,4.695202087649749,0.021146411979784396,1915.1725106362533
p2etg,4,148288,4.695202087649749,0.021146411979784396,1924.6461032031966
p2etg,4,148736,4.695202087649749,0.021146411979784396,1934.11969577014
p2etg,4,149184,4.695202087649749,0.021146411979784396,1943.5932883370833
p2etg,4,149632,4.695202087649749,0.021146411979784396,1953.0668809040267
p2etg,4,150080,4.695202087649749,0.021146411979784396,1962.54047347097
p2etg,4,150528,4.695202087649749,0.021146411979784396,1972.0140660379134
p2etg,4,150976,4.695202087649749,0.021146411979784396,1981.4876586048567
p2etg,4,151424,4.695202087649749,0.021146411979784396,1990.9612511718
p2etg,4,151872,4.695202087649749,0.021146411979784396,2000.4348437387434
p2etg,4,152320,4.695202087649749,0.021146411979784396,2009.9084363056868
p2etg,4,152768,4.695202087649749,0.021146411979784396,2019.3820288726301
p2etg,4,153216,4.695202087649749,0.021146411979784396,2028.8556214395735
p2etg,4,153664,4.695202087649749,0.021146411979784396,2038.3292140065168
p2etg,4,154112,4.695202087649749,0.021146411979784396,2047.8028065734602
p2etg,4,154560,4.695202087649749,0.021146411979784396,2057.2763991404036
p2etg,4,155008,4.695202087649749,0.021146411979784396,2066.749991707347
p2etg,4,155456,4.695202087649749,0.021146411979784396,2076.2235842742903
p2etg,4,155904,4.695202087649749,0.021146411979784396,2085.6971768412336
p2etg,4,156352,4.695202087649749,0.021146411979784396,2095.170769408177
p2etg,4,156800,4.695202087649749,0.021146411979784396,2104.6443619751203
p2etg,4,157248,4.695202087649749,0.021146411979784396,2114.1179545420637
p2etg,4,157696,4.695202087649749,0.021146411979784396,2123.591547109007
p2etg,4,158144,4.695202087649749,0.021146411979784396,2133.0651396759504
p2etg,4,158592,4.695202087649749,0.021146411979784396,2142.5387322428937
p2etg,4,159040,4.695202087649749,0.021146411979784396,2152.012324809837
p2etg,4,159488,4.695202087649749,0.021146411979784396,2161.4859173767804
p2etg,4,159936,4.695202087649749,0.021146411979784396,2170.959509943724
p2etg,4,160384,4.695202087649749,0.021146411979784396,2180.433102510667
p2etg,4,160832,4.695202087649749,0.021146411979784396,2189.9066950776105
p2etg,4,161280,4.695202087649749,0.021146411979784396,2199.380287644554
p2etg,4,161728,4.695202087649749,0.021146411979784396,2208.853880211497
p2etg,4,162176,4.695202087649749,0.021146411979784396,2218.3274727784406
p2etg,4,162624,4.695202087649749,0.021146411979784396,2227.801065345384
p2etg,4,163072,4.695202087649749,0.021146411979784396,2237.2746579123273
p2etg,4,163520,4.695202087649749,0.021146411979784396,2246.7482504792706
p2etg,4,163968,4.695202087649749,0.021146411979784396,2256.221843046214
p2etg,4,164416,4.695202087649749,0.021146411979784396,2265.6954356131573
p2etg,4,164864,4.695202087649749,0.021146411979784396,2275.1690281801007
p2etg,4,165312,4.695202087649749,0.021146411979784396,2284.642620747044
p2etg,4,165760,4.695202087649749,0.021146411979784396,2294.1162133139874
p2etg,4,166208,4.695202087649749,0.021146411979784396,2303.5898058809307
p2etg,4,166656,4.695202087649749,0.021146411979784396,2313.063398447874
p2etg,4,167104,4.695202087649749,0.021146411979784396,2322.5369910148174
p2etg,4,167552,4.695202087649749,0.021146411979784396,2332.010583581761
p2etg,4,168000,4.695202087649749,0.021146411979784396,2341.484176148704
p2etg,4,168448,4.695202087649749,0.021146411979784396,2350.9577687156475
p2etg,4,168896,4.695202087649749,0.021146411979784396,2360.431361282591
p2etg,4,169344,4.695202087649749,0.021146411979784396,2369.904953849534
p2etg,4,169792,4.695202087649749,0.021146411979784396,2379.3785464164775
p2etg,4,170240,4.695202087649749,0.021146411979784396,2388.852138983421
p2etg,4,170688,4.695202087649749,0.021146411979784396,2398.3257315503643
p2etg,4,171136,4.695202087649749,0.021146411979784396,2407.7993241173076
p2etg,4,171584,4.695202087649749,0.021146411979784396,2417.272916684251
p2etg,4,172032,4.695202087649749,0.021146411979784396,2426.7465092511943
p2etg,4,172480,4.695202087649749,0.021146411979784396,2436.2201018181377
p2etg,4,172928,4.695202087649749,0.021146411979784396,2445.693694385081
p2etg,4,173376,4.695202087649749,0.021146411979784396,2455.1672869520244
p2etg,4,173824,4.695202087649749,0.021146411979784396,2464.6408795189677
p2etg,4,174272,4.695202087649749,0.021146411979784396,2474.114472085911
p2etg,4,174720,4.695202087649749,0.021146411979784396,2483.5880646528544
p2etg,4,175168,4.695202087649749,0.021146411979784396,2493.061657219798
p2etg,4,175616,4.695202087649749,0.021146411979784396,2502.535249786741
p2etg,4,176064,4.695202087649749,0.021146411979784396,2512.0088423536845
p2etg,4,176512,4.695202087649749,0.021146411979784396,2521.482434920628
p2etg,4,176960,4.695202087649749,0.021146411979784396,2530.956027487571
p2etg,4,177408,4.695202087649749,0.021146411979784396,2540.4296200545145
p2etg,4,177856,4.695202087649749,0.021146411979784396,2549.903212621458
p2etg,4,178304,4.695202087649749,0.021146411979784396,2559.3768051884012
p2etg,4,178752,4.695202087649749,0.021146411979784396,2568.8503977553446
p2etg,4,179200,4.695202087649749,0.021146411979784396,2578.323990322288
p2etg,4,179648,4.695202087649749,0.021146411979784396,2587.7975828892313
p2etg,4,180096,4.695202087649749,0.021146411979784396,2597.2711754561747
p2etg,4,180544,4.695202087649749,0.021146411979784396,2606.744768023118
p2etg,4,180992,4.695202087649749,0.021146411979784396,2616.2183605900614
p2etg,4,181440,4.695202087649749,0.021146411979784396,2625.6919531570047
p2etg,4,181888,4.695202087649749,0.021146411979784396,2635.165545723948
p2etg,4,182336,4.695202087649749,0.021146411979784396,2644.6391382908914
p2etg,4,182784,4.695202087649749,0.021146411979784396,2654.112730857835
p2etg,4,183232,4.695202087649749,0.021146411979784396,2663.586323424778
p2etg,4,183680,4.695202087649749,0.021146411979784396,2673.0599159917215
p2etg,4,184128,4.695202087649749,0.021146411979784396,2682.533508558665
p2etg,4,184576,4.695202087649749,0.021146411979784396,2692.007101125608
p2etg,4,185024,4.695202087649749,0.021146411979784396,2701.4806936925515
p2etg,4,185472,4.695202087649749,0.021146411979784396,2710.954286259495
p2etg,4,185920,4.695202087649749,0.021146411979784396,2720.4278788264382
p2etg,4,186368,4.695202087649749,0.021146411979784396,2729.9014713933816
p2etg,4,186816,4.695202087649749,0.021146411979784396,2739.375063960325
p2etg,4,187264,4.695202087649749,0.021146411979784396,2748.8486565272683
p2etg,4,187712,4.695202087649749,0.021146411979784396,2758.3222490942117
p2etg,4,188160,4.695202087649749,0.021146411979784396,2767.795841661155
p2etg,4,188608,4.695202087649749,0.021146411979784396,2777.2694342280984
p2etg,4,189056,4.695202087649749,0.021146411979784396,2786.7430267950417
p2etg,4,189504,4.695202087649749,0.021146411979784396,2796.216619361985
p2etg,4,189952,4.695202087649749,0.021146411979784396,2805.6902119289284
p2etg,4,190400,4.695202087649749,0.021146411979784396,2815.163804495872
p2etg,4,190848,4.695202087649749,0.021146411979784396,2824.637397062815
p2etg,4,191296,4.695202087649749,0.021146411979784396,2834.1109896297585
p2etg,4,191744,4.695202087649749,0.021146411979784396,2843.584582196702
p2etg,4,192192,4.695202087649749,0.021146411979784396,2853.058174763645
p2etg,4,192640,4.695202087649749,0.021146411979784396,2862.5317673305885
p2etg,4,193088,4.695202087649749,0.021146411979784396,2872.005359897532
p2etg,4,193536,4.695202087649749,0.021146411979784396,2881.4789524644752
p2etg,4,193984,4.695202087649749,0.021146411979784396,2890.9525450314186
p2etg,4,194432,4.695202087649749,0.021146411979784396,2900.426137598362
p2etg,4,194880,4.695202087649749,0.021146411979784396,2909.8997301653053
p2etg,4,195328,4.695202087649749,0.021146411979784396,2919.3733227322487
p2etg,4,195776,4.695202087649749,0.021146411979784396,2928.846915299192
p2etg,4,196224,4.695202087649749,0.021146411979784396,2938.3205078661354
p2etg,4,196672,4.695202087649749,0.021146411979784396,2947.7941004330787
p2etg,4,197120,4.695202087649749,0.021146411979784396,2957.267693000022
p2etg,4,197568,4.695202087649749,0.021146411979784396,2966.7412855669654
p2etg,4,198016,4.695202087649749,0.021146411979784396,2976.2148781339088
p2etg,4,198464,4.695202087649749,0.021146411979784396,2985.688470700852
p2etg,4,198912,4.695202087649749,0.021146411979784396,2995.1620632677955
p2etg,4,199360,4.695202087649749,0.021146411979784396,3004.635655834739
p2etg,4,199808,4.695202087649749,0.021146411979784396,3014.109248401682
p2etg,4,200000,4.695202087649749,0.021146411979784396,3018.169359501801
p2etg,5,448,5.143704510693278,0.0,0.0
p2etg,5,896,4.772563467289705,0.0,0.0
p2etg,5,1344,4.7475634827607935,0.0,0.0
p2etg,5,1792,4.612538746333025,0.10380975329650788,23.253384738417765
p2etg,5,2240,4.659612772230987,0.05673572739854649,59.21557241410994
p2etg,5,2688,4.659612772230987,0.05673572739854649,84.63317828865877
p2etg,5,3136,4.772563467289705,0.0,97.34198122593318
p2etg,5,3584,4.906275963054277,0.0,97.34198122593318
p2etg,5,4032,4.7505476544289795,0.0,97.34198122593318
p2etg,5,4480,4.7505476544289795,0.0,97.34198122593318
p2etg,5,4928,4.7505476544289795,0.0,97.34198122593318
p2etg,5,5376,4.79004606330627,0.0,97.34198122593318
p2etg,5,5824,4.79004606330627,0.0,97.34198122593318
p2etg,5,6272,4.79004606330627,0.0,97.34198122593318
p2etg,5,6720,4.79004606330627,0.0,97.34198122593318
p2etg,5,7168,4.929905506536728,0.0,97.34198122593318
p2etg,5,7616,4.929905506536728,0.0,97.34198122593318
p2etg,5,8064,4.9398954402358495,0.0,97.34198122593318
p2etg,5,8512,4.9398954402358495,0.0,97.34198122593318
p2etg,5,8960,4.943895214903371,0.0,97.34198122593318
p2etg,5,9408,4.695202087649749,0.021146411979784396,102.07877750940489
p2etg,5,9856,4.739978043111983,0.0,106.81557379287659
p2etg,5,10304,4.739978043111983,0.0,106.81557379287659
p2etg,5,10752,4.739978043111983,0.0,106.81557379287659
p2etg,5,11200,4.739978043111983,0.0,106.81557379287659
p2etg,5,11648,4.739978043111983,0.0,106.81557379287659
p2etg,5,12096,4.739978043111983,0.0,106.81557379287659
p2etg,5,12544,4.66405406334025,0.05229443628928365,118.52952752167613
p2etg,5,12992,4.66405406334025,0.05229443628928365,141.9574349792752
p2etg,5,13440,4.640424519857799,0.07592397977173437,170.67836017694324
p2etg,5,13888,4.640424519857799,0.07592397977173437,204.69230311468024
p2etg,5,14336,4.640424519857799,0.07592397977173437,238.70624605241724
p2etg,5,14784,4.640424519857799,0.07592397977173437,272.72018899015427
p2etg,5,15232,4.640424519857799,0.07592397977173437,306.73413192789127
p2etg,5,15680,4.640424519857799,0.07592397977173437,340.74807486562827
p2etg,5,16128,4.640424519857799,0.07592397977173437,374.76201780336527
p2etg,5,16576,4.640424519857799,0.07592397977173437,408.77596074110227
p2etg,5,17024,4.640424519857799,0.07592397977173437,442.78990367883927
p2etg,5,17472,4.640424519857799,0.07592397977173437,476.80384661657627
p2etg,5,17920,4.66405406334025,0.05229443628928365,505.52477181424433
p2etg,5,18368,4.640424519857799,0.07592397977173437,534.2456970119124
p2etg,5,18816,4.640424519857799,0.07592397977173437,568.2596399496495
p2etg,5,19264,4.640424519857799,0.07592397977173437,602.2735828873865
p2etg,5,19712,4.640424519857799,0.07592397977173437,636.2875258251236
p2etg,5,20160,4.640424519857799,0.07592397977173437,670.3014687628606
p2etg,5,20608,4.640424519857799,0.07592397977173437,704.3154117005977
p2etg,5,21056,4.640424519857799,0.07592397977173437,738.3293546383347
p2etg,5,21504,4.640424519857799,0.07592397977173437,772.3432975760718
p2etg,5,21952,4.640424519857799,0.07592397977173437,806.3572405138088
p2etg,5,22400,4.640424519857799,0.07592397977173437,840.3711834515459
p2etg,5,22848,4.640424519857799,0.07592397977173437,874.385126389283
p2etg,5,23296,4.640424519857799,0.07592397977173437,908.39906932702
p2etg,5,23744,4.640424519857799,0.07592397977173437,942.4130122647571
p2etg,5,24192,4.640424519857799,0.07592397977173437,976.4269552024941
p2etg,5,24640,4.640424519857799,0.07592397977173437,1010.4408981402312
p2etg,5,25088,4.640424519857799,0.07592397977173437,1044.4548410779682
p2etg,5,25536,4.640424519857799,0.07592397977173437,1078.4687840157053
p2etg,5,25984,4.640424519857799,0.07592397977173437,1112.4827269534424
p2etg,5,26432,4.640424519857799,0.07592397977173437,1146.4966698911794
p2etg,5,26880,4.640424519857799,0.07592397977173437,1180.5106128289165
p2etg,5,27328,4.640424519857799,0.07592397977173437,1214.5245557666535
p2etg,5,27776,4.640424519857799,0.07592397977173437,1248.5384987043906
p2etg,5,28224,4.640424519857799,0.07592397977173437,1282.5524416421276
p2etg,5,28672,4.640424519857799,0.07592397977173437,1316.5663845798647
p2etg,5,29120,4.640424519857799,0.07592397977173437,1350.5803275176017
p2etg,5,29568,4.640424519857799,0.07592397977173437,1384.5942704553388
p2etg,5,30016,4.640424519857799,0.07592397977173437,1418.6082133930759
p2etg,5,30464,4.640424519857799,0.07592397977173437,1452.622156330813
p2etg,5,30912,4.640424519857799,0.07592397977173437,1486.63609926855
p2etg,5,31360,4.640424519857799,0.07592397977173437,1520.650042206287
p2etg,5,31808,4.640424519857799,0.07592397977173437,1554.663985144024
p2etg,5,32256,4.640424519857799,0.07592397977173437,1588.6779280817611
p2etg,5,32704,4.640424519857799,0.07592397977173437,1622.6918710194982
p2etg,5,33152,4.640424519857799,0.07592397977173437,1656.7058139572353
p2etg,5,33600,4.640424519857799,0.07592397977173437,1690.7197568949723
p2etg,5,34048,4.640424519857799,0.07592397977173437,1724.7336998327094
p2etg,5,34496,4.640424519857799,0.07592397977173437,1758.7476427704464
p2etg,5,34944,4.640424519857799,0.07592397977173437,1792.7615857081835
p2etg,5,35392,4.640424519857799,0.07592397977173437,1826.7755286459205
p2etg,5,35840,4.640424519857799,0.07592397977173437,1860.7894715836576
p2etg,5,36288,4.640424519857799,0.07592397977173437,1894.8034145213946
p2etg,5,36736,4.640424519857799,0.07592397977173437,1928.8173574591317
p2etg,5,37184,4.640424519857799,0.07592397977173437,1962.8313003968688
p2etg,5,37632,4.640424519857799,0.07592397977173437,1996.8452433346058
p2etg,5,38080,4.640424519857799,0.07592397977173437,2030.8591862723429
p2etg,5,38528,4.640424519857799,0.07592397977173437,2064.8731292100797
p2etg,5,38976,4.640424519857799,0.07592397977173437,2098.8870721478165
p2etg,5,39424,4.640424519857799,0.07592397977173437,2132.9010150855534
p2etg,5,39872,4.640424519857799,0.07592397977173437,2166.91495802329
p2etg,5,40320,4.640424519857799,0.07592397977173437,2200.928900961027
p2etg,5,40768,4.640424519857799,0.07592397977173437,2234.942843898764
p2etg,5,41216,4.640424519857799,0.07592397977173437,2268.9567868365007
p2etg,5,41664,4.640424519857799,0.07592397977173437,2302.9707297742375
p2etg,5,42112,4.640424519857799,0.07592397977173437,2336.9846727119743
p2etg,5,42560,4.640424519857799,0.07592397977173437,2370.998615649711
p2etg,5,43008,4.640424519857799,0.07592397977173437,2405.012558587448
p2etg,5,43456,4.640424519857799,0.07592397977173437,2439.026501525185
p2etg,5,43904,4.640424519857799,0.07592397977173437,2473.0404444629216
p2etg,5,44352,4.640424519857799,0.07592397977173437,2507.0543874006585
p2etg,5,44800,4.640424519857799,0.07592397977173437,2541.0683303383953
p2etg,5,45248,4.640424519857799,0.07592397977173437,2575.082273276132
p2etg,5,45696,4.640424519857799,0.07592397977173437,2609.096216213869
p2etg,5,46144,4.66405406334025,0.05229443628928365,2637.817141411537
p2etg,5,46592,4.66405406334025,0.05229443628928365,2661.2450488691356
p2etg,5,47040,4.66405406334025,0.05229443628928365,2684.6729563267345
p2etg,5,47488,4.66405406334025,0.05229443628928365,2708.1008637843333
p2etg,5,47936,4.66405406334025,0.05229443628928365,2731.528771241932
p2etg,5,48384,4.739978043111983,0.0,2743.2427249707316
p2etg,5,48832,4.739978043111983,0.0,2743.2427249707316
p2etg,5,49280,4.739978043111983,0.0,2743.2427249707316
p2etg,5,49728,4.716348499629533,0.0,2743.2427249707316
p2etg,5,50176,4.716348499629533,0.0,2743.2427249707316
p2etg,5,50624,4.716348499629533,0.0,2743.2427249707316
p2etg,5,51072,4.716348499629533,0.0,2743.2427249707316
p2etg,5,51520,4.716348499629533,0.0,2743.2427249707316
p2etg,5,51968,4.716348499629533,0.0,2743.2427249707316
p2etg,5,52416,4.716348499629533,0.0,2743.2427249707316
p2etg,5,52864,4.716348499629533,0.0,2743.2427249707316
p2etg,5,53312,4.716348499629533,0.0,2743.2427249707316
p2etg,5,53760,4.716348499629533,0.0,2743.2427249707316
p2etg,5,54208,4.716348499629533,0.0,2743.2427249707316
p2etg,5,54656,4.739978043111983,0.0,2743.2427249707316
p2etg,5,55104,4.739978043111983,0.0,2743.2427249707316
p2etg,5,55552,4.739978043111983,0.0,2743.2427249707316
p2etg,5,56000,4.716348499629533,0.0,2743.2427249707316
p2etg,5,56448,4.716348499629533,0.0,2743.2427249707316
p2etg,5,56896,4.739978043111983,0.0,2743.2427249707316
p2etg,5,57344,4.739978043111983,0.0,2743.2427249707316
p2etg,5,57792,4.739978043111983,0.0,2743.2427249707316
p2etg,5,58240,4.739978043111983,0.0,2743.2427249707316
p2etg,5,58688,4.739978043111983,0.0,2743.2427249707316
p2etg,5,59136,4.739978043111983,0.0,2743.2427249707316
p2etg,5,59584,4.739978043111983,0.0,2743.2427249707316
p2etg,5,60032,4.739978043111983,0.0,2743.2427249707316
p2etg,5,60480,4.739978043111983,0.0,2743.2427249707316
p2etg,5,60928,4.739978043111983,0.0,2743.2427249707316
p2etg,5,61376,4.739978043111983,0.0,2743.2427249707316
p2etg,5,61824,4.739978043111983,0.0,2743.2427249707316
p2etg,5,62272,4.739978043111983,0.0,2743.2427249707316
p2etg,5,62720,4.739978043111983,0.0,2743.2427249707316
p2etg,5,63168,4.739978043111983,0.0,2743.2427249707316
p2etg,5,63616,4.739978043111983,0.0,2743.2427249707316
p2etg,5,64064,4.739978043111983,0.0,2743.2427249707316
p2etg,5,64512,4.739978043111983,0.0,2743.2427249707316
p2etg,5,64960,4.739978043111983,0.0,2743.2427249707316
p2etg,5,65408,4.739978043111983,0.0,2743.2427249707316
p2etg,5,65856,4.739978043111983,0.0,2743.2427249707316
p2etg,5,66304,4.739978043111983,0.0,2743.2427249707316
p2etg,5,66752,4.739978043111983,0.0,2743.2427249707316
p2etg,5,67200,4.739978043111983,0.0,2743.2427249707316
p2etg,5,67648,4.739978043111983,0.0,2743.2427249707316
p2etg,5,68096,4.739978043111983,0.0,2743.2427249707316
p2etg,5,68544,4.739978043111983,0.0,2743.2427249707316
p2etg,5,68992,4.739978043111983,0.0,2743.2427249707316
p2etg,5,69440,4.739978043111983,0.0,2743.2427249707316
p2etg,5,69888,4.739978043111983,0.0,2743.2427249707316
p2etg,5,70336,4.739978043111983,0.0,2743.2427249707316
p2etg,5,70784,4.739978043111983,0.0,2743.2427249707316
p2etg,5,71232,4.739978043111983,0.0,2743.2427249707316
p2etg,5,71680,4.739978043111983,0.0,2743.2427249707316
p2etg,5,72128,4.739978043111983,0.0,2743.2427249707316
p2etg,5,72576,4.739978043111983,0.0,2743.2427249707316
p2etg,5,73024,4.739978043111983,0.0,2743.2427249707316
p2etg,5,73472,4.739978043111983,0.0,2743.2427249707316
p2etg,5,73920,4.739978043111983,0.0,2743.2427249707316
p2etg,5,74368,4.739978043111983,0.0,2743.2427249707316
p2etg,5,74816,4.739978043111983,0.0,2743.2427249707316
p2etg,5,75264,4.739978043111983,0.0,2743.2427249707316
p2etg,5,75712,4.739978043111983,0.0,2743.2427249707316
p2etg,5,76160,4.739978043111983,0.0,2743.2427249707316
p2etg,5,76608,4.739978043111983,0.0,2743.2427249707316
p2etg,5,77056,4.66405406334025,0.05229443628928365,2754.956678699531
p2etg,5,77504,4.739978043111983,0.0,2766.6706324283305
p2etg,5,77952,4.739978043111983,0.0,2766.6706324283305
p2etg,5,78400,4.739978043111983,0.0,2766.6706324283305
p2etg,5,78848,4.739978043111983,0.0,2766.6706324283305
p2etg,5,79296,4.739978043111983,0.0,2766.6706324283305
p2etg,5,79744,4.739978043111983,0.0,2766.6706324283305
p2etg,5,80192,4.739978043111983,0.0,2766.6706324283305
p2etg,5,80640,4.739978043111983,0.0,2766.6706324283305
p2etg,5,81088,4.739978043111983,0.0,2766.6706324283305
p2etg,5,81536,4.739978043111983,0.0,2766.6706324283305
p2etg,5,81984,4.739978043111983,0.0,2766.6706324283305
p2etg,5,82432,4.66405406334025,0.05229443628928365,2778.38458615713
p2etg,5,82880,4.66405406334025,0.05229443628928365,2801.8124936147287
p2etg,5,83328,4.66405406334025,0.05229443628928365,2825.2404010723276
p2etg,5,83776,4.66405406334025,0.05229443628928365,2848.6683085299264
p2etg,5,84224,4.66405406334025,0.05229443628928365,2872.0962159875253
p2etg,5,84672,4.66405406334025,0.05229443628928365,2895.524123445124
p2etg,5,85120,4.66405406334025,0.05229443628928365,2918.952030902723
p2etg,5,85568,4.739978043111983,0.0,2930.6659846315224
p2etg,5,86016,4.66405406334025,0.05229443628928365,2942.379938360322
p2etg,5,86464,4.66405406334025,0.05229443628928365,2965.8078458179207
p2etg,5,86912,4.66405406334025,0.05229443628928365,2989.2357532755195
p2etg,5,87360,4.66405406334025,0.05229443628928365,3012.6636607331184
p2etg,5,87808,4.66405406334025,0.05229443628928365,3036.091568190717
p2etg,5,88256,4.66405406334025,0.05229443628928365,3059.519475648316
p2etg,5,88704,4.739978043111983,0.0,3071.2334293771155
p2etg,5,89152,4.739978043111983,0.0,3071.2334293771155
p2etg,5,89600,4.739978043111983,0.0,3071.2334293771155
p2etg,5,90048,4.739978043111983,0.0,3071.2334293771155
p2etg,5,90496,4.739978043111983,0.0,3071.2334293771155
p2etg,5,90944,4.739978043111983,0.0,3071.2334293771155
p2etg,5,91392,4.739978043111983,0.0,3071.2334293771155
p2etg,5,91840,4.739978043111983,0.0,3071.2334293771155
p2etg,5,92288,4.739978043111983,0.0,3071.2334293771155
p2etg,5,92736,4.739978043111983,0.0,3071.2334293771155
p2etg,5,93184,4.739978043111983,0.0,3071.2334293771155
p2etg,5,93632,4.739978043111983,0.0,3071.2334293771155
p2etg,5,94080,4.739978043111983,0.0,3071.2334293771155
p2etg,5,94528,4.739978043111983,0.0,3071.2334293771155
p2etg,5,94976,4.739978043111983,0.0,3071.2334293771155
p2etg,5,95424,4.739978043111983,0.0,3071.2334293771155
p2etg,5,95872,4.739978043111983,0.0,3071.2334293771155
p2etg,5,96320,4.739978043111983,0.0,3071.2334293771155
p2etg,5,96768,4.739978043111983,0.0,3071.2334293771155
p2etg,5,97216,4.739978043111983,0.0,3071.2334293771155
p2etg,5,97664,4.739978043111983,0.0,3071.2334293771155
p2etg,5,98112,4.739978043111983,0.0,3071.2334293771155
p2etg,5,98560,4.739978043111983,0.0,3071.2334293771155
p2etg,5,99008,4.739978043111983,0.0,3071.2334293771155
p2etg,5,99456,4.739978043111983,0.0,3071.2334293771155
p2etg,5,99904,4.739978043111983,0.0,3071.2334293771155
p2etg,5,100352,4.739978043111983,0.0,3071.2334293771155
p2etg,5,100800,4.739978043111983,0.0,3071.2334293771155
p2etg,5,101248,4.739978043111983,0.0,3071.2334293771155
p2etg,5,101696,4.739978043111983,0.0,3071.2334293771155
p2etg,5,102144,4.739978043111983,0.0,3071.2334293771155
p2etg,5,102592,4.739978043111983,0.0,3071.2334293771155
p2etg,5,103040,4.739978043111983,0.0,3071.2334293771155
p2etg,5,103488,4.739978043111983,0.0,3071.2334293771155
p2etg,5,103936,4.739978043111983,0.0,3071.2334293771155
p2etg,5,104384,4.739978043111983,0.0,3071.2334293771155
p2etg,5,104832,4.739978043111983,0.0,3071.2334293771155
p2etg,5,105280,4.739978043111983,0.0,3071.2334293771155
p2etg,5,105728,4.739978043111983,0.0,3071.2334293771155
p2etg,5,106176,4.739978043111983,0.0,3071.2334293771155
p2etg,5,106624,4.739978043111983,0.0,3071.2334293771155
p2etg,5,107072,4.739978043111983,0.0,3071.2334293771155
p2etg,5,107520,4.739978043111983,0.0,3071.2334293771155
p2etg,5,107968,4.739978043111983,0.0,3071.2334293771155
p2etg,5,108416,4.739978043111983,0.0,3071.2334293771155
p2etg,5,108864,4.739978043111983,0.0,3071.2334293771155
p2etg,5,109312,4.739978043111983,0.0,3071.2334293771155
p2etg,5,109760,4.739978043111983,0.0,3071.2334293771155
p2etg,5,110208,4.739978043111983,0.0,3071.2334293771155
p2etg,5,110656,4.739978043111983,0.0,3071.2334293771155
p2etg,5,111104,4.739978043111983,0.0,3071.2334293771155
p2etg,5,111552,4.739978043111983,0.0,3071.2334293771155
p2etg,5,112000,4.739978043111983,0.0,3071.2334293771155
p2etg,5,112448,4.739978043111983,0.0,3071.2334293771155
p2etg,5,112896,4.739978043111983,0.0,3071.2334293771155
p2etg,5,113344,4.739978043111983,0.0,3071.2334293771155
p2etg,5,113792,4.739978043111983,0.0,3071.2334293771155
p2etg,5,114240,4.739978043111983,0.0,3071.2334293771155
p2etg,5,114688,4.739978043111983,0.0,3071.2334293771155
p2etg,5,115136,4.739978043111983,0.0,3071.2334293771155
p2etg,5,115584,4.739978043111983,0.0,3071.2334293771155
p2etg,5,116032,4.739978043111983,0.0,3071.2334293771155
p2etg,5,116480,4.739978043111983,0.0,3071.2334293771155
p2etg,5,116928,4.739978043111983,0.0,3071.2334293771155
p2etg,5,117376,4.739978043111983,0.0,3071.2334293771155
p2etg,5,117824,4.739978043111983,0.0,3071.2334293771155
p2etg,5,118272,4.739978043111983,0.0,3071.2334293771155
p2etg,5,118720,4.739978043111983,0.0,3071.2334293771155
p2etg,5,119168,4.739978043111983,0.0,3071.2334293771155
p2etg,5,119616,4.739978043111983,0.0,3071.2334293771155
p2etg,5,120064,4.739978043111983,0.0,3071.2334293771155
p2etg,5,120512,4.739978043111983,0.0,3071.2334293771155
p2etg,5,120960,4.739978043111983,0.0,3071.2334293771155
p2etg,5,121408,4.739978043111983,0.0,3071.2334293771155
p2etg,5,121856,4.739978043111983,0.0,3071.2334293771155
p2etg,5,122304,4.739978043111983,0.0,3071.2334293771155
p2etg,5,122752,4.739978043111983,0.0,3071.2334293771155
p2etg,5,123200,4.739978043111983,0.0,3071.2334293771155
p2etg,5,123648,4.739978043111983,0.0,3071.2334293771155
p2etg,5,124096,4.739978043111983,0.0,3071.2334293771155
p2etg,5,124544,4.739978043111983,0.0,3071.2334293771155
p2etg,5,124992,4.739978043111983,0.0,3071.2334293771155
p2etg,5,125440,4.739978043111983,0.0,3071.2334293771155
p2etg,5,125888,4.739978043111983,0.0,3071.2334293771155
p2etg,5,126336,4.739978043111983,0.0,3071.2334293771155
p2etg,5,126784,4.739978043111983,0.0,3071.2334293771155
p2etg,5,127232,4.739978043111983,0.0,3071.2334293771155
p2etg,5,127680,4.739978043111983,0.0,3071.2334293771155
p2etg,5,128128,4.739978043111983,0.0,3071.2334293771155
p2etg,5,128576,4.739978043111983,0.0,3071.2334293771155
p2etg,5,129024,4.739978043111983,0.0,3071.2334293771155
p2etg,5,129472,4.77784101387465,0.0,3071.2334293771155
p2etg,5,129920,4.739978043111983,0.0,3071.2334293771155
p2etg,5,130368,4.739978043111983,0.0,3071.2334293771155
p2etg,5,130816,4.739978043111983,0.0,3071.2334293771155
p2etg,5,131264,4.739978043111983,0.0,3071.2334293771155
p2etg,5,131712,4.739978043111983,0.0,3071.2334293771155
p2etg,5,132160,4.739978043111983,0.0,3071.2334293771155
p2etg,5,132608,4.739978043111983,0.0,3071.2334293771155
p2etg,5,133056,4.739978043111983,0.0,3071.2334293771155
p2etg,5,133504,4.739978043111983,0.0,3071.2334293771155
p2etg,5,133952,4.739978043111983,0.0,3071.2334293771155
p2etg,5,134400,4.739978043111983,0.0,3071.2334293771155
p2etg,5,134848,4.739978043111983,0.0,3071.2334293771155
p2etg,5,135296,4.739978043111983,0.0,3071.2334293771155
p2etg,5,135744,4.739978043111983,0.0,3071.2334293771155
p2etg,5,136192,4.739978043111983,0.0,3071.2334293771155
p2etg,5,136640,4.739978043111983,0.0,3071.2334293771155
p2etg,5,137088,4.739978043111983,0.0,3071.2334293771155
p2etg,5,137536,4.716348499629533,0.0,3071.2334293771155
p2etg,5,137984,4.716348499629533,0.0,3071.2334293771155
p2etg,5,138432,4.716348499629533,0.0,3071.2334293771155
p2etg,5,138880,4.716348499629533,0.0,3071.2334293771155
p2etg,5,139328,4.739978043111983,0.0,3071.2334293771155
p2etg,5,139776,4.739978043111983,0.0,3071.2334293771155
p2etg,5,140224,4.739978043111983,0.0,3071.2334293771155
p2etg,5,140672,4.739978043111983,0.0,3071.2334293771155
p2etg,5,141120,4.739978043111983,0.0,3071.2334293771155
p2etg,5,141568,4.739978043111983,0.0,3071.2334293771155
p2etg,5,142016,4.739978043111983,0.0,3071.2334293771155
p2etg,5,142464,4.739978043111983,0.0,3071.2334293771155
p2etg,5,142912,4.739978043111983,0.0,3071.2334293771155
p2etg,5,143360,4.739978043111983,0.0,3071.2334293771155
p2etg,5,143808,4.716348499629533,0.0,3071.2334293771155
p2etg,5,144256,4.716348499629533,0.0,3071.2334293771155
p2etg,5,144704,4.716348499629533,0.0,3071.2334293771155
p2etg,5,145152,4.739978043111983,0.0,3071.2334293771155
p2etg,5,145600,4.739978043111983,0.0,3071.2334293771155
p2etg,5,146048,4.739978043111983,0.0,3071.2334293771155
p2etg,5,146496,4.739978043111983,0.0,3071.2334293771155
p2etg,5,146944,4.739978043111983,0.0,3071.2334293771155
p2etg,5,147392,4.739978043111983,0.0,3071.2334293771155
p2etg,5,147840,4.739978043111983,0.0,3071.2334293771155
p2etg,5,148288,4.739978043111983,0.0,3071.2334293771155
p2etg,5,148736,4.739978043111983,0.0,3071.2334293771155
p2etg,5,149184,4.739978043111983,0.0,3071.2334293771155
p2etg,5,149632,4.739978043111983,0.0,3071.2334293771155
p2etg,5,150080,4.739978043111983,0.0,3071.2334293771155
p2etg,5,150528,4.739978043111983,0.0,3071.2334293771155
p2etg,5,150976,4.739978043111983,0.0,3071.2334293771155
p2etg,5,151424,4.739978043111983,0.0,3071.2334293771155
p2etg,5,151872,4.739978043111983,0.0,3071.2334293771155
p2etg,5,152320,4.716348499629533,0.0,3071.2334293771155
p2etg,5,152768,4.716348499629533,0.0,3071.2334293771155
p2etg,5,153216,4.716348499629533,0.0,3071.2334293771155
p2etg,5,153664,4.739978043111983,0.0,3071.2334293771155
p2etg,5,154112,4.739978043111983,0.0,3071.2334293771155
p2etg,5,154560,4.739978043111983,0.0,3071.2334293771155
p2etg,5,155008,4.739978043111983,0.0,3071.2334293771155
p2etg,5,155456,4.739978043111983,0.0,3071.2334293771155
p2etg,5,155904,4.739978043111983,0.0,3071.2334293771155
p2etg,5,156352,4.739978043111983,0.0,3071.2334293771155
p2etg,5,156800,4.739978043111983,0.0,3071.2334293771155
p2etg,5,157248,4.739978043111983,0.0,3071.2334293771155
p2etg,5,157696,4.716348499629533,0.0,3071.2334293771155
p2etg,5,158144,4.739978043111983,0.0,3071.2334293771155
p2etg,5,158592,4.716348499629533,0.0,3071.2334293771155
p2etg,5,159040,4.716348499629533,0.0,3071.2334293771155
p2etg,5,159488,4.716348499629533,0.0,3071.2334293771155
p2etg,5,159936,4.716348499629533,0.0,3071.2334293771155
p2etg,5,160384,4.716348499629533,0.0,3071.2334293771155
p2etg,5,160832,4.716348499629533,0.0,3071.2334293771155
p2etg,5,161280,4.716348499629533,0.0,3071.2334293771155
p2etg,5,161728,4.716348499629533,0.0,3071.2334293771155
p2etg,5,162176,4.716348499629533,0.0,3071.2334293771155
p2etg,5,162624,4.716348499629533,0.0,3071.2334293771155
p2etg,5,163072,4.716348499629533,0.0,3071.2334293771155
p2etg,5,163520,4.716348499629533,0.0,3071.2334293771155
p2etg,5,163968,4.716348499629533,0.0,3071.2334293771155
p2etg,5,164416,4.716348499629533,0.0,3071.2334293771155
p2etg,5,164864,4.716348499629533,0.0,3071.2334293771155
p2etg,5,165312,4.716348499629533,0.0,3071.2334293771155
p2etg,5,165760,4.716348499629533,0.0,3071.2334293771155
p2etg,5,166208,4.716348499629533,0.0,3071.2334293771155
p2etg,5,166656,4.716348499629533,0.0,3071.2334293771155
p2etg,5,167104,4.716348499629533,0.0,3071.2334293771155
p2etg,5,167552,4.716348499629533,0.0,3071.2334293771155
p2etg,5,168000,4.716348499629533,0.0,3071.2334293771155
p2etg,5,168448,4.716348499629533,0.0,3071.2334293771155
p2etg,5,168896,4.716348499629533,0.0,3071.2334293771155
p2etg,5,169344,4.716348499629533,0.0,3071.2334293771155
p2etg,5,169792,4.716348499629533,0.0,3071.2334293771155
p2etg,5,170240,4.716348499629533,0.0,3071.2334293771155
p2etg,5,170688,4.716348499629533,0.0,3071.2334293771155
p2etg,5,171136,4.716348499629533,0.0,3071.2334293771155
p2etg,5,171584,4.716348499629533,0.0,3071.2334293771155
p2etg,5,172032,4.716348499629533,0.0,3071.2334293771155
p2etg,5,172480,4.716348499629533,0.0,3071.2334293771155
p2etg,5,172928,4.716348499629533,0.0,3071.2334293771155
p2etg,5,173376,4.716348499629533,0.0,3071.2334293771155
p2etg,5,173824,4.716348499629533,0.0,3071.2334293771155
p2etg,5,174272,4.716348499629533,0.0,3071.2334293771155
p2etg,5,174720,4.716348499629533,0.0,3071.2334293771155
p2etg,5,175168,4.716348499629533,0.0,3071.2334293771155
p2etg,5,175616,4.716348499629533,0.0,3071.2334293771155
p2etg,5,176064,4.716348499629533,0.0,3071.2334293771155
p2etg,5,176512,4.716348499629533,0.0,3071.2334293771155
p2etg,5,176960,4.716348499629533,0.0,3071.2334293771155
p2etg,5,177408,4.716348499629533,0.0,3071.2334293771155
p2etg,5,177856,4.716348499629533,0.0,3071.2334293771155
p2etg,5,178304,4.716348499629533,0.0,3071.2334293771155
p2etg,5,178752,4.716348499629533,0.0,3071.2334293771155
p2etg,5,179200,4.716348499629533,0.0,3071.2334293771155
p2etg,5,179648,4.716348499629533,0.0,3071.2334293771155
p2etg,5,180096,4.716348499629533,0.0,3071.2334293771155
p2etg,5,180544,4.716348499629533,0.0,3071.2334293771155
p2etg,5,180992,4.716348499629533,0.0,3071.2334293771155
p2etg,5,181440,4.716348499629533,0.0,3071.2334293771155
p2etg,5,181888,4.716348499629533,0.0,3071.2334293771155
p2etg,5,182336,4.716348499629533,0.0,3071.2334293771155
p2etg,5,182784,4.716348499629533,0.0,3071.2334293771155
p2etg,5,183232,4.716348499629533,0.0,3071.2334293771155
p2etg,5,183680,4.716348499629533,0.0,3071.2334293771155
p2etg,5,184128,4.716348499629533,0.0,3071.2334293771155
p2etg,5,184576,4.716348499629533,0.0,3071.2334293771155
p2etg,5,185024,4.716348499629533,0.0,3071.2334293771155
p2etg,5,185472,4.716348499629533,0.0,3071.2334293771155
p2etg,5,185920,4.716348499629533,0.0,3071.2334293771155
p2etg,5,186368,4.716348499629533,0.0,3071.2334293771155
p2etg,5,186816,4.716348499629533,0.0,3071.2334293771155
p2etg,5,187264,4.716348499629533,0.0,3071.2334293771155
p2etg,5,187712,4.716348499629533,0.0,3071.2334293771155
p2etg,5,188160,4.716348499629533,0.0,3071.2334293771155
p2etg,5,188608,4.716348499629533,0.0,3071.2334293771155
p2etg,5,189056,4.716348499629533,0.0,3071.2334293771155
p2etg,5,189504,4.716348499629533,0.0,3071.2334293771155
p2etg,5,189952,4.716348499629533,0.0,3071.2334293771155
p2etg,5,190400,4.716348499629533,0.0,3071.2334293771155
p2etg,5,190848,4.716348499629533,0.0,3071.2334293771155
p2etg,5,191296,4.716348499629533,0.0,3071.2334293771155
p2etg,5,191744,4.716348499629533,0.0,3071.2334293771155
p2etg,5,192192,4.716348499629533,0.0,3071.2334293771155
p2etg,5,192640,4.716348499629533,0.0,3071.2334293771155
p2etg,5,193088,4.716348499629533,0.0,3071.2334293771155
p2etg,5,193536,4.716348499629533,0.0,3071.2334293771155
p2etg,5,193984,4.716348499629533,0.0,3071.2334293771155
p2etg,5,194432,4.716348499629533,0.0,3071.2334293771155
p2etg,5,194880,4.716348499629533,0.0,3071.2334293771155
p2etg,5,195328,4.716348499629533,0.0,3071.2334293771155
p2etg,5,195776,4.716348499629533,0.0,3071.2334293771155
p2etg,5,196224,4.716348499629533,0.0,3071.2334293771155
p2etg,5,196672,4.716348499629533,0.0,3071.2334293771155
p2etg,5,197120,4.716348499629533,0.0,3071.2334293771155
p2etg,5,197568,4.716348499629533,0.0,3071.2334293771155
p2etg,5,198016,4.716348499629533,0.0,3071.2334293771155
p2etg,5,198464,4.716348499629533,0.0,3071.2334293771155
p2etg,5,198912,4.716348499629533,0.0,3071.2334293771155
p2etg,5,199360,4.716348499629533,0.0,3071.2334293771155
p2etg,5,199808,4.716348499629533,0.0,3071.2334293771155
p2etg,5,200000,4.716348499629533,0.0,3071.2334293771155
p2etg,6,448,4.838089603489801,0.0,0.0
p2etg,6,896,4.693399301404147,0.02294919822538599,5.140620402486462
p2etg,6,1344,4.77784101387465,0.0,10.281240804972924
p2etg,6,1792,4.7475634827607935,0.0,10.281240804972924
p2etg,6,2240,4.7475634827607935,0.0,10.281240804972924
p2etg,6,2688,4.754211470392199,0.0,10.281240804972924
p2etg,6,3136,4.772563467289705,0.0,10.281240804972924
p2etg,6,3584,4.742750809162623,0.0,10.281240804972924
p2etg,6,4032,4.517100499380703,0.19924800024883016,54.91279286071088
p2etg,6,4480,4.517100499380703,0.19924800024883016,144.1758969721868
p2etg,6,4928,4.742750809162623,0.0,188.80744902792475
p2etg,6,5376,4.517100499380703,0.19924800024883016,233.4390010836627
p2etg,6,5824,4.517100499380703,0.19924800024883016,322.70210519513864
p2etg,6,6272,4.517100499380703,0.19924800024883016,411.96520930661455
p2etg,6,6720,4.75039362683458,0.0,456.5967613623525
p2etg,6,7168,4.630887449915104,0.08546104971442947,475.7400364983847
p2etg,6,7616,4.707026591963271,0.009321907666262064,496.97141895165964
p2etg,6,8064,4.742750809162623,0.0,499.05952626890235
p2etg,6,8512,4.742750809162623,0.0,499.05952626890235
p2etg,6,8960,4.742750809162623,0.0,499.05952626890235
p2etg,6,9408,4.75039362683458,0.0,499.05952626890235
p2etg,6,9856,4.75039362683458,0.0,499.05952626890235
p2etg,6,10304,4.75039362683458,0.0,499.05952626890235
p2etg,6,10752,4.703252400285333,0.013096099344200418,501.99305252200327
p2etg,6,11200,4.703252400285333,0.013096099344200418,507.86010502820506
p2etg,6,11648,4.742750809162623,0.0,510.7936312813059
p2etg,6,12096,4.703252400285333,0.013096099344200418,513.7271575344068
p2etg,6,12544,4.733065058412415,0.0,516.6606837875078
p2etg,6,12992,4.703252400285333,0.013096099344200418,519.5942100406087
p2etg,6,13440,4.703252400285333,0.013096099344200418,525.4612625468105
p2etg,6,13888,4.703252400285333,0.013096099344200418,531.3283150530124
p2etg,6,14336,4.733065058412415,0.0,534.2618413061133
p2etg,6,14784,4.733065058412415,0.0,534.2618413061133
p2etg,6,15232,4.703252400285333,0.013096099344200418,537.1953675592142
p2etg,6,15680,4.703252400285333,0.013096099344200418,543.0624200654161
p2etg,6,16128,4.733065058412415,0.0,545.995946318517
p2etg,6,16576,4.733065058412415,0.0,545.995946318517
p2etg,6,17024,4.733065058412415,0.0,545.995946318517
p2etg,6,17472,4.733065058412415,0.0,545.995946318517
p2etg,6,17920,4.733065058412415,0.0,545.995946318517
p2etg,6,18368,4.733065058412415,0.0,545.995946318517
p2etg,6,18816,4.733065058412415,0.0,545.995946318517
p2etg,6,19264,4.733065058412415,0.0,545.995946318517
p2etg,6,19712,4.733065058412415,0.0,545.995946318517
p2etg,6,20160,4.733065058412415,0.0,545.995946318517
p2etg,6,20608,4.733065058412415,0.0,545.995946318517
p2etg,6,21056,4.733065058412415,0.0,545.995946318517
p2etg,6,21504,4.733065058412415,0.0,545.995946318517
p2etg,6,21952,4.733065058412415,0.0,545.995946318517
p2etg,6,22400,4.733065058412415,0.0,545.995946318517
p2etg,6,22848,4.733065058412415,0.0,545.995946318517
p2etg,6,23296,4.77784101387465,0.0,545.995946318517
p2etg,6,23744,4.77784101387465,0.0,545.995946318517
p2etg,6,24192,4.733065058412415,0.0,545.995946318517
p2etg,6,24640,4.733065058412415,0.0,545.995946318517
p2etg,6,25088,4.77784101387465,0.0,545.995946318517
p2etg,6,25536,4.77784101387465,0.0,545.995946318517
p2etg,6,25984,4.77784101387465,0.0,545.995946318517
p2etg,6,26432,4.77784101387465,0.0,545.995946318517
p2etg,6,26880,4.733065058412415,0.0,545.995946318517
p2etg,6,27328,4.733065058412415,0.0,545.995946318517
p2etg,6,27776,4.733065058412415,0.0,545.995946318517
p2etg,6,28224,4.77784101387465,0.0,545.995946318517
p2etg,6,28672,4.77784101387465,0.0,545.995946318517
p2etg,6,29120,4.77784101387465,0.0,545.995946318517
p2etg,6,29568,4.77784101387465,0.0,545.995946318517
p2etg,6,30016,4.733065058412415,0.0,545.995946318517
p2etg,6,30464,4.733065058412415,0.0,545.995946318517
p2etg,6,30912,4.733065058412415,0.0,545.995946318517
p2etg,6,31360,4.77784101387465,0.0,545.995946318517
p2etg,6,31808,4.77784101387465,0.0,545.995946318517
p2etg,6,32256,4.77784101387465,0.0,545.995946318517
p2etg,6,32704,4.77784101387465,0.0,545.995946318517
p2etg,6,33152,4.77784101387465,0.0,545.995946318517
p2etg,6,33600,4.77784101387465,0.0,545.995946318517
p2etg,6,34048,4.77784101387465,0.0,545.995946318517
p2etg,6,34496,4.77784101387465,0.0,545.995946318517
p2etg,6,34944,4.77784101387465,0.0,545.995946318517
p2etg,6,35392,4.77784101387465,0.0,545.995946318517
p2etg,6,35840,4.77784101387465,0.0,545.995946318517
p2etg,6,36288,4.77784101387465,0.0,545.995946318517
p2etg,6,36736,4.77784101387465,0.0,545.995946318517
p2etg,6,37184,4.77784101387465,0.0,545.995946318517
p2etg,6,37632,4.77784101387465,0.0,545.995946318517
p2etg,6,38080,4.77784101387465,0.0,545.995946318517
p2etg,6,38528,4.77784101387465,0.0,545.995946318517
p2etg,6,38976,4.77784101387465,0.0,545.995946318517
p2etg,6,39424,4.77784101387465,0.0,545.995946318517
p2etg,6,39872,4.77784101387465,0.0,545.995946318517
p2etg,6,40320,4.77784101387465,0.0,545.995946318517
p2etg,6,40768,4.77784101387465,0.0,545.995946318517
p2etg,6,41216,4.77784101387465,0.0,545.995946318517
p2etg,6,41664,4.77784101387465,0.0,545.995946318517
p2etg,6,42112,4.77784101387465,0.0,545.995946318517
p2etg,6,42560,4.77784101387465,0.0,545.995946318517
p2etg,6,43008,4.77784101387465,0.0,545.995946318517
p2etg,6,43456,4.77784101387465,0.0,545.995946318517
p2etg,6,43904,4.739978043111983,0.0,545.995946318517
p2etg,6,44352,4.739978043111983,0.0,545.995946318517
p2etg,6,44800,4.739978043111983,0.0,545.995946318517
p2etg,6,45248,4.77784101387465,0.0,545.995946318517
p2etg,6,45696,4.77784101387465,0.0,545.995946318517
p2etg,6,46144,4.77784101387465,0.0,545.995946318517
p2etg,6,46592,4.77784101387465,0.0,545.995946318517
p2etg,6,47040,4.77784101387465,0.0,545.995946318517
p2etg,6,47488,4.77784101387465,0.0,545.995946318517
p2etg,6,47936,4.77784101387465,0.0,545.995946318517
p2etg,6,48384,4.77784101387465,0.0,545.995946318517
p2etg,6,48832,4.77784101387465,0.0,545.995946318517
p2etg,6,49280,4.77784101387465,0.0,545.995946318517
p2etg,6,49728,4.77784101387465,0.0,545.995946318517
p2etg,6,50176,4.77784101387465,0.0,545.995946318517
p2etg,6,50624,4.77784101387465,0.0,545.995946318517
p2etg,6,51072,4.77784101387465,0.0,545.995946318517
p2etg,6,51520,4.77784101387465,0.0,545.995946318517
p2etg,6,51968,4.77784101387465,0.0,545.995946318517
p2etg,6,52416,4.739978043111983,0.0,545.995946318517
p2etg,6,52864,4.739978043111983,0.0,545.995946318517
p2etg,6,53312,4.739978043111983,0.0,545.995946318517
p2etg,6,53760,4.77784101387465,0.0,545.995946318517
p2etg,6,54208,4.77784101387465,0.0,545.995946318517
p2etg,6,54656,4.77784101387465,0.0,545.995946318517
p2etg,6,55104,4.77784101387465,0.0,545.995946318517
p2etg,6,55552,4.66405406334025,0.05229443628928365,557.7099000473165
p2etg,6,56000,4.66405406334025,0.05229443628928365,581.1378075049156
p2etg,6,56448,4.66405406334025,0.05229443628928365,604.5657149625147
p2etg,6,56896,4.77784101387465,0.0,616.2796686913142
p2etg,6,57344,4.739978043111983,0.0,616.2796686913142
p2etg,6,57792,4.739978043111983,0.0,616.2796686913142
p2etg,6,58240,4.739978043111983,0.0,616.2796686913142
p2etg,6,58688,4.739978043111983,0.0,616.2796686913142
p2etg,6,59136,4.739978043111983,0.0,616.2796686913142
p2etg,6,59584,4.739978043111983,0.0,616.2796686913142
p2etg,6,60032,4.739978043111983,0.0,616.2796686913142
p2etg,6,60480,4.739978043111983,0.0,616.2796686913142
p2etg,6,60928,4.739978043111983,0.0,616.2796686913142
p2etg,6,61376,4.739978043111983,0.0,616.2796686913142
p2etg,6,61824,4.739978043111983,0.0,616.2796686913142
p2etg,6,62272,4.739978043111983,0.0,616.2796686913142
p2etg,6,62720,4.739978043111983,0.0,616.2796686913142
p2etg,6,63168,4.739978043111983,0.0,616.2796686913142
p2etg,6,63616,4.77784101387465,0.0,616.2796686913142
p2etg,6,64064,4.77784101387465,0.0,616.2796686913142
p2etg,6,64512,4.77784101387465,0.0,616.2796686913142
p2etg,6,64960,4.77784101387465,0.0,616.2796686913142
p2etg,6,65408,4.77784101387465,0.0,616.2796686913142
p2etg,6,65856,4.77784101387465,0.0,616.2796686913142
p2etg,6,66304,4.77784101387465,0.0,616.2796686913142
p2etg,6,66752,4.77784101387465,0.0,616.2796686913142
p2etg,6,67200,4.77784101387465,0.0,616.2796686913142
p2etg,6,67648,4.77784101387465,0.0,616.2796686913142
p2etg,6,68096,4.77784101387465,0.0,616.2796686913142
p2etg,6,68544,4.77784101387465,0.0,616.2796686913142
p2etg,6,68992,4.739978043111983,0.0,616.2796686913142
p2etg,6,69440,4.739978043111983,0.0,616.2796686913142
p2etg,6,69888,4.739978043111983,0.0,616.2796686913142
p2etg,6,70336,4.739978043111983,0.0,616.2796686913142
p2etg,6,70784,4.739978043111983,0.0,616.2796686913142
p2etg,6,71232,4.739978043111983,0.0,616.2796686913142
p2etg,6,71680,4.739978043111983,0.0,616.2796686913142
p2etg,6,72128,4.739978043111983,0.0,616.2796686913142
p2etg,6,72576,4.739978043111983,0.0,616.2796686913142
p2etg,6,73024,4.739978043111983,0.0,616.2796686913142
p2etg,6,73472,4.739978043111983,0.0,616.2796686913142
p2etg,6,73920,4.739978043111983,0.0,616.2796686913142
p2etg,6,74368,4.739978043111983,0.0,616.2796686913142
p2etg,6,74816,4.739978043111983,0.0,616.2796686913142
p2etg,6,75264,4.739978043111983,0.0,616.2796686913142
p2etg,6,75712,4.739978043111983,0.0,616.2796686913142
p2etg,6,76160,4.739978043111983,0.0,616.2796686913142
p2etg,6,76608,4.739978043111983,0.0,616.2796686913142
p2etg,6,77056,4.739978043111983,0.0,616.2796686913142
p2etg,6,77504,4.739978043111983,0.0,616.2796686913142
p2etg,6,77952,4.739978043111983,0.0,616.2796686913142
p2etg,6,78400,4.739978043111983,0.0,616.2796686913142
p2etg,6,78848,4.739978043111983,0.0,616.2796686913142
p2etg,6,79296,4.739978043111983,0.0,616.2796686913142
p2etg,6,79744,4.739978043111983,0.0,616.2796686913142
p2etg,6,80192,4.739978043111983,0.0,616.2796686913142
p2etg,6,80640,4.739978043111983,0.0,616.2796686913142
p2etg,6,81088,4.739978043111983,0.0,616.2796686913142
p2etg,6,81536,4.739978043111983,0.0,616.2796686913142
p2etg,6,81984,4.739978043111983,0.0,616.2796686913142
p2etg,6,82432,4.739978043111983,0.0,616.2796686913142
p2etg,6,82880,4.739978043111983,0.0,616.2796686913142
p2etg,6,83328,4.739978043111983,0.0,616.2796686913142
p2etg,6,83776,4.739978043111983,0.0,616.2796686913142
p2etg,6,84224,4.739978043111983,0.0,616.2796686913142
p2etg,6,84672,4.739978043111983,0.0,616.2796686913142
p2etg,6,85120,4.739978043111983,0.0,616.2796686913142
p2etg,6,85568,4.739978043111983,0.0,616.2796686913142
p2etg,6,86016,4.739978043111983,0.0,616.2796686913142
p2etg,6,86464,4.739978043111983,0.0,616.2796686913142
p2etg,6,86912,4.739978043111983,0.0,616.2796686913142
p2etg,6,87360,4.739978043111983,0.0,616.2796686913142
p2etg,6,87808,4.739978043111983,0.0,616.2796686913142
p2etg,6,88256,4.739978043111983,0.0,616.2796686913142
p2etg,6,88704,4.739978043111983,0.0,616.2796686913142
p2etg,6,89152,4.739978043111983,0.0,616.2796686913142
p2etg,6,89600,4.739978043111983,0.0,616.2796686913142
p2etg,6,90048,4.739978043111983,0.0,616.2796686913142
p2etg,6,90496,4.739978043111983,0.0,616.2796686913142
p2etg,6,90944,4.739978043111983,0.0,616.2796686913142
p2etg,6,91392,4.739978043111983,0.0,616.2796686913142
p2etg,6,91840,4.739978043111983,0.0,616.2796686913142
p2etg,6,92288,4.739978043111983,0.0,616.2796686913142
p2etg,6,92736,4.739978043111983,0.0,616.2796686913142
p2etg,6,93184,4.739978043111983,0.0,616.2796686913142
p2etg,6,93632,4.739978043111983,0.0,616.2796686913142
p2etg,6,94080,4.739978043111983,0.0,616.2796686913142
p2etg,6,94528,4.739978043111983,0.0,616.2796686913142
p2etg,6,94976,4.739978043111983,0.0,616.2796686913142
p2etg,6,95424,4.739978043111983,0.0,616.2796686913142
p2etg,6,95872,4.739978043111983,0.0,616.2796686913142
p2etg,6,96320,4.739978043111983,0.0,616.2796686913142
p2etg,6,96768,4.739978043111983,0.0,616.2796686913142
p2etg,6,97216,4.739978043111983,0.0,616.2796686913142
p2etg,6,97664,4.739978043111983,0.0,616.2796686913142
p2etg,6,98112,4.739978043111983,0.0,616.2796686913142
p2etg,6,98560,4.739978043111983,0.0,616.2796686913142
p2etg,6,99008,4.739978043111983,0.0,616.2796686913142
p2etg,6,99456,4.739978043111983,0.0,616.2796686913142
p2etg,6,99904,4.739978043111983,0.0,616.2796686913142
p2etg,6,100352,4.739978043111983,0.0,616.2796686913142
p2etg,6,100800,4.739978043111983,0.0,616.2796686913142
p2etg,6,101248,4.739978043111983,0.0,616.2796686913142
p2etg,6,101696,4.739978043111983,0.0,616.2796686913142
p2etg,6,102144,4.739978043111983,0.0,616.2796686913142
p2etg,6,102592,4.739978043111983,0.0,616.2796686913142
p2etg,6,103040,4.739978043111983,0.0,616.2796686913142
p2etg,6,103488,4.739978043111983,0.0,616.2796686913142
p2etg,6,103936,4.739978043111983,0.0,616.2796686913142
p2etg,6,104384,4.739978043111983,0.0,616.2796686913142
p2etg,6,104832,4.739978043111983,0.0,616.2796686913142
p2etg,6,105280,4.739978043111983,0.0,616.2796686913142
p2etg,6,105728,4.739978043111983,0.0,616.2796686913142
p2etg,6,106176,4.739978043111983,0.0,616.2796686913142
p2etg,6,106624,4.739978043111983,0.0,616.2796686913142
p2etg,6,107072,4.739978043111983,0.0,616.2796686913142
p2etg,6,107520,4.739978043111983,0.0,616.2796686913142
p2etg,6,107968,4.739978043111983,0.0,616.2796686913142
p2etg,6,108416,4.739978043111983,0.0,616.2796686913142
p2etg,6,108864,4.739978043111983,0.0,616.2796686913142
p2etg,6,109312,4.739978043111983,0.0,616.2796686913142
p2etg,6,109760,4.739978043111983,0.0,616.2796686913142
p2etg,6,110208,4.739978043111983,0.0,616.2796686913142
p2etg,6,110656,4.739978043111983,0.0,616.2796686913142
p2etg,6,111104,4.739978043111983,0.0,616.2796686913142
p2etg,6,111552,4.739978043111983,0.0,616.2796686913142
p2etg,6,112000,4.739978043111983,0.0,616.2796686913142
p2etg,6,112448,4.739978043111983,0.0,616.2796686913142
p2etg,6,112896,4.739978043111983,0.0,616.2796686913142
p2etg,6,113344,4.739978043111983,0.0,616.2796686913142
p2etg,6,113792,4.739978043111983,0.0,616.2796686913142
p2etg,6,114240,4.739978043111983,0.0,616.2796686913142
p2etg,6,114688,4.739978043111983,0.0,616.2796686913142
p2etg,6,115136,4.739978043111983,0.0,616.2796686913142
p2etg,6,115584,4.739978043111983,0.0,616.2796686913142
p2etg,6,116032,4.739978043111983,0.0,616.2796686913142
p2etg,6,116480,4.739978043111983,0.0,616.2796686913142
p2etg,6,116928,4.739978043111983,0.0,616.2796686913142
p2etg,6,117376,4.739978043111983,0.0,616.2796686913142
p2etg,6,117824,4.739978043111983,0.0,616.2796686913142
p2etg,6,118272,4.739978043111983,0.0,616.2796686913142
p2etg,6,118720,4.739978043111983,0.0,616.2796686913142
p2etg,6,119168,4.739978043111983,0.0,616.2796686913142
p2etg,6,119616,4.739978043111983,0.0,616.2796686913142
p2etg,6,120064,4.739978043111983,0.0,616.2796686913142
p2etg,6,120512,4.739978043111983,0.0,616.2796686913142
p2etg,6,120960,4.739978043111983,0.0,616.2796686913142
p2etg,6,121408,4.739978043111983,0.0,616.2796686913142
p2etg,6,121856,4.739978043111983,0.0,616.2796686913142
p2etg,6,122304,4.739978043111983,0.0,616.2796686913142
p2etg,6,122752,4.739978043111983,0.0,616.2796686913142
p2etg,6,123200,4.739978043111983,0.0,616.2796686913142
p2etg,6,123648,4.739978043111983,0.0,616.2796686913142
p2etg,6,124096,4.739978043111983,0.0,616.2796686913142
p2etg,6,124544,4.739978043111983,0.0,616.2796686913142
p2etg,6,124992,4.739978043111983,0.0,616.2796686913142
p2etg,6,125440,4.739978043111983,0.0,616.2796686913142
p2etg,6,125888,4.739978043111983,0.0,616.2796686913142
p2etg,6,126336,4.739978043111983,0.0,616.2796686913142
p2etg,6,126784,4.739978043111983,0.0,616.2796686913142
p2etg,6,127232,4.739978043111983,0.0,616.2796686913142
p2etg,6,127680,4.739978043111983,0.0,616.2796686913142
p2etg,6,128128,4.739978043111983,0.0,616.2796686913142
p2etg,6,128576,4.739978043111983,0.0,616.2796686913142
p2etg,6,129024,4.739978043111983,0.0,616.2796686913142
p2etg,6,129472,4.739978043111983,0.0,616.2796686913142
p2etg,6,129920,4.739978043111983,0.0,616.2796686913142
p2etg,6,130368,4.739978043111983,0.0,616.2796686913142
p2etg,6,130816,4.739978043111983,0.0,616.2796686913142
p2etg,6,131264,4.739978043111983,0.0,616.2796686913142
p2etg,6,131712,4.739978043111983,0.0,616.2796686913142
p2etg,6,132160,4.739978043111983,0.0,616.2796686913142
p2etg,6,132608,4.739978043111983,0.0,616.2796686913142
p2etg,6,133056,4.739978043111983,0.0,616.2796686913142
p2etg,6,133504,4.739978043111983,0.0,616.2796686913142
p2etg,6,133952,4.739978043111983,0.0,616.2796686913142
p2etg,6,134400,4.739978043111983,0.0,616.2796686913142
p2etg,6,134848,4.739978043111983,0.0,616.2796686913142
p2etg,6,135296,4.739978043111983,0.0,616.2796686913142
p2etg,6,135744,4.739978043111983,0.0,616.2796686913142
p2etg,6,136192,4.739978043111983,0.0,616.2796686913142
p2etg,6,136640,4.739978043111983,0.0,616.2796686913142
p2etg,6,137088,4.739978043111983,0.0,616.2796686913142
p2etg,6,137536,4.739978043111983,0.0,616.2796686913142
p2etg,6,137984,4.739978043111983,0.0,616.2796686913142
p2etg,6,138432,4.739978043111983,0.0,616.2796686913142
p2etg,6,138880,4.739978043111983,0.0,616.2796686913142
p2etg,6,139328,4.739978043111983,0.0,616.2796686913142
p2etg,6,139776,4.739978043111983,0.0,616.2796686913142
p2etg,6,140224,4.739978043111983,0.0,616.2796686913142
p2etg,6,140672,4.739978043111983,0.0,616.2796686913142
p2etg,6,141120,4.739978043111983,0.0,616.2796686913142
p2etg,6,141568,4.739978043111983,0.0,616.2796686913142
p2etg,6,142016,4.739978043111983,0.0,616.2796686913142
p2etg,6,142464,4.739978043111983,0.0,616.2796686913142
p2etg,6,142912,4.739978043111983,0.0,616.2796686913142
p2etg,6,143360,4.739978043111983,0.0,616.2796686913142
p2etg,6,143808,4.739978043111983,0.0,616.2796686913142
p2etg,6,144256,4.739978043111983,0.0,616.2796686913142
p2etg,6,144704,4.739978043111983,0.0,616.2796686913142
p2etg,6,145152,4.739978043111983,0.0,616.2796686913142
p2etg,6,145600,4.739978043111983,0.0,616.2796686913142
p2etg,6,146048,4.739978043111983,0.0,616.2796686913142
p2etg,6,146496,4.739978043111983,0.0,616.2796686913142
p2etg,6,146944,4.739978043111983,0.0,616.2796686913142
p2etg,6,147392,4.739978043111983,0.0,616.2796686913142
p2etg,6,147840,4.739978043111983,0.0,616.2796686913142
p2etg,6,148288,4.739978043111983,0.0,616.2796686913142
p2etg,6,148736,4.739978043111983,0.0,616.2796686913142
p2etg,6,149184,4.739978043111983,0.0,616.2796686913142
p2etg,6,149632,4.739978043111983,0.0,616.2796686913142
p2etg,6,150080,4.739978043111983,0.0,616.2796686913142
p2etg,6,150528,4.739978043111983,0.0,616.2796686913142
p2etg,6,150976,4.739978043111983,0.0,616.2796686913142
p2etg,6,151424,4.739978043111983,0.0,616.2796686913142
p2etg,6,151872,4.739978043111983,0.0,616.2796686913142
p2etg,6,152320,4.739978043111983,0.0,616.2796686913142
p2etg,6,152768,4.739978043111983,0.0,616.2796686913142
p2etg,6,153216,4.739978043111983,0.0,616.2796686913142
p2etg,6,153664,4.739978043111983,0.0,616.2796686913142
p2etg,6,154112,4.739978043111983,0.0,616.2796686913142
p2etg,6,154560,4.739978043111983,0.0,616.2796686913142
p2etg,6,155008,4.739978043111983,0.0,616.2796686913142
p2etg,6,155456,4.739978043111983,0.0,616.2796686913142
p2etg,6,155904,4.739978043111983,0.0,616.2796686913142
p2etg,6,156352,4.739978043111983,0.0,616.2796686913142
p2etg,6,156800,4.739978043111983,0.0,616.2796686913142
p2etg,6,157248,4.739978043111983,0.0,616.2796686913142
p2etg,6,157696,4.739978043111983,0.0,616.2796686913142
p2etg,6,158144,4.739978043111983,0.0,616.2796686913142
p2etg,6,158592,4.739978043111983,0.0,616.2796686913142
p2etg,6,159040,4.739978043111983,0.0,616.2796686913142
p2etg,6,159488,4.739978043111983,0.0,616.2796686913142
p2etg,6,159936,4.739978043111983,0.0,616.2796686913142
p2etg,6,160384,4.739978043111983,0.0,616.2796686913142
p2etg,6,160832,4.739978043111983,0.0,616.2796686913142
p2etg,6,161280,4.739978043111983,0.0,616.2796686913142
p2etg,6,161728,4.739978043111983,0.0,616.2796686913142
p2etg,6,162176,4.739978043111983,0.0,616.2796686913142
p2etg,6,162624,4.739978043111983,0.0,616.2796686913142
p2etg,6,163072,4.739978043111983,0.0,616.2796686913142
p2etg,6,163520,4.739978043111983,0.0,616.2796686913142
p2etg,6,163968,4.739978043111983,0.0,616.2796686913142
p2etg,6,164416,4.739978043111983,0.0,616.2796686913142
p2etg,6,164864,4.739978043111983,0.0,616.2796686913142
p2etg,6,165312,4.739978043111983,0.0,616.2796686913142
p2etg,6,165760,4.739978043111983,0.0,616.2796686913142
p2etg,6,166208,4.739978043111983,0.0,616.2796686913142
p2etg,6,166656,4.739978043111983,0.0,616.2796686913142
p2etg,6,167104,4.739978043111983,0.0,616.2796686913142
p2etg,6,167552,4.739978043111983,0.0,616.2796686913142
p2etg,6,168000,4.739978043111983,0.0,616.2796686913142
p2etg,6,168448,4.739978043111983,0.0,616.2796686913142
p2etg,6,168896,4.739978043111983,0.0,616.2796686913142
p2etg,6,169344,4.739978043111983,0.0,616.2796686913142
p2etg,6,169792,4.739978043111983,0.0,616.2796686913142
p2etg,6,170240,4.739978043111983,0.0,616.2796686913142
p2etg,6,170688,4.739978043111983,0.0,616.2796686913142
p2etg,6,171136,4.739978043111983,0.0,616.2796686913142
p2etg,6,171584,4.739978043111983,0.0,616.2796686913142
p2etg,6,172032,4.739978043111983,0.0,616.2796686913142
p2etg,6,172480,4.739978043111983,0.0,616.2796686913142
p2etg,6,172928,4.739978043111983,0.0,616.2796686913142
p2etg,6,173376,4.739978043111983,0.0,616.2796686913142
p2etg,6,173824,4.739978043111983,0.0,616.2796686913142
p2etg,6,174272,4.739978043111983,0.0,616.2796686913142
p2etg,6,174720,4.739978043111983,0.0,616.2796686913142
p2etg,6,175168,4.739978043111983,0.0,616.2796686913142
p2etg,6,175616,4.739978043111983,0.0,616.2796686913142
p2etg,6,176064,4.739978043111983,0.0,616.2796686913142
p2etg,6,176512,4.739978043111983,0.0,616.2796686913142
p2etg,6,176960,4.739978043111983,0.0,616.2796686913142
p2etg,6,177408,4.739978043111983,0.0,616.2796686913142
p2etg,6,177856,4.739978043111983,0.0,616.2796686913142
p2etg,6,178304,4.739978043111983,0.0,616.2796686913142
p2etg,6,178752,4.739978043111983,0.0,616.2796686913142
p2etg,6,179200,4.739978043111983,0.0,616.2796686913142
p2etg,6,179648,4.739978043111983,0.0,616.2796686913142
p2etg,6,180096,4.739978043111983,0.0,616.2796686913142
p2etg,6,180544,4.739978043111983,0.0,616.2796686913142
p2etg,6,180992,4.739978043111983,0.0,616.2796686913142
p2etg,6,181440,4.739978043111983,0.0,616.2796686913142
p2etg,6,181888,4.739978043111983,0.0,616.2796686913142
p2etg,6,182336,4.739978043111983,0.0,616.2796686913142
p2etg,6,182784,4.739978043111983,0.0,616.2796686913142
p2etg,6,183232,4.739978043111983,0.0,616.2796686913142
p2etg,6,183680,4.739978043111983,0.0,616.2796686913142
p2etg,6,184128,4.739978043111983,0.0,616.2796686913142
p2etg,6,184576,4.739978043111983,0.0,616.2796686913142
p2etg,6,185024,4.739978043111983,0.0,616.2796686913142
p2etg,6,185472,4.739978043111983,0.0,616.2796686913142
p2etg,6,185920,4.739978043111983,0.0,616.2796686913142
p2etg,6,186368,4.739978043111983,0.0,616.2796686913142
p2etg,6,186816,4.739978043111983,0.0,616.2796686913142
p2etg,6,187264,4.739978043111983,0.0,616.2796686913142
p2etg,6,187712,4.739978043111983,0.0,616.2796686913142
p2etg,6,188160,4.739978043111983,0.0,616.2796686913142
p2etg,6,188608,4.739978043111983,0.0,616.2796686913142
p2etg,6,189056,4.739978043111983,0.0,616.2796686913142
p2etg,6,189504,4.739978043111983,0.0,616.2796686913142
p2etg,6,189952,4.739978043111983,0.0,616.2796686913142
p2etg,6,190400,4.739978043111983,0.0,616.2796686913142
p2etg,6,190848,4.739978043111983,0.0,616.2796686913142
p2etg,6,191296,4.739978043111983,0.0,616.2796686913142
p2etg,6,191744,4.739978043111983,0.0,616.2796686913142
p2etg,6,192192,4.739978043111983,0.0,616.2796686913142
p2etg,6,192640,4.739978043111983,0.0,616.2796686913142
p2etg,6,193088,4.739978043111983,0.0,616.2796686913142
p2etg,6,193536,4.739978043111983,0.0,616.2796686913142
p2etg,6,193984,4.739978043111983,0.0,616.2796686913142
p2etg,6,194432,4.739978043111983,0.0,616.2796686913142
p2etg,6,194880,4.739978043111983,0.0,616.2796686913142
p2etg,6,195328,4.739978043111983,0.0,616.2796686913142
p2etg,6,195776,4.739978043111983,0.0,616.2796686913142
p2etg,6,196224,4.739978043111983,0.0,616.2796686913142
p2etg,6,196672,4.739978043111983,0.0,616.2796686913142
p2etg,6,197120,4.739978043111983,0.0,616.2796686913142
p2etg,6,197568,4.739978043111983,0.0,616.2796686913142
p2etg,6,198016,4.739978043111983,0.0,616.2796686913142
p2etg,6,198464,4.739978043111983,0.0,616.2796686913142
p2etg,6,198912,4.739978043111983,0.0,616.2796686913142
p2etg,6,199360,4.739978043111983,0.0,616.2796686913142
p2etg,6,199808,4.739978043111983,0.0,616.2796686913142
p2etg,6,200000,4.739978043111983,0.0,616.2796686913142
p2etg,7,448,5.041305055990795,0.0,0.0
p2etg,7,896,4.90362395992035,0.0,0.0
p2etg,7,1344,4.90362395992035,0.0,0.0
p2etg,7,1792,4.90362395992035,0.0,0.0
p2etg,7,2240,4.90362395992035,0.0,0.0
p2etg,7,2688,5.0607155438315115,0.0,0.0
p2etg,7,3136,4.637926435227451,0.07842206440208255,17.56654242606649
p2etg,7,3584,5.0607155438315115,0.0,35.13308485213298
p2etg,7,4032,4.667739093354533,0.04860940627500021,46.02159185773303
p2etg,7,4480,4.678888697039928,0.03745980258960557,65.30109464340472
p2etg,7,4928,4.678888697039928,0.03745980258960557,82.08308620354802
p2etg,7,5376,4.678888697039928,0.03745980258960557,98.86507776369132
p2etg,7,5824,4.678888697039928,0.03745980258960557,115.64706932383461
p2etg,7,6272,4.852039001687018,0.0,124.03806510390626
p2etg,7,6720,4.852039001687018,0.0,124.03806510390626
p2etg,7,7168,4.907415343215205,0.0,124.03806510390626
p2etg,7,7616,4.907415343215205,0.0,124.03806510390626
p2etg,7,8064,4.907415343215205,0.0,124.03806510390626
p2etg,7,8512,4.852039001687018,0.0,124.03806510390626
p2etg,7,8960,4.852039001687018,0.0,124.03806510390626
p2etg,7,9408,4.852039001687018,0.0,124.03806510390626
p2etg,7,9856,4.852039001687018,0.0,124.03806510390626
p2etg,7,10304,4.6192781078780145,0.09707039175151877,145.78183285624647
p2etg,7,10752,4.556386262748979,0.15996223688055444,203.35714166983087
p2etg,7,11200,4.650766984765949,0.06558151486358454,253.878942060518
p2etg,7,11648,4.595884671626268,0.12046382800326505,295.5530988626923
p2etg,7,12096,4.556386262748979,0.15996223688055444,358.3685373966679
p2etg,7,12544,4.556386262748979,0.15996223688055444,430.03161951915627
p2etg,7,12992,4.611268575888659,0.10507992374087394,489.4010634983562
p2etg,7,13440,4.611268575888659,0.10507992374087394,536.4768693342678
p2etg,7,13888,4.611268575888659,0.10507992374087394,583.5526751701793
p2etg,7,14336,4.650766984765949,0.06558151486358454,621.780837417578
p2etg,7,14784,4.650766984765949,0.06558151486358454,651.1613560764639
p2etg,7,15232,4.650766984765949,0.06558151486358454,680.5418747353498
p2etg,7,15680,4.650766984765949,0.06558151486358454,709.9223933942357
p2etg,7,16128,4.650766984765949,0.06558151486358454,739.3029120531215
p2etg,7,16576,4.650766984765949,0.06558151486358454,768.6834307120074
p2etg,7,17024,4.650766984765949,0.06558151486358454,798.0639493708933
p2etg,7,17472,4.650766984765949,0.06558151486358454,827.4444680297792
p2etg,7,17920,4.632414987868443,0.08393351176109043,860.9358339937064
p2etg,7,18368,4.650766984765949,0.06558151486358454,894.4271999576335
p2etg,7,18816,4.650766984765949,0.06558151486358454,923.8077186165194
p2etg,7,19264,4.632414987868443,0.08393351176109043,957.2990845804466
p2etg,7,19712,4.632414987868443,0.08393351176109043,994.9012978494151
p2etg,7,20160,4.632414987868443,0.08393351176109043,1032.5035111183836
p2etg,7,20608,4.632414987868443,0.08393351176109043,1070.105724387352
p2etg,7,21056,4.632414987868443,0.08393351176109043,1107.7079376563206
p2etg,7,21504,4.632414987868443,0.08393351176109043,1145.3101509252892
p2etg,7,21952,4.632414987868443,0.08393351176109043,1182.9123641942579
p2etg,7,22400,4.632414987868443,0.08393351176109043,1220.5145774632265
p2etg,7,22848,4.632414987868443,0.08393351176109043,1258.116790732195
p2etg,7,23296,4.632414987868443,0.08393351176109043,1295.7190040011637
p2etg,7,23744,4.632414987868443,0.08393351176109043,1333.3212172701324
p2etg,7,24192,4.632414987868443,0.08393351176109043,1370.923430539101
p2etg,7,24640,4.632414987868443,0.08393351176109043,1408.5256438080696
p2etg,7,25088,4.632414987868443,0.08393351176109043,1446.1278570770382
p2etg,7,25536,4.632414987868443,0.08393351176109043,1483.7300703460069
p2etg,7,25984,4.632414987868443,0.08393351176109043,1521.3322836149755
p2etg,7,26432,4.632414987868443,0.08393351176109043,1558.9344968839441
p2etg,7,26880,4.632414987868443,0.08393351176109043,1596.5367101529127
p2etg,7,27328,4.632414987868443,0.08393351176109043,1634.1389234218814
p2etg,7,27776,4.632414987868443,0.08393351176109043,1671.74113669085
p2etg,7,28224,4.632414987868443,0.08393351176109043,1709.3433499598186
p2etg,7,28672,4.611268575888659,0.10507992374087394,1751.6823595122587
p2etg,7,29120,4.611268575888659,0.10507992374087394,1798.7581653481702
p2etg,7,29568,4.656044531350894,0.06030396827863971,1835.8041571605413
p2etg,7,30016,4.739978043111983,0.0,1849.3122460549566
p2etg,7,30464,4.656044531350894,0.06030396827863971,1862.820334949372
p2etg,7,30912,4.656044531350894,0.06030396827863971,1889.8365127382026
p2etg,7,31360,4.656044531350894,0.06030396827863971,1916.8526905270332
p2etg,7,31808,4.656044531350894,0.06030396827863971,1943.868868315864
p2etg,7,32256,4.656044531350894,0.06030396827863971,1970.8850461046945
p2etg,7,32704,4.656044531350894,0.06030396827863971,1997.9012238935252
p2etg,7,33152,4.656044531350894,0.06030396827863971,2024.9174016823558
p2etg,7,33600,4.739978043111983,0.0,2038.4254905767712
p2etg,7,34048,4.739978043111983,0.0,2038.4254905767712
p2etg,7,34496,4.739978043111983,0.0,2038.4254905767712
p2etg,7,34944,4.739978043111983,0.0,2038.4254905767712
p2etg,7,35392,4.739978043111983,0.0,2038.4254905767712
p2etg,7,35840,4.739978043111983,0.0,2038.4254905767712
p2etg,7,36288,4.739978043111983,0.0,2038.4254905767712
p2etg,7,36736,4.739978043111983,0.0,2038.4254905767712
p2etg,7,37184,4.716348499629533,0.0,2038.4254905767712
p2etg,7,37632,4.716348499629533,0.0,2038.4254905767712
p2etg,7,38080,4.716348499629533,0.0,2038.4254905767712
p2etg,7,38528,4.716348499629533,0.0,2038.4254905767712
p2etg,7,38976,4.716348499629533,0.0,2038.4254905767712
p2etg,7,39424,4.716348499629533,0.0,2038.4254905767712
p2etg,7,39872,4.716348499629533,0.0,2038.4254905767712
p2etg,7,40320,4.716348499629533,0.0,2038.4254905767712
p2etg,7,40768,4.716348499629533,0.0,2038.4254905767712
p2etg,7,41216,4.716348499629533,0.0,2038.4254905767712
p2etg,7,41664,4.716348499629533,0.0,2038.4254905767712
p2etg,7,42112,4.716348499629533,0.0,2038.4254905767712
p2etg,7,42560,4.716348499629533,0.0,2038.4254905767712
p2etg,7,43008,4.716348499629533,0.0,2038.4254905767712
p2etg,7,43456,4.716348499629533,0.0,2038.4254905767712
p2etg,7,43904,4.716348499629533,0.0,2038.4254905767712
p2etg,7,44352,4.716348499629533,0.0,2038.4254905767712
p2etg,7,44800,4.716348499629533,0.0,2038.4254905767712
p2etg,7,45248,4.716348499629533,0.0,2038.4254905767712
p2etg,7,45696,4.716348499629533,0.0,2038.4254905767712
p2etg,7,46144,4.716348499629533,0.0,2038.4254905767712
p2etg,7,46592,4.716348499629533,0.0,2038.4254905767712
p2etg,7,47040,4.716348499629533,0.0,2038.4254905767712
p2etg,7,47488,4.716348499629533,0.0,2038.4254905767712
p2etg,7,47936,4.716348499629533,0.0,2038.4254905767712
p2etg,7,48384,4.716348499629533,0.0,2038.4254905767712
p2etg,7,48832,4.716348499629533,0.0,2038.4254905767712
p2etg,7,49280,4.716348499629533,0.0,2038.4254905767712
p2etg,7,49728,4.716348499629533,0.0,2038.4254905767712
p2etg,7,50176,4.716348499629533,0.0,2038.4254905767712
p2etg,7,50624,4.716348499629533,0.0,2038.4254905767712
p2etg,7,51072,4.716348499629533,0.0,2038.4254905767712
p2etg,7,51520,4.716348499629533,0.0,2038.4254905767712
p2etg,7,51968,4.716348499629533,0.0,2038.4254905767712
p2etg,7,52416,4.716348499629533,0.0,2038.4254905767712
p2etg,7,52864,4.716348499629533,0.0,2038.4254905767712
p2etg,7,53312,4.716348499629533,0.0,2038.4254905767712
p2etg,7,53760,4.716348499629533,0.0,2038.4254905767712
p2etg,7,54208,4.716348499629533,0.0,2038.4254905767712
p2etg,7,54656,4.716348499629533,0.0,2038.4254905767712
p2etg,7,55104,4.716348499629533,0.0,2038.4254905767712
p2etg,7,55552,4.716348499629533,0.0,2038.4254905767712
p2etg,7,56000,4.716348499629533,0.0,2038.4254905767712
p2etg,7,56448,4.716348499629533,0.0,2038.4254905767712
p2etg,7,56896,4.716348499629533,0.0,2038.4254905767712
p2etg,7,57344,4.716348499629533,0.0,2038.4254905767712
p2etg,7,57792,4.716348499629533,0.0,2038.4254905767712
p2etg,7,58240,4.695202087649749,0.021146411979784396,2043.1622868602428
p2etg,7,58688,4.695202087649749,0.021146411979784396,2052.6358794271864
p2etg,7,59136,4.695202087649749,0.021146411979784396,2062.1094719941298
p2etg,7,59584,4.695202087649749,0.021146411979784396,2071.583064561073
p2etg,7,60032,4.695202087649749,0.021146411979784396,2081.0566571280165
p2etg,7,60480,4.695202087649749,0.021146411979784396,2090.53024969496
p2etg,7,60928,4.695202087649749,0.021146411979784396,2100.003842261903
p2etg,7,61376,4.695202087649749,0.021146411979784396,2109.4774348288465
p2etg,7,61824,4.695202087649749,0.021146411979784396,2118.95102739579
p2etg,7,62272,4.695202087649749,0.021146411979784396,2128.4246199627332
p2etg,7,62720,4.695202087649749,0.021146411979784396,2137.8982125296766
p2etg,7,63168,4.695202087649749,0.021146411979784396,2147.37180509662
p2etg,7,63616,4.695202087649749,0.021146411979784396,2156.8453976635633
p2etg,7,64064,4.695202087649749,0.021146411979784396,2166.3189902305066
p2etg,7,64512,4.695202087649749,0.021146411979784396,2175.79258279745
p2etg,7,64960,4.695202087649749,0.021146411979784396,2185.2661753643933
p2etg,7,65408,4.695202087649749,0.021146411979784396,2194.7397679313367
p2etg,7,65856,4.695202087649749,0.021146411979784396,2204.21336049828
p2etg,7,66304,4.695202087649749,0.021146411979784396,2213.6869530652234
p2etg,7,66752,4.695202087649749,0.021146411979784396,2223.1605456321668
p2etg,7,67200,4.695202087649749,0.021146411979784396,2232.63413819911
p2etg,7,67648,4.695202087649749,0.021146411979784396,2242.1077307660535
p2etg,7,68096,4.695202087649749,0.021146411979784396,2251.581323332997
p2etg,7,68544,4.695202087649749,0.021146411979784396,2261.05491589994
p2etg,7,68992,4.695202087649749,0.021146411979784396,2270.5285084668835
p2etg,7,69440,4.695202087649749,0.021146411979784396,2280.002101033827
p2etg,7,69888,4.695202087649749,0.021146411979784396,2289.4756936007702
p2etg,7,70336,4.695202087649749,0.021146411979784396,2298.9492861677136
p2etg,7,70784,4.695202087649749,0.021146411979784396,2308.422878734657
p2etg,7,71232,4.695202087649749,0.021146411979784396,2317.8964713016003
p2etg,7,71680,4.695202087649749,0.021146411979784396,2327.3700638685436
p2etg,7,72128,4.695202087649749,0.021146411979784396,2336.843656435487
p2etg,7,72576,4.695202087649749,0.021146411979784396,2346.3172490024303
p2etg,7,73024,4.695202087649749,0.021146411979784396,2355.7908415693737
p2etg,7,73472,4.695202087649749,0.021146411979784396,2365.264434136317
p2etg,7,73920,4.695202087649749,0.021146411979784396,2374.7380267032604
p2etg,7,74368,4.695202087649749,0.021146411979784396,2384.2116192702038
p2etg,7,74816,4.695202087649749,0.021146411979784396,2393.685211837147
p2etg,7,75264,4.695202087649749,0.021146411979784396,2403.1588044040905
p2etg,7,75712,4.695202087649749,0.021146411979784396,2412.632396971034
p2etg,7,76160,4.695202087649749,0.021146411979784396,2422.105989537977
p2etg,7,76608,4.695202087649749,0.021146411979784396,2431.5795821049205
p2etg,7,77056,4.695202087649749,0.021146411979784396,2441.053174671864
p2etg,7,77504,4.695202087649749,0.021146411979784396,2450.526767238807
p2etg,7,77952,4.695202087649749,0.021146411979784396,2460.0003598057506
p2etg,7,78400,4.695202087649749,0.021146411979784396,2469.473952372694
p2etg,7,78848,4.695202087649749,0.021146411979784396,2478.9475449396373
p2etg,7,79296,4.695202087649749,0.021146411979784396,2488.4211375065806
p2etg,7,79744,4.695202087649749,0.021146411979784396,2497.894730073524
p2etg,7,80192,4.695202087649749,0.021146411979784396,2507.3683226404673
p2etg,7,80640,4.695202087649749,0.021146411979784396,2516.8419152074107
p2etg,7,81088,4.695202087649749,0.021146411979784396,2526.315507774354
p2etg,7,81536,4.695202087649749,0.021146411979784396,2535.7891003412974
p2etg,7,81984,4.695202087649749,0.021146411979784396,2545.2626929082408
p2etg,7,82432,4.695202087649749,0.021146411979784396,2554.736285475184
p2etg,7,82880,4.695202087649749,0.021146411979784396,2564.2098780421275
p2etg,7,83328,4.695202087649749,0.021146411979784396,2573.683470609071
p2etg,7,83776,4.695202087649749,0.021146411979784396,2583.157063176014
p2etg,7,84224,4.739978043111983,0.0,2587.893859459486
p2etg,7,84672,4.739978043111983,0.0,2587.893859459486
p2etg,7,85120,4.739978043111983,0.0,2587.893859459486
p2etg,7,85568,4.695202087649749,0.021146411979784396,2592.630655742958
p2etg,7,86016,4.695202087649749,0.021146411979784396,2602.1042483099013
p2etg,7,86464,4.739978043111983,0.0,2606.841044593373
p2etg,7,86912,4.739978043111983,0.0,2606.841044593373
p2etg,7,87360,4.739978043111983,0.0,2606.841044593373
p2etg,7,87808,4.739978043111983,0.0,2606.841044593373
p2etg,7,88256,4.739978043111983,0.0,2606.841044593373
p2etg,7,88704,4.739978043111983,0.0,2606.841044593373
p2etg,7,89152,4.739978043111983,0.0,2606.841044593373
p2etg,7,89600,4.739978043111983,0.0,2606.841044593373
p2etg,7,90048,4.739978043111983,0.0,2606.841044593373
p2etg,7,90496,4.739978043111983,0.0,2606.841044593373
p2etg,7,90944,4.739978043111983,0.0,2606.841044593373
p2etg,7,91392,4.739978043111983,0.0,2606.841044593373
p2etg,7,91840,4.739978043111983,0.0,2606.841044593373
p2etg,7,92288,4.739978043111983,0.0,2606.841044593373
p2etg,7,92736,4.739978043111983,0.0,2606.841044593373
p2etg,7,93184,4.739978043111983,0.0,2606.841044593373
p2etg,7,93632,4.739978043111983,0.0,2606.841044593373
p2etg,7,94080,4.739978043111983,0.0,2606.841044593373
p2etg,7,94528,4.739978043111983,0.0,2606.841044593373
p2etg,7,94976,4.739978043111983,0.0,2606.841044593373
p2etg,7,95424,4.739978043111983,0.0,2606.841044593373
p2etg,7,95872,4.739978043111983,0.0,2606.841044593373
p2etg,7,96320,4.739978043111983,0.0,2606.841044593373
p2etg,7,96768,4.739978043111983,0.0,2606.841044593373
p2etg,7,97216,4.739978043111983,0.0,2606.841044593373
p2etg,7,97664,4.739978043111983,0.0,2606.841044593373
p2etg,7,98112,4.739978043111983,0.0,2606.841044593373
p2etg,7,98560,4.739978043111983,0.0,2606.841044593373
p2etg,7,99008,4.739978043111983,0.0,2606.841044593373
p2etg,7,99456,4.695202087649749,0.021146411979784396,2611.577840876845
p2etg,7,99904,4.739978043111983,0.0,2616.314637160317
p2etg,7,100352,4.739978043111983,0.0,2616.314637160317
p2etg,7,100800,4.739978043111983,0.0,2616.314637160317
p2etg,7,101248,4.739978043111983,0.0,2616.314637160317
p2etg,7,101696,4.739978043111983,0.0,2616.314637160317
p2etg,7,102144,4.739978043111983,0.0,2616.314637160317
p2etg,7,102592,4.739978043111983,0.0,2616.314637160317
p2etg,7,103040,4.739978043111983,0.0,2616.314637160317
p2etg,7,103488,4.739978043111983,0.0,2616.314637160317
p2etg,7,103936,4.739978043111983,0.0,2616.314637160317
p2etg,7,104384,4.739978043111983,0.0,2616.314637160317
p2etg,7,104832,4.739978043111983,0.0,2616.314637160317
p2etg,7,105280,4.739978043111983,0.0,2616.314637160317
p2etg,7,105728,4.739978043111983,0.0,2616.314637160317
p2etg,7,106176,4.739978043111983,0.0,2616.314637160317
p2etg,7,106624,4.739978043111983,0.0,2616.314637160317
p2etg,7,107072,4.739978043111983,0.0,2616.314637160317
p2etg,7,107520,4.739978043111983,0.0,2616.314637160317
p2etg,7,107968,4.739978043111983,0.0,2616.314637160317
p2etg,7,108416,4.739978043111983,0.0,2616.314637160317
p2etg,7,108864,4.739978043111983,0.0,2616.314637160317
p2etg,7,109312,4.739978043111983,0.0,2616.314637160317
p2etg,7,109760,4.739978043111983,0.0,2616.314637160317
p2etg,7,110208,4.716348499629533,0.0,2616.314637160317
p2etg,7,110656,4.716348499629533,0.0,2616.314637160317
p2etg,7,111104,4.716348499629533,0.0,2616.314637160317
p2etg,7,111552,4.716348499629533,0.0,2616.314637160317
p2etg,7,112000,4.716348499629533,0.0,2616.314637160317
p2etg,7,112448,4.739978043111983,0.0,2616.314637160317
p2etg,7,112896,4.739978043111983,0.0,2616.314637160317
p2etg,7,113344,4.739978043111983,0.0,2616.314637160317
p2etg,7,113792,4.739978043111983,0.0,2616.314637160317
p2etg,7,114240,4.739978043111983,0.0,2616.314637160317
p2etg,7,114688,4.739978043111983,0.0,2616.314637160317
p2etg,7,115136,4.739978043111983,0.0,2616.314637160317
p2etg,7,115584,4.716348499629533,0.0,2616.314637160317
p2etg,7,116032,4.716348499629533,0.0,2616.314637160317
p2etg,7,116480,4.716348499629533,0.0,2616.314637160317
p2etg,7,116928,4.739978043111983,0.0,2616.314637160317
p2etg,7,117376,4.739978043111983,0.0,2616.314637160317
p2etg,7,117824,4.739978043111983,0.0,2616.314637160317
p2etg,7,118272,4.739978043111983,0.0,2616.314637160317
p2etg,7,118720,4.739978043111983,0.0,2616.314637160317
p2etg,7,119168,4.739978043111983,0.0,2616.314637160317
p2etg,7,119616,4.739978043111983,0.0,2616.314637160317
p2etg,7,120064,4.739978043111983,0.0,2616.314637160317
p2etg,7,120512,4.739978043111983,0.0,2616.314637160317
p2etg,7,120960,4.739978043111983,0.0,2616.314637160317
p2etg,7,121408,4.739978043111983,0.0,2616.314637160317
p2etg,7,121856,4.716348499629533,0.0,2616.314637160317
p2etg,7,122304,4.716348499629533,0.0,2616.314637160317
p2etg,7,122752,4.716348499629533,0.0,2616.314637160317
p2etg,7,123200,4.716348499629533,0.0,2616.314637160317
p2etg,7,123648,4.716348499629533,0.0,2616.314637160317
p2etg,7,124096,4.716348499629533,0.0,2616.314637160317
p2etg,7,124544,4.716348499629533,0.0,2616.314637160317
p2etg,7,124992,4.739978043111983,0.0,2616.314637160317
p2etg,7,125440,4.739978043111983,0.0,2616.314637160317
p2etg,7,125888,4.739978043111983,0.0,2616.314637160317
p2etg,7,126336,4.739978043111983,0.0,2616.314637160317
p2etg,7,126784,4.739978043111983,0.0,2616.314637160317
p2etg,7,127232,4.739978043111983,0.0,2616.314637160317
p2etg,7,127680,4.739978043111983,0.0,2616.314637160317
p2etg,7,128128,4.739978043111983,0.0,2616.314637160317
p2etg,7,128576,4.739978043111983,0.0,2616.314637160317
p2etg,7,129024,4.739978043111983,0.0,2616.314637160317
p2etg,7,129472,4.739978043111983,0.0,2616.314637160317
p2etg,7,129920,4.739978043111983,0.0,2616.314637160317
p2etg,7,130368,4.739978043111983,0.0,2616.314637160317
p2etg,7,130816,4.739978043111983,0.0,2616.314637160317
p2etg,7,131264,4.739978043111983,0.0,2616.314637160317
p2etg,7,131712,4.739978043111983,0.0,2616.314637160317
p2etg,7,132160,4.739978043111983,0.0,2616.314637160317
p2etg,7,132608,4.739978043111983,0.0,2616.314637160317
p2etg,7,133056,4.739978043111983,0.0,2616.314637160317
p2etg,7,133504,4.739978043111983,0.0,2616.314637160317
p2etg,7,133952,4.739978043111983,0.0,2616.314637160317
p2etg,7,134400,4.739978043111983,0.0,2616.314637160317
p2etg,7,134848,4.739978043111983,0.0,2616.314637160317
p2etg,7,135296,4.739978043111983,0.0,2616.314637160317
p2etg,7,135744,4.739978043111983,0.0,2616.314637160317
p2etg,7,136192,4.739978043111983,0.0,2616.314637160317
p2etg,7,136640,4.739978043111983,0.0,2616.314637160317
p2etg,7,137088,4.739978043111983,0.0,2616.314637160317
p2etg,7,137536,4.739978043111983,0.0,2616.314637160317
p2etg,7,137984,4.739978043111983,0.0,2616.314637160317
p2etg,7,138432,4.739978043111983,0.0,2616.314637160317
p2etg,7,138880,4.739978043111983,0.0,2616.314637160317
p2etg,7,139328,4.739978043111983,0.0,2616.314637160317
p2etg,7,139776,4.739978043111983,0.0,2616.314637160317
p2etg,7,140224,4.739978043111983,0.0,2616.314637160317
p2etg,7,140672,4.739978043111983,0.0,2616.314637160317
p2etg,7,141120,4.739978043111983,0.0,2616.314637160317
p2etg,7,141568,4.739978043111983,0.0,2616.314637160317
p2etg,7,142016,4.739978043111983,0.0,2616.314637160317
p2etg,7,142464,4.739978043111983,0.0,2616.314637160317
p2etg,7,142912,4.739978043111983,0.0,2616.314637160317
p2etg,7,143360,4.739978043111983,0.0,2616.314637160317
p2etg,7,143808,4.739978043111983,0.0,2616.314637160317
p2etg,7,144256,4.739978043111983,0.0,2616.314637160317
p2etg,7,144704,4.739978043111983,0.0,2616.314637160317
p2etg,7,145152,4.739978043111983,0.0,2616.314637160317
p2etg,7,145600,4.739978043111983,0.0,2616.314637160317
p2etg,7,146048,4.739978043111983,0.0,2616.314637160317
p2etg,7,146496,4.739978043111983,0.0,2616.314637160317
p2etg,7,146944,4.739978043111983,0.0,2616.314637160317
p2etg,7,147392,4.739978043111983,0.0,2616.314637160317
p2etg,7,147840,4.739978043111983,0.0,2616.314637160317
p2etg,7,148288,4.739978043111983,0.0,2616.314637160317
p2etg,7,148736,4.716348499629533,0.0,2616.314637160317
p2etg,7,149184,4.716348499629533,0.0,2616.314637160317
p2etg,7,149632,4.716348499629533,0.0,2616.314637160317
p2etg,7,150080,4.739978043111983,0.0,2616.314637160317
p2etg,7,150528,4.739978043111983,0.0,2616.314637160317
p2etg,7,150976,4.739978043111983,0.0,2616.314637160317
p2etg,7,151424,4.739978043111983,0.0,2616.314637160317
p2etg,7,151872,4.739978043111983,0.0,2616.314637160317
p2etg,7,152320,4.739978043111983,0.0,2616.314637160317
p2etg,7,152768,4.739978043111983,0.0,2616.314637160317
p2etg,7,153216,4.739978043111983,0.0,2616.314637160317
p2etg,7,153664,4.739978043111983,0.0,2616.314637160317
p2etg,7,154112,4.739978043111983,0.0,2616.314637160317
p2etg,7,154560,4.739978043111983,0.0,2616.314637160317
p2etg,7,155008,4.739978043111983,0.0,2616.314637160317
p2etg,7,155456,4.739978043111983,0.0,2616.314637160317
p2etg,7,155904,4.739978043111983,0.0,2616.314637160317
p2etg,7,156352,4.739978043111983,0.0,2616.314637160317
p2etg,7,156800,4.739978043111983,0.0,2616.314637160317
p2etg,7,157248,4.739978043111983,0.0,2616.314637160317
p2etg,7,157696,4.739978043111983,0.0,2616.314637160317
p2etg,7,158144,4.739978043111983,0.0,2616.314637160317
p2etg,7,158592,4.739978043111983,0.0,2616.314637160317
p2etg,7,159040,4.739978043111983,0.0,2616.314637160317
p2etg,7,159488,4.739978043111983,0.0,2616.314637160317
p2etg,7,159936,4.739978043111983,0.0,2616.314637160317
p2etg,7,160384,4.739978043111983,0.0,2616.314637160317
p2etg,7,160832,4.739978043111983,0.0,2616.314637160317
p2etg,7,161280,4.739978043111983,0.0,2616.314637160317
p2etg,7,161728,4.739978043111983,0.0,2616.314637160317
p2etg,7,162176,4.739978043111983,0.0,2616.314637160317
p2etg,7,162624,4.739978043111983,0.0,2616.314637160317
p2etg,7,163072,4.739978043111983,0.0,2616.314637160317
p2etg,7,163520,4.739978043111983,0.0,2616.314637160317
p2etg,7,163968,4.739978043111983,0.0,2616.314637160317
p2etg,7,164416,4.739978043111983,0.0,2616.314637160317
p2etg,7,164864,4.739978043111983,0.0,2616.314637160317
p2etg,7,165312,4.739978043111983,0.0,2616.314637160317
p2etg,7,165760,4.739978043111983,0.0,2616.314637160317
p2etg,7,166208,4.739978043111983,0.0,2616.314637160317
p2etg,7,166656,4.739978043111983,0.0,2616.314637160317
p2etg,7,167104,4.739978043111983,0.0,2616.314637160317
p2etg,7,167552,4.739978043111983,0.0,2616.314637160317
p2etg,7,168000,4.739978043111983,0.0,2616.314637160317
p2etg,7,168448,4.739978043111983,0.0,2616.314637160317
p2etg,7,168896,4.739978043111983,0.0,2616.314637160317
p2etg,7,169344,4.739978043111983,0.0,2616.314637160317
p2etg,7,169792,4.739978043111983,0.0,2616.314637160317
p2etg,7,170240,4.739978043111983,0.0,2616.314637160317
p2etg,7,170688,4.739978043111983,0.0,2616.314637160317
p2etg,7,171136,4.739978043111983,0.0,2616.314637160317
p2etg,7,171584,4.739978043111983,0.0,2616.314637160317
p2etg,7,172032,4.739978043111983,0.0,2616.314637160317
p2etg,7,172480,4.739978043111983,0.0,2616.314637160317
p2etg,7,172928,4.739978043111983,0.0,2616.314637160317
p2etg,7,173376,4.739978043111983,0.0,2616.314637160317
p2etg,7,173824,4.739978043111983,0.0,2616.314637160317
p2etg,7,174272,4.739978043111983,0.0,2616.314637160317
p2etg,7,174720,4.739978043111983,0.0,2616.314637160317
p2etg,7,175168,4.739978043111983,0.0,2616.314637160317
p2etg,7,175616,4.739978043111983,0.0,2616.314637160317
p2etg,7,176064,4.739978043111983,0.0,2616.314637160317
p2etg,7,176512,4.739978043111983,0.0,2616.314637160317
p2etg,7,176960,4.739978043111983,0.0,2616.314637160317
p2etg,7,177408,4.739978043111983,0.0,2616.314637160317
p2etg,7,177856,4.739978043111983,0.0,2616.314637160317
p2etg,7,178304,4.739978043111983,0.0,2616.314637160317
p2etg,7,178752,4.739978043111983,0.0,2616.314637160317
p2etg,7,179200,4.739978043111983,0.0,2616.314637160317
p2etg,7,179648,4.739978043111983,0.0,2616.314637160317
p2etg,7,180096,4.739978043111983,0.0,2616.314637160317
p2etg,7,180544,4.739978043111983,0.0,2616.314637160317
p2etg,7,180992,4.739978043111983,0.0,2616.314637160317
p2etg,7,181440,4.739978043111983,0.0,2616.314637160317
p2etg,7,181888,4.739978043111983,0.0,2616.314637160317
p2etg,7,182336,4.739978043111983,0.0,2616.314637160317
p2etg,7,182784,4.739978043111983,0.0,2616.314637160317
p2etg,7,183232,4.739978043111983,0.0,2616.314637160317
p2etg,7,183680,4.739978043111983,0.0,2616.314637160317
p2etg,7,184128,4.739978043111983,0.0,2616.314637160317
p2etg,7,184576,4.739978043111983,0.0,2616.314637160317
p2etg,7,185024,4.739978043111983,0.0,2616.314637160317
p2etg,7,185472,4.739978043111983,0.0,2616.314637160317
p2etg,7,185920,4.739978043111983,0.0,2616.314637160317
p2etg,7,186368,4.739978043111983,0.0,2616.314637160317
p2etg,7,186816,4.739978043111983,0.0,2616.314637160317
p2etg,7,187264,4.739978043111983,0.0,2616.314637160317
p2etg,7,187712,4.739978043111983,0.0,2616.314637160317
p2etg,7,188160,4.739978043111983,0.0,2616.314637160317
p2etg,7,188608,4.739978043111983,0.0,2616.314637160317
p2etg,7,189056,4.739978043111983,0.0,2616.314637160317
p2etg,7,189504,4.739978043111983,0.0,2616.314637160317
p2etg,7,189952,4.739978043111983,0.0,2616.314637160317
p2etg,7,190400,4.739978043111983,0.0,2616.314637160317
p2etg,7,190848,4.739978043111983,0.0,2616.314637160317
p2etg,7,191296,4.739978043111983,0.0,2616.314637160317
p2etg,7,191744,4.739978043111983,0.0,2616.314637160317
p2etg,7,192192,4.739978043111983,0.0,2616.314637160317
p2etg,7,192640,4.739978043111983,0.0,2616.314637160317
p2etg,7,193088,4.739978043111983,0.0,2616.314637160317
p2etg,7,193536,4.739978043111983,0.0,2616.314637160317
p2etg,7,193984,4.739978043111983,0.0,2616.314637160317
p2etg,7,194432,4.739978043111983,0.0,2616.314637160317
p2etg,7,194880,4.739978043111983,0.0,2616.314637160317
p2etg,7,195328,4.739978043111983,0.0,2616.314637160317
p2etg,7,195776,4.739978043111983,0.0,2616.314637160317
p2etg,7,196224,4.739978043111983,0.0,2616.314637160317
p2etg,7,196672,4.739978043111983,0.0,2616.314637160317
p2etg,7,197120,4.739978043111983,0.0,2616.314637160317
p2etg,7,197568,4.739978043111983,0.0,2616.314637160317
p2etg,7,198016,4.739978043111983,0.0,2616.314637160317
p2etg,7,198464,4.739978043111983,0.0,2616.314637160317
p2etg,7,198912,4.739978043111983,0.0,2616.314637160317
p2etg,7,199360,4.739978043111983,0.0,2616.314637160317
p2etg,7,199808,4.739978043111983,0.0,2616.314637160317
p2etg,7,200000,4.739978043111983,0.0,2616.314637160317
p2etg,8,448,4.907377267677079,0.0,0.0
p2etg,8,896,4.9012303202111935,0.0,0.0
p2etg,8,1344,4.706368101350882,0.009980398278651492,2.2356092144179343
p2etg,8,1792,4.700222358340373,0.016126141289160678,8.08347407760786
p2etg,8,2240,4.765548323398255,0.0,11.695729726379852
p2etg,8,2688,4.765548323398255,0.0,11.695729726379852
p2etg,8,3136,4.765548323398255,0.0,11.695729726379852
p2etg,8,3584,4.7953236098912155,0.0,11.695729726379852
p2etg,8,4032,4.66405406334025,0.05229443628928365,23.40968345517939
p2etg,8,4480,4.739978043111983,0.0,35.12363718397893
p2etg,8,4928,4.739978043111983,0.0,35.12363718397893
p2etg,8,5376,4.739978043111983,0.0,35.12363718397893
p2etg,8,5824,4.66405406334025,0.05229443628928365,46.83759091277847
p2etg,8,6272,4.66405406334025,0.05229443628928365,70.26549837037754
p2etg,8,6720,4.77784101387465,0.0,81.97945209917708
p2etg,8,7168,4.77784101387465,0.0,81.97945209917708
p2etg,8,7616,4.77784101387465,0.0,81.97945209917708
p2etg,8,8064,4.77784101387465,0.0,81.97945209917708
p2etg,8,8512,4.77784101387465,0.0,81.97945209917708
p2etg,8,8960,4.77784101387465,0.0,81.97945209917708
p2etg,8,9408,4.754211470392199,0.0,81.97945209917708
p2etg,8,9856,4.754211470392199,0.0,81.97945209917708
p2etg,8,10304,4.754211470392199,0.0,81.97945209917708
p2etg,8,10752,4.754211470392199,0.0,81.97945209917708
p2etg,8,11200,4.754211470392199,0.0,81.97945209917708
p2etg,8,11648,4.754211470392199,0.0,81.97945209917708
p2etg,8,12096,4.754211470392199,0.0,81.97945209917708
p2etg,8,12544,4.77784101387465,0.0,81.97945209917708
p2etg,8,12992,4.77784101387465,0.0,81.97945209917708
p2etg,8,13440,4.77784101387465,0.0,81.97945209917708
p2etg,8,13888,4.77784101387465,0.0,81.97945209917708
p2etg,8,14336,4.754211470392199,0.0,81.97945209917708
p2etg,8,14784,4.640424519857799,0.07592397977173437,98.98642356804558
p2etg,8,15232,4.640424519857799,0.07592397977173437,133.00036650578258
p2etg,8,15680,4.66405406334025,0.05229443628928365,161.72129170345062
p2etg,8,16128,4.66405406334025,0.05229443628928365,185.1491991610497
p2etg,8,16576,4.66405406334025,0.05229443628928365,208.57710661864877
p2etg,8,17024,4.66405406334025,0.05229443628928365,232.00501407624785
p2etg,8,17472,4.66405406334025,0.05229443628928365,255.43292153384692
p2etg,8,17920,4.66405406334025,0.05229443628928365,278.860828991446
p2etg,8,18368,4.66405406334025,0.05229443628928365,302.2887364490451
p2etg,8,18816,4.66405406334025,0.05229443628928365,325.71664390664415
p2etg,8,19264,4.66405406334025,0.05229443628928365,349.1445513642432
p2etg,8,19712,4.66405406334025,0.05229443628928365,372.5724588218423
p2etg,8,20160,4.66405406334025,0.05229443628928365,396.0003662794414
p2etg,8,20608,4.77784101387465,0.0,407.7143200082409
p2etg,8,21056,4.77784101387465,0.0,407.7143200082409
p2etg,8,21504,4.77784101387465,0.0,407.7143200082409
p2etg,8,21952,4.66405406334025,0.05229443628928365,419.42827373704046
p2etg,8,22400,4.66405406334025,0.05229443628928365,442.85618119463953
p2etg,8,22848,4.77784101387465,0.0,454.57013492343907
p2etg,8,23296,4.77784101387465,0.0,454.57013492343907
p2etg,8,23744,4.77784101387465,0.0,454.57013492343907
p2etg,8,24192,4.77784101387465,0.0,454.57013492343907
p2etg,8,24640,4.77784101387465,0.0,454.57013492343907
p2etg,8,25088,4.77784101387465,0.0,454.57013492343907
p2etg,8,25536,4.77784101387465,0.0,454.57013492343907
p2etg,8,25984,4.77784101387465,0.0,454.57013492343907
p2etg,8,26432,4.66405406334025,0.05229443628928365,466.2840886522386
p2etg,8,26880,4.66405406334025,0.05229443628928365,489.7119961098377
p2etg,8,27328,4.66405406334025,0.05229443628928365,513.1399035674367
p2etg,8,27776,4.66405406334025,0.05229443628928365,536.5678110250358
p2etg,8,28224,4.66405406334025,0.05229443628928365,559.9957184826349
p2etg,8,28672,4.66405406334025,0.05229443628928365,583.4236259402339
p2etg,8,29120,4.66405406334025,0.05229443628928365,606.851533397833
p2etg,8,29568,4.66405406334025,0.05229443628928365,630.2794408554321
p2etg,8,30016,4.66405406334025,0.05229443628928365,653.7073483130312
p2etg,8,30464,4.66405406334025,0.05229443628928365,677.1352557706302
p2etg,8,30912,4.66405406334025,0.05229443628928365,700.5631632282293
p2etg,8,31360,4.66405406334025,0.05229443628928365,723.9910706858284
p2etg,8,31808,4.66405406334025,0.05229443628928365,747.4189781434275
p2etg,8,32256,4.66405406334025,0.05229443628928365,770.8468856010265
p2etg,8,32704,4.66405406334025,0.05229443628928365,794.2747930586256
p2etg,8,33152,4.66405406334025,0.05229443628928365,817.7027005162247
p2etg,8,33600,4.66405406334025,0.05229443628928365,841.1306079738238
p2etg,8,34048,4.66405406334025,0.05229443628928365,864.5585154314228
p2etg,8,34496,4.66405406334025,0.05229443628928365,887.9864228890219
p2etg,8,34944,4.66405406334025,0.05229443628928365,911.414330346621
p2etg,8,35392,4.66405406334025,0.05229443628928365,934.8422378042201
p2etg,8,35840,4.66405406334025,0.05229443628928365,958.2701452618192
p2etg,8,36288,4.66405406334025,0.05229443628928365,981.6980527194182
p2etg,8,36736,4.66405406334025,0.05229443628928365,1005.1259601770173
p2etg,8,37184,4.66405406334025,0.05229443628928365,1028.5538676346164
p2etg,8,37632,4.66405406334025,0.05229443628928365,1051.9817750922155
p2etg,8,38080,4.66405406334025,0.05229443628928365,1075.4096825498145
p2etg,8,38528,4.66405406334025,0.05229443628928365,1098.8375900074136
p2etg,8,38976,4.66405406334025,0.05229443628928365,1122.2654974650127
p2etg,8,39424,4.66405406334025,0.05229443628928365,1145.6934049226118
p2etg,8,39872,4.66405406334025,0.05229443628928365,1169.1213123802108
p2etg,8,40320,4.66405406334025,0.05229443628928365,1192.54921983781
p2etg,8,40768,4.66405406334025,0.05229443628928365,1215.977127295409
p2etg,8,41216,4.66405406334025,0.05229443628928365,1239.405034753008
p2etg,8,41664,4.66405406334025,0.05229443628928365,1262.8329422106071
p2etg,8,42112,4.66405406334025,0.05229443628928365,1286.2608496682062
p2etg,8,42560,4.66405406334025,0.05229443628928365,1309.6887571258053
p2etg,8,43008,4.66405406334025,0.05229443628928365,1333.1166645834044
p2etg,8,43456,4.66405406334025,0.05229443628928365,1356.5445720410034
p2etg,8,43904,4.66405406334025,0.05229443628928365,1379.9724794986025
p2etg,8,44352,4.66405406334025,0.05229443628928365,1403.4003869562016
p2etg,8,44800,4.66405406334025,0.05229443628928365,1426.8282944138007
p2etg,8,45248,4.66405406334025,0.05229443628928365,1450.2562018713998
p2etg,8,45696,4.66405406334025,0.05229443628928365,1473.6841093289988
p2etg,8,46144,4.66405406334025,0.05229443628928365,1497.112016786598
p2etg,8,46592,4.66405406334025,0.05229443628928365,1520.539924244197
p2etg,8,47040,4.66405406334025,0.05229443628928365,1543.967831701796
p2etg,8,47488,4.66405406334025,0.05229443628928365,1567.3957391593951
p2etg,8,47936,4.66405406334025,0.05229443628928365,1590.8236466169942
p2etg,8,48384,4.66405406334025,0.05229443628928365,1614.2515540745933
p2etg,8,48832,4.66405406334025,0.05229443628928365,1637.6794615321924
p2etg,8,49280,4.66405406334025,0.05229443628928365,1661.1073689897914
p2etg,8,49728,4.66405406334025,0.05229443628928365,1684.5352764473905
p2etg,8,50176,4.66405406334025,0.05229443628928365,1707.9631839049896
p2etg,8,50624,4.66405406334025,0.05229443628928365,1731.3910913625887
p2etg,8,51072,4.66405406334025,0.05229443628928365,1754.8189988201877
p2etg,8,51520,4.66405406334025,0.05229443628928365,1778.2469062777868
p2etg,8,51968,4.66405406334025,0.05229443628928365,1801.674813735386
p2etg,8,52416,4.66405406334025,0.05229443628928365,1825.102721192985
p2etg,8,52864,4.66405406334025,0.05229443628928365,1848.530628650584
p2etg,8,53312,4.66405406334025,0.05229443628928365,1871.9585361081831
p2etg,8,53760,4.66405406334025,0.05229443628928365,1895.3864435657822
p2etg,8,54208,4.66405406334025,0.05229443628928365,1918.8143510233813
p2etg,8,54656,4.66405406334025,0.05229443628928365,1942.2422584809804
p2etg,8,55104,4.66405406334025,0.05229443628928365,1965.6701659385794
p2etg,8,55552,4.66405406334025,0.05229443628928365,1989.0980733961785
p2etg,8,56000,4.66405406334025,0.05229443628928365,2012.5259808537776
p2etg,8,56448,4.66405406334025,0.05229443628928365,2035.9538883113767
p2etg,8,56896,4.66405406334025,0.05229443628928365,2059.3817957689757
p2etg,8,57344,4.66405406334025,0.05229443628928365,2082.809703226575
p2etg,8,57792,4.66405406334025,0.05229443628928365,2106.237610684174
p2etg,8,58240,4.66405406334025,0.05229443628928365,2129.6655181417727
p2etg,8,58688,4.66405406334025,0.05229443628928365,2153.0934255993716
p2etg,8,59136,4.66405406334025,0.05229443628928365,2176.5213330569704
p2etg,8,59584,4.66405406334025,0.05229443628928365,2199.9492405145693
p2etg,8,60032,4.66405406334025,0.05229443628928365,2223.377147972168
p2etg,8,60480,4.66405406334025,0.05229443628928365,2246.805055429767
p2etg,8,60928,4.66405406334025,0.05229443628928365,2270.232962887366
p2etg,8,61376,4.66405406334025,0.05229443628928365,2293.6608703449647
p2etg,8,61824,4.66405406334025,0.05229443628928365,2317.0887778025635
p2etg,8,62272,4.66405406334025,0.05229443628928365,2340.5166852601624
p2etg,8,62720,4.66405406334025,0.05229443628928365,2363.944592717761
p2etg,8,63168,4.66405406334025,0.05229443628928365,2387.37250017536
p2etg,8,63616,4.66405406334025,0.05229443628928365,2410.800407632959
p2etg,8,64064,4.66405406334025,0.05229443628928365,2434.2283150905578
p2etg,8,64512,4.66405406334025,0.05229443628928365,2457.6562225481566
p2etg,8,64960,4.66405406334025,0.05229443628928365,2481.0841300057555
p2etg,8,65408,4.66405406334025,0.05229443628928365,2504.5120374633543
p2etg,8,65856,4.66405406334025,0.05229443628928365,2527.939944920953
p2etg,8,66304,4.66405406334025,0.05229443628928365,2551.367852378552
p2etg,8,66752,4.66405406334025,0.05229443628928365,2574.795759836151
p2etg,8,67200,4.66405406334025,0.05229443628928365,2598.2236672937497
p2etg,8,67648,4.66405406334025,0.05229443628928365,2621.6515747513486
p2etg,8,68096,4.66405406334025,0.05229443628928365,2645.0794822089474
p2etg,8,68544,4.66405406334025,0.05229443628928365,2668.5073896665463
p2etg,8,68992,4.66405406334025,0.05229443628928365,2691.935297124145
p2etg,8,69440,4.66405406334025,0.05229443628928365,2715.363204581744
p2etg,8,69888,4.66405406334025,0.05229443628928365,2738.791112039343
p2etg,8,70336,4.66405406334025,0.05229443628928365,2762.2190194969417
p2etg,8,70784,4.66405406334025,0.05229443628928365,2785.6469269545405
p2etg,8,71232,4.66405406334025,0.05229443628928365,2809.0748344121394
p2etg,8,71680,4.66405406334025,0.05229443628928365,2832.502741869738
p2etg,8,72128,4.66405406334025,0.05229443628928365,2855.930649327337
p2etg,8,72576,4.66405406334025,0.05229443628928365,2879.358556784936
p2etg,8,73024,4.66405406334025,0.05229443628928365,2902.7864642425347
p2etg,8,73472,4.66405406334025,0.05229443628928365,2926.2143717001336
p2etg,8,73920,4.66405406334025,0.05229443628928365,2949.6422791577324
p2etg,8,74368,4.66405406334025,0.05229443628928365,2973.0701866153313
p2etg,8,74816,4.66405406334025,0.05229443628928365,2996.49809407293
p2etg,8,75264,4.66405406334025,0.05229443628928365,3019.926001530529
p2etg,8,75712,4.66405406334025,0.05229443628928365,3043.353908988128
p2etg,8,76160,4.66405406334025,0.05229443628928365,3066.7818164457267
p2etg,8,76608,4.66405406334025,0.05229443628928365,3090.2097239033255
p2etg,8,77056,4.66405406334025,0.05229443628928365,3113.6376313609244
p2etg,8,77504,4.66405406334025,0.05229443628928365,3137.0655388185232
p2etg,8,77952,4.66405406334025,0.05229443628928365,3160.493446276122
p2etg,8,78400,4.66405406334025,0.05229443628928365,3183.921353733721
p2etg,8,78848,4.66405406334025,0.05229443628928365,3207.34926119132
p2etg,8,79296,4.66405406334025,0.05229443628928365,3230.7771686489186
p2etg,8,79744,4.66405406334025,0.05229443628928365,3254.2050761065175
p2etg,8,80192,4.66405406334025,0.05229443628928365,3277.6329835641163
p2etg,8,80640,4.66405406334025,0.05229443628928365,3301.060891021715
p2etg,8,81088,4.66405406334025,0.05229443628928365,3324.488798479314
p2etg,8,81536,4.66405406334025,0.05229443628928365,3347.916705936913
p2etg,8,81984,4.66405406334025,0.05229443628928365,3371.3446133945117
p2etg,8,82432,4.66405406334025,0.05229443628928365,3394.7725208521106
p2etg,8,82880,4.66405406334025,0.05229443628928365,3418.2004283097094
p2etg,8,83328,4.66405406334025,0.05229443628928365,3441.6283357673083
p2etg,8,83776,4.66405406334025,0.05229443628928365,3465.056243224907
p2etg,8,84224,4.66405406334025,0.05229443628928365,3488.484150682506
p2etg,8,84672,4.66405406334025,0.05229443628928365,3511.912058140105
p2etg,8,85120,4.66405406334025,0.05229443628928365,3535.3399655977037
p2etg,8,85568,4.66405406334025,0.05229443628928365,3558.7678730553025
p2etg,8,86016,4.77784101387465,0.0,3570.481826784102
p2etg,8,86464,4.77784101387465,0.0,3570.481826784102
p2etg,8,86912,4.77784101387465,0.0,3570.481826784102
p2etg,8,87360,4.77784101387465,0.0,3570.481826784102
p2etg,8,87808,4.77784101387465,0.0,3570.481826784102
p2etg,8,88256,4.77784101387465,0.0,3570.481826784102
p2etg,8,88704,4.77784101387465,0.0,3570.481826784102
p2etg,8,89152,4.77784101387465,0.0,3570.481826784102
p2etg,8,89600,4.77784101387465,0.0,3570.481826784102
p2etg,8,90048,4.77784101387465,0.0,3570.481826784102
p2etg,8,90496,4.77784101387465,0.0,3570.481826784102
p2etg,8,90944,4.77784101387465,0.0,3570.481826784102
p2etg,8,91392,4.77784101387465,0.0,3570.481826784102
p2etg,8,91840,4.77784101387465,0.0,3570.481826784102
p2etg,8,92288,4.77784101387465,0.0,3570.481826784102
p2etg,8,92736,4.77784101387465,0.0,3570.481826784102
p2etg,8,93184,4.77784101387465,0.0,3570.481826784102
p2etg,8,93632,4.77784101387465,0.0,3570.481826784102
p2etg,8,94080,4.77784101387465,0.0,3570.481826784102
p2etg,8,94528,4.77784101387465,0.0,3570.481826784102
p2etg,8,94976,4.77784101387465,0.0,3570.481826784102
p2etg,8,95424,4.77784101387465,0.0,3570.481826784102
p2etg,8,95872,4.77784101387465,0.0,3570.481826784102
p2etg,8,96320,4.77784101387465,0.0,3570.481826784102
p2etg,8,96768,4.77784101387465,0.0,3570.481826784102
p2etg,8,97216,4.77784101387465,0.0,3570.481826784102
p2etg,8,97664,4.77784101387465,0.0,3570.481826784102
p2etg,8,98112,4.77784101387465,0.0,3570.481826784102
p2etg,8,98560,4.77784101387465,0.0,3570.481826784102
p2etg,8,99008,4.66405406334025,0.05229443628928365,3582.1957805129014
p2etg,8,99456,4.66405406334025,0.05229443628928365,3605.6236879705
p2etg,8,99904,4.66405406334025,0.05229443628928365,3629.051595428099
p2etg,8,100352,4.66405406334025,0.05229443628928365,3652.479502885698
p2etg,8,100800,4.66405406334025,0.05229443628928365,3675.9074103432968
p2etg,8,101248,4.66405406334025,0.05229443628928365,3699.3353178008956
p2etg,8,101696,4.66405406334025,0.05229443628928365,3722.7632252584945
p2etg,8,102144,4.66405406334025,0.05229443628928365,3746.1911327160933
p2etg,8,102592,4.66405406334025,0.05229443628928365,3769.619040173692
p2etg,8,103040,4.66405406334025,0.05229443628928365,3793.046947631291
p2etg,8,103488,4.66405406334025,0.05229443628928365,3816.47485508889
p2etg,8,103936,4.66405406334025,0.05229443628928365,3839.9027625464887
p2etg,8,104384,4.66405406334025,0.05229443628928365,3863.3306700040876
p2etg,8,104832,4.66405406334025,0.05229443628928365,3886.7585774616864
p2etg,8,105280,4.66405406334025,0.05229443628928365,3910.1864849192852
p2etg,8,105728,4.66405406334025,0.05229443628928365,3933.614392376884
p2etg,8,106176,4.66405406334025,0.05229443628928365,3957.042299834483
p2etg,8,106624,4.66405406334025,0.05229443628928365,3980.470207292082
p2etg,8,107072,4.66405406334025,0.05229443628928365,4003.8981147496806
p2etg,8,107520,4.66405406334025,0.05229443628928365,4027.3260222072795
p2etg,8,107968,4.66405406334025,0.05229443628928365,4050.7539296648783
p2etg,8,108416,4.66405406334025,0.05229443628928365,4074.181837122477
p2etg,8,108864,4.66405406334025,0.05229443628928365,4097.609744580076
p2etg,8,109312,4.66405406334025,0.05229443628928365,4121.037652037675
p2etg,8,109760,4.66405406334025,0.05229443628928365,4144.465559495274
p2etg,8,110208,4.66405406334025,0.05229443628928365,4167.893466952873
p2etg,8,110656,4.66405406334025,0.05229443628928365,4191.321374410471
p2etg,8,111104,4.66405406334025,0.05229443628928365,4214.74928186807
p2etg,8,111552,4.66405406334025,0.05229443628928365,4238.177189325669
p2etg,8,112000,4.66405406334025,0.05229443628928365,4261.605096783268
p2etg,8,112448,4.66405406334025,0.05229443628928365,4285.033004240867
p2etg,8,112896,4.66405406334025,0.05229443628928365,4308.460911698466
p2etg,8,113344,4.66405406334025,0.05229443628928365,4331.8888191560645
p2etg,8,113792,4.66405406334025,0.05229443628928365,4355.316726613663
p2etg,8,114240,4.66405406334025,0.05229443628928365,4378.744634071262
p2etg,8,114688,4.66405406334025,0.05229443628928365,4402.172541528861
p2etg,8,115136,4.66405406334025,0.05229443628928365,4425.60044898646
p2etg,8,115584,4.66405406334025,0.05229443628928365,4449.028356444059
p2etg,8,116032,4.66405406334025,0.05229443628928365,4472.456263901658
p2etg,8,116480,4.66405406334025,0.05229443628928365,4495.8841713592565
p2etg,8,116928,4.77784101387465,0.0,4507.598125088056
p2etg,8,117376,4.77784101387465,0.0,4507.598125088056
p2etg,8,117824,4.77784101387465,0.0,4507.598125088056
p2etg,8,118272,4.77784101387465,0.0,4507.598125088056
p2etg,8,118720,4.77784101387465,0.0,4507.598125088056
p2etg,8,119168,4.77784101387465,0.0,4507.598125088056
p2etg,8,119616,4.77784101387465,0.0,4507.598125088056
p2etg,8,120064,4.77784101387465,0.0,4507.598125088056
p2etg,8,120512,4.77784101387465,0.0,4507.598125088056
p2etg,8,120960,4.77784101387465,0.0,4507.598125088056
p2etg,8,121408,4.77784101387465,0.0,4507.598125088056
p2etg,8,121856,4.77784101387465,0.0,4507.598125088056
p2etg,8,122304,4.77784101387465,0.0,4507.598125088056
p2etg,8,122752,4.77784101387465,0.0,4507.598125088056
p2etg,8,123200,4.77784101387465,0.0,4507.598125088056
p2etg,8,123648,4.77784101387465,0.0,4507.598125088056
p2etg,8,124096,4.77784101387465,0.0,4507.598125088056
p2etg,8,124544,4.77784101387465,0.0,4507.598125088056
p2etg,8,124992,4.77784101387465,0.0,4507.598125088056
p2etg,8,125440,4.77784101387465,0.0,4507.598125088056
p2etg,8,125888,4.77784101387465,0.0,4507.598125088056
p2etg,8,126336,4.77784101387465,0.0,4507.598125088056
p2etg,8,126784,4.77784101387465,0.0,4507.598125088056
p2etg,8,127232,4.77784101387465,0.0,4507.598125088056
p2etg,8,127680,4.77784101387465,0.0,4507.598125088056
p2etg,8,128128,4.77784101387465,0.0,4507.598125088056
p2etg,8,128576,4.77784101387465,0.0,4507.598125088056
p2etg,8,129024,4.77784101387465,0.0,4507.598125088056
p2etg,8,129472,4.77784101387465,0.0,4507.598125088056
p2etg,8,129920,4.77784101387465,0.0,4507.598125088056
p2etg,8,130368,4.77784101387465,0.0,4507.598125088056
p2etg,8,130816,4.77784101387465,0.0,4507.598125088056
p2etg,8,131264,4.77784101387465,0.0,4507.598125088056
p2etg,8,131712,4.77784101387465,0.0,4507.598125088056
p2etg,8,132160,4.77784101387465,0.0,4507.598125088056
p2etg,8,132608,4.77784101387465,0.0,4507.598125088056
p2etg,8,133056,4.77784101387465,0.0,4507.598125088056
p2etg,8,133504,4.754211470392199,0.0,4507.598125088056
p2etg,8,133952,4.754211470392199,0.0,4507.598125088056
p2etg,8,134400,4.754211470392199,0.0,4507.598125088056
p2etg,8,134848,4.754211470392199,0.0,4507.598125088056
p2etg,8,135296,4.640424519857799,0.07592397977173437,4524.605096556925
p2etg,8,135744,4.640424519857799,0.07592397977173437,4558.619039494662
p2etg,8,136192,4.640424519857799,0.07592397977173437,4592.632982432398
p2etg,8,136640,4.640424519857799,0.07592397977173437,4626.646925370135
p2etg,8,137088,4.754211470392199,0.0,4643.653896839004
p2etg,8,137536,4.754211470392199,0.0,4643.653896839004
p2etg,8,137984,4.754211470392199,0.0,4643.653896839004
p2etg,8,138432,4.754211470392199,0.0,4643.653896839004
p2etg,8,138880,4.77784101387465,0.0,4643.653896839004
p2etg,8,139328,4.77784101387465,0.0,4643.653896839004
p2etg,8,139776,4.77784101387465,0.0,4643.653896839004
p2etg,8,140224,4.77784101387465,0.0,4643.653896839004
p2etg,8,140672,4.77784101387465,0.0,4643.653896839004
p2etg,8,141120,4.77784101387465,0.0,4643.653896839004
p2etg,8,141568,4.77784101387465,0.0,4643.653896839004
p2etg,8,142016,4.77784101387465,0.0,4643.653896839004
p2etg,8,142464,4.77784101387465,0.0,4643.653896839004
p2etg,8,142912,4.77784101387465,0.0,4643.653896839004
p2etg,8,143360,4.77784101387465,0.0,4643.653896839004
p2etg,8,143808,4.77784101387465,0.0,4643.653896839004
p2etg,8,144256,4.77784101387465,0.0,4643.653896839004
p2etg,8,144704,4.77784101387465,0.0,4643.653896839004
p2etg,8,145152,4.77784101387465,0.0,4643.653896839004
p2etg,8,145600,4.77784101387465,0.0,4643.653896839004
p2etg,8,146048,4.77784101387465,0.0,4643.653896839004
p2etg,8,146496,4.77784101387465,0.0,4643.653896839004
p2etg,8,146944,4.77784101387465,0.0,4643.653896839004
p2etg,8,147392,4.77784101387465,0.0,4643.653896839004
p2etg,8,147840,4.77784101387465,0.0,4643.653896839004
p2etg,8,148288,4.77784101387465,0.0,4643.653896839004
p2etg,8,148736,4.77784101387465,0.0,4643.653896839004
p2etg,8,149184,4.77784101387465,0.0,4643.653896839004
p2etg,8,149632,4.77784101387465,0.0,4643.653896839004
p2etg,8,150080,4.77784101387465,0.0,4643.653896839004
p2etg,8,150528,4.77784101387465,0.0,4643.653896839004
p2etg,8,150976,4.77784101387465,0.0,4643.653896839004
p2etg,8,151424,4.77784101387465,0.0,4643.653896839004
p2etg,8,151872,4.77784101387465,0.0,4643.653896839004
p2etg,8,152320,4.754211470392199,0.0,4643.653896839004
p2etg,8,152768,4.754211470392199,0.0,4643.653896839004
p2etg,8,153216,4.754211470392199,0.0,4643.653896839004
p2etg,8,153664,4.754211470392199,0.0,4643.653896839004
p2etg,8,154112,4.754211470392199,0.0,4643.653896839004
p2etg,8,154560,4.754211470392199,0.0,4643.653896839004
p2etg,8,155008,4.754211470392199,0.0,4643.653896839004
p2etg,8,155456,4.77784101387465,0.0,4643.653896839004
p2etg,8,155904,4.77784101387465,0.0,4643.653896839004
p2etg,8,156352,4.77784101387465,0.0,4643.653896839004
p2etg,8,156800,4.77784101387465,0.0,4643.653896839004
p2etg,8,157248,4.66405406334025,0.05229443628928365,4655.3678505678035
p2etg,8,157696,4.66405406334025,0.05229443628928365,4678.795758025402
p2etg,8,158144,4.66405406334025,0.05229443628928365,4702.223665483001
p2etg,8,158592,4.66405406334025,0.05229443628928365,4725.6515729406
p2etg,8,159040,4.66405406334025,0.05229443628928365,4749.079480398199
p2etg,8,159488,4.66405406334025,0.05229443628928365,4772.507387855798
p2etg,8,159936,4.66405406334025,0.05229443628928365,4795.935295313397
p2etg,8,160384,4.66405406334025,0.05229443628928365,4819.3632027709955
p2etg,8,160832,4.66405406334025,0.05229443628928365,4842.791110228594
p2etg,8,161280,4.77784101387465,0.0,4854.505063957394
p2etg,8,161728,4.77784101387465,0.0,4854.505063957394
p2etg,8,162176,4.77784101387465,0.0,4854.505063957394
p2etg,8,162624,4.77784101387465,0.0,4854.505063957394
p2etg,8,163072,4.77784101387465,0.0,4854.505063957394
p2etg,8,163520,4.77784101387465,0.0,4854.505063957394
p2etg,8,163968,4.77784101387465,0.0,4854.505063957394
p2etg,8,164416,4.77784101387465,0.0,4854.505063957394
p2etg,8,164864,4.77784101387465,0.0,4854.505063957394
p2etg,8,165312,4.77784101387465,0.0,4854.505063957394
p2etg,8,165760,4.77784101387465,0.0,4854.505063957394
p2etg,8,166208,4.754211470392199,0.0,4854.505063957394
p2etg,8,166656,4.77784101387465,0.0,4854.505063957394
p2etg,8,167104,4.77784101387465,0.0,4854.505063957394
p2etg,8,167552,4.77784101387465,0.0,4854.505063957394
p2etg,8,168000,4.77784101387465,0.0,4854.505063957394
p2etg,8,168448,4.77784101387465,0.0,4854.505063957394
p2etg,8,168896,4.77784101387465,0.0,4854.505063957394
p2etg,8,169344,4.77784101387465,0.0,4854.505063957394
p2etg,8,169792,4.77784101387465,0.0,4854.505063957394
p2etg,8,170240,4.77784101387465,0.0,4854.505063957394
p2etg,8,170688,4.77784101387465,0.0,4854.505063957394
p2etg,8,171136,4.77784101387465,0.0,4854.505063957394
p2etg,8,171584,4.77784101387465,0.0,4854.505063957394
p2etg,8,172032,4.77784101387465,0.0,4854.505063957394
p2etg,8,172480,4.77784101387465,0.0,4854.505063957394
p2etg,8,172928,4.77784101387465,0.0,4854.505063957394
p2etg,8,173376,4.77784101387465,0.0,4854.505063957394
p2etg,8,173824,4.77784101387465,0.0,4854.505063957394
p2etg,8,174272,4.77784101387465,0.0,4854.505063957394
p2etg,8,174720,4.77784101387465,0.0,4854.505063957394
p2etg,8,175168,4.77784101387465,0.0,4854.505063957394
p2etg,8,175616,4.77784101387465,0.0,4854.505063957394
p2etg,8,176064,4.77784101387465,0.0,4854.505063957394
p2etg,8,176512,4.77784101387465,0.0,4854.505063957394
p2etg,8,176960,4.77784101387465,0.0,4854.505063957394
p2etg,8,177408,4.77784101387465,0.0,4854.505063957394
p2etg,8,177856,4.77784101387465,0.0,4854.505063957394
p2etg,8,178304,4.77784101387465,0.0,4854.505063957394
p2etg,8,178752,4.77784101387465,0.0,4854.505063957394
p2etg,8,179200,4.77784101387465,0.0,4854.505063957394
p2etg,8,179648,4.77784101387465,0.0,4854.505063957394
p2etg,8,180096,4.77784101387465,0.0,4854.505063957394
p2etg,8,180544,4.77784101387465,0.0,4854.505063957394
p2etg,8,180992,4.77784101387465,0.0,4854.505063957394
p2etg,8,181440,4.77784101387465,0.0,4854.505063957394
p2etg,8,181888,4.77784101387465,0.0,4854.505063957394
p2etg,8,182336,4.77784101387465,0.0,4854.505063957394
p2etg,8,182784,4.77784101387465,0.0,4854.505063957394
p2etg,8,183232,4.77784101387465,0.0,4854.505063957394
p2etg,8,183680,4.77784101387465,0.0,4854.505063957394
p2etg,8,184128,4.77784101387465,0.0,4854.505063957394
p2etg,8,184576,4.77784101387465,0.0,4854.505063957394
p2etg,8,185024,4.77784101387465,0.0,4854.505063957394
p2etg,8,185472,4.77784101387465,0.0,4854.505063957394
p2etg,8,185920,4.77784101387465,0.0,4854.505063957394
p2etg,8,186368,4.77784101387465,0.0,4854.505063957394
p2etg,8,186816,4.77784101387465,0.0,4854.505063957394
p2etg,8,187264,4.77784101387465,0.0,4854.505063957394
p2etg,8,187712,4.77784101387465,0.0,4854.505063957394
p2etg,8,188160,4.77784101387465,0.0,4854.505063957394
p2etg,8,188608,4.77784101387465,0.0,4854.505063957394
p2etg,8,189056,4.77784101387465,0.0,4854.505063957394
p2etg,8,189504,4.77784101387465,0.0,4854.505063957394
p2etg,8,189952,4.77784101387465,0.0,4854.505063957394
p2etg,8,190400,4.77784101387465,0.0,4854.505063957394
p2etg,8,190848,4.77784101387465,0.0,4854.505063957394
p2etg,8,191296,4.77784101387465,0.0,4854.505063957394
p2etg,8,191744,4.77784101387465,0.0,4854.505063957394
p2etg,8,192192,4.77784101387465,0.0,4854.505063957394
p2etg,8,192640,4.77784101387465,0.0,4854.505063957394
p2etg,8,193088,4.77784101387465,0.0,4854.505063957394
p2etg,8,193536,4.77784101387465,0.0,4854.505063957394
p2etg,8,193984,4.77784101387465,0.0,4854.505063957394
p2etg,8,194432,4.77784101387465,0.0,4854.505063957394
p2etg,8,194880,4.77784101387465,0.0,4854.505063957394
p2etg,8,195328,4.77784101387465,0.0,4854.505063957394
p2etg,8,195776,4.77784101387465,0.0,4854.505063957394
p2etg,8,196224,4.77784101387465,0.0,4854.505063957394
p2etg,8,196672,4.77784101387465,0.0,4854.505063957394
p2etg,8,197120,4.77784101387465,0.0,4854.505063957394
p2etg,8,197568,4.77784101387465,0.0,4854.505063957394
p2etg,8,198016,4.77784101387465,0.0,4854.505063957394
p2etg,8,198464,4.77784101387465,0.0,4854.505063957394
p2etg,8,198912,4.77784101387465,0.0,4854.505063957394
p2etg,8,199360,4.77784101387465,0.0,4854.505063957394
p2etg,8,199808,4.77784101387465,0.0,4854.505063957394
p2etg,8,200000,4.77784101387465,0.0,4854.505063957394
p2etg,9,448,4.893425634848562,0.0,0.0
p2etg,9,896,4.998673983399952,0.0,0.0
p2etg,9,1344,4.6844355304010525,0.03191296922848075,7.1485051071796875
p2etg,9,1792,4.6844355304010525,0.03191296922848075,21.445515321539062
p2etg,9,2240,4.7475634827607935,0.0,28.59402042871875
p2etg,9,2688,4.7475634827607935,0.0,28.59402042871875
p2etg,9,3136,4.7475634827607935,0.0,28.59402042871875
p2etg,9,3584,4.77784101387465,0.0,28.59402042871875
p2etg,9,4032,4.77784101387465,0.0,28.59402042871875
p2etg,9,4480,4.77784101387465,0.0,28.59402042871875
p2etg,9,4928,4.77784101387465,0.0,28.59402042871875
p2etg,9,5376,4.77784101387465,0.0,28.59402042871875
p2etg,9,5824,4.77784101387465,0.0,28.59402042871875
p2etg,9,6272,4.733065058412415,0.0,28.59402042871875
p2etg,9,6720,4.754211470392199,0.0,28.59402042871875
p2etg,9,7168,4.77784101387465,0.0,28.59402042871875
p2etg,9,7616,4.77784101387465,0.0,28.59402042871875
p2etg,9,8064,4.77784101387465,0.0,28.59402042871875
p2etg,9,8512,4.77784101387465,0.0,28.59402042871875
p2etg,9,8960,4.77784101387465,0.0,28.59402042871875
p2etg,9,9408,4.77784101387465,0.0,28.59402042871875
p2etg,9,9856,4.77784101387465,0.0,28.59402042871875
p2etg,9,10304,4.754211470392199,0.0,28.59402042871875
p2etg,9,10752,4.754211470392199,0.0,28.59402042871875
p2etg,9,11200,4.754211470392199,0.0,28.59402042871875
p2etg,9,11648,4.754211470392199,0.0,28.59402042871875
p2etg,9,12096,4.77784101387465,0.0,28.59402042871875
p2etg,9,12544,4.754211470392199,0.0,28.59402042871875
p2etg,9,12992,4.754211470392199,0.0,28.59402042871875
p2etg,9,13440,4.754211470392199,0.0,28.59402042871875
p2etg,9,13888,4.733065058412415,0.0,28.59402042871875
p2etg,9,14336,4.733065058412415,0.0,28.59402042871875
p2etg,9,14784,4.733065058412415,0.0,28.59402042871875
p2etg,9,15232,4.733065058412415,0.0,28.59402042871875
p2etg,9,15680,4.733065058412415,0.0,28.59402042871875
p2etg,9,16128,4.733065058412415,0.0,28.59402042871875
p2etg,9,16576,4.733065058412415,0.0,28.59402042871875
p2etg,9,17024,4.733065058412415,0.0,28.59402042871875
p2etg,9,17472,4.733065058412415,0.0,28.59402042871875
p2etg,9,17920,4.733065058412415,0.0,28.59402042871875
p2etg,9,18368,4.733065058412415,0.0,28.59402042871875
p2etg,9,18816,4.733065058412415,0.0,28.59402042871875
p2etg,9,19264,4.754211470392199,0.0,28.59402042871875
p2etg,9,19712,4.754211470392199,0.0,28.59402042871875
p2etg,9,20160,4.754211470392199,0.0,28.59402042871875
p2etg,9,20608,4.754211470392199,0.0,28.59402042871875
p2etg,9,21056,4.754211470392199,0.0,28.59402042871875
p2etg,9,21504,4.716348499629533,0.0,28.59402042871875
p2etg,9,21952,4.716348499629533,0.0,28.59402042871875
p2etg,9,22400,4.716348499629533,0.0,28.59402042871875
p2etg,9,22848,4.716348499629533,0.0,28.59402042871875
p2etg,9,23296,4.716348499629533,0.0,28.59402042871875
p2etg,9,23744,4.716348499629533,0.0,28.59402042871875
p2etg,9,24192,4.716348499629533,0.0,28.59402042871875
p2etg,9,24640,4.754211470392199,0.0,28.59402042871875
p2etg,9,25088,4.754211470392199,0.0,28.59402042871875
p2etg,9,25536,4.754211470392199,0.0,28.59402042871875
p2etg,9,25984,4.754211470392199,0.0,28.59402042871875
p2etg,9,26432,4.754211470392199,0.0,28.59402042871875
p2etg,9,26880,4.754211470392199,0.0,28.59402042871875
p2etg,9,27328,4.754211470392199,0.0,28.59402042871875
p2etg,9,27776,4.754211470392199,0.0,28.59402042871875
p2etg,9,28224,4.754211470392199,0.0,28.59402042871875
p2etg,9,28672,4.754211470392199,0.0,28.59402042871875
p2etg,9,29120,4.754211470392199,0.0,28.59402042871875
p2etg,9,29568,4.754211470392199,0.0,28.59402042871875
p2etg,9,30016,4.754211470392199,0.0,28.59402042871875
p2etg,9,30464,4.754211470392199,0.0,28.59402042871875
p2etg,9,30912,4.754211470392199,0.0,28.59402042871875
p2etg,9,31360,4.754211470392199,0.0,28.59402042871875
p2etg,9,31808,4.754211470392199,0.0,28.59402042871875
p2etg,9,32256,4.754211470392199,0.0,28.59402042871875
p2etg,9,32704,4.754211470392199,0.0,28.59402042871875
p2etg,9,33152,4.754211470392199,0.0,28.59402042871875
p2etg,9,33600,4.754211470392199,0.0,28.59402042871875
p2etg,9,34048,4.754211470392199,0.0,28.59402042871875
p2etg,9,34496,4.754211470392199,0.0,28.59402042871875
p2etg,9,34944,4.754211470392199,0.0,28.59402042871875
p2etg,9,35392,4.754211470392199,0.0,28.59402042871875
p2etg,9,35840,4.754211470392199,0.0,28.59402042871875
p2etg,9,36288,4.754211470392199,0.0,28.59402042871875
p2etg,9,36736,4.754211470392199,0.0,28.59402042871875
p2etg,9,37184,4.754211470392199,0.0,28.59402042871875
p2etg,9,37632,4.754211470392199,0.0,28.59402042871875
p2etg,9,38080,4.754211470392199,0.0,28.59402042871875
p2etg,9,38528,4.754211470392199,0.0,28.59402042871875
p2etg,9,38976,4.754211470392199,0.0,28.59402042871875
p2etg,9,39424,4.754211470392199,0.0,28.59402042871875
p2etg,9,39872,4.754211470392199,0.0,28.59402042871875
p2etg,9,40320,4.754211470392199,0.0,28.59402042871875
p2etg,9,40768,4.754211470392199,0.0,28.59402042871875
p2etg,9,41216,4.754211470392199,0.0,28.59402042871875
p2etg,9,41664,4.754211470392199,0.0,28.59402042871875
p2etg,9,42112,4.754211470392199,0.0,28.59402042871875
p2etg,9,42560,4.754211470392199,0.0,28.59402042871875
p2etg,9,43008,4.754211470392199,0.0,28.59402042871875
p2etg,9,43456,4.754211470392199,0.0,28.59402042871875
p2etg,9,43904,4.754211470392199,0.0,28.59402042871875
p2etg,9,44352,4.754211470392199,0.0,28.59402042871875
p2etg,9,44800,4.754211470392199,0.0,28.59402042871875
p2etg,9,45248,4.754211470392199,0.0,28.59402042871875
p2etg,9,45696,4.754211470392199,0.0,28.59402042871875
p2etg,9,46144,4.754211470392199,0.0,28.59402042871875
p2etg,9,46592,4.754211470392199,0.0,28.59402042871875
p2etg,9,47040,4.754211470392199,0.0,28.59402042871875
p2etg,9,47488,4.754211470392199,0.0,28.59402042871875
p2etg,9,47936,4.754211470392199,0.0,28.59402042871875
p2etg,9,48384,4.754211470392199,0.0,28.59402042871875
p2etg,9,48832,4.754211470392199,0.0,28.59402042871875
p2etg,9,49280,4.754211470392199,0.0,28.59402042871875
p2etg,9,49728,4.754211470392199,0.0,28.59402042871875
p2etg,9,50176,4.754211470392199,0.0,28.59402042871875
p2etg,9,50624,4.754211470392199,0.0,28.59402042871875
p2etg,9,51072,4.754211470392199,0.0,28.59402042871875
p2etg,9,51520,4.754211470392199,0.0,28.59402042871875
p2etg,9,51968,4.754211470392199,0.0,28.59402042871875
p2etg,9,52416,4.754211470392199,0.0,28.59402042871875
p2etg,9,52864,4.754211470392199,0.0,28.59402042871875
p2etg,9,53312,4.754211470392199,0.0,28.59402042871875
p2etg,9,53760,4.754211470392199,0.0,28.59402042871875
p2etg,9,54208,4.754211470392199,0.0,28.59402042871875
p2etg,9,54656,4.754211470392199,0.0,28.59402042871875
p2etg,9,55104,4.754211470392199,0.0,28.59402042871875
p2etg,9,55552,4.754211470392199,0.0,28.59402042871875
p2etg,9,56000,4.754211470392199,0.0,28.59402042871875
p2etg,9,56448,4.754211470392199,0.0,28.59402042871875
p2etg,9,56896,4.754211470392199,0.0,28.59402042871875
p2etg,9,57344,4.754211470392199,0.0,28.59402042871875
p2etg,9,57792,4.754211470392199,0.0,28.59402042871875
p2etg,9,58240,4.754211470392199,0.0,28.59402042871875
p2etg,9,58688,4.754211470392199,0.0,28.59402042871875
p2etg,9,59136,4.754211470392199,0.0,28.59402042871875
p2etg,9,59584,4.754211470392199,0.0,28.59402042871875
p2etg,9,60032,4.754211470392199,0.0,28.59402042871875
p2etg,9,60480,4.754211470392199,0.0,28.59402042871875
p2etg,9,60928,4.716348499629533,0.0,28.59402042871875
p2etg,9,61376,4.754211470392199,0.0,28.59402042871875
p2etg,9,61824,4.754211470392199,0.0,28.59402042871875
p2etg,9,62272,4.754211470392199,0.0,28.59402042871875
p2etg,9,62720,4.754211470392199,0.0,28.59402042871875
p2etg,9,63168,4.754211470392199,0.0,28.59402042871875
p2etg,9,63616,4.754211470392199,0.0,28.59402042871875
p2etg,9,64064,4.754211470392199,0.0,28.59402042871875
p2etg,9,64512,4.754211470392199,0.0,28.59402042871875
p2etg,9,64960,4.754211470392199,0.0,28.59402042871875
p2etg,9,65408,4.754211470392199,0.0,28.59402042871875
p2etg,9,65856,4.754211470392199,0.0,28.59402042871875
p2etg,9,66304,4.754211470392199,0.0,28.59402042871875
p2etg,9,66752,4.754211470392199,0.0,28.59402042871875
p2etg,9,67200,4.754211470392199,0.0,28.59402042871875
p2etg,9,67648,4.754211470392199,0.0,28.59402042871875
p2etg,9,68096,4.716348499629533,0.0,28.59402042871875
p2etg,9,68544,4.716348499629533,0.0,28.59402042871875
p2etg,9,68992,4.716348499629533,0.0,28.59402042871875
p2etg,9,69440,4.716348499629533,0.0,28.59402042871875
p2etg,9,69888,4.716348499629533,0.0,28.59402042871875
p2etg,9,70336,4.716348499629533,0.0,28.59402042871875
p2etg,9,70784,4.716348499629533,0.0,28.59402042871875
p2etg,9,71232,4.716348499629533,0.0,28.59402042871875
p2etg,9,71680,4.716348499629533,0.0,28.59402042871875
p2etg,9,72128,4.716348499629533,0.0,28.59402042871875
p2etg,9,72576,4.716348499629533,0.0,28.59402042871875
p2etg,9,73024,4.716348499629533,0.0,28.59402042871875
p2etg,9,73472,4.716348499629533,0.0,28.59402042871875
p2etg,9,73920,4.716348499629533,0.0,28.59402042871875
p2etg,9,74368,4.716348499629533,0.0,28.59402042871875
p2etg,9,74816,4.716348499629533,0.0,28.59402042871875
p2etg,9,75264,4.716348499629533,0.0,28.59402042871875
p2etg,9,75712,4.716348499629533,0.0,28.59402042871875
p2etg,9,76160,4.754211470392199,0.0,28.59402042871875
p2etg,9,76608,4.754211470392199,0.0,28.59402042871875
p2etg,9,77056,4.716348499629533,0.0,28.59402042871875
p2etg,9,77504,4.716348499629533,0.0,28.59402042871875
p2etg,9,77952,4.716348499629533,0.0,28.59402042871875
p2etg,9,78400,4.716348499629533,0.0,28.59402042871875
p2etg,9,78848,4.716348499629533,0.0,28.59402042871875
p2etg,9,79296,4.716348499629533,0.0,28.59402042871875
p2etg,9,79744,4.716348499629533,0.0,28.59402042871875
p2etg,9,80192,4.716348499629533,0.0,28.59402042871875
p2etg,9,80640,4.716348499629533,0.0,28.59402042871875
p2etg,9,81088,4.716348499629533,0.0,28.59402042871875
p2etg,9,81536,4.716348499629533,0.0,28.59402042871875
p2etg,9,81984,4.754211470392199,0.0,28.59402042871875
p2etg,9,82432,4.716348499629533,0.0,28.59402042871875
p2etg,9,82880,4.716348499629533,0.0,28.59402042871875
p2etg,9,83328,4.716348499629533,0.0,28.59402042871875
p2etg,9,83776,4.716348499629533,0.0,28.59402042871875
p2etg,9,84224,4.716348499629533,0.0,28.59402042871875
p2etg,9,84672,4.716348499629533,0.0,28.59402042871875
p2etg,9,85120,4.716348499629533,0.0,28.59402042871875
p2etg,9,85568,4.716348499629533,0.0,28.59402042871875
p2etg,9,86016,4.716348499629533,0.0,28.59402042871875
p2etg,9,86464,4.640424519857799,0.07592397977173437,45.60099189758725
p2etg,9,86912,4.640424519857799,0.07592397977173437,79.61493483532425
p2etg,9,87360,4.716348499629533,0.0,96.62190630419275
p2etg,9,87808,4.716348499629533,0.0,96.62190630419275
p2etg,9,88256,4.716348499629533,0.0,96.62190630419275
p2etg,9,88704,4.716348499629533,0.0,96.62190630419275
p2etg,9,89152,4.716348499629533,0.0,96.62190630419275
p2etg,9,89600,4.716348499629533,0.0,96.62190630419275
p2etg,9,90048,4.716348499629533,0.0,96.62190630419275
p2etg,9,90496,4.716348499629533,0.0,96.62190630419275
p2etg,9,90944,4.716348499629533,0.0,96.62190630419275
p2etg,9,91392,4.716348499629533,0.0,96.62190630419275
p2etg,9,91840,4.716348499629533,0.0,96.62190630419275
p2etg,9,92288,4.716348499629533,0.0,96.62190630419275
p2etg,9,92736,4.716348499629533,0.0,96.62190630419275
p2etg,9,93184,4.716348499629533,0.0,96.62190630419275
p2etg,9,93632,4.716348499629533,0.0,96.62190630419275
p2etg,9,94080,4.716348499629533,0.0,96.62190630419275
p2etg,9,94528,4.716348499629533,0.0,96.62190630419275
p2etg,9,94976,4.716348499629533,0.0,96.62190630419275
p2etg,9,95424,4.716348499629533,0.0,96.62190630419275
p2etg,9,95872,4.716348499629533,0.0,96.62190630419275
p2etg,9,96320,4.716348499629533,0.0,96.62190630419275
p2etg,9,96768,4.716348499629533,0.0,96.62190630419275
p2etg,9,97216,4.716348499629533,0.0,96.62190630419275
p2etg,9,97664,4.716348499629533,0.0,96.62190630419275
p2etg,9,98112,4.716348499629533,0.0,96.62190630419275
p2etg,9,98560,4.716348499629533,0.0,96.62190630419275
p2etg,9,99008,4.716348499629533,0.0,96.62190630419275
p2etg,9,99456,4.716348499629533,0.0,96.62190630419275
p2etg,9,99904,4.716348499629533,0.0,96.62190630419275
p2etg,9,100352,4.754211470392199,0.0,96.62190630419275
p2etg,9,100800,4.754211470392199,0.0,96.62190630419275
p2etg,9,101248,4.640424519857799,0.07592397977173437,113.62887777306125
p2etg,9,101696,4.754211470392199,0.0,130.63584924192975
p2etg,9,102144,4.754211470392199,0.0,130.63584924192975
p2etg,9,102592,4.640424519857799,0.07592397977173437,147.64282071079825
p2etg,9,103040,4.640424519857799,0.07592397977173437,181.65676364853525
p2etg,9,103488,4.640424519857799,0.07592397977173437,215.67070658627225
p2etg,9,103936,4.640424519857799,0.07592397977173437,249.68464952400925
p2etg,9,104384,4.640424519857799,0.07592397977173437,283.6985924617462
p2etg,9,104832,4.640424519857799,0.07592397977173437,317.7125353994832
p2etg,9,105280,4.640424519857799,0.07592397977173437,351.7264783372202
p2etg,9,105728,4.640424519857799,0.07592397977173437,385.7404212749572
p2etg,9,106176,4.640424519857799,0.07592397977173437,419.7543642126942
p2etg,9,106624,4.640424519857799,0.07592397977173437,453.7683071504312
p2etg,9,107072,4.640424519857799,0.07592397977173437,487.7822500881682
p2etg,9,107520,4.640424519857799,0.07592397977173437,521.7961930259053
p2etg,9,107968,4.640424519857799,0.07592397977173437,555.8101359636423
p2etg,9,108416,4.640424519857799,0.07592397977173437,589.8240789013794
p2etg,9,108864,4.640424519857799,0.07592397977173437,623.8380218391164
p2etg,9,109312,4.640424519857799,0.07592397977173437,657.8519647768535
p2etg,9,109760,4.640424519857799,0.07592397977173437,691.8659077145905
p2etg,9,110208,4.640424519857799,0.07592397977173437,725.8798506523276
p2etg,9,110656,4.640424519857799,0.07592397977173437,759.8937935900647
p2etg,9,111104,4.640424519857799,0.07592397977173437,793.9077365278017
p2etg,9,111552,4.640424519857799,0.07592397977173437,827.9216794655388
p2etg,9,112000,4.640424519857799,0.07592397977173437,861.9356224032758
p2etg,9,112448,4.754211470392199,0.0,878.9425938721444
p2etg,9,112896,4.754211470392199,0.0,878.9425938721444
p2etg,9,113344,4.754211470392199,0.0,878.9425938721444
p2etg,9,113792,4.640424519857799,0.07592397977173437,895.9495653410129
p2etg,9,114240,4.640424519857799,0.07592397977173437,929.9635082787499
p2etg,9,114688,4.640424519857799,0.07592397977173437,963.977451216487
p2etg,9,115136,4.640424519857799,0.07592397977173437,997.991394154224
p2etg,9,115584,4.640424519857799,0.07592397977173437,1032.005337091961
p2etg,9,116032,4.754211470392199,0.0,1049.0123085608295
p2etg,9,116480,4.754211470392199,0.0,1049.0123085608295
p2etg,9,116928,4.640424519857799,0.07592397977173437,1066.019280029698
p2etg,9,117376,4.754211470392199,0.0,1083.0262514985664
p2etg,9,117824,4.754211470392199,0.0,1083.0262514985664
p2etg,9,118272,4.754211470392199,0.0,1083.0262514985664
p2etg,9,118720,4.754211470392199,0.0,1083.0262514985664
p2etg,9,119168,4.640424519857799,0.07592397977173437,1100.0332229674348
p2etg,9,119616,4.640424519857799,0.07592397977173437,1134.0471659051718
p2etg,9,120064,4.640424519857799,0.07592397977173437,1168.0611088429089
p2etg,9,120512,4.754211470392199,0.0,1185.0680803117773
p2etg,9,120960,4.754211470392199,0.0,1185.0680803117773
p2etg,9,121408,4.754211470392199,0.0,1185.0680803117773
p2etg,9,121856,4.716348499629533,0.0,1185.0680803117773
p2etg,9,122304,4.716348499629533,0.0,1185.0680803117773
p2etg,9,122752,4.716348499629533,0.0,1185.0680803117773
p2etg,9,123200,4.716348499629533,0.0,1185.0680803117773
p2etg,9,123648,4.716348499629533,0.0,1185.0680803117773
p2etg,9,124096,4.716348499629533,0.0,1185.0680803117773
p2etg,9,124544,4.716348499629533,0.0,1185.0680803117773
p2etg,9,124992,4.716348499629533,0.0,1185.0680803117773
p2etg,9,125440,4.716348499629533,0.0,1185.0680803117773
p2etg,9,125888,4.716348499629533,0.0,1185.0680803117773
p2etg,9,126336,4.716348499629533,0.0,1185.0680803117773
p2etg,9,126784,4.716348499629533,0.0,1185.0680803117773
p2etg,9,127232,4.716348499629533,0.0,1185.0680803117773
p2etg,9,127680,4.716348499629533,0.0,1185.0680803117773
p2etg,9,128128,4.716348499629533,0.0,1185.0680803117773
p2etg,9,128576,4.716348499629533,0.0,1185.0680803117773
p2etg,9,129024,4.716348499629533,0.0,1185.0680803117773
p2etg,9,129472,4.716348499629533,0.0,1185.0680803117773
p2etg,9,129920,4.716348499629533,0.0,1185.0680803117773
p2etg,9,130368,4.716348499629533,0.0,1185.0680803117773
p2etg,9,130816,4.716348499629533,0.0,1185.0680803117773
p2etg,9,131264,4.716348499629533,0.0,1185.0680803117773
p2etg,9,131712,4.716348499629533,0.0,1185.0680803117773
p2etg,9,132160,4.716348499629533,0.0,1185.0680803117773
p2etg,9,132608,4.716348499629533,0.0,1185.0680803117773
p2etg,9,133056,4.716348499629533,0.0,1185.0680803117773
p2etg,9,133504,4.716348499629533,0.0,1185.0680803117773
p2etg,9,133952,4.716348499629533,0.0,1185.0680803117773
p2etg,9,134400,4.716348499629533,0.0,1185.0680803117773
p2etg,9,134848,4.716348499629533,0.0,1185.0680803117773
p2etg,9,135296,4.716348499629533,0.0,1185.0680803117773
p2etg,9,135744,4.716348499629533,0.0,1185.0680803117773
p2etg,9,136192,4.716348499629533,0.0,1185.0680803117773
p2etg,9,136640,4.716348499629533,0.0,1185.0680803117773
p2etg,9,137088,4.716348499629533,0.0,1185.0680803117773
p2etg,9,137536,4.716348499629533,0.0,1185.0680803117773
p2etg,9,137984,4.716348499629533,0.0,1185.0680803117773
p2etg,9,138432,4.716348499629533,0.0,1185.0680803117773
p2etg,9,138880,4.716348499629533,0.0,1185.0680803117773
p2etg,9,139328,4.716348499629533,0.0,1185.0680803117773
p2etg,9,139776,4.716348499629533,0.0,1185.0680803117773
p2etg,9,140224,4.716348499629533,0.0,1185.0680803117773
p2etg,9,140672,4.716348499629533,0.0,1185.0680803117773
p2etg,9,141120,4.716348499629533,0.0,1185.0680803117773
p2etg,9,141568,4.716348499629533,0.0,1185.0680803117773
p2etg,9,142016,4.716348499629533,0.0,1185.0680803117773
p2etg,9,142464,4.716348499629533,0.0,1185.0680803117773
p2etg,9,142912,4.716348499629533,0.0,1185.0680803117773
p2etg,9,143360,4.716348499629533,0.0,1185.0680803117773
p2etg,9,143808,4.716348499629533,0.0,1185.0680803117773
p2etg,9,144256,4.716348499629533,0.0,1185.0680803117773
p2etg,9,144704,4.716348499629533,0.0,1185.0680803117773
p2etg,9,145152,4.716348499629533,0.0,1185.0680803117773
p2etg,9,145600,4.716348499629533,0.0,1185.0680803117773
p2etg,9,146048,4.716348499629533,0.0,1185.0680803117773
p2etg,9,146496,4.716348499629533,0.0,1185.0680803117773
p2etg,9,146944,4.716348499629533,0.0,1185.0680803117773
p2etg,9,147392,4.716348499629533,0.0,1185.0680803117773
p2etg,9,147840,4.716348499629533,0.0,1185.0680803117773
p2etg,9,148288,4.716348499629533,0.0,1185.0680803117773
p2etg,9,148736,4.716348499629533,0.0,1185.0680803117773
p2etg,9,149184,4.716348499629533,0.0,1185.0680803117773
p2etg,9,149632,4.716348499629533,0.0,1185.0680803117773
p2etg,9,150080,4.716348499629533,0.0,1185.0680803117773
p2etg,9,150528,4.716348499629533,0.0,1185.0680803117773
p2etg,9,150976,4.716348499629533,0.0,1185.0680803117773
p2etg,9,151424,4.716348499629533,0.0,1185.0680803117773
p2etg,9,151872,4.716348499629533,0.0,1185.0680803117773
p2etg,9,152320,4.716348499629533,0.0,1185.0680803117773
p2etg,9,152768,4.716348499629533,0.0,1185.0680803117773
p2etg,9,153216,4.716348499629533,0.0,1185.0680803117773
p2etg,9,153664,4.716348499629533,0.0,1185.0680803117773
p2etg,9,154112,4.716348499629533,0.0,1185.0680803117773
p2etg,9,154560,4.716348499629533,0.0,1185.0680803117773
p2etg,9,155008,4.716348499629533,0.0,1185.0680803117773
p2etg,9,155456,4.716348499629533,0.0,1185.0680803117773
p2etg,9,155904,4.716348499629533,0.0,1185.0680803117773
p2etg,9,156352,4.716348499629533,0.0,1185.0680803117773
p2etg,9,156800,4.716348499629533,0.0,1185.0680803117773
p2etg,9,157248,4.716348499629533,0.0,1185.0680803117773
p2etg,9,157696,4.716348499629533,0.0,1185.0680803117773
p2etg,9,158144,4.716348499629533,0.0,1185.0680803117773
p2etg,9,158592,4.716348499629533,0.0,1185.0680803117773
p2etg,9,159040,4.716348499629533,0.0,1185.0680803117773
p2etg,9,159488,4.716348499629533,0.0,1185.0680803117773
p2etg,9,159936,4.716348499629533,0.0,1185.0680803117773
p2etg,9,160384,4.716348499629533,0.0,1185.0680803117773
p2etg,9,160832,4.716348499629533,0.0,1185.0680803117773
p2etg,9,161280,4.716348499629533,0.0,1185.0680803117773
p2etg,9,161728,4.716348499629533,0.0,1185.0680803117773
p2etg,9,162176,4.716348499629533,0.0,1185.0680803117773
p2etg,9,162624,4.716348499629533,0.0,1185.0680803117773
p2etg,9,163072,4.716348499629533,0.0,1185.0680803117773
p2etg,9,163520,4.716348499629533,0.0,1185.0680803117773
p2etg,9,163968,4.716348499629533,0.0,1185.0680803117773
p2etg,9,164416,4.716348499629533,0.0,1185.0680803117773
p2etg,9,164864,4.716348499629533,0.0,1185.0680803117773
p2etg,9,165312,4.716348499629533,0.0,1185.0680803117773
p2etg,9,165760,4.716348499629533,0.0,1185.0680803117773
p2etg,9,166208,4.716348499629533,0.0,1185.0680803117773
p2etg,9,166656,4.716348499629533,0.0,1185.0680803117773
p2etg,9,167104,4.716348499629533,0.0,1185.0680803117773
p2etg,9,167552,4.716348499629533,0.0,1185.0680803117773
p2etg,9,168000,4.716348499629533,0.0,1185.0680803117773
p2etg,9,168448,4.716348499629533,0.0,1185.0680803117773
p2etg,9,168896,4.716348499629533,0.0,1185.0680803117773
p2etg,9,169344,4.716348499629533,0.0,1185.0680803117773
p2etg,9,169792,4.716348499629533,0.0,1185.0680803117773
p2etg,9,170240,4.716348499629533,0.0,1185.0680803117773
p2etg,9,170688,4.716348499629533,0.0,1185.0680803117773
p2etg,9,171136,4.716348499629533,0.0,1185.0680803117773
p2etg,9,171584,4.716348499629533,0.0,1185.0680803117773
p2etg,9,172032,4.716348499629533,0.0,1185.0680803117773
p2etg,9,172480,4.716348499629533,0.0,1185.0680803117773
p2etg,9,172928,4.716348499629533,0.0,1185.0680803117773
p2etg,9,173376,4.716348499629533,0.0,1185.0680803117773
p2etg,9,173824,4.716348499629533,0.0,1185.0680803117773
p2etg,9,174272,4.716348499629533,0.0,1185.0680803117773
p2etg,9,174720,4.716348499629533,0.0,1185.0680803117773
p2etg,9,175168,4.716348499629533,0.0,1185.0680803117773
p2etg,9,175616,4.716348499629533,0.0,1185.0680803117773
p2etg,9,176064,4.716348499629533,0.0,1185.0680803117773
p2etg,9,176512,4.716348499629533,0.0,1185.0680803117773
p2etg,9,176960,4.716348499629533,0.0,1185.0680803117773
p2etg,9,177408,4.716348499629533,0.0,1185.0680803117773
p2etg,9,177856,4.716348499629533,0.0,1185.0680803117773
p2etg,9,178304,4.716348499629533,0.0,1185.0680803117773
p2etg,9,178752,4.716348499629533,0.0,1185.0680803117773
p2etg,9,179200,4.716348499629533,0.0,1185.0680803117773
p2etg,9,179648,4.716348499629533,0.0,1185.0680803117773
p2etg,9,180096,4.716348499629533,0.0,1185.0680803117773
p2etg,9,180544,4.716348499629533,0.0,1185.0680803117773
p2etg,9,180992,4.716348499629533,0.0,1185.0680803117773
p2etg,9,181440,4.716348499629533,0.0,1185.0680803117773
p2etg,9,181888,4.716348499629533,0.0,1185.0680803117773
p2etg,9,182336,4.716348499629533,0.0,1185.0680803117773
p2etg,9,182784,4.716348499629533,0.0,1185.0680803117773
p2etg,9,183232,4.716348499629533,0.0,1185.0680803117773
p2etg,9,183680,4.716348499629533,0.0,1185.0680803117773
p2etg,9,184128,4.716348499629533,0.0,1185.0680803117773
p2etg,9,184576,4.716348499629533,0.0,1185.0680803117773
p2etg,9,185024,4.716348499629533,0.0,1185.0680803117773
p2etg,9,185472,4.716348499629533,0.0,1185.0680803117773
p2etg,9,185920,4.716348499629533,0.0,1185.0680803117773
p2etg,9,186368,4.716348499629533,0.0,1185.0680803117773
p2etg,9,186816,4.716348499629533,0.0,1185.0680803117773
p2etg,9,187264,4.716348499629533,0.0,1185.0680803117773
p2etg,9,187712,4.716348499629533,0.0,1185.0680803117773
p2etg,9,188160,4.716348499629533,0.0,1185.0680803117773
p2etg,9,188608,4.716348499629533,0.0,1185.0680803117773
p2etg,9,189056,4.716348499629533,0.0,1185.0680803117773
p2etg,9,189504,4.716348499629533,0.0,1185.0680803117773
p2etg,9,189952,4.716348499629533,0.0,1185.0680803117773
p2etg,9,190400,4.716348499629533,0.0,1185.0680803117773
p2etg,9,190848,4.716348499629533,0.0,1185.0680803117773
p2etg,9,191296,4.716348499629533,0.0,1185.0680803117773
p2etg,9,191744,4.716348499629533,0.0,1185.0680803117773
p2etg,9,192192,4.716348499629533,0.0,1185.0680803117773
p2etg,9,192640,4.716348499629533,0.0,1185.0680803117773
p2etg,9,193088,4.716348499629533,0.0,1185.0680803117773
p2etg,9,193536,4.716348499629533,0.0,1185.0680803117773
p2etg,9,193984,4.716348499629533,0.0,1185.0680803117773
p2etg,9,194432,4.716348499629533,0.0,1185.0680803117773
p2etg,9,194880,4.716348499629533,0.0,1185.0680803117773
p2etg,9,195328,4.716348499629533,0.0,1185.0680803117773
p2etg,9,195776,4.716348499629533,0.0,1185.0680803117773
p2etg,9,196224,4.716348499629533,0.0,1185.0680803117773
p2etg,9,196672,4.716348499629533,0.0,1185.0680803117773
p2etg,9,197120,4.716348499629533,0.0,1185.0680803117773
p2etg,9,197568,4.716348499629533,0.0,1185.0680803117773
p2etg,9,198016,4.716348499629533,0.0,1185.0680803117773
p2etg,9,198464,4.716348499629533,0.0,1185.0680803117773
p2etg,9,198912,4.716348499629533,0.0,1185.0680803117773
p2etg,9,199360,4.716348499629533,0.0,1185.0680803117773
p2etg,9,199808,4.716348499629533,0.0,1185.0680803117773
p2etg,9,200000,4.716348499629533,0.0,1185.0680803117773
preflid,0,28,4.886704956855401,0.0,0.0
preflid,0,56,4.794401590088614,0.0,0.0
preflid,0,84,5.214134874993972,0.0,0.0
preflid,0,112,4.9529547995569505,0.0,0.0
preflid,0,140,4.9529547995569505,0.0,0.0
preflid,0,168,4.751650628966667,0.0,0.0
preflid,0,196,4.751650628966667,0.0,0.0
preflid,0,224,4.81776584793667,0.0,0.0
preflid,0,252,4.81776584793667,0.0,0.0
preflid,0,280,4.627903571136709,0.08844492849282393,1.238228998899535
preflid,0,308,4.627903571136709,0.08844492849282393,3.714686996698605
preflid,0,336,4.593912111800309,0.12243638782922428,6.66702542520728
preflid,0,364,4.638779986999586,0.07756851262994768,9.467094031635687
preflid,0,392,4.552784472738754,0.16356402689077942,12.842949584925867
preflid,0,420,4.638779986999586,0.07756851262994768,16.218805138216048
preflid,0,448,4.552784472738754,0.16356402689077942,19.594660691506228
preflid,0,476,4.552784472738754,0.16356402689077942,24.17445344444805
preflid,0,504,4.744941094514157,0.0,26.46434982091896
preflid,0,532,4.552784472738754,0.16356402689077942,28.754246197389875
preflid,0,560,4.744941094514157,0.0,31.04414257386079
preflid,0,588,4.744941094514157,0.0,31.04414257386079
preflid,0,616,4.744941094514157,0.0,31.04414257386079
preflid,0,644,4.73484065006971,0.0,31.04414257386079
preflid,0,672,4.73484065006971,0.0,31.04414257386079
preflid,0,700,4.73484065006971,0.0,31.04414257386079
preflid,0,728,4.73484065006971,0.0,31.04414257386079
preflid,0,756,4.552784472738754,0.16356402689077942,33.3340389503317
preflid,0,784,4.694125553778817,0.022222945850716158,35.93505656871264
preflid,0,812,4.73484065006971,0.0,36.24617781062267
preflid,0,840,4.688829650712271,0.027518848917262417,36.631441695464346
preflid,0,868,4.688829650712271,0.027518848917262417,37.401969465147694
preflid,0,896,4.688829650712271,0.027518848917262417,38.17249723483104
preflid,0,924,4.688829650712271,0.027518848917262417,38.94302500451439
preflid,0,952,4.633380568196987,0.08296793143254622,40.48983992941171
preflid,0,980,4.774721649237051,0.0,41.65139096946736
preflid,0,1008,4.633380568196987,0.08296793143254622,42.812942009523006
preflid,0,1036,4.732473716205943,0.0,43.974493049578655
preflid,0,1064,4.774721649237051,0.0,43.974493049578655
preflid,0,1092,4.774721649237051,0.0,43.974493049578655
preflid,0,1120,4.774721649237051,0.0,43.974493049578655
preflid,0,1148,4.889190410245835,0.0,43.974493049578655
preflid,0,1176,4.889190410245835,0.0,43.974493049578655
preflid,0,1204,4.889190410245835,0.0,43.974493049578655
preflid,0,1232,4.889190410245835,0.0,43.974493049578655
preflid,0,1260,4.889190410245835,0.0,43.974493049578655
preflid,0,1288,4.889190410245835,0.0,43.974493049578655
preflid,0,1316,4.889190410245835,0.0,43.974493049578655
preflid,0,1344,4.734700496527038,0.0,43.974493049578655
preflid,0,1372,4.734700496527038,0.0,43.974493049578655
preflid,0,1400,4.734700496527038,0.0,43.974493049578655
preflid,0,1428,4.734700496527038,0.0,43.974493049578655
preflid,0,1456,4.734700496527038,0.0,43.974493049578655
preflid,0,1484,4.639131100406204,0.07721739922332915,45.05553663870526
preflid,0,1512,4.639131100406204,0.07721739922332915,47.21762381695848
preflid,0,1540,4.639131100406204,0.07721739922332915,49.379710995211695
preflid,0,1568,4.639131100406204,0.07721739922332915,51.54179817346491
preflid,0,1596,4.639131100406204,0.07721739922332915,53.70388535171813
preflid,0,1624,4.639131100406204,0.07721739922332915,55.865972529971344
preflid,0,1652,4.639131100406204,0.07721739922332915,58.02805970822456
preflid,0,1680,4.639131100406204,0.07721739922332915,60.19014688647778
preflid,0,1708,4.639131100406204,0.07721739922332915,62.35223406473099
preflid,0,1736,4.639131100406204,0.07721739922332915,64.51432124298421
preflid,0,1764,4.639131100406204,0.07721739922332915,66.67640842123743
preflid,0,1792,4.639131100406204,0.07721739922332915,68.83849559949064
preflid,0,1820,4.639131100406204,0.07721739922332915,71.00058277774386
preflid,0,1848,4.639131100406204,0.07721739922332915,73.16266995599707
preflid,0,1876,4.639131100406204,0.07721739922332915,75.32475713425029
preflid,0,1904,4.639131100406204,0.07721739922332915,77.48684431250351
preflid,0,1932,4.639131100406204,0.07721739922332915,79.64893149075672
preflid,0,1960,4.639131100406204,0.07721739922332915,81.81101866900994
preflid,0,1988,4.865560866763384,0.0,82.89206225813655
preflid,0,2016,4.865560866763384,0.0,82.89206225813655
preflid,0,2044,4.865560866763384,0.0,82.89206225813655
preflid,0,2072,4.865560866763384,0.0,82.89206225813655
preflid,0,2100,4.865560866763384,0.0,82.89206225813655
preflid,0,2128,4.865560866763384,0.0,82.89206225813655
preflid,0,2156,4.865560866763384,0.0,82.89206225813655
preflid,0,2184,4.865560866763384,0.0,82.89206225813655
preflid,0,2212,4.865560866763384,0.0,82.89206225813655
preflid,0,2240,4.716348499629533,0.0,82.89206225813655
preflid,0,2268,4.716348499629533,0.0,82.89206225813655
preflid,0,2296,4.716348499629533,0.0,82.89206225813655
preflid,0,2324,4.716348499629533,0.0,82.89206225813655
preflid,0,2352,4.716348499629533,0.0,82.89206225813655
preflid,0,2380,4.716348499629533,0.0,82.89206225813655
preflid,0,2408,4.716348499629533,0.0,82.89206225813655
preflid,0,2436,4.716348499629533,0.0,82.89206225813655
preflid,0,2464,4.716348499629533,0.0,82.89206225813655
preflid,0,2492,4.739978043111983,0.0,82.89206225813655
preflid,0,2520,4.739978043111983,0.0,82.89206225813655
preflid,0,2548,4.739978043111983,0.0,82.89206225813655
preflid,0,2576,4.739978043111983,0.0,82.89206225813655
preflid,0,2604,4.739978043111983,0.0,82.89206225813655
preflid,0,2632,4.739978043111983,0.0,82.89206225813655
preflid,0,2660,4.739978043111983,0.0,82.89206225813655
preflid,0,2688,4.7953236098912155,0.0,82.89206225813655
preflid,0,2716,4.7953236098912155,0.0,82.89206225813655
preflid,0,2744,4.7953236098912155,0.0,82.89206225813655
preflid,0,2772,4.7505476544289795,0.0,82.89206225813655
preflid,0,2800,4.7505476544289795,0.0,82.89206225813655
preflid,0,2828,4.7505476544289795,0.0,82.89206225813655
preflid,0,2856,4.7953236098912155,0.0,82.89206225813655
preflid,0,2884,4.7953236098912155,0.0,82.89206225813655
preflid,0,2912,4.7953236098912155,0.0,82.89206225813655
preflid,0,2940,4.7953236098912155,0.0,82.89206225813655
preflid,0,2968,4.7505476544289795,0.0,82.89206225813655
preflid,0,2996,4.7505476544289795,0.0,82.89206225813655
preflid,0,3024,4.7505476544289795,0.0,82.89206225813655
preflid,0,3052,4.7953236098912155,0.0,82.89206225813655
preflid,0,3080,4.7953236098912155,0.0,82.89206225813655
preflid,0,3108,4.7953236098912155,0.0,82.89206225813655
preflid,0,3136,4.7953236098912155,0.0,82.89206225813655
preflid,0,3164,4.7953236098912155,0.0,82.89206225813655
preflid,0,3192,4.7953236098912155,0.0,82.89206225813655
preflid,0,3220,4.7953236098912155,0.0,82.89206225813655
preflid,0,3248,4.7953236098912155,0.0,82.89206225813655
preflid,0,3276,4.7953236098912155,0.0,82.89206225813655
preflid,0,3304,4.7953236098912155,0.0,82.89206225813655
preflid,0,3332,4.7953236098912155,0.0,82.89206225813655
preflid,0,3360,4.7953236098912155,0.0,82.89206225813655
preflid,0,3388,4.7953236098912155,0.0,82.89206225813655
preflid,0,3416,4.7953236098912155,0.0,82.89206225813655
preflid,0,3444,4.7953236098912155,0.0,82.89206225813655
preflid,0,3472,4.7953236098912155,0.0,82.89206225813655
preflid,0,3500,4.739978043111983,0.0,82.89206225813655
preflid,0,3528,4.7953236098912155,0.0,82.89206225813655
preflid,0,3556,4.7953236098912155,0.0,82.89206225813655
preflid,0,3584,4.7953236098912155,0.0,82.89206225813655
preflid,0,3612,4.7953236098912155,0.0,82.89206225813655
preflid,0,3640,4.7953236098912155,0.0,82.89206225813655
preflid,0,3668,4.7505476544289795,0.0,82.89206225813655
preflid,0,3696,4.739978043111983,0.0,82.89206225813655
preflid,0,3724,4.7953236098912155,0.0,82.89206225813655
preflid,0,3752,4.7953236098912155,0.0,82.89206225813655
preflid,0,3780,4.7953236098912155,0.0,82.89206225813655
preflid,0,3808,4.7953236098912155,0.0,82.89206225813655
preflid,0,3836,4.739978043111983,0.0,82.89206225813655
preflid,0,3864,4.739978043111983,0.0,82.89206225813655
preflid,0,3892,4.739978043111983,0.0,82.89206225813655
preflid,0,3920,4.739978043111983,0.0,82.89206225813655
preflid,0,3948,4.739978043111983,0.0,82.89206225813655
preflid,0,3976,4.739978043111983,0.0,82.89206225813655
preflid,0,4004,4.739978043111983,0.0,82.89206225813655
preflid,0,4032,4.739978043111983,0.0,82.89206225813655
preflid,0,4060,4.739978043111983,0.0,82.89206225813655
preflid,0,4088,4.739978043111983,0.0,82.89206225813655
preflid,0,4116,4.739978043111983,0.0,82.89206225813655
preflid,0,4144,4.739978043111983,0.0,82.89206225813655
preflid,0,4172,4.739978043111983,0.0,82.89206225813655
preflid,0,4200,4.739978043111983,0.0,82.89206225813655
preflid,0,4228,4.739978043111983,0.0,82.89206225813655
preflid,0,4256,4.739978043111983,0.0,82.89206225813655
preflid,0,4284,4.739978043111983,0.0,82.89206225813655
preflid,0,4312,4.739978043111983,0.0,82.89206225813655
preflid,0,4340,4.739978043111983,0.0,82.89206225813655
preflid,0,4368,4.739978043111983,0.0,82.89206225813655
preflid,0,4396,4.739978043111983,0.0,82.89206225813655
preflid,0,4424,4.739978043111983,0.0,82.89206225813655
preflid,0,4452,4.739978043111983,0.0,82.89206225813655
preflid,0,4480,4.739978043111983,0.0,82.89206225813655
preflid,0,4508,4.739978043111983,0.0,82.89206225813655
preflid,0,4536,4.739978043111983,0.0,82.89206225813655
preflid,0,4564,4.739978043111983,0.0,82.89206225813655
preflid,0,4592,4.739978043111983,0.0,82.89206225813655
preflid,0,4620,4.739978043111983,0.0,82.89206225813655
preflid,0,4648,4.739978043111983,0.0,82.89206225813655
preflid,0,4676,4.739978043111983,0.0,82.89206225813655
preflid,0,4704,4.739978043111983,0.0,82.89206225813655
preflid,0,4732,4.739978043111983,0.0,82.89206225813655
preflid,0,4760,4.739978043111983,0.0,82.89206225813655
preflid,0,4788,4.739978043111983,0.0,82.89206225813655
preflid,0,4816,4.739978043111983,0.0,82.89206225813655
preflid,0,4844,4.739978043111983,0.0,82.89206225813655
preflid,0,4872,4.739978043111983,0.0,82.89206225813655
preflid,0,4900,4.739978043111983,0.0,82.89206225813655
preflid,0,4928,4.739978043111983,0.0,82.89206225813655
preflid,0,4956,4.739978043111983,0.0,82.89206225813655
preflid,0,4984,4.739978043111983,0.0,82.89206225813655
preflid,0,5012,4.739978043111983,0.0,82.89206225813655
preflid,0,5040,4.739978043111983,0.0,82.89206225813655
preflid,0,5068,4.739978043111983,0.0,82.89206225813655
preflid,0,5096,4.739978043111983,0.0,82.89206225813655
preflid,0,5124,4.739978043111983,0.0,82.89206225813655
preflid,0,5152,4.739978043111983,0.0,82.89206225813655
preflid,0,5180,4.739978043111983,0.0,82.89206225813655
preflid,0,5208,4.739978043111983,0.0,82.89206225813655
preflid,0,5236,4.739978043111983,0.0,82.89206225813655
preflid,0,5264,4.739978043111983,0.0,82.89206225813655
preflid,0,5292,4.739978043111983,0.0,82.89206225813655
preflid,0,5320,4.739978043111983,0.0,82.89206225813655
preflid,0,5348,4.739978043111983,0.0,82.89206225813655
preflid,0,5376,4.739978043111983,0.0,82.89206225813655
preflid,0,5404,4.739978043111983,0.0,82.89206225813655
preflid,0,5432,4.739978043111983,0.0,82.89206225813655
preflid,0,5460,4.739978043111983,0.0,82.89206225813655
preflid,0,5488,4.739978043111983,0.0,82.89206225813655
preflid,0,5516,4.739978043111983,0.0,82.89206225813655
preflid,0,5544,4.739978043111983,0.0,82.89206225813655
preflid,0,5572,4.739978043111983,0.0,82.89206225813655
preflid,0,5600,4.739978043111983,0.0,82.89206225813655
preflid,1,28,4.886704956855401,0.0,0.0
preflid,1,56,4.476836298221306,0.23951220140822738,3.3531708197151833
preflid,1,84,4.792565824514993,0.0,6.7063416394303665
preflid,1,112,5.019070018526954,0.0,6.7063416394303665
preflid,1,140,4.868041035813108,0.0,6.7063416394303665
preflid,1,168,4.78396239027317,0.0,6.7063416394303665
preflid,1,196,4.2802423510208385,0.4361061486086948,12.811827719952094
preflid,1,224,4.662112665163531,0.05423583446600233,19.676615482997853
preflid,1,252,4.662112665163531,0.05423583446600233,21.19521884804592
preflid,1,280,4.83622664263801,0.0,21.95452053056995
preflid,1,308,4.362526343304329,0.3538221563252044,26.908030719122813
preflid,1,336,4.698360778381544,0.017987721247989086,32.11336900514752
preflid,1,364,4.698360778381544,0.017987721247989086,32.61702520009121
preflid,1,392,4.698360778381544,0.017987721247989086,33.12068139503491
preflid,1,420,4.698360778381544,0.017987721247989086,33.6243375899786
preflid,1,448,4.300749900769265,0.4155985988602682,39.6945460714942
preflid,1,476,4.300749900769265,0.4155985988602682,51.331306839581714
preflid,1,504,4.300749900769265,0.4155985988602682,62.96806760766923
preflid,1,532,4.300749900769265,0.4155985988602682,74.60482837575674
preflid,1,560,4.300749900769265,0.4155985988602682,86.24158914384425
preflid,1,588,4.750691780275399,0.0,92.059969527888
preflid,1,616,4.750691780275399,0.0,92.059969527888
preflid,1,644,4.750691780275399,0.0,92.059969527888
preflid,1,672,4.750691780275399,0.0,92.059969527888
preflid,1,700,4.750691780275399,0.0,92.059969527888
preflid,1,728,4.750691780275399,0.0,92.059969527888
preflid,1,756,4.750691780275399,0.0,92.059969527888
preflid,1,784,4.750691780275399,0.0,92.059969527888
preflid,1,812,4.750691780275399,0.0,92.059969527888
preflid,1,840,4.657398581269657,0.058949918359876285,92.88526838492626
preflid,1,868,4.657398581269657,0.058949918359876285,94.5358660990028
preflid,1,896,4.698360778381544,0.017987721247989086,95.61299305351292
preflid,1,924,4.582776157407632,0.1335723422219015,97.7348339420914
preflid,1,952,4.582776157407632,0.1335723422219015,101.47485952430463
preflid,1,980,4.582776157407632,0.1335723422219015,105.21488510651787
preflid,1,1008,4.600258753424197,0.1160897462053363,108.7101543444992
preflid,1,1036,4.582776157407632,0.1335723422219015,112.20542358248053
preflid,1,1064,4.684393367456445,0.03195513217308843,114.52280822401039
preflid,1,1092,4.684393367456445,0.03195513217308843,115.41755192485687
preflid,1,1120,4.684393367456445,0.03195513217308843,116.31229562570334
preflid,1,1148,4.684393367456445,0.03195513217308843,117.20703932654982
preflid,1,1176,4.684393367456445,0.03195513217308843,118.1017830273963
preflid,1,1204,4.684393367456445,0.03195513217308843,118.99652672824277
preflid,1,1232,4.753402979649066,0.0,119.44389857866601
preflid,1,1260,4.753402979649066,0.0,119.44389857866601
preflid,1,1288,4.839398493909899,0.0,119.44389857866601
preflid,1,1316,4.839398493909899,0.0,119.44389857866601
preflid,1,1344,4.839398493909899,0.0,119.44389857866601
preflid,1,1372,4.839398493909899,0.0,119.44389857866601
preflid,1,1400,4.839398493909899,0.0,119.44389857866601
preflid,1,1428,4.839398493909899,0.0,119.44389857866601
preflid,1,1456,4.839398493909899,0.0,119.44389857866601
preflid,1,1484,4.839398493909899,0.0,119.44389857866601
preflid,1,1512,4.839398493909899,0.0,119.44389857866601
preflid,1,1540,4.839398493909899,0.0,119.44389857866601
preflid,1,1568,4.839398493909899,0.0,119.44389857866601
preflid,1,1596,4.839398493909899,0.0,119.44389857866601
preflid,1,1624,4.839398493909899,0.0,119.44389857866601
preflid,1,1652,4.839398493909899,0.0,119.44389857866601
preflid,1,1680,4.839398493909899,0.0,119.44389857866601
preflid,1,1708,4.839398493909899,0.0,119.44389857866601
preflid,1,1736,4.678623449324768,0.037725050304765695,119.97204928293273
preflid,1,1764,4.678623449324768,0.037725050304765695,121.02835069146617
preflid,1,1792,4.678623449324768,0.037725050304765695,122.08465209999962
preflid,1,1820,4.678623449324768,0.037725050304765695,123.14095350853306
preflid,1,1848,4.678623449324768,0.037725050304765695,124.1972549170665
preflid,1,1876,4.678623449324768,0.037725050304765695,125.25355632559994
preflid,1,1904,4.7505476544289795,0.0,125.78170702986667
preflid,1,1932,4.7505476544289795,0.0,125.78170702986667
preflid,1,1960,4.7505476544289795,0.0,125.78170702986667
preflid,1,1988,4.678623449324768,0.037725050304765695,126.30985773413339
preflid,1,2016,4.7505476544289795,0.0,126.83800843840011
preflid,1,2044,4.7505476544289795,0.0,126.83800843840011
preflid,1,2072,4.7505476544289795,0.0,126.83800843840011
preflid,1,2100,5.021483581196204,0.0,126.83800843840011
preflid,1,2128,5.021483581196204,0.0,126.83800843840011
preflid,1,2156,4.839398493909899,0.0,126.83800843840011
preflid,1,2184,4.839398493909899,0.0,126.83800843840011
preflid,1,2212,5.021483581196204,0.0,126.83800843840011
preflid,1,2240,4.839398493909899,0.0,126.83800843840011
preflid,1,2268,4.839398493909899,0.0,126.83800843840011
preflid,1,2296,4.839398493909899,0.0,126.83800843840011
preflid,1,2324,4.876543822187998,0.0,126.83800843840011
preflid,1,2352,4.876543822187998,0.0,126.83800843840011
preflid,1,2380,4.876543822187998,0.0,126.83800843840011
preflid,1,2408,4.876543822187998,0.0,126.83800843840011
preflid,1,2436,4.876543822187998,0.0,126.83800843840011
preflid,1,2464,4.876543822187998,0.0,126.83800843840011
preflid,1,2492,4.876543822187998,0.0,126.83800843840011
preflid,1,2520,4.876543822187998,0.0,126.83800843840011
preflid,1,2548,4.880779046790726,0.0,126.83800843840011
preflid,1,2576,4.880779046790726,0.0,126.83800843840011
preflid,1,2604,4.880779046790726,0.0,126.83800843840011
preflid,1,2632,4.880779046790726,0.0,126.83800843840011
preflid,1,2660,4.880779046790726,0.0,126.83800843840011
preflid,1,2688,4.880779046790726,0.0,126.83800843840011
preflid,1,2716,4.880779046790726,0.0,126.83800843840011
preflid,1,2744,4.880779046790726,0.0,126.83800843840011
preflid,1,2772,4.678623449324768,0.037725050304765695,127.36615914266683
preflid,1,2800,4.678623449324768,0.037725050304765695,128.42246055120026
preflid,1,2828,4.678623449324768,0.037725050304765695,129.4787619597337
preflid,1,2856,4.678623449324768,0.037725050304765695,130.53506336826715
preflid,1,2884,4.880779046790726,0.0,131.06321407253387
preflid,1,2912,4.880779046790726,0.0,131.06321407253387
preflid,1,2940,4.880779046790726,0.0,131.06321407253387
preflid,1,2968,4.880779046790726,0.0,131.06321407253387
preflid,1,2996,4.880779046790726,0.0,131.06321407253387
preflid,1,3024,4.880779046790726,0.0,131.06321407253387
preflid,1,3052,4.880779046790726,0.0,131.06321407253387
preflid,1,3080,4.880779046790726,0.0,131.06321407253387
preflid,1,3108,4.880779046790726,0.0,131.06321407253387
preflid,1,3136,4.880779046790726,0.0,131.06321407253387
preflid,1,3164,4.880779046790726,0.0,131.06321407253387
preflid,1,3192,4.880779046790726,0.0,131.06321407253387
preflid,1,3220,4.880779046790726,0.0,131.06321407253387
preflid,1,3248,4.880779046790726,0.0,131.06321407253387
preflid,1,3276,4.880779046790726,0.0,131.06321407253387
preflid,1,3304,4.880779046790726,0.0,131.06321407253387
preflid,1,3332,4.880779046790726,0.0,131.06321407253387
preflid,1,3360,4.880779046790726,0.0,131.06321407253387
preflid,1,3388,4.880779046790726,0.0,131.06321407253387
preflid,1,3416,4.880779046790726,0.0,131.06321407253387
preflid,1,3444,4.880779046790726,0.0,131.06321407253387
preflid,1,3472,4.880779046790726,0.0,131.06321407253387
preflid,1,3500,4.880779046790726,0.0,131.06321407253387
preflid,1,3528,4.880779046790726,0.0,131.06321407253387
preflid,1,3556,4.880779046790726,0.0,131.06321407253387
preflid,1,3584,4.880779046790726,0.0,131.06321407253387
preflid,1,3612,4.880779046790726,0.0,131.06321407253387
preflid,1,3640,4.880779046790726,0.0,131.06321407253387
preflid,1,3668,4.880779046790726,0.0,131.06321407253387
preflid,1,3696,4.880779046790726,0.0,131.06321407253387
preflid,1,3724,4.880779046790726,0.0,131.06321407253387
preflid,1,3752,4.880779046790726,0.0,131.06321407253387
preflid,1,3780,4.880779046790726,0.0,131.06321407253387
preflid,1,3808,4.880779046790726,0.0,131.06321407253387
preflid,1,3836,4.880779046790726,0.0,131.06321407253387
preflid,1,3864,4.880779046790726,0.0,131.06321407253387
preflid,1,3892,4.771694066408764,0.0,131.06321407253387
preflid,1,3920,4.771694066408764,0.0,131.06321407253387
preflid,1,3948,4.771694066408764,0.0,131.06321407253387
preflid,1,3976,4.771694066408764,0.0,131.06321407253387
preflid,1,4004,4.771694066408764,0.0,131.06321407253387
preflid,1,4032,4.771694066408764,0.0,131.06321407253387
preflid,1,4060,4.771694066408764,0.0,131.06321407253387
preflid,1,4088,4.771694066408764,0.0,131.06321407253387
preflid,1,4116,4.771694066408764,0.0,131.06321407253387
preflid,1,4144,4.771694066408764,0.0,131.06321407253387
preflid,1,4172,4.771694066408764,0.0,131.06321407253387
preflid,1,4200,4.771694066408764,0.0,131.06321407253387
preflid,1,4228,4.880779046790726,0.0,131.06321407253387
preflid,1,4256,4.880779046790726,0.0,131.06321407253387
preflid,1,4284,4.771694066408764,0.0,131.06321407253387
preflid,1,4312,4.771694066408764,0.0,131.06321407253387
preflid,1,4340,4.771694066408764,0.0,131.06321407253387
preflid,1,4368,4.771694066408764,0.0,131.06321407253387
preflid,1,4396,4.771694066408764,0.0,131.06321407253387
preflid,1,4424,4.771694066408764,0.0,131.06321407253387
preflid,1,4452,4.771694066408764,0.0,131.06321407253387
preflid,1,4480,4.771694066408764,0.0,131.06321407253387
preflid,1,4508,4.771694066408764,0.0,131.06321407253387
preflid,1,4536,4.771694066408764,0.0,131.06321407253387
preflid,1,4564,4.771694066408764,0.0,131.06321407253387
preflid,1,4592,4.771694066408764,0.0,131.06321407253387
preflid,1,4620,4.771694066408764,0.0,131.06321407253387
preflid,1,4648,4.771694066408764,0.0,131.06321407253387
preflid,1,4676,4.771694066408764,0.0,131.06321407253387
preflid,1,4704,4.771694066408764,0.0,131.06321407253387
preflid,1,4732,4.771694066408764,0.0,131.06321407253387
preflid,1,4760,4.7505476544289795,0.0,131.06321407253387
preflid,1,4788,4.880779046790726,0.0,131.06321407253387
preflid,1,4816,4.771694066408764,0.0,131.06321407253387
preflid,1,4844,4.771694066408764,0.0,131.06321407253387
preflid,1,4872,4.771694066408764,0.0,131.06321407253387
preflid,1,4900,4.640424519857799,0.07592397977173437,132.12614978933814
preflid,1,4928,4.880779046790726,0.0,133.18908550614242
preflid,1,4956,4.880779046790726,0.0,133.18908550614242
preflid,1,4984,4.880779046790726,0.0,133.18908550614242
preflid,1,5012,4.880779046790726,0.0,133.18908550614242
preflid,1,5040,4.640424519857799,0.07592397977173437,134.2520212229467
preflid,1,5068,4.640424519857799,0.07592397977173437,136.37789265655525
preflid,1,5096,4.880779046790726,0.0,137.44082837335952
preflid,1,5124,4.880779046790726,0.0,137.44082837335952
preflid,1,5152,4.880779046790726,0.0,137.44082837335952
preflid,1,5180,4.880779046790726,0.0,137.44082837335952
preflid,1,5208,4.880779046790726,0.0,137.44082837335952
preflid,1,5236,4.880779046790726,0.0,137.44082837335952
preflid,1,5264,4.754211470392199,0.0,137.44082837335952
preflid,1,5292,4.754211470392199,0.0,137.44082837335952
preflid,1,5320,4.754211470392199,0.0,137.44082837335952
preflid,1,5348,4.716348499629533,0.0,137.44082837335952
preflid,1,5376,4.716348499629533,0.0,137.44082837335952
preflid,1,5404,4.716348499629533,0.0,137.44082837335952
preflid,1,5432,4.716348499629533,0.0,137.44082837335952
preflid,1,5460,4.716348499629533,0.0,137.44082837335952
preflid,1,5488,4.716348499629533,0.0,137.44082837335952
preflid,1,5516,4.716348499629533,0.0,137.44082837335952
preflid,1,5544,4.716348499629533,0.0,137.44082837335952
preflid,1,5572,4.716348499629533,0.0,137.44082837335952
preflid,1,5600,4.716348499629533,0.0,137.44082837335952
preflid,2,28,4.597810138302909,0.11853836132662465,3.3190741171454903
preflid,2,56,4.446333391776328,0.27001510785320537,8.75882268566311
preflid,2,84,4.446333391776328,0.27001510785320537,16.31924570555286
preflid,2,112,4.534729516191949,0.1816189834375841,22.642122983623914
preflid,2,140,4.929905506536728,0.0,25.18478875175009
preflid,2,168,4.534729516191949,0.1816189834375841,27.727454519876268
preflid,2,196,4.534729516191949,0.1816189834375841,32.81278605612862
preflid,2,224,4.534729516191949,0.1816189834375841,37.89811759238098
preflid,2,252,4.534729516191949,0.1816189834375841,42.98344912863333
preflid,2,280,4.804650710677306,0.0,45.52611489675951
preflid,2,308,4.804650710677306,0.0,45.52611489675951
preflid,2,336,4.732726505573094,0.0,45.52611489675951
preflid,2,364,4.732726505573094,0.0,45.52611489675951
preflid,2,392,4.732726505573094,0.0,45.52611489675951
preflid,2,420,4.732726505573094,0.0,45.52611489675951
preflid,2,448,4.494014419901055,0.22233407972847807,48.638792012958206
preflid,2,476,4.574606359570009,0.14174214005952468,53.73585908999024
preflid,2,504,4.494014419901055,0.22233407972847807,58.83292616702228
preflid,2,532,4.494014419901055,0.22233407972847807,65.05828039941966
preflid,2,560,4.494014419901055,0.22233407972847807,71.28363463181705
preflid,2,588,4.494014419901055,0.22233407972847807,77.50898886421444
preflid,2,616,4.771694066408764,0.0,80.62166598041314
preflid,2,644,4.699769861304551,0.016578638324982187,80.8537669169629
preflid,2,672,4.699769861304551,0.016578638324982187,81.3179687900624
preflid,2,700,4.699769861304551,0.016578638324982187,81.78217066316189
preflid,2,728,4.771694066408764,0.0,82.01427159971165
preflid,2,756,4.678623449324768,0.037725050304765695,82.54242230397837
preflid,2,784,4.678623449324768,0.037725050304765695,83.59872371251181
preflid,2,812,4.678623449324768,0.037725050304765695,84.65502512104526
preflid,2,840,4.7953236098912155,0.0,85.18317582531198
preflid,2,868,4.723399404787003,0.0,85.18317582531198
preflid,2,896,4.723399404787003,0.0,85.18317582531198
preflid,2,924,4.7953236098912155,0.0,85.18317582531198
preflid,2,952,4.723399404787003,0.0,85.18317582531198
preflid,2,980,4.723399404787003,0.0,85.18317582531198
preflid,2,1008,4.723399404787003,0.0,85.18317582531198
preflid,2,1036,4.723399404787003,0.0,85.18317582531198
preflid,2,1064,4.723399404787003,0.0,85.18317582531198
preflid,2,1092,4.7501715291459226,0.0,85.18317582531198
preflid,2,1120,4.7501715291459226,0.0,85.18317582531198
preflid,2,1148,4.7501715291459226,0.0,85.18317582531198
preflid,2,1176,4.7501715291459226,0.0,85.18317582531198
preflid,2,1204,4.7501715291459226,0.0,85.18317582531198
preflid,2,1232,4.7501715291459226,0.0,85.18317582531198
preflid,2,1260,4.7501715291459226,0.0,85.18317582531198
preflid,2,1288,4.7501715291459226,0.0,85.18317582531198
preflid,2,1316,4.7501715291459226,0.0,85.18317582531198
preflid,2,1344,4.7501715291459226,0.0,85.18317582531198
preflid,2,1372,4.7501715291459226,0.0,85.18317582531198
preflid,2,1400,4.702804719607092,0.01354378002244161,85.37278874562617
preflid,2,1428,4.612573980743533,0.10377451888600042,87.01524493034435
preflid,2,1456,4.7501715291459226,0.0,88.46808819474836
preflid,2,1484,4.7501715291459226,0.0,88.46808819474836
preflid,2,1512,4.600595448835611,0.11575305079392262,90.08863090586328
preflid,2,1540,4.600595448835611,0.11575305079392262,93.32971632809311
preflid,2,1568,4.600595448835611,0.11575305079392262,96.57080175032294
preflid,2,1596,4.600595448835611,0.11575305079392262,99.81188717255277
preflid,2,1624,4.600595448835611,0.11575305079392262,103.0529725947826
preflid,2,1652,4.600595448835611,0.11575305079392262,106.29405801701243
preflid,2,1680,4.600595448835611,0.11575305079392262,109.53514343924226
preflid,2,1708,4.600595448835611,0.11575305079392262,112.77622886147209
preflid,2,1736,4.600595448835611,0.11575305079392262,116.01731428370192
preflid,2,1764,4.600595448835611,0.11575305079392262,119.25839970593175
preflid,2,1792,4.600595448835611,0.11575305079392262,122.49948512816158
preflid,2,1820,4.600595448835611,0.11575305079392262,125.74057055039141
preflid,2,1848,4.600595448835611,0.11575305079392262,128.98165597262124
preflid,2,1876,4.600595448835611,0.11575305079392262,132.22274139485108
preflid,2,1904,4.600595448835611,0.11575305079392262,135.46382681708093
preflid,2,1932,4.739978043111983,0.0,137.08436952819585
preflid,2,1960,4.739978043111983,0.0,137.08436952819585
preflid,2,1988,4.739978043111983,0.0,137.08436952819585
preflid,2,2016,4.739978043111983,0.0,137.08436952819585
preflid,2,2044,4.739978043111983,0.0,137.08436952819585
preflid,2,2072,4.739978043111983,0.0,137.08436952819585
preflid,2,2100,4.739978043111983,0.0,137.08436952819585
preflid,2,2128,4.739978043111983,0.0,137.08436952819585
preflid,2,2156,4.739978043111983,0.0,137.08436952819585
preflid,2,2184,4.739978043111983,0.0,137.08436952819585
preflid,2,2212,4.739978043111983,0.0,137.08436952819585
preflid,2,2240,4.739978043111983,0.0,137.08436952819585
preflid,2,2268,4.739978043111983,0.0,137.08436952819585
preflid,2,2296,4.739978043111983,0.0,137.08436952819585
preflid,2,2324,4.739978043111983,0.0,137.08436952819585
preflid,2,2352,4.739978043111983,0.0,137.08436952819585
preflid,2,2380,4.739978043111983,0.0,137.08436952819585
preflid,2,2408,4.66405406334025,0.05229443628928365,137.81649163624581
preflid,2,2436,4.77784101387465,0.0,138.54861374429578
preflid,2,2464,4.77784101387465,0.0,138.54861374429578
preflid,2,2492,4.77784101387465,0.0,138.54861374429578
preflid,2,2520,4.77784101387465,0.0,138.54861374429578
preflid,2,2548,4.739978043111983,0.0,138.54861374429578
preflid,2,2576,4.77784101387465,0.0,138.54861374429578
preflid,2,2604,4.77784101387465,0.0,138.54861374429578
preflid,2,2632,4.77784101387465,0.0,138.54861374429578
preflid,2,2660,4.77784101387465,0.0,138.54861374429578
preflid,2,2688,4.77784101387465,0.0,138.54861374429578
preflid,2,2716,4.77784101387465,0.0,138.54861374429578
preflid,2,2744,4.77784101387465,0.0,138.54861374429578
preflid,2,2772,4.77784101387465,0.0,138.54861374429578
preflid,2,2800,4.675701237295049,0.04064726233448468,139.11767541697856
preflid,2,2828,4.675701237295049,0.04064726233448468,140.2557987623441
preflid,2,2856,4.77784101387465,0.0,140.8248604350269
preflid,2,2884,4.77784101387465,0.0,140.8248604350269
preflid,2,2912,4.77784101387465,0.0,140.8248604350269
preflid,2,2940,4.77784101387465,0.0,140.8248604350269
preflid,2,2968,4.77784101387465,0.0,140.8248604350269
preflid,2,2996,4.746171754478401,0.0,140.8248604350269
preflid,2,3024,4.746171754478401,0.0,140.8248604350269
preflid,2,3052,4.746171754478401,0.0,140.8248604350269
preflid,2,3080,4.733065058412415,0.0,140.8248604350269
preflid,2,3108,4.733065058412415,0.0,140.8248604350269
preflid,2,3136,4.733065058412415,0.0,140.8248604350269
preflid,2,3164,4.630925281832814,0.08542321779671891,142.02078548418095
preflid,2,3192,4.630925281832814,0.08542321779671891,144.4126355824891
preflid,2,3220,4.630925281832814,0.08542321779671891,146.80448568079723
preflid,2,3248,4.630925281832814,0.08542321779671891,149.19633577910537
preflid,2,3276,4.733065058412415,0.0,150.39226082825942
preflid,2,3304,4.733065058412415,0.0,150.39226082825942
preflid,2,3332,4.733065058412415,0.0,150.39226082825942
preflid,2,3360,4.733065058412415,0.0,150.39226082825942
preflid,2,3388,4.630925281832814,0.08542321779671891,151.58818587741348
preflid,2,3416,4.733065058412415,0.0,152.78411092656754
preflid,2,3444,4.733065058412415,0.0,152.78411092656754
preflid,2,3472,4.733065058412415,0.0,152.78411092656754
preflid,2,3500,4.733065058412415,0.0,152.78411092656754
preflid,2,3528,4.733065058412415,0.0,152.78411092656754
preflid,2,3556,4.630925281832814,0.08542321779671891,153.9800359757216
preflid,2,3584,4.630925281832814,0.08542321779671891,156.37188607402973
preflid,2,3612,4.695202087649749,0.021146411979784396,157.86386089090078
preflid,2,3640,4.630925281832814,0.08542321779671891,159.35583570777183
preflid,2,3668,4.695202087649749,0.021146411979784396,160.84781052464288
preflid,2,3696,4.695202087649749,0.021146411979784396,161.43991006007684
preflid,2,3724,4.695202087649749,0.021146411979784396,162.0320095955108
preflid,2,3752,4.695202087649749,0.021146411979784396,162.62410913094476
preflid,2,3780,4.695202087649749,0.021146411979784396,163.21620866637872
preflid,2,3808,4.695202087649749,0.021146411979784396,163.80830820181268
preflid,2,3836,4.695202087649749,0.021146411979784396,164.40040773724664
preflid,2,3864,4.695202087649749,0.021146411979784396,164.9925072726806
preflid,2,3892,4.695202087649749,0.021146411979784396,165.58460680811456
preflid,2,3920,4.695202087649749,0.021146411979784396,166.17670634354852
preflid,2,3948,4.695202087649749,0.021146411979784396,166.76880587898248
preflid,2,3976,4.695202087649749,0.021146411979784396,167.36090541441644
preflid,2,4004,4.695202087649749,0.021146411979784396,167.9530049498504
preflid,2,4032,4.695202087649749,0.021146411979784396,168.54510448528436
preflid,2,4060,4.695202087649749,0.021146411979784396,169.13720402071831
preflid,2,4088,4.695202087649749,0.021146411979784396,169.72930355615227
preflid,2,4116,4.695202087649749,0.021146411979784396,170.32140309158623
preflid,2,4144,4.695202087649749,0.021146411979784396,170.9135026270202
preflid,2,4172,4.695202087649749,0.021146411979784396,171.50560216245415
preflid,2,4200,4.695202087649749,0.021146411979784396,172.0977016978881
preflid,2,4228,4.695202087649749,0.021146411979784396,172.68980123332207
preflid,2,4256,4.695202087649749,0.021146411979784396,173.28190076875603
preflid,2,4284,4.695202087649749,0.021146411979784396,173.87400030419
preflid,2,4312,4.695202087649749,0.021146411979784396,174.46609983962395
preflid,2,4340,4.695202087649749,0.021146411979784396,175.0581993750579
preflid,2,4368,4.695202087649749,0.021146411979784396,175.65029891049187
preflid,2,4396,4.695202087649749,0.021146411979784396,176.24239844592583
preflid,2,4424,4.695202087649749,0.021146411979784396,176.8344979813598
preflid,2,4452,4.695202087649749,0.021146411979784396,177.42659751679375
preflid,2,4480,4.695202087649749,0.021146411979784396,178.0186970522277
preflid,2,4508,4.695202087649749,0.021146411979784396,178.61079658766167
preflid,2,4536,4.695202087649749,0.021146411979784396,179.20289612309563
preflid,2,4564,4.695202087649749,0.021146411979784396,179.7949956585296
preflid,2,4592,4.695202087649749,0.021146411979784396,180.38709519396355
preflid,2,4620,4.695202087649749,0.021146411979784396,180.9791947293975
preflid,2,4648,4.695202087649749,0.021146411979784396,181.57129426483147
preflid,2,4676,4.695202087649749,0.021146411979784396,182.16339380026542
preflid,2,4704,4.695202087649749,0.021146411979784396,182.75549333569938
preflid,2,4732,4.695202087649749,0.021146411979784396,183.34759287113334
preflid,2,4760,4.695202087649749,0.021146411979784396,183.9396924065673
preflid,2,4788,4.695202087649749,0.021146411979784396,184.53179194200126
preflid,2,4816,4.695202087649749,0.021146411979784396,185.12389147743522
preflid,2,4844,4.695202087649749,0.021146411979784396,185.71599101286918
preflid,2,4872,4.695202087649749,0.021146411979784396,186.30809054830314
preflid,2,4900,4.695202087649749,0.021146411979784396,186.9001900837371
preflid,2,4928,4.695202087649749,0.021146411979784396,187.49228961917106
preflid,2,4956,4.695202087649749,0.021146411979784396,188.08438915460502
preflid,2,4984,4.695202087649749,0.021146411979784396,188.67648869003898
preflid,2,5012,4.695202087649749,0.021146411979784396,189.26858822547294
preflid,2,5040,4.695202087649749,0.021146411979784396,189.8606877609069
preflid,2,5068,4.695202087649749,0.021146411979784396,190.45278729634086
preflid,2,5096,4.695202087649749,0.021146411979784396,191.04488683177482
preflid,2,5124,4.695202087649749,0.021146411979784396,191.63698636720878
preflid,2,5152,4.695202087649749,0.021146411979784396,192.22908590264274
preflid,2,5180,4.695202087649749,0.021146411979784396,192.8211854380767
preflid,2,5208,4.695202087649749,0.021146411979784396,193.41328497351066
preflid,2,5236,4.695202087649749,0.021146411979784396,194.00538450894462
preflid,2,5264,4.695202087649749,0.021146411979784396,194.59748404437858
preflid,2,5292,4.695202087649749,0.021146411979784396,195.18958357981253
preflid,2,5320,4.695202087649749,0.021146411979784396,195.7816831152465
preflid,2,5348,4.695202087649749,0.021146411979784396,196.37378265068045
preflid,2,5376,4.907415343215205,0.0,196.66983241839745
preflid,2,5404,4.907415343215205,0.0,196.66983241839745
preflid,2,5432,4.907415343215205,0.0,196.66983241839745
preflid,2,5460,4.907415343215205,0.0,196.66983241839745
preflid,2,5488,4.907415343215205,0.0,196.66983241839745
preflid,2,5516,4.907415343215205,0.0,196.66983241839745
preflid,2,5544,4.907415343215205,0.0,196.66983241839745
preflid,2,5572,4.907415343215205,0.0,196.66983241839745
preflid,2,5600,4.907415343215205,0.0,196.66983241839745
preflid,3,28,4.452205777410348,0.26414272221918544,7.395996222137192
preflid,3,56,4.452205777410348,0.26414272221918544,14.791992444274385
preflid,3,84,4.435490880098475,0.2808576195310586,22.4219972287778
preflid,3,112,4.567991906702582,0.1483565929269517,28.430996203189945
preflid,3,140,4.886811181981136,0.0,30.50798850416727
preflid,3,168,4.567991906702582,0.1483565929269517,32.584980805144596
preflid,3,196,4.367965369675567,0.3483831299539659,39.53933692547744
preflid,3,224,4.817030486935382,0.0,44.416700744832966
preflid,3,252,4.785322466874999,0.0,44.416700744832966
preflid,3,280,5.123305309692219,0.0,44.416700744832966
preflid,3,308,5.123305309692219,0.0,44.416700744832966
preflid,3,336,5.12730508435974,0.0,44.416700744832966
preflid,3,364,5.12730508435974,0.0,44.416700744832966
preflid,3,392,5.12730508435974,0.0,44.416700744832966
preflid,3,420,5.12730508435974,0.0,44.416700744832966
preflid,3,448,5.12730508435974,0.0,44.416700744832966
preflid,3,476,5.12730508435974,0.0,44.416700744832966
preflid,3,504,5.12730508435974,0.0,44.416700744832966
preflid,3,532,5.12730508435974,0.0,44.416700744832966
preflid,3,560,5.12730508435974,0.0,44.416700744832966
preflid,3,588,5.12730508435974,0.0,44.416700744832966
preflid,3,616,5.12730508435974,0.0,44.416700744832966
preflid,3,644,5.12730508435974,0.0,44.416700744832966
preflid,3,672,5.12730508435974,0.0,44.416700744832966
preflid,3,700,4.782956648507299,0.0,44.416700744832966
preflid,3,728,4.782956648507299,0.0,44.416700744832966
preflid,3,756,4.782956648507299,0.0,44.416700744832966
preflid,3,784,4.782956648507299,0.0,44.416700744832966
preflid,3,812,4.782956648507299,0.0,44.416700744832966
preflid,3,840,4.782956648507299,0.0,44.416700744832966
preflid,3,868,4.782956648507299,0.0,44.416700744832966
preflid,3,896,4.782956648507299,0.0,44.416700744832966
preflid,3,924,4.782956648507299,0.0,44.416700744832966
preflid,3,952,4.782956648507299,0.0,44.416700744832966
preflid,3,980,4.782956648507299,0.0,44.416700744832966
preflid,3,1008,4.782956648507299,0.0,44.416700744832966
preflid,3,1036,4.782956648507299,0.0,44.416700744832966
preflid,3,1064,4.782956648507299,0.0,44.416700744832966
preflid,3,1092,4.782956648507299,0.0,44.416700744832966
preflid,3,1120,4.778956873839778,0.0,44.416700744832966
preflid,3,1148,4.782956648507299,0.0,44.416700744832966
preflid,3,1176,4.782956648507299,0.0,44.416700744832966
preflid,3,1204,4.782956648507299,0.0,44.416700744832966
preflid,3,1232,4.782956648507299,0.0,44.416700744832966
preflid,3,1260,4.782956648507299,0.0,44.416700744832966
preflid,3,1288,4.782956648507299,0.0,44.416700744832966
preflid,3,1316,4.782956648507299,0.0,44.416700744832966
preflid,3,1344,4.782956648507299,0.0,44.416700744832966
preflid,3,1372,4.782956648507299,0.0,44.416700744832966
preflid,3,1400,4.782956648507299,0.0,44.416700744832966
preflid,3,1428,4.782956648507299,0.0,44.416700744832966
preflid,3,1456,4.782956648507299,0.0,44.416700744832966
preflid,3,1484,4.782956648507299,0.0,44.416700744832966
preflid,3,1512,4.782956648507299,0.0,44.416700744832966
preflid,3,1540,4.782956648507299,0.0,44.416700744832966
preflid,3,1568,4.782956648507299,0.0,44.416700744832966
preflid,3,1596,4.782956648507299,0.0,44.416700744832966
preflid,3,1624,4.782956648507299,0.0,44.416700744832966
preflid,3,1652,4.782956648507299,0.0,44.416700744832966
preflid,3,1680,4.778728699378826,0.0,44.416700744832966
preflid,3,1708,4.778728699378826,0.0,44.416700744832966
preflid,3,1736,4.778728699378826,0.0,44.416700744832966
preflid,3,1764,4.778728699378826,0.0,44.416700744832966
preflid,3,1792,4.778728699378826,0.0,44.416700744832966
preflid,3,1820,4.778728699378826,0.0,44.416700744832966
preflid,3,1848,4.778728699378826,0.0,44.416700744832966
preflid,3,1876,4.778728699378826,0.0,44.416700744832966
preflid,3,1904,4.778728699378826,0.0,44.416700744832966
preflid,3,1932,4.778728699378826,0.0,44.416700744832966
preflid,3,1960,4.778728699378826,0.0,44.416700744832966
preflid,3,1988,4.778728699378826,0.0,44.416700744832966
preflid,3,2016,4.778728699378826,0.0,44.416700744832966
preflid,3,2044,4.778728699378826,0.0,44.416700744832966
preflid,3,2072,4.778728699378826,0.0,44.416700744832966
preflid,3,2100,4.778728699378826,0.0,44.416700744832966
preflid,3,2128,4.778728699378826,0.0,44.416700744832966
preflid,3,2156,4.778728699378826,0.0,44.416700744832966
preflid,3,2184,4.778728699378826,0.0,44.416700744832966
preflid,3,2212,4.778728699378826,0.0,44.416700744832966
preflid,3,2240,4.778728699378826,0.0,44.416700744832966
preflid,3,2268,4.778728699378826,0.0,44.416700744832966
preflid,3,2296,4.778728699378826,0.0,44.416700744832966
preflid,3,2324,4.778728699378826,0.0,44.416700744832966
preflid,3,2352,4.778728699378826,0.0,44.416700744832966
preflid,3,2380,4.778728699378826,0.0,44.416700744832966
preflid,3,2408,4.778728699378826,0.0,44.416700744832966
preflid,3,2436,4.778728699378826,0.0,44.416700744832966
preflid,3,2464,4.778728699378826,0.0,44.416700744832966
preflid,3,2492,4.778728699378826,0.0,44.416700744832966
preflid,3,2520,4.778728699378826,0.0,44.416700744832966
preflid,3,2548,4.778728699378826,0.0,44.416700744832966
preflid,3,2576,4.778728699378826,0.0,44.416700744832966
preflid,3,2604,4.778728699378826,0.0,44.416700744832966
preflid,3,2632,4.778728699378826,0.0,44.416700744832966
preflid,3,2660,4.778728699378826,0.0,44.416700744832966
preflid,3,2688,4.778728699378826,0.0,44.416700744832966
preflid,3,2716,4.778728699378826,0.0,44.416700744832966
preflid,3,2744,4.778728699378826,0.0,44.416700744832966
preflid,3,2772,4.778728699378826,0.0,44.416700744832966
preflid,3,2800,4.778728699378826,0.0,44.416700744832966
preflid,3,2828,4.778728699378826,0.0,44.416700744832966
preflid,3,2856,4.778728699378826,0.0,44.416700744832966
preflid,3,2884,4.778728699378826,0.0,44.416700744832966
preflid,3,2912,4.778728699378826,0.0,44.416700744832966
preflid,3,2940,4.778728699378826,0.0,44.416700744832966
preflid,3,2968,4.924859863693644,0.0,44.416700744832966
preflid,3,2996,4.924859863693644,0.0,44.416700744832966
preflid,3,3024,4.924859863693644,0.0,44.416700744832966
preflid,3,3052,4.924859863693644,0.0,44.416700744832966
preflid,3,3080,4.924859863693644,0.0,44.416700744832966
preflid,3,3108,4.924859863693644,0.0,44.416700744832966
preflid,3,3136,4.924859863693644,0.0,44.416700744832966
preflid,3,3164,4.7299976448333325,0.0,44.416700744832966
preflid,3,3192,4.7299976448333325,0.0,44.416700744832966
preflid,3,3220,4.7299976448333325,0.0,44.416700744832966
preflid,3,3248,4.7299976448333325,0.0,44.416700744832966
preflid,3,3276,4.7299976448333325,0.0,44.416700744832966
preflid,3,3304,4.7299976448333325,0.0,44.416700744832966
preflid,3,3332,4.7299976448333325,0.0,44.416700744832966
preflid,3,3360,4.7299976448333325,0.0,44.416700744832966
preflid,3,3388,4.7299976448333325,0.0,44.416700744832966
preflid,3,3416,4.7299976448333325,0.0,44.416700744832966
preflid,3,3444,4.7299976448333325,0.0,44.416700744832966
preflid,3,3472,4.7299976448333325,0.0,44.416700744832966
preflid,3,3500,4.7299976448333325,0.0,44.416700744832966
preflid,3,3528,4.7299976448333325,0.0,44.416700744832966
preflid,3,3556,4.7299976448333325,0.0,44.416700744832966
preflid,3,3584,4.7299976448333325,0.0,44.416700744832966
preflid,3,3612,4.7299976448333325,0.0,44.416700744832966
preflid,3,3640,4.7299976448333325,0.0,44.416700744832966
preflid,3,3668,4.7299976448333325,0.0,44.416700744832966
preflid,3,3696,4.7299976448333325,0.0,44.416700744832966
preflid,3,3724,4.7299976448333325,0.0,44.416700744832966
preflid,3,3752,4.7299976448333325,0.0,44.416700744832966
preflid,3,3780,4.7299976448333325,0.0,44.416700744832966
preflid,3,3808,4.7299976448333325,0.0,44.416700744832966
preflid,3,3836,4.7299976448333325,0.0,44.416700744832966
preflid,3,3864,4.7299976448333325,0.0,44.416700744832966
preflid,3,3892,4.7299976448333325,0.0,44.416700744832966
preflid,3,3920,4.7299976448333325,0.0,44.416700744832966
preflid,3,3948,4.7299976448333325,0.0,44.416700744832966
preflid,3,3976,4.7299976448333325,0.0,44.416700744832966
preflid,3,4004,4.7299976448333325,0.0,44.416700744832966
preflid,3,4032,4.7299976448333325,0.0,44.416700744832966
preflid,3,4060,4.7299976448333325,0.0,44.416700744832966
preflid,3,4088,4.7299976448333325,0.0,44.416700744832966
preflid,3,4116,4.7299976448333325,0.0,44.416700744832966
preflid,3,4144,4.7299976448333325,0.0,44.416700744832966
preflid,3,4172,4.7299976448333325,0.0,44.416700744832966
preflid,3,4200,4.7299976448333325,0.0,44.416700744832966
preflid,3,4228,4.7299976448333325,0.0,44.416700744832966
preflid,3,4256,4.7299976448333325,0.0,44.416700744832966
preflid,3,4284,4.7299976448333325,0.0,44.416700744832966
preflid,3,4312,4.7299976448333325,0.0,44.416700744832966
preflid,3,4340,4.7299976448333325,0.0,44.416700744832966
preflid,3,4368,4.7299976448333325,0.0,44.416700744832966
preflid,3,4396,4.7299976448333325,0.0,44.416700744832966
preflid,3,4424,4.7299976448333325,0.0,44.416700744832966
preflid,3,4452,4.7299976448333325,0.0,44.416700744832966
preflid,3,4480,4.7299976448333325,0.0,44.416700744832966
preflid,3,4508,4.7299976448333325,0.0,44.416700744832966
preflid,3,4536,4.7299976448333325,0.0,44.416700744832966
preflid,3,4564,4.7299976448333325,0.0,44.416700744832966
preflid,3,4592,4.7299976448333325,0.0,44.416700744832966
preflid,3,4620,4.7299976448333325,0.0,44.416700744832966
preflid,3,4648,4.7299976448333325,0.0,44.416700744832966
preflid,3,4676,4.7299976448333325,0.0,44.416700744832966
preflid,3,4704,4.7299976448333325,0.0,44.416700744832966
preflid,3,4732,4.7299976448333325,0.0,44.416700744832966
preflid,3,4760,4.7299976448333325,0.0,44.416700744832966
preflid,3,4788,4.7299976448333325,0.0,44.416700744832966
preflid,3,4816,4.7299976448333325,0.0,44.416700744832966
preflid,3,4844,4.7299976448333325,0.0,44.416700744832966
preflid,3,4872,4.7299976448333325,0.0,44.416700744832966
preflid,3,4900,4.7299976448333325,0.0,44.416700744832966
preflid,3,4928,4.7299976448333325,0.0,44.416700744832966
preflid,3,4956,4.7299976448333325,0.0,44.416700744832966
preflid,3,4984,4.7299976448333325,0.0,44.416700744832966
preflid,3,5012,4.998673983399952,0.0,44.416700744832966
preflid,3,5040,4.998673983399952,0.0,44.416700744832966
preflid,3,5068,4.998673983399952,0.0,44.416700744832966
preflid,3,5096,4.998673983399952,0.0,44.416700744832966
preflid,3,5124,4.998673983399952,0.0,44.416700744832966
preflid,3,5152,4.998673983399952,0.0,44.416700744832966
preflid,3,5180,4.998673983399952,0.0,44.416700744832966
preflid,3,5208,4.7299976448333325,0.0,44.416700744832966
preflid,3,5236,4.998673983399952,0.0,44.416700744832966
preflid,3,5264,4.998673983399952,0.0,44.416700744832966
preflid,3,5292,4.998673983399952,0.0,44.416700744832966
preflid,3,5320,4.998673983399952,0.0,44.416700744832966
preflid,3,5348,4.998673983399952,0.0,44.416700744832966
preflid,3,5376,4.7299976448333325,0.0,44.416700744832966
preflid,3,5404,4.7299976448333325,0.0,44.416700744832966
preflid,3,5432,4.998673983399952,0.0,44.416700744832966
preflid,3,5460,4.998673983399952,0.0,44.416700744832966
preflid,3,5488,4.998673983399952,0.0,44.416700744832966
preflid,3,5516,4.998673983399952,0.0,44.416700744832966
preflid,3,5544,4.998673983399952,0.0,44.416700744832966
preflid,3,5572,4.998673983399952,0.0,44.416700744832966
preflid,3,5600,4.7299976448333325,0.0,44.416700744832966
preflid,4,28,4.577870179674068,0.1384783199554649,3.877392958753017
preflid,4,56,4.701374103233988,0.01497439639554532,6.02573098766716
preflid,4,84,4.479845762569692,0.23650273705984137,9.546410856042574
preflid,4,112,4.666223866188245,0.05012463344128815,13.559194043058387
preflid,4,140,4.666223866188245,0.05012463344128815,14.962683779414455
preflid,4,168,4.911455591053982,0.0,15.664428647592489
preflid,4,196,4.988862859468018,0.0,15.664428647592489
preflid,4,224,4.911455591053982,0.0,15.664428647592489
preflid,4,252,4.888480471881078,0.0,15.664428647592489
preflid,4,280,4.888480471881078,0.0,15.664428647592489
preflid,4,308,4.590299055303175,0.126049444326358,17.4291208681615
preflid,4,336,4.624128759056136,0.09221974057339732,20.484889456758076
preflid,4,364,4.648447131218259,0.06790136841127392,22.72658498254347
preflid,4,392,4.614617427465299,0.1017310721642346,25.10143915060059
preflid,4,420,4.614617427465299,0.1017310721642346,27.94990917119916
preflid,4,448,4.593119988688194,0.12322851094133913,31.099343334677194
preflid,4,476,4.593119988688194,0.12322851094133913,34.549741641034686
preflid,4,504,4.614617427465299,0.1017310721642346,37.69917580451272
preflid,4,532,4.593119988688194,0.12322851094133913,40.848609967990754
preflid,4,560,4.530482813433051,0.18586568619648247,45.17592872792026
preflid,4,588,4.683350727551754,0.03299777207777943,48.24001714375993
preflid,4,616,4.530482813433051,0.18586568619648247,51.30410555959959
preflid,4,644,4.530482813433051,0.18586568619648247,56.5083447731011
preflid,4,672,4.683350727551754,0.03299777207777943,59.572433188940764
preflid,4,700,4.636592161359735,0.07975633826979855,61.15099073380686
preflid,4,728,4.7039480628479495,0.012400436781583757,62.44118558452621
preflid,4,756,4.636592161359735,0.07975633826979855,63.73138043524556
preflid,4,784,4.636592161359735,0.07975633826979855,65.96455790679993
preflid,4,812,4.636592161359735,0.07975633826979855,68.19773537835428
preflid,4,840,4.636592161359735,0.07975633826979855,70.43091284990864
preflid,4,868,4.61910956534317,0.09723893428636288,72.9088466656949
preflid,4,896,4.61910956534317,0.09723893428636288,75.63153682571306
preflid,4,924,4.701918126417618,0.014430373211915537,77.19490713068896
preflid,4,952,4.701918126417618,0.014430373211915537,77.5989575806226
preflid,4,980,4.6844355304010525,0.03191296922848075,78.24776437478815
preflid,4,1008,4.6844355304010525,0.03191296922848075,79.14132751318562
preflid,4,1036,4.6844355304010525,0.03191296922848075,80.03489065158308
preflid,4,1064,4.6844355304010525,0.03191296922848075,80.92845378998055
preflid,4,1092,4.6844355304010525,0.03191296922848075,81.82201692837802
preflid,4,1120,4.6844355304010525,0.03191296922848075,82.71558006677549
preflid,4,1148,4.6844355304010525,0.03191296922848075,83.60914320517296
preflid,4,1176,4.671429471290727,0.04491902833880612,84.68479117111497
preflid,4,1204,4.671429471290727,0.04491902833880612,85.94252396460153
preflid,4,1232,4.671429471290727,0.04491902833880612,87.2002567580881
preflid,4,1260,4.507092227736148,0.20925627189338503,90.75871096133878
preflid,4,1288,4.671429471290727,0.04491902833880612,94.31716516458945
preflid,4,1316,4.671429471290727,0.04491902833880612,95.57489795807602
preflid,4,1344,4.73355078204647,0.0,96.20376435481931
preflid,4,1372,4.73355078204647,0.0,96.20376435481931
preflid,4,1400,4.73355078204647,0.0,96.20376435481931
preflid,4,1428,4.73355078204647,0.0,96.20376435481931
preflid,4,1456,4.73355078204647,0.0,96.20376435481931
preflid,4,1484,4.646572559638386,0.06977593999114706,97.18062751469537
preflid,4,1512,4.646572559638386,0.06977593999114706,99.1343538344475
preflid,4,1540,4.646572559638386,0.06977593999114706,101.08808015419962
preflid,4,1568,4.636592161359735,0.07975633826979855,103.18153204985285
preflid,4,1596,4.646572559638386,0.06977593999114706,105.27498394550608
preflid,4,1624,4.646572559638386,0.06977593999114706,107.2287102652582
preflid,4,1652,4.646572559638386,0.06977593999114706,109.18243658501032
preflid,4,1680,4.646572559638386,0.06977593999114706,111.13616290476244
preflid,4,1708,4.524098061513993,0.19225043811553988,114.80453219825606
preflid,4,1736,4.524098061513993,0.19225043811553988,120.18754446549117
preflid,4,1764,4.524098061513993,0.19225043811553988,125.57055673272629
preflid,4,1792,4.524098061513993,0.19225043811553988,130.95356899996142
preflid,4,1820,4.524098061513993,0.19225043811553988,136.33658126719655
preflid,4,1848,4.524098061513993,0.19225043811553988,141.71959353443168
preflid,4,1876,4.524098061513993,0.19225043811553988,147.1026058016668
preflid,4,1904,4.524098061513993,0.19225043811553988,152.48561806890194
preflid,4,1932,4.524098061513993,0.19225043811553988,157.86863033613707
preflid,4,1960,4.524098061513993,0.19225043811553988,163.2516426033722
preflid,4,1988,4.524098061513993,0.19225043811553988,168.63465487060733
preflid,4,2016,4.524098061513993,0.19225043811553988,174.01766713784247
preflid,4,2044,4.524098061513993,0.19225043811553988,179.4006794050776
preflid,4,2072,4.524098061513993,0.19225043811553988,184.78369167231273
preflid,4,2100,4.524098061513993,0.19225043811553988,190.16670393954786
preflid,4,2128,4.524098061513993,0.19225043811553988,195.549716206783
preflid,4,2156,4.524098061513993,0.19225043811553988,200.93272847401812
preflid,4,2184,4.688435305068574,0.027913194560959198,204.0150193314891
preflid,4,2212,4.688435305068574,0.027913194560959198,204.79658877919596
preflid,4,2240,4.688435305068574,0.027913194560959198,205.57815822690281
preflid,4,2268,4.688435305068574,0.027913194560959198,206.35972767460967
preflid,4,2296,4.688435305068574,0.027913194560959198,207.14129712231653
preflid,4,2324,4.688435305068574,0.027913194560959198,207.9228665700234
preflid,4,2352,4.688435305068574,0.027913194560959198,208.70443601773025
preflid,4,2380,4.688435305068574,0.027913194560959198,209.4860054654371
preflid,4,2408,4.688435305068574,0.027913194560959198,210.26757491314396
preflid,4,2436,4.688435305068574,0.027913194560959198,211.04914436085082
preflid,4,2464,4.688435305068574,0.027913194560959198,211.83071380855768
preflid,4,2492,4.688435305068574,0.027913194560959198,212.61228325626453
preflid,4,2520,4.688435305068574,0.027913194560959198,213.3938527039714
preflid,4,2548,4.688435305068574,0.027913194560959198,214.17542215167825
preflid,4,2576,4.688435305068574,0.027913194560959198,214.9569915993851
preflid,4,2604,4.688435305068574,0.027913194560959198,215.73856104709196
preflid,4,2632,4.688435305068574,0.027913194560959198,216.52013049479882
preflid,4,2660,4.688435305068574,0.027913194560959198,217.30169994250568
preflid,4,2688,4.646572559638386,0.06977593999114706,218.66934782623517
preflid,4,2716,4.646572559638386,0.06977593999114706,220.6230741459873
preflid,4,2744,4.646572559638386,0.06977593999114706,222.5768004657394
preflid,4,2772,4.646572559638386,0.06977593999114706,224.53052678549153
preflid,4,2800,4.646572559638386,0.06977593999114706,226.48425310524365
preflid,4,2828,4.646572559638386,0.06977593999114706,228.43797942499577
preflid,4,2856,4.646572559638386,0.06977593999114706,230.3917057447479
preflid,4,2884,4.646572559638386,0.06977593999114706,232.34543206450002
preflid,4,2912,4.646572559638386,0.06977593999114706,234.29915838425214
preflid,4,2940,4.646572559638386,0.06977593999114706,236.25288470400426
preflid,4,2968,4.646572559638386,0.06977593999114706,238.20661102375638
preflid,4,2996,4.646572559638386,0.06977593999114706,240.1603373435085
preflid,4,3024,4.646572559638386,0.06977593999114706,242.11406366326062
preflid,4,3052,4.646572559638386,0.06977593999114706,244.06778998301274
preflid,4,3080,4.646572559638386,0.06977593999114706,246.02151630276487
preflid,4,3108,4.646572559638386,0.06977593999114706,247.975242622517
preflid,4,3136,4.646572559638386,0.06977593999114706,249.9289689422691
preflid,4,3164,4.646572559638386,0.06977593999114706,251.88269526202123
preflid,4,3192,4.646572559638386,0.06977593999114706,253.83642158177335
preflid,4,3220,4.646572559638386,0.06977593999114706,255.79014790152547
preflid,4,3248,4.646572559638386,0.06977593999114706,257.74387422127757
preflid,4,3276,4.646572559638386,0.06977593999114706,259.69760054102966
preflid,4,3304,4.646572559638386,0.06977593999114706,261.65132686078175
preflid,4,3332,4.646572559638386,0.06977593999114706,263.60505318053384
preflid,4,3360,4.646572559638386,0.06977593999114706,265.55877950028594
preflid,4,3388,4.646572559638386,0.06977593999114706,267.51250582003803
preflid,4,3416,4.646572559638386,0.06977593999114706,269.4662321397901
preflid,4,3444,4.646572559638386,0.06977593999114706,271.4199584595422
preflid,4,3472,4.646572559638386,0.06977593999114706,273.3736847792943
preflid,4,3500,4.646572559638386,0.06977593999114706,275.3274110990464
preflid,4,3528,4.646572559638386,0.06977593999114706,277.2811374187985
preflid,4,3556,4.646572559638386,0.06977593999114706,279.2348637385506
preflid,4,3584,4.646572559638386,0.06977593999114706,281.1885900583027
preflid,4,3612,4.646572559638386,0.06977593999114706,283.1423163780548
preflid,4,3640,4.646572559638386,0.06977593999114706,285.09604269780687
preflid,4,3668,4.646572559638386,0.06977593999114706,287.04976901755896
preflid,4,3696,4.646572559638386,0.06977593999114706,289.00349533731105
preflid,4,3724,4.688435305068574,0.027913194560959198,290.37114322104054
preflid,4,3752,4.688435305068574,0.027913194560959198,291.1527126687474
preflid,4,3780,4.688435305068574,0.027913194560959198,291.93428211645426
preflid,4,3808,4.688435305068574,0.027913194560959198,292.7158515641611
preflid,4,3836,4.688435305068574,0.027913194560959198,293.4974210118679
preflid,4,3864,4.688435305068574,0.027913194560959198,294.27899045957474
preflid,4,3892,4.688435305068574,0.027913194560959198,295.0605599072816
preflid,4,3920,4.688435305068574,0.027913194560959198,295.8421293549884
preflid,4,3948,4.688435305068574,0.027913194560959198,296.62369880269523
preflid,4,3976,4.688435305068574,0.027913194560959198,297.40526825040206
preflid,4,4004,4.688435305068574,0.027913194560959198,298.1868376981089
preflid,4,4032,4.75821124505972,0.0,298.5776224219623
preflid,4,4060,4.75821124505972,0.0,298.5776224219623
preflid,4,4088,4.75821124505972,0.0,298.5776224219623
preflid,4,4116,4.75821124505972,0.0,298.5776224219623
preflid,4,4144,4.75821124505972,0.0,298.5776224219623
preflid,4,4172,4.75821124505972,0.0,298.5776224219623
preflid,4,4200,4.75821124505972,0.0,298.5776224219623
preflid,4,4228,4.75821124505972,0.0,298.5776224219623
preflid,4,4256,4.75821124505972,0.0,298.5776224219623
preflid,4,4284,4.75821124505972,0.0,298.5776224219623
preflid,4,4312,4.75821124505972,0.0,298.5776224219623
preflid,4,4340,4.75821124505972,0.0,298.5776224219623
preflid,4,4368,4.75821124505972,0.0,298.5776224219623
preflid,4,4396,4.75821124505972,0.0,298.5776224219623
preflid,4,4424,4.75821124505972,0.0,298.5776224219623
preflid,4,4452,4.75821124505972,0.0,298.5776224219623
preflid,4,4480,4.75821124505972,0.0,298.5776224219623
preflid,4,4508,4.75821124505972,0.0,298.5776224219623
preflid,4,4536,4.75821124505972,0.0,298.5776224219623
preflid,4,4564,4.75821124505972,0.0,298.5776224219623
preflid,4,4592,4.75821124505972,0.0,298.5776224219623
preflid,4,4620,4.75821124505972,0.0,298.5776224219623
preflid,4,4648,4.75821124505972,0.0,298.5776224219623
preflid,4,4676,4.688435305068574,0.027913194560959198,298.9684071458157
preflid,4,4704,4.688435305068574,0.027913194560959198,299.74997659352255
preflid,4,4732,4.688435305068574,0.027913194560959198,300.5315460412294
preflid,4,4760,4.688435305068574,0.027913194560959198,301.3131154889362
preflid,4,4788,4.688435305068574,0.027913194560959198,302.09468493664303
preflid,4,4816,4.688435305068574,0.027913194560959198,302.87625438434986
preflid,4,4844,4.688435305068574,0.027913194560959198,303.6578238320567
preflid,4,4872,4.688435305068574,0.027913194560959198,304.4393932797635
preflid,4,4900,4.688435305068574,0.027913194560959198,305.22096272747035
preflid,4,4928,4.688435305068574,0.027913194560959198,306.0025321751772
preflid,4,4956,4.688435305068574,0.027913194560959198,306.784101622884
preflid,4,4984,4.688435305068574,0.027913194560959198,307.56567107059084
preflid,4,5012,4.688435305068574,0.027913194560959198,308.34724051829767
preflid,4,5040,4.688435305068574,0.027913194560959198,309.1288099660045
preflid,4,5068,4.688435305068574,0.027913194560959198,309.9103794137113
preflid,4,5096,4.688435305068574,0.027913194560959198,310.69194886141815
preflid,4,5124,4.688435305068574,0.027913194560959198,311.473518309125
preflid,4,5152,4.688435305068574,0.027913194560959198,312.2550877568318
preflid,4,5180,4.688435305068574,0.027913194560959198,313.03665720453864
preflid,4,5208,4.688435305068574,0.027913194560959198,313.81822665224547
preflid,4,5236,4.688435305068574,0.027913194560959198,314.5997960999523
preflid,4,5264,4.688435305068574,0.027913194560959198,315.38136554765913
preflid,4,5292,4.688435305068574,0.027913194560959198,316.16293499536596
preflid,4,5320,4.688435305068574,0.027913194560959198,316.9445044430728
preflid,4,5348,4.688435305068574,0.027913194560959198,317.7260738907796
preflid,4,5376,4.688435305068574,0.027913194560959198,318.50764333848645
preflid,4,5404,4.688435305068574,0.027913194560959198,319.2892127861933
preflid,4,5432,4.688435305068574,0.027913194560959198,320.0707822339001
preflid,4,5460,4.570648579866652,0.14569991976288144,322.5013658344339
preflid,4,5488,4.570648579866652,0.14569991976288144,326.5809635877946
preflid,4,5516,4.570648579866652,0.14569991976288144,330.6605613411553
preflid,4,5544,4.570648579866652,0.14569991976288144,334.740159094516
preflid,4,5572,4.570648579866652,0.14569991976288144,338.8197568478767
preflid,4,5600,4.570648579866652,0.14569991976288144,342.8993546012374
preflid,5,28,4.597810138302909,0.11853836132662465,3.3190741171454903
preflid,5,56,4.597810138302909,0.11853836132662465,6.6381482342909806
preflid,5,84,5.032309317747962,0.0,8.297685292863726
preflid,5,112,5.032309317747962,0.0,8.297685292863726
preflid,5,140,4.498074877392772,0.2182736222367616,11.353516004178388
preflid,5,168,4.83480510906233,0.0,14.40934671549305
preflid,5,196,4.636371611092881,0.07997688853665252,15.529023155006186
preflid,5,224,4.636371611092881,0.07997688853665252,17.768376034032457
preflid,5,252,4.742501742295542,0.0,18.888052473545592
preflid,5,280,4.742501742295542,0.0,18.888052473545592
preflid,5,308,4.5932721884902445,0.12307631113928874,20.611120829495633
preflid,5,336,4.8392492734760735,0.0,22.334189185445673
preflid,5,364,4.893425634848562,0.0,22.334189185445673
preflid,5,392,4.893425634848562,0.0,22.334189185445673
preflid,5,420,4.830533789719527,0.0,22.334189185445673
preflid,5,448,4.893425634848562,0.0,22.334189185445673
preflid,5,476,4.893425634848562,0.0,22.334189185445673
preflid,5,504,4.893425634848562,0.0,22.334189185445673
preflid,5,532,4.790776397175876,0.0,22.334189185445673
preflid,5,560,4.790776397175876,0.0,22.334189185445673
preflid,5,588,4.790776397175876,0.0,22.334189185445673
preflid,5,616,4.514824509534951,0.20152399009458222,25.155525046769824
preflid,5,644,4.790776397175876,0.0,27.976860908093975
preflid,5,672,4.94189682038947,0.0,27.976860908093975
preflid,5,700,4.790776397175876,0.0,27.976860908093975
preflid,5,728,4.790776397175876,0.0,27.976860908093975
preflid,5,756,4.951118370654274,0.0,27.976860908093975
preflid,5,784,4.888226525525238,0.0,27.976860908093975
preflid,5,812,4.888226525525238,0.0,27.976860908093975
preflid,5,840,4.888226525525238,0.0,27.976860908093975
preflid,5,868,4.888226525525238,0.0,27.976860908093975
preflid,5,896,4.888226525525238,0.0,27.976860908093975
preflid,5,924,4.8948992438736925,0.0,27.976860908093975
preflid,5,952,5.120687228575767,0.0,27.976860908093975
preflid,5,980,5.120687228575767,0.0,27.976860908093975
preflid,5,1008,5.0374560793305365,0.0,27.976860908093975
preflid,5,1036,5.0374560793305365,0.0,27.976860908093975
preflid,5,1064,5.0374560793305365,0.0,27.976860908093975
preflid,5,1092,5.0374560793305365,0.0,27.976860908093975
preflid,5,1120,5.0374560793305365,0.0,27.976860908093975
preflid,5,1148,5.0374560793305365,0.0,27.976860908093975
preflid,5,1176,5.0374560793305365,0.0,27.976860908093975
preflid,5,1204,5.0374560793305365,0.0,27.976860908093975
preflid,5,1232,5.0374560793305365,0.0,27.976860908093975
preflid,5,1260,5.0374560793305365,0.0,27.976860908093975
preflid,5,1288,5.0374560793305365,0.0,27.976860908093975
preflid,5,1316,5.0374560793305365,0.0,27.976860908093975
preflid,5,1344,5.0374560793305365,0.0,27.976860908093975
preflid,5,1372,5.0374560793305365,0.0,27.976860908093975
preflid,5,1400,5.0374560793305365,0.0,27.976860908093975
preflid,5,1428,4.601162218211214,0.11518628141831933,29.589468847950446
preflid,5,1456,4.601162218211214,0.11518628141831933,32.81468472766339
preflid,5,1484,4.570884687097356,0.145463812532177,36.46378604297034
preflid,5,1512,4.601162218211214,0.11518628141831933,40.11288735827729
preflid,5,1540,4.684671637631758,0.03167686199777542,42.16897136610262
preflid,5,1568,4.714949168745614,0.001399330883919525,42.63203806644635
preflid,5,1596,4.714949168745614,0.001399330883919525,42.6712193311961
preflid,5,1624,4.714949168745614,0.001399330883919525,42.71040059594584
preflid,5,1652,4.714949168745614,0.001399330883919525,42.749581860695585
preflid,5,1680,4.714949168745614,0.001399330883919525,42.78876312544533
preflid,5,1708,4.714949168745614,0.001399330883919525,42.82794439019507
preflid,5,1736,4.714949168745614,0.001399330883919525,42.867125654944815
preflid,5,1764,4.714949168745614,0.001399330883919525,42.90630691969456
preflid,5,1792,4.714949168745614,0.001399330883919525,42.9454881844443
preflid,5,1820,4.714949168745614,0.001399330883919525,42.984669449194044
preflid,5,1848,4.714949168745614,0.001399330883919525,43.02385071394379
preflid,5,1876,4.714949168745614,0.001399330883919525,43.06303197869353
preflid,5,1904,4.714949168745614,0.001399330883919525,43.10221324344327
preflid,5,1932,4.726464447013985,0.0,43.121803875818145
preflid,5,1960,4.726464447013985,0.0,43.121803875818145
preflid,5,1988,4.726464447013985,0.0,43.121803875818145
preflid,5,2016,4.726464447013985,0.0,43.121803875818145
preflid,5,2044,4.726464447013985,0.0,43.121803875818145
preflid,5,2072,4.726464447013985,0.0,43.121803875818145
preflid,5,2100,4.726464447013985,0.0,43.121803875818145
preflid,5,2128,4.726464447013985,0.0,43.121803875818145
preflid,5,2156,4.726464447013985,0.0,43.121803875818145
preflid,5,2184,4.726464447013985,0.0,43.121803875818145
preflid,5,2212,4.936699401825436,0.0,43.121803875818145
preflid,5,2240,4.936699401825436,0.0,43.121803875818145
preflid,5,2268,4.936699401825436,0.0,43.121803875818145
preflid,5,2296,4.936699401825436,0.0,43.121803875818145
preflid,5,2324,4.936699401825436,0.0,43.121803875818145
preflid,5,2352,4.721186900429041,0.0,43.121803875818145
preflid,5,2380,4.721186900429041,0.0,43.121803875818145
preflid,5,2408,4.721186900429041,0.0,43.121803875818145
preflid,5,2436,4.721186900429041,0.0,43.121803875818145
preflid,5,2464,4.721186900429041,0.0,43.121803875818145
preflid,5,2492,4.721186900429041,0.0,43.121803875818145
preflid,5,2520,4.721186900429041,0.0,43.121803875818145
preflid,5,2548,4.721186900429041,0.0,43.121803875818145
preflid,5,2576,4.721186900429041,0.0,43.121803875818145
preflid,5,2604,4.721186900429041,0.0,43.121803875818145
preflid,5,2632,4.721186900429041,0.0,43.121803875818145
preflid,5,2660,4.721186900429041,0.0,43.121803875818145
preflid,5,2688,4.721186900429041,0.0,43.121803875818145
preflid,5,2716,4.721186900429041,0.0,43.121803875818145
preflid,5,2744,4.721186900429041,0.0,43.121803875818145
preflid,5,2772,4.721186900429041,0.0,43.121803875818145
preflid,5,2800,4.721186900429041,0.0,43.121803875818145
preflid,5,2828,4.721186900429041,0.0,43.121803875818145
preflid,5,2856,4.721186900429041,0.0,43.121803875818145
preflid,5,2884,4.721186900429041,0.0,43.121803875818145
preflid,5,2912,4.721186900429041,0.0,43.121803875818145
preflid,5,2940,4.721186900429041,0.0,43.121803875818145
preflid,5,2968,4.721186900429041,0.0,43.121803875818145
preflid,5,2996,4.721186900429041,0.0,43.121803875818145
preflid,5,3024,4.721186900429041,0.0,43.121803875818145
preflid,5,3052,4.721186900429041,0.0,43.121803875818145
preflid,5,3080,4.662745516673871,0.05360298295566235,43.872245637197416
preflid,5,3108,4.662745516673871,0.05360298295566235,45.373129159955965
preflid,5,3136,4.662745516673871,0.05360298295566235,46.87401268271451
preflid,5,3164,4.662745516673871,0.05360298295566235,48.37489620547305
preflid,5,3192,4.662745516673871,0.05360298295566235,49.87577972823159
preflid,5,3220,4.662745516673871,0.05360298295566235,51.376663250990134
preflid,5,3248,4.662745516673871,0.05360298295566235,52.877546773748676
preflid,5,3276,4.662745516673871,0.05360298295566235,54.37843029650722
preflid,5,3304,4.662745516673871,0.05360298295566235,55.87931381926576
preflid,5,3332,4.662745516673871,0.05360298295566235,57.3801973420243
preflid,5,3360,4.662745516673871,0.05360298295566235,58.881080864782845
preflid,5,3388,4.662745516673871,0.05360298295566235,60.38196438754139
preflid,5,3416,4.662745516673871,0.05360298295566235,61.88284791029993
preflid,5,3444,4.662745516673871,0.05360298295566235,63.38373143305847
preflid,5,3472,4.662745516673871,0.05360298295566235,64.88461495581701
preflid,5,3500,4.658776516755305,0.05757198287422849,66.44106447743549
preflid,5,3528,4.658776516755305,0.05757198287422849,68.05307999791388
preflid,5,3556,4.662745516673871,0.05360298295566235,69.60952951953236
preflid,5,3584,4.658776516755305,0.05757198287422849,71.16597904115083
preflid,5,3612,4.658776516755305,0.05757198287422849,72.77799456162923
preflid,5,3640,4.658776516755305,0.05757198287422849,74.39001008210762
preflid,5,3668,4.658776516755305,0.05757198287422849,76.00202560258602
preflid,5,3696,4.658776516755305,0.05757198287422849,77.61404112306441
preflid,5,3724,4.7072375022318225,0.009110997397710818,78.54760284687156
preflid,5,3752,5.058886836638392,0.0,78.6751568104395
preflid,5,3780,5.058886836638392,0.0,78.6751568104395
preflid,5,3808,4.975961703472021,0.0,78.6751568104395
preflid,5,3836,4.679175176124641,0.03717332350489233,79.19558333950799
preflid,5,3864,4.679175176124641,0.03717332350489233,80.23643639764498
preflid,5,3892,4.679175176124641,0.03717332350489233,81.27728945578197
preflid,5,3920,4.679175176124641,0.03717332350489233,82.31814251391896
preflid,5,3948,4.679175176124641,0.03717332350489233,83.35899557205595
preflid,5,3976,4.679175176124641,0.03717332350489233,84.39984863019293
preflid,5,4004,4.679175176124641,0.03717332350489233,85.44070168832992
preflid,5,4032,4.679175176124641,0.03717332350489233,86.48155474646691
preflid,5,4060,4.679175176124641,0.03717332350489233,87.5224078046039
preflid,5,4088,4.679175176124641,0.03717332350489233,88.56326086274089
preflid,5,4116,4.679175176124641,0.03717332350489233,89.60411392087788
preflid,5,4144,4.679175176124641,0.03717332350489233,90.64496697901487
preflid,5,4172,4.679175176124641,0.03717332350489233,91.68582003715186
preflid,5,4200,4.679175176124641,0.03717332350489233,92.72667309528885
preflid,5,4228,4.679175176124641,0.03717332350489233,93.76752615342583
preflid,5,4256,4.679175176124641,0.03717332350489233,94.80837921156282
preflid,5,4284,4.679175176124641,0.03717332350489233,95.84923226969981
preflid,5,4312,4.679175176124641,0.03717332350489233,96.8900853278368
preflid,5,4340,4.679175176124641,0.03717332350489233,97.93093838597379
preflid,5,4368,4.679175176124641,0.03717332350489233,98.97179144411078
preflid,5,4396,4.679175176124641,0.03717332350489233,100.01264450224777
preflid,5,4424,4.679175176124641,0.03717332350489233,101.05349756038476
preflid,5,4452,4.679175176124641,0.03717332350489233,102.09435061852174
preflid,5,4480,4.679175176124641,0.03717332350489233,103.13520367665873
preflid,5,4508,4.679175176124641,0.03717332350489233,104.17605673479572
preflid,5,4536,4.679175176124641,0.03717332350489233,105.21690979293271
preflid,5,4564,4.679175176124641,0.03717332350489233,106.2577628510697
preflid,5,4592,4.679175176124641,0.03717332350489233,107.29861590920669
preflid,5,4620,4.679175176124641,0.03717332350489233,108.33946896734368
preflid,5,4648,4.679175176124641,0.03717332350489233,109.38032202548067
preflid,5,4676,4.679175176124641,0.03717332350489233,110.42117508361765
preflid,5,4704,4.679175176124641,0.03717332350489233,111.46202814175464
preflid,5,4732,4.679175176124641,0.03717332350489233,112.50288119989163
preflid,5,4760,4.679175176124641,0.03717332350489233,113.54373425802862
preflid,5,4788,4.679175176124641,0.03717332350489233,114.58458731616561
preflid,5,4816,4.679175176124641,0.03717332350489233,115.6254403743026
preflid,5,4844,4.679175176124641,0.03717332350489233,116.66629343243959
preflid,5,4872,4.679175176124641,0.03717332350489233,117.70714649057658
preflid,5,4900,4.679175176124641,0.03717332350489233,118.74799954871357
preflid,5,4928,4.679175176124641,0.03717332350489233,119.78885260685055
preflid,5,4956,4.679175176124641,0.03717332350489233,120.82970566498754
preflid,5,4984,4.679175176124641,0.03717332350489233,121.87055872312453
preflid,5,5012,4.679175176124641,0.03717332350489233,122.91141178126152
preflid,5,5040,4.679175176124641,0.03717332350489233,123.95226483939851
preflid,5,5068,4.679175176124641,0.03717332350489233,124.9931178975355
preflid,5,5096,4.679175176124641,0.03717332350489233,126.03397095567249
preflid,5,5124,4.72254221099595,0.0,126.55439748474097
preflid,5,5152,4.72254221099595,0.0,126.55439748474097
preflid,5,5180,4.72254221099595,0.0,126.55439748474097
preflid,5,5208,4.72254221099595,0.0,126.55439748474097
preflid,5,5236,4.72254221099595,0.0,126.55439748474097
preflid,5,5264,4.72254221099595,0.0,126.55439748474097
preflid,5,5292,4.72254221099595,0.0,126.55439748474097
preflid,5,5320,4.72254221099595,0.0,126.55439748474097
preflid,5,5348,4.72254221099595,0.0,126.55439748474097
preflid,5,5376,4.72254221099595,0.0,126.55439748474097
preflid,5,5404,4.72254221099595,0.0,126.55439748474097
preflid,5,5432,4.72254221099595,0.0,126.55439748474097
preflid,5,5460,4.72254221099595,0.0,126.55439748474097
preflid,5,5488,4.72254221099595,0.0,126.55439748474097
preflid,5,5516,4.72254221099595,0.0,126.55439748474097
preflid,5,5544,4.72254221099595,0.0,126.55439748474097
preflid,5,5572,4.72254221099595,0.0,126.55439748474097
preflid,5,5600,4.72254221099595,0.0,126.55439748474097
preflid,6,28,4.452205777410348,0.26414272221918544,7.395996222137192
preflid,6,56,4.469403551134066,0.2469449484954671,14.551223612142328
preflid,6,84,4.718975180586285,0.0,18.008452891078868
preflid,6,112,4.964818297348456,0.0,18.008452891078868
preflid,6,140,5.125123511831594,0.0,18.008452891078868
preflid,6,168,5.150465733172466,0.0,18.008452891078868
preflid,6,196,4.798256158458463,0.0,18.008452891078868
preflid,6,224,4.798256158458463,0.0,18.008452891078868
preflid,6,252,4.798256158458463,0.0,18.008452891078868
preflid,6,280,4.798256158458463,0.0,18.008452891078868
preflid,6,308,4.798256158458463,0.0,18.008452891078868
preflid,6,336,5.109721211230839,0.0,18.008452891078868
preflid,6,364,4.798256158458463,0.0,18.008452891078868
preflid,6,392,4.773056135036785,0.0,18.008452891078868
preflid,6,420,4.773056135036785,0.0,18.008452891078868
preflid,6,448,4.838089603489801,0.0,18.008452891078868
preflid,6,476,4.773056135036785,0.0,18.008452891078868
preflid,6,504,4.773056135036785,0.0,18.008452891078868
preflid,6,532,4.838089603489801,0.0,18.008452891078868
preflid,6,560,4.773056135036785,0.0,18.008452891078868
preflid,6,588,4.773056135036785,0.0,18.008452891078868
preflid,6,616,4.773056135036785,0.0,18.008452891078868
preflid,6,644,4.773056135036785,0.0,18.008452891078868
preflid,6,672,4.773056135036785,0.0,18.008452891078868
preflid,6,700,4.773056135036785,0.0,18.008452891078868
preflid,6,728,4.838089603489801,0.0,18.008452891078868
preflid,6,756,4.773056135036785,0.0,18.008452891078868
preflid,6,784,4.773056135036785,0.0,18.008452891078868
preflid,6,812,4.773056135036785,0.0,18.008452891078868
preflid,6,840,4.827916630699705,0.0,18.008452891078868
preflid,6,868,4.838089603489801,0.0,18.008452891078868
preflid,6,896,4.838089603489801,0.0,18.008452891078868
preflid,6,924,4.838089603489801,0.0,18.008452891078868
preflid,6,952,4.838089603489801,0.0,18.008452891078868
preflid,6,980,4.838089603489801,0.0,18.008452891078868
preflid,6,1008,4.838089603489801,0.0,18.008452891078868
preflid,6,1036,4.838089603489801,0.0,18.008452891078868
preflid,6,1064,4.838089603489801,0.0,18.008452891078868
preflid,6,1092,4.838089603489801,0.0,18.008452891078868
preflid,6,1120,4.838089603489801,0.0,18.008452891078868
preflid,6,1148,4.838089603489801,0.0,18.008452891078868
preflid,6,1176,4.838089603489801,0.0,18.008452891078868
preflid,6,1204,4.838089603489801,0.0,18.008452891078868
preflid,6,1232,4.7072375022318225,0.009110997397710818,18.13600685464682
preflid,6,1260,4.7072375022318225,0.009110997397710818,18.391114781782722
preflid,6,1288,4.7072375022318225,0.009110997397710818,18.646222708918625
preflid,6,1316,4.838089603489801,0.0,18.773776672486576
preflid,6,1344,4.838089603489801,0.0,18.773776672486576
preflid,6,1372,4.830574099888952,0.0,18.773776672486576
preflid,6,1400,4.830574099888952,0.0,18.773776672486576
preflid,6,1428,4.830574099888952,0.0,18.773776672486576
preflid,6,1456,4.830574099888952,0.0,18.773776672486576
preflid,6,1484,4.830574099888952,0.0,18.773776672486576
preflid,6,1512,4.830574099888952,0.0,18.773776672486576
preflid,6,1540,4.830574099888952,0.0,18.773776672486576
preflid,6,1568,4.830574099888952,0.0,18.773776672486576
preflid,6,1596,4.830574099888952,0.0,18.773776672486576
preflid,6,1624,4.699721998630973,0.016626500998560445,19.006547686466423
preflid,6,1652,4.830574099888952,0.0,19.23931870044627
preflid,6,1680,4.830574099888952,0.0,19.23931870044627
preflid,6,1708,4.830574099888952,0.0,19.23931870044627
preflid,6,1736,4.830574099888952,0.0,19.23931870044627
preflid,6,1764,4.699721998630973,0.016626500998560445,19.472089714426115
preflid,6,1792,4.699721998630973,0.016626500998560445,19.937631742385808
preflid,6,1820,4.830574099888952,0.0,20.170402756365654
preflid,6,1848,4.830574099888952,0.0,20.170402756365654
preflid,6,1876,4.830574099888952,0.0,20.170402756365654
preflid,6,1904,4.830574099888952,0.0,20.170402756365654
preflid,6,1932,4.830574099888952,0.0,20.170402756365654
preflid,6,1960,4.830574099888952,0.0,20.170402756365654
preflid,6,1988,4.830574099888952,0.0,20.170402756365654
preflid,6,2016,4.830574099888952,0.0,20.170402756365654
preflid,6,2044,4.830574099888952,0.0,20.170402756365654
preflid,6,2072,4.830574099888952,0.0,20.170402756365654
preflid,6,2100,4.830574099888952,0.0,20.170402756365654
preflid,6,2128,4.830574099888952,0.0,20.170402756365654
preflid,6,2156,4.830574099888952,0.0,20.170402756365654
preflid,6,2184,4.699721998630973,0.016626500998560445,20.4031737703455
preflid,6,2212,4.830574099888952,0.0,20.635944784325346
preflid,6,2240,4.699721998630973,0.016626500998560445,20.868715798305193
preflid,6,2268,4.699721998630973,0.016626500998560445,21.334257826264885
preflid,6,2296,4.830574099888952,0.0,21.56702884024473
preflid,6,2324,4.830574099888952,0.0,21.56702884024473
preflid,6,2352,4.699721998630973,0.016626500998560445,21.799799854224577
preflid,6,2380,4.830574099888952,0.0,22.032570868204424
preflid,6,2408,4.830574099888952,0.0,22.032570868204424
preflid,6,2436,4.830574099888952,0.0,22.032570868204424
preflid,6,2464,4.830574099888952,0.0,22.032570868204424
preflid,6,2492,4.830574099888952,0.0,22.032570868204424
preflid,6,2520,4.830574099888952,0.0,22.032570868204424
preflid,6,2548,4.830574099888952,0.0,22.032570868204424
preflid,6,2576,4.830574099888952,0.0,22.032570868204424
preflid,6,2604,4.830574099888952,0.0,22.032570868204424
preflid,6,2632,4.830574099888952,0.0,22.032570868204424
preflid,6,2660,4.830574099888952,0.0,22.032570868204424
preflid,6,2688,4.830574099888952,0.0,22.032570868204424
preflid,6,2716,4.830574099888952,0.0,22.032570868204424
preflid,6,2744,4.830574099888952,0.0,22.032570868204424
preflid,6,2772,4.830574099888952,0.0,22.032570868204424
preflid,6,2800,4.657859253200785,0.05848924642874831,22.8514203182069
preflid,6,2828,4.657859253200785,0.05848924642874831,24.48911921821185
preflid,6,2856,4.830574099888952,0.0,25.30796866821433
preflid,6,2884,4.830574099888952,0.0,25.30796866821433
preflid,6,2912,4.830574099888952,0.0,25.30796866821433
preflid,6,2940,4.830574099888952,0.0,25.30796866821433
preflid,6,2968,4.830574099888952,0.0,25.30796866821433
preflid,6,2996,4.657859253200785,0.05848924642874831,26.126818118216804
preflid,6,3024,4.657859253200785,0.05848924642874831,27.764517018221756
preflid,6,3052,4.657859253200785,0.05848924642874831,29.40221591822671
preflid,6,3080,4.657859253200785,0.05848924642874831,31.03991481823166
preflid,6,3108,4.830574099888952,0.0,31.85876426823414
preflid,6,3136,4.838089603489801,0.0,31.85876426823414
preflid,6,3164,4.838089603489801,0.0,31.85876426823414
preflid,6,3192,4.838089603489801,0.0,31.85876426823414
preflid,6,3220,4.838089603489801,0.0,31.85876426823414
preflid,6,3248,4.838089603489801,0.0,31.85876426823414
preflid,6,3276,4.838089603489801,0.0,31.85876426823414
preflid,6,3304,4.838089603489801,0.0,31.85876426823414
preflid,6,3332,4.838089603489801,0.0,31.85876426823414
preflid,6,3360,4.838089603489801,0.0,31.85876426823414
preflid,6,3388,4.838089603489801,0.0,31.85876426823414
preflid,6,3416,4.657859253200785,0.05848924642874831,32.677613718236614
preflid,6,3444,4.657859253200785,0.05848924642874831,34.31531261824156
preflid,6,3472,4.838089603489801,0.0,35.13416206824404
preflid,6,3500,4.838089603489801,0.0,35.13416206824404
preflid,6,3528,4.778728699378826,0.0,35.13416206824404
preflid,6,3556,4.778728699378826,0.0,35.13416206824404
preflid,6,3584,4.778728699378826,0.0,35.13416206824404
preflid,6,3612,4.663136799785731,0.053211699843802585,35.87912586605727
preflid,6,3640,4.663136799785731,0.053211699843802585,37.36905346168375
preflid,6,3668,4.663136799785731,0.053211699843802585,38.85898105731022
preflid,6,3696,4.663136799785731,0.053211699843802585,40.348908652936686
preflid,6,3724,4.663136799785731,0.053211699843802585,41.838836248563155
preflid,6,3752,4.663136799785731,0.053211699843802585,43.32876384418962
preflid,6,3780,4.663136799785731,0.053211699843802585,44.81869143981609
preflid,6,3808,4.663136799785731,0.053211699843802585,46.30861903544256
preflid,6,3836,4.663136799785731,0.053211699843802585,47.79854663106903
preflid,6,3864,4.663136799785731,0.053211699843802585,49.2884742266955
preflid,6,3892,4.663136799785731,0.053211699843802585,50.77840182232197
preflid,6,3920,4.663136799785731,0.053211699843802585,52.268329417948436
preflid,6,3948,4.663136799785731,0.053211699843802585,53.758257013574905
preflid,6,3976,4.663136799785731,0.053211699843802585,55.248184609201374
preflid,6,4004,4.663136799785731,0.053211699843802585,56.73811220482784
preflid,6,4032,4.656044531350894,0.06030396827863971,58.327331558542035
preflid,6,4060,4.656044531350894,0.06030396827863971,60.01584267034394
preflid,6,4088,4.656044531350894,0.06030396827863971,61.70435378214586
preflid,6,4116,4.656044531350894,0.06030396827863971,63.392864893947774
preflid,6,4144,4.656044531350894,0.06030396827863971,65.08137600574969
preflid,6,4172,4.656044531350894,0.06030396827863971,66.7698871175516
preflid,6,4200,4.656044531350894,0.06030396827863971,68.45839822935352
preflid,6,4228,4.726464447013985,0.0,69.30265378525448
preflid,6,4256,4.656044531350894,0.06030396827863971,70.14690934115544
preflid,6,4284,4.656044531350894,0.06030396827863971,71.83542045295735
preflid,6,4312,4.656044531350894,0.06030396827863971,73.52393156475927
preflid,6,4340,4.656044531350894,0.06030396827863971,75.21244267656118
preflid,6,4368,4.656044531350894,0.06030396827863971,76.9009537883631
preflid,6,4396,4.656044531350894,0.06030396827863971,78.58946490016501
preflid,6,4424,4.656044531350894,0.06030396827863971,80.27797601196693
preflid,6,4452,4.656044531350894,0.06030396827863971,81.96648712376884
preflid,6,4480,4.726464447013985,0.0,82.8107426796698
preflid,6,4508,4.726464447013985,0.0,82.8107426796698
preflid,6,4536,4.656044531350894,0.06030396827863971,83.65499823557076
preflid,6,4564,4.656044531350894,0.06030396827863971,85.34350934737267
preflid,6,4592,4.656044531350894,0.06030396827863971,87.03202045917459
preflid,6,4620,4.656044531350894,0.06030396827863971,88.7205315709765
preflid,6,4648,4.656044531350894,0.06030396827863971,90.40904268277842
preflid,6,4676,4.739978043111983,0.0,91.25329823867938
preflid,6,4704,4.656044531350894,0.06030396827863971,92.09755379458034
preflid,6,4732,4.656044531350894,0.06030396827863971,93.78606490638225
preflid,6,4760,4.739978043111983,0.0,94.63032046228321
preflid,6,4788,4.656044531350894,0.06030396827863971,95.47457601818417
preflid,6,4816,4.656044531350894,0.06030396827863971,97.16308712998608
preflid,6,4844,4.656044531350894,0.06030396827863971,98.851598241788
preflid,6,4872,4.739978043111983,0.0,99.69585379768895
preflid,6,4900,4.739978043111983,0.0,99.69585379768895
preflid,6,4928,4.739978043111983,0.0,99.69585379768895
preflid,6,4956,4.739978043111983,0.0,99.69585379768895
preflid,6,4984,4.739978043111983,0.0,99.69585379768895
preflid,6,5012,4.739978043111983,0.0,99.69585379768895
preflid,6,5040,4.739978043111983,0.0,99.69585379768895
preflid,6,5068,4.739978043111983,0.0,99.69585379768895
preflid,6,5096,4.739978043111983,0.0,99.69585379768895
preflid,6,5124,4.739978043111983,0.0,99.69585379768895
preflid,6,5152,4.739978043111983,0.0,99.69585379768895
preflid,6,5180,4.739978043111983,0.0,99.69585379768895
preflid,6,5208,4.739978043111983,0.0,99.69585379768895
preflid,6,5236,4.739978043111983,0.0,99.69585379768895
preflid,6,5264,4.739978043111983,0.0,99.69585379768895
preflid,6,5292,4.739978043111983,0.0,99.69585379768895
preflid,6,5320,4.739978043111983,0.0,99.69585379768895
preflid,6,5348,4.739978043111983,0.0,99.69585379768895
preflid,6,5376,4.739978043111983,0.0,99.69585379768895
preflid,6,5404,4.739978043111983,0.0,99.69585379768895
preflid,6,5432,4.739978043111983,0.0,99.69585379768895
preflid,6,5460,4.739978043111983,0.0,99.69585379768895
preflid,6,5488,4.739978043111983,0.0,99.69585379768895
preflid,6,5516,4.7130370597379665,0.003311439891566792,99.74221395617089
preflid,6,5544,4.7130370597379665,0.003311439891566792,99.83493427313476
preflid,6,5572,4.7130370597379665,0.003311439891566792,99.92765459009863
preflid,6,5600,4.7130370597379665,0.003311439891566792,100.02037490706249
preflid,7,28,4.452205777410348,0.26414272221918544,7.395996222137192
preflid,7,56,4.452205777410348,0.26414272221918544,14.791992444274385
preflid,7,84,4.051664219562343,0.6646842800671902,27.795570476283643
preflid,7,112,4.051664219562343,0.6646842800671902,46.40673031816497
preflid,7,140,4.339436485263979,0.376912014365554,60.98907844022339
preflid,7,168,4.339436485263979,0.376912014365554,71.5426148424589
preflid,7,196,4.339436485263979,0.376912014365554,82.09615124469441
preflid,7,224,4.440563508324706,0.27578499130482736,91.23390932407975
preflid,7,252,4.291302978207499,0.42504552142203433,101.04553650225581
preflid,7,280,4.379313328642039,0.3370351709874946,111.71466619598922
preflid,7,308,4.556963273948072,0.1593852256814614,118.66455174935462
preflid,7,336,4.556963273948072,0.1593852256814614,123.12733806843553
preflid,7,364,4.556963273948072,0.1593852256814614,127.59012438751645
preflid,7,392,4.556963273948072,0.1593852256814614,132.05291070659737
preflid,7,420,4.556963273948072,0.1593852256814614,136.5156970256783
preflid,7,448,4.556963273948072,0.1593852256814614,140.9784833447592
preflid,7,476,4.556963273948072,0.1593852256814614,145.44126966384013
preflid,7,504,4.556963273948072,0.1593852256814614,149.90405598292105
preflid,7,532,4.574906949236536,0.14144155039299733,154.11563084796347
preflid,7,560,4.574906949236536,0.14144155039299733,158.0759942589674
preflid,7,588,4.574906949236536,0.14144155039299733,162.03635766997132
preflid,7,616,4.574906949236536,0.14144155039299733,165.99672108097525
preflid,7,644,4.574906949236536,0.14144155039299733,169.95708449197917
preflid,7,672,4.574906949236536,0.14144155039299733,173.9174479029831
preflid,7,700,4.574906949236536,0.14144155039299733,177.87781131398702
preflid,7,728,4.574906949236536,0.14144155039299733,181.83817472499095
preflid,7,756,4.574906949236536,0.14144155039299733,185.79853813599487
preflid,7,784,4.574906949236536,0.14144155039299733,189.7589015469988
preflid,7,812,4.498580056116495,0.21776844351303826,194.78784146168329
preflid,7,840,4.498580056116495,0.21776844351303826,200.88535788004836
preflid,7,868,4.498580056116495,0.21776844351303826,206.98287429841344
preflid,7,896,4.5527564174889825,0.16359208214055077,212.32192165756368
preflid,7,924,4.498580056116495,0.21776844351303826,217.66096901671392
preflid,7,952,4.498580056116495,0.21776844351303826,223.758485435079
preflid,7,980,4.498580056116495,0.21776844351303826,229.85600185344407
preflid,7,1008,4.498580056116495,0.21776844351303826,235.95351827180914
preflid,7,1036,4.689407516255516,0.026940983374017513,239.37945024822793
preflid,7,1064,4.689407516255516,0.026940983374017513,240.1337977827004
preflid,7,1092,4.689407516255516,0.026940983374017513,240.8881453171729
preflid,7,1120,4.689407516255516,0.026940983374017513,241.6424928516454
preflid,7,1148,4.689407516255516,0.026940983374017513,242.39684038611787
preflid,7,1176,4.689407516255516,0.026940983374017513,243.15118792059036
preflid,7,1204,4.689407516255516,0.026940983374017513,243.90553545506285
preflid,7,1232,4.790164193760616,0.0,244.2827092222991
preflid,7,1260,4.689407516255516,0.026940983374017513,244.65988298953536
preflid,7,1288,4.689407516255516,0.026940983374017513,245.41423052400785
preflid,7,1316,4.689407516255516,0.026940983374017513,246.16857805848034
preflid,7,1344,4.689407516255516,0.026940983374017513,246.92292559295282
preflid,7,1372,4.689407516255516,0.026940983374017513,247.6772731274253
preflid,7,1400,4.689407516255516,0.026940983374017513,248.4316206618978
preflid,7,1428,4.5860818573399715,0.13026664228956175,250.63252742118792
preflid,7,1456,4.640258218712461,0.07609028091707248,253.5215243460808
preflid,7,1484,4.640258218712461,0.07609028091707248,255.65205221175884
preflid,7,1512,4.743583877628004,0.0,256.7173161445979
preflid,7,1540,4.743583877628004,0.0,256.7173161445979
preflid,7,1568,4.743583877628004,0.0,256.7173161445979
preflid,7,1596,4.743583877628004,0.0,256.7173161445979
preflid,7,1624,4.743583877628004,0.0,256.7173161445979
preflid,7,1652,4.743583877628004,0.0,256.7173161445979
preflid,7,1680,4.743583877628004,0.0,256.7173161445979
preflid,7,1708,4.743583877628004,0.0,256.7173161445979
preflid,7,1736,4.743583877628004,0.0,256.7173161445979
preflid,7,1764,4.743583877628004,0.0,256.7173161445979
preflid,7,1792,4.743583877628004,0.0,256.7173161445979
preflid,7,1820,4.743583877628004,0.0,256.7173161445979
preflid,7,1848,4.743583877628004,0.0,256.7173161445979
preflid,7,1876,4.743583877628004,0.0,256.7173161445979
preflid,7,1904,4.743583877628004,0.0,256.7173161445979
preflid,7,1932,4.743583877628004,0.0,256.7173161445979
preflid,7,1960,4.767213421110455,0.0,256.7173161445979
preflid,7,1988,4.7501715291459226,0.0,256.7173161445979
preflid,7,2016,4.7501715291459226,0.0,256.7173161445979
preflid,7,2044,4.7501715291459226,0.0,256.7173161445979
preflid,7,2072,4.7501715291459226,0.0,256.7173161445979
preflid,7,2100,4.7501715291459226,0.0,256.7173161445979
preflid,7,2128,4.786651400834089,0.0,256.7173161445979
preflid,7,2156,4.743583877628004,0.0,256.7173161445979
preflid,7,2184,4.743583877628004,0.0,256.7173161445979
preflid,7,2212,4.743583877628004,0.0,256.7173161445979
preflid,7,2240,4.743583877628004,0.0,256.7173161445979
preflid,7,2268,4.726541985663472,0.0,256.7173161445979
preflid,7,2296,4.726541985663472,0.0,256.7173161445979
preflid,7,2324,4.743583877628004,0.0,256.7173161445979
preflid,7,2352,4.726541985663472,0.0,256.7173161445979
preflid,7,2380,4.72254221099595,0.0,256.7173161445979
preflid,7,2408,4.72254221099595,0.0,256.7173161445979
preflid,7,2436,4.759022082684116,0.0,256.7173161445979
preflid,7,2464,4.759022082684116,0.0,256.7173161445979
preflid,7,2492,4.72254221099595,0.0,256.7173161445979
preflid,7,2520,4.759022082684116,0.0,256.7173161445979
preflid,7,2548,4.759022082684116,0.0,256.7173161445979
preflid,7,2576,4.72254221099595,0.0,256.7173161445979
preflid,7,2604,4.726541985663472,0.0,256.7173161445979
preflid,7,2632,4.726541985663472,0.0,256.7173161445979
preflid,7,2660,4.726541985663472,0.0,256.7173161445979
preflid,7,2688,4.726541985663472,0.0,256.7173161445979
preflid,7,2716,4.726541985663472,0.0,256.7173161445979
preflid,7,2744,4.726541985663472,0.0,256.7173161445979
preflid,7,2772,4.726541985663472,0.0,256.7173161445979
preflid,7,2800,4.726541985663472,0.0,256.7173161445979
preflid,7,2828,4.726541985663472,0.0,256.7173161445979
preflid,7,2856,4.726541985663472,0.0,256.7173161445979
preflid,7,2884,4.726541985663472,0.0,256.7173161445979
preflid,7,2912,4.726541985663472,0.0,256.7173161445979
preflid,7,2940,4.726541985663472,0.0,256.7173161445979
preflid,7,2968,4.726541985663472,0.0,256.7173161445979
preflid,7,2996,4.726541985663472,0.0,256.7173161445979
preflid,7,3024,4.726541985663472,0.0,256.7173161445979
preflid,7,3052,4.726541985663472,0.0,256.7173161445979
preflid,7,3080,4.726541985663472,0.0,256.7173161445979
preflid,7,3108,4.726541985663472,0.0,256.7173161445979
preflid,7,3136,4.726541985663472,0.0,256.7173161445979
preflid,7,3164,4.726541985663472,0.0,256.7173161445979
preflid,7,3192,4.726541985663472,0.0,256.7173161445979
preflid,7,3220,4.726541985663472,0.0,256.7173161445979
preflid,7,3248,4.726541985663472,0.0,256.7173161445979
preflid,7,3276,4.726541985663472,0.0,256.7173161445979
preflid,7,3304,4.726541985663472,0.0,256.7173161445979
preflid,7,3332,4.726541985663472,0.0,256.7173161445979
preflid,7,3360,4.726541985663472,0.0,256.7173161445979
preflid,7,3388,4.726541985663472,0.0,256.7173161445979
preflid,7,3416,4.726541985663472,0.0,256.7173161445979
preflid,7,3444,4.726541985663472,0.0,256.7173161445979
preflid,7,3472,4.726541985663472,0.0,256.7173161445979
preflid,7,3500,4.726541985663472,0.0,256.7173161445979
preflid,7,3528,4.726541985663472,0.0,256.7173161445979
preflid,7,3556,4.726541985663472,0.0,256.7173161445979
preflid,7,3584,4.755099155896375,0.0,256.7173161445979
preflid,7,3612,4.755099155896375,0.0,256.7173161445979
preflid,7,3640,4.755099155896375,0.0,256.7173161445979
preflid,7,3668,4.755099155896375,0.0,256.7173161445979
preflid,7,3696,4.755099155896375,0.0,256.7173161445979
preflid,7,3724,4.755099155896375,0.0,256.7173161445979
preflid,7,3752,4.755099155896375,0.0,256.7173161445979
preflid,7,3780,4.755099155896375,0.0,256.7173161445979
preflid,7,3808,4.755099155896375,0.0,256.7173161445979
preflid,7,3836,4.755099155896375,0.0,256.7173161445979
preflid,7,3864,4.755099155896375,0.0,256.7173161445979
preflid,7,3892,4.755099155896375,0.0,256.7173161445979
preflid,7,3920,4.755099155896375,0.0,256.7173161445979
preflid,7,3948,4.755099155896375,0.0,256.7173161445979
preflid,7,3976,4.755099155896375,0.0,256.7173161445979
preflid,7,4004,4.755099155896375,0.0,256.7173161445979
preflid,7,4032,4.755099155896375,0.0,256.7173161445979
preflid,7,4060,4.72254221099595,0.0,256.7173161445979
preflid,7,4088,4.72254221099595,0.0,256.7173161445979
preflid,7,4116,4.72254221099595,0.0,256.7173161445979
preflid,7,4144,4.72254221099595,0.0,256.7173161445979
preflid,7,4172,4.668365849623462,0.04798265000607138,257.3890732446829
preflid,7,4200,4.72254221099595,0.0,258.0608303447679
preflid,7,4228,4.668365849623462,0.04798265000607138,258.7325874448529
preflid,7,4256,4.668365849623462,0.04798265000607138,260.0761016450229
preflid,7,4284,4.668365849623462,0.04798265000607138,261.4196158451929
preflid,7,4312,4.72254221099595,0.0,262.0913729452779
preflid,7,4340,4.72254221099595,0.0,262.0913729452779
preflid,7,4368,4.743583877628004,0.0,262.0913729452779
preflid,7,4396,4.743583877628004,0.0,262.0913729452779
preflid,7,4424,4.743583877628004,0.0,262.0913729452779
preflid,7,4452,4.743583877628004,0.0,262.0913729452779
preflid,7,4480,4.767213421110455,0.0,262.0913729452779
preflid,7,4508,4.767213421110455,0.0,262.0913729452779
preflid,7,4536,4.767213421110455,0.0,262.0913729452779
preflid,7,4564,4.767213421110455,0.0,262.0913729452779
preflid,7,4592,4.743583877628004,0.0,262.0913729452779
preflid,7,4620,4.743583877628004,0.0,262.0913729452779
preflid,7,4648,4.755099155896375,0.0,262.0913729452779
preflid,7,4676,4.755099155896375,0.0,262.0913729452779
preflid,7,4704,4.755099155896375,0.0,262.0913729452779
preflid,7,4732,4.755099155896375,0.0,262.0913729452779
preflid,7,4760,4.755099155896375,0.0,262.0913729452779
preflid,7,4788,4.755099155896375,0.0,262.0913729452779
preflid,7,4816,4.755099155896375,0.0,262.0913729452779
preflid,7,4844,4.755099155896375,0.0,262.0913729452779
preflid,7,4872,4.755099155896375,0.0,262.0913729452779
preflid,7,4900,4.755099155896375,0.0,262.0913729452779
preflid,7,4928,4.755099155896375,0.0,262.0913729452779
preflid,7,4956,4.755099155896375,0.0,262.0913729452779
preflid,7,4984,4.755099155896375,0.0,262.0913729452779
preflid,7,5012,4.755099155896375,0.0,262.0913729452779
preflid,7,5040,4.755099155896375,0.0,262.0913729452779
preflid,7,5068,4.755099155896375,0.0,262.0913729452779
preflid,7,5096,4.755099155896375,0.0,262.0913729452779
preflid,7,5124,4.64774176504513,0.06860673458440303,263.05186722945956
preflid,7,5152,4.64774176504513,0.06860673458440303,264.97285579782283
preflid,7,5180,4.64774176504513,0.06860673458440303,266.8938443661861
preflid,7,5208,4.64774176504513,0.06860673458440303,268.8148329345494
preflid,7,5236,4.664723316718418,0.051625182911115175,270.4980797794866
preflid,7,5264,4.664723316718418,0.051625182911115175,271.94358490099785
preflid,7,5292,4.664723316718418,0.051625182911115175,273.3890900225091
preflid,7,5320,4.664723316718418,0.051625182911115175,274.83459514402034
preflid,7,5348,4.664723316718418,0.051625182911115175,276.2801002655316
preflid,7,5376,4.664723316718418,0.051625182911115175,277.72560538704283
preflid,7,5404,4.664723316718418,0.051625182911115175,279.1711105085541
preflid,7,5432,4.664723316718418,0.051625182911115175,280.6166156300653
preflid,7,5460,4.664723316718418,0.051625182911115175,282.0621207515766
preflid,7,5488,4.734499256709564,0.0,282.7848733123322
preflid,7,5516,4.734499256709564,0.0,282.7848733123322
preflid,7,5544,4.734499256709564,0.0,282.7848733123322
preflid,7,5572,4.734499256709564,0.0,282.7848733123322
preflid,7,5600,4.734499256709564,0.0,282.7848733123322
preflid,8,28,4.452205777410348,0.26414272221918544,7.395996222137192
preflid,8,56,4.452205777410348,0.26414272221918544,14.791992444274385
preflid,8,84,4.7859482793503005,0.0,18.48999055534298
preflid,8,112,4.977790410665141,0.0,18.48999055534298
preflid,8,140,4.853331715957236,0.0,18.48999055534298
preflid,8,168,4.853331715957236,0.0,18.48999055534298
preflid,8,196,4.853331715957236,0.0,18.48999055534298
preflid,8,224,4.853331715957236,0.0,18.48999055534298
preflid,8,252,4.853331715957236,0.0,18.48999055534298
preflid,8,280,4.853331715957236,0.0,18.48999055534298
preflid,8,308,4.778956873839778,0.0,18.48999055534298
preflid,8,336,4.778956873839778,0.0,18.48999055534298
preflid,8,364,4.638606915851322,0.07774158377821117,19.578372728237937
preflid,8,392,4.621124319834758,0.09522417979477549,21.999893418259752
preflid,8,420,4.956851534303517,0.0,23.333031935386607
preflid,8,448,4.956851534303517,0.0,23.333031935386607
preflid,8,476,4.550596565416782,0.16575193421275092,25.653559014365122
preflid,8,504,4.550596565416782,0.16575193421275092,30.294613172322148
preflid,8,532,4.734225593961805,0.0,32.61514025130066
preflid,8,560,4.734225593961805,0.0,32.61514025130066
preflid,8,588,4.734225593961805,0.0,32.61514025130066
preflid,8,616,4.569888350407225,0.14646014922230854,34.66558234041298
preflid,8,644,4.734225593961805,0.0,36.716024429525305
preflid,8,672,4.734225593961805,0.0,36.716024429525305
preflid,8,700,4.734225593961805,0.0,36.716024429525305
preflid,8,728,4.734225593961805,0.0,36.716024429525305
preflid,8,756,4.734225593961805,0.0,36.716024429525305
preflid,8,784,4.955831480478567,0.0,36.716024429525305
preflid,8,812,4.713913755146414,0.002434744483119644,36.750110852288984
preflid,8,840,4.838089603489801,0.0,36.78419727505266
preflid,8,868,4.838089603489801,0.0,36.78419727505266
preflid,8,896,4.838089603489801,0.0,36.78419727505266
preflid,8,924,4.734225593961805,0.0,36.78419727505266
preflid,8,952,4.7441752174915015,0.0,36.78419727505266
preflid,8,980,4.734225593961805,0.0,36.78419727505266
preflid,8,1008,4.734225593961805,0.0,36.78419727505266
preflid,8,1036,4.838089603489801,0.0,36.78419727505266
preflid,8,1064,4.830574099888952,0.0,36.78419727505266
preflid,8,1092,4.830574099888952,0.0,36.78419727505266
preflid,8,1120,4.830574099888952,0.0,36.78419727505266
preflid,8,1148,4.830574099888952,0.0,36.78419727505266
preflid,8,1176,4.830574099888952,0.0,36.78419727505266
preflid,8,1204,4.840523723418647,0.0,36.78419727505266
preflid,8,1232,4.696607259351342,0.019741240278190908,37.06057463894734
preflid,8,1260,4.696607259351342,0.019741240278190908,37.61332936673668
preflid,8,1288,4.600258753424197,0.1160897462053363,39.51496317750606
preflid,8,1316,4.600258753424197,0.1160897462053363,42.76547607125548
preflid,8,1344,4.600258753424197,0.1160897462053363,46.015988965004894
preflid,8,1372,4.696607259351342,0.019741240278190908,47.91762277577428
preflid,8,1400,4.696607259351342,0.019741240278190908,48.470377503563626
preflid,8,1428,4.696607259351342,0.019741240278190908,49.023132231352974
preflid,8,1456,4.696607259351342,0.019741240278190908,49.57588695914232
preflid,8,1484,4.696607259351342,0.019741240278190908,50.12864168693167
preflid,8,1512,4.696607259351342,0.019741240278190908,50.68139641472102
preflid,8,1540,4.696607259351342,0.019741240278190908,51.23415114251037
preflid,8,1568,4.696607259351342,0.019741240278190908,51.78690587029972
preflid,8,1596,4.696607259351342,0.019741240278190908,52.33966059808907
preflid,8,1624,4.696607259351342,0.019741240278190908,52.89241532587842
preflid,8,1652,4.696607259351342,0.019741240278190908,53.445170053667766
preflid,8,1680,4.696607259351342,0.019741240278190908,53.997924781457115
preflid,8,1708,4.696607259351342,0.019741240278190908,54.550679509246464
preflid,8,1736,4.696607259351342,0.019741240278190908,55.10343423703581
preflid,8,1764,4.696607259351342,0.019741240278190908,55.65618896482516
preflid,8,1792,4.696607259351342,0.019741240278190908,56.20894369261451
preflid,8,1820,4.696607259351342,0.019741240278190908,56.76169842040386
preflid,8,1848,4.772563467289705,0.0,57.038075784298535
preflid,8,1876,4.772563467289705,0.0,57.038075784298535
preflid,8,1904,4.772563467289705,0.0,57.038075784298535
preflid,8,1932,4.772563467289705,0.0,57.038075784298535
preflid,8,1960,4.772563467289705,0.0,57.038075784298535
preflid,8,1988,4.772563467289705,0.0,57.038075784298535
preflid,8,2016,4.772563467289705,0.0,57.038075784298535
preflid,8,2044,4.772563467289705,0.0,57.038075784298535
preflid,8,2072,4.772563467289705,0.0,57.038075784298535
preflid,8,2100,4.772563467289705,0.0,57.038075784298535
preflid,8,2128,4.772563467289705,0.0,57.038075784298535
preflid,8,2156,4.772563467289705,0.0,57.038075784298535
preflid,8,2184,4.772563467289705,0.0,57.038075784298535
preflid,8,2212,4.772563467289705,0.0,57.038075784298535
preflid,8,2240,4.772563467289705,0.0,57.038075784298535
preflid,8,2268,4.772563467289705,0.0,57.038075784298535
preflid,8,2296,4.772563467289705,0.0,57.038075784298535
preflid,8,2324,4.772563467289705,0.0,57.038075784298535
preflid,8,2352,4.772563467289705,0.0,57.038075784298535
preflid,8,2380,4.772563467289705,0.0,57.038075784298535
preflid,8,2408,4.772563467289705,0.0,57.038075784298535
preflid,8,2436,4.79004606330627,0.0,57.038075784298535
preflid,8,2464,4.79004606330627,0.0,57.038075784298535
preflid,8,2492,4.79004606330627,0.0,57.038075784298535
preflid,8,2520,4.79004606330627,0.0,57.038075784298535
preflid,8,2548,4.79004606330627,0.0,57.038075784298535
preflid,8,2576,4.658776516755305,0.05757198287422849,57.84408354453773
preflid,8,2604,4.658776516755305,0.05757198287422849,59.45609906501613
preflid,8,2632,4.734700496527038,0.0,60.26210682525533
preflid,8,2660,4.658776516755305,0.05757198287422849,61.06811458549453
preflid,8,2688,4.658776516755305,0.05757198287422849,62.68013010597292
preflid,8,2716,4.658776516755305,0.05757198287422849,64.29214562645132
preflid,8,2744,4.734700496527038,0.0,65.09815338669051
preflid,8,2772,4.658776516755305,0.05757198287422849,65.90416114692971
preflid,8,2800,4.734700496527038,0.0,66.7101689071689
preflid,8,2828,4.734700496527038,0.0,66.7101689071689
preflid,8,2856,4.734700496527038,0.0,66.7101689071689
preflid,8,2884,4.734700496527038,0.0,66.7101689071689
preflid,8,2912,4.734700496527038,0.0,66.7101689071689
preflid,8,2940,4.734700496527038,0.0,66.7101689071689
preflid,8,2968,4.734700496527038,0.0,66.7101689071689
preflid,8,2996,4.734700496527038,0.0,66.7101689071689
preflid,8,3024,4.734700496527038,0.0,66.7101689071689
preflid,8,3052,4.79004606330627,0.0,66.7101689071689
preflid,8,3080,4.79004606330627,0.0,66.7101689071689
preflid,8,3108,4.79004606330627,0.0,66.7101689071689
preflid,8,3136,4.79004606330627,0.0,66.7101689071689
preflid,8,3164,4.79004606330627,0.0,66.7101689071689
preflid,8,3192,4.79004606330627,0.0,66.7101689071689
preflid,8,3220,4.79004606330627,0.0,66.7101689071689
preflid,8,3248,4.79004606330627,0.0,66.7101689071689
preflid,8,3276,4.79004606330627,0.0,66.7101689071689
preflid,8,3304,4.79004606330627,0.0,66.7101689071689
preflid,8,3332,4.79004606330627,0.0,66.7101689071689
preflid,8,3360,4.696162928015483,0.02018557161404999,66.9927669097656
preflid,8,3388,4.696162928015483,0.02018557161404999,67.557962914959
preflid,8,3416,4.696162928015483,0.02018557161404999,68.1231589201524
preflid,8,3444,4.696162928015483,0.02018557161404999,68.6883549253458
preflid,8,3472,4.696162928015483,0.02018557161404999,69.2535509305392
preflid,8,3500,4.696162928015483,0.02018557161404999,69.8187469357326
preflid,8,3528,4.696162928015483,0.02018557161404999,70.383942940926
preflid,8,3556,4.696162928015483,0.02018557161404999,70.9491389461194
preflid,8,3584,4.696162928015483,0.02018557161404999,71.5143349513128
preflid,8,3612,4.79004606330627,0.0,71.7969329539095
preflid,8,3640,4.79004606330627,0.0,71.7969329539095
preflid,8,3668,4.79004606330627,0.0,71.7969329539095
preflid,8,3696,4.79004606330627,0.0,71.7969329539095
preflid,8,3724,4.79004606330627,0.0,71.7969329539095
preflid,8,3752,4.79004606330627,0.0,71.7969329539095
preflid,8,3780,4.79004606330627,0.0,71.7969329539095
preflid,8,3808,4.79004606330627,0.0,71.7969329539095
preflid,8,3836,4.79004606330627,0.0,71.7969329539095
preflid,8,3864,4.79004606330627,0.0,71.7969329539095
preflid,8,3892,4.79004606330627,0.0,71.7969329539095
preflid,8,3920,4.79004606330627,0.0,71.7969329539095
preflid,8,3948,4.79004606330627,0.0,71.7969329539095
preflid,8,3976,4.79004606330627,0.0,71.7969329539095
preflid,8,4004,4.79004606330627,0.0,71.7969329539095
preflid,8,4032,4.79004606330627,0.0,71.7969329539095
preflid,8,4060,4.79004606330627,0.0,71.7969329539095
preflid,8,4088,4.79004606330627,0.0,71.7969329539095
preflid,8,4116,4.79004606330627,0.0,71.7969329539095
preflid,8,4144,4.79004606330627,0.0,71.7969329539095
preflid,8,4172,4.79004606330627,0.0,71.7969329539095
preflid,8,4200,4.79004606330627,0.0,71.7969329539095
preflid,8,4228,4.79004606330627,0.0,71.7969329539095
preflid,8,4256,4.79004606330627,0.0,71.7969329539095
preflid,8,4284,4.79004606330627,0.0,71.7969329539095
preflid,8,4312,4.79004606330627,0.0,71.7969329539095
preflid,8,4340,4.79004606330627,0.0,71.7969329539095
preflid,8,4368,4.79004606330627,0.0,71.7969329539095
preflid,8,4396,4.79004606330627,0.0,71.7969329539095
preflid,8,4424,4.724720098248388,0.0,71.7969329539095
preflid,8,4452,4.79004606330627,0.0,71.7969329539095
preflid,8,4480,4.79004606330627,0.0,71.7969329539095
preflid,8,4508,4.79004606330627,0.0,71.7969329539095
preflid,8,4536,4.724720098248388,0.0,71.7969329539095
preflid,8,4564,4.79004606330627,0.0,71.7969329539095
preflid,8,4592,4.79004606330627,0.0,71.7969329539095
preflid,8,4620,4.79004606330627,0.0,71.7969329539095
preflid,8,4648,4.79004606330627,0.0,71.7969329539095
preflid,8,4676,4.771694066408764,0.0,71.7969329539095
preflid,8,4704,4.771694066408764,0.0,71.7969329539095
preflid,8,4732,4.706368101350882,0.009980398278651492,71.93665852981063
preflid,8,4760,4.706368101350882,0.009980398278651492,72.21610968161286
preflid,8,4788,4.706368101350882,0.009980398278651492,72.49556083341511
preflid,8,4816,4.706368101350882,0.009980398278651492,72.77501198521736
preflid,8,4844,4.706368101350882,0.009980398278651492,73.05446313701961
preflid,8,4872,4.706368101350882,0.009980398278651492,73.33391428882186
preflid,8,4900,4.706368101350882,0.009980398278651492,73.61336544062411
preflid,8,4928,4.706368101350882,0.009980398278651492,73.89281659242636
preflid,8,4956,4.706368101350882,0.009980398278651492,74.1722677442286
preflid,8,4984,4.706368101350882,0.009980398278651492,74.45171889603085
preflid,8,5012,4.706368101350882,0.009980398278651492,74.7311700478331
preflid,8,5040,4.706368101350882,0.009980398278651492,75.01062119963535
preflid,8,5068,4.706368101350882,0.009980398278651492,75.2900723514376
preflid,8,5096,4.706368101350882,0.009980398278651492,75.56952350323985
preflid,8,5124,4.706368101350882,0.009980398278651492,75.8489746550421
preflid,8,5152,4.706368101350882,0.009980398278651492,76.12842580684435
preflid,8,5180,4.706368101350882,0.009980398278651492,76.4078769586466
preflid,8,5208,4.706368101350882,0.009980398278651492,76.68732811044885
preflid,8,5236,4.706368101350882,0.009980398278651492,76.9667792622511
preflid,8,5264,4.706368101350882,0.009980398278651492,77.24623041405334
preflid,8,5292,4.706368101350882,0.009980398278651492,77.52568156585559
preflid,8,5320,4.706368101350882,0.009980398278651492,77.80513271765784
preflid,8,5348,4.706368101350882,0.009980398278651492,78.08458386946009
preflid,8,5376,4.706368101350882,0.009980398278651492,78.36403502126234
preflid,8,5404,4.706368101350882,0.009980398278651492,78.64348617306459
preflid,8,5432,4.706368101350882,0.009980398278651492,78.92293732486684
preflid,8,5460,4.706368101350882,0.009980398278651492,79.20238847666909
preflid,8,5488,4.706368101350882,0.009980398278651492,79.48183962847133
preflid,8,5516,4.706368101350882,0.009980398278651492,79.76129078027358
preflid,8,5544,4.706368101350882,0.009980398278651492,80.04074193207583
preflid,8,5572,4.706368101350882,0.009980398278651492,80.32019308387808
preflid,8,5600,4.706368101350882,0.009980398278651492,80.59964423568033
preflid,9,28,4.535329638838169,0.1810188607913643,5.068528102158201
preflid,9,56,4.680933999730729,0.03541449989880441,8.098595151820563
preflid,9,84,4.618037193489257,0.0983113061402765,9.970756436367695
preflid,9,112,4.773188812496836,0.0,11.347114722331566
preflid,9,140,4.773188812496836,0.0,11.347114722331566
preflid,9,168,4.773188812496836,0.0,11.347114722331566
preflid,9,196,4.5913116617076755,0.12503683792185782,13.097630453237576
preflid,9,224,4.5913116617076755,0.12503683792185782,16.598661915049597
preflid,9,252,4.709907221799683,0.006441277829850378,18.43935553557351
preflid,9,280,4.709907221799683,0.006441277829850378,18.619711314809322
preflid,9,308,4.734225593961805,0.0,18.709889204427228
preflid,9,336,4.709907221799683,0.006441277829850378,18.800067094045133
preflid,9,364,4.674880252515053,0.04146824711448005,19.47080044326576
preflid,9,392,4.674880252515053,0.04146824711448005,20.6319113624712
preflid,9,420,4.782956648507299,0.0,21.21246682207392
preflid,9,448,4.6873505022192745,0.02899799741025877,21.618438785817546
preflid,9,476,4.6873505022192745,0.02899799741025877,22.43038271330479
preflid,9,504,4.6873505022192745,0.02899799741025877,23.242326640792037
preflid,9,532,4.6873505022192745,0.02899799741025877,24.054270568279282
preflid,9,560,4.6873505022192745,0.02899799741025877,24.866214495766528
preflid,9,588,4.926403984999624,0.0,25.272186459510152
preflid,9,616,4.926403984999624,0.0,25.272186459510152
preflid,9,644,4.926403984999624,0.0,25.272186459510152
preflid,9,672,4.926403984999624,0.0,25.272186459510152
preflid,9,700,4.926403984999624,0.0,25.272186459510152
preflid,9,728,4.778956873839778,0.0,25.272186459510152
preflid,9,756,4.778956873839778,0.0,25.272186459510152
preflid,9,784,4.778956873839778,0.0,25.272186459510152
preflid,9,812,4.778956873839778,0.0,25.272186459510152
preflid,9,840,4.778956873839778,0.0,25.272186459510152
preflid,9,868,4.746171754478401,0.0,25.272186459510152
preflid,9,896,4.746171754478401,0.0,25.272186459510152
preflid,9,924,4.9034155685476835,0.0,25.272186459510152
preflid,9,952,4.746171754478401,0.0,25.272186459510152
preflid,9,980,4.746171754478401,0.0,25.272186459510152
preflid,9,1008,4.746171754478401,0.0,25.272186459510152
preflid,9,1036,4.746171754478401,0.0,25.272186459510152
preflid,9,1064,4.9915017755965545,0.0,25.272186459510152
preflid,9,1092,4.746171754478401,0.0,25.272186459510152
preflid,9,1120,4.746171754478401,0.0,25.272186459510152
preflid,9,1148,4.746171754478401,0.0,25.272186459510152
preflid,9,1176,4.746171754478401,0.0,25.272186459510152
preflid,9,1204,4.746171754478401,0.0,25.272186459510152
preflid,9,1232,4.746171754478401,0.0,25.272186459510152
preflid,9,1260,4.746171754478401,0.0,25.272186459510152
preflid,9,1288,4.746171754478401,0.0,25.272186459510152
preflid,9,1316,4.746171754478401,0.0,25.272186459510152
preflid,9,1344,4.746171754478401,0.0,25.272186459510152
preflid,9,1372,4.746171754478401,0.0,25.272186459510152
preflid,9,1400,4.746171754478401,0.0,25.272186459510152
preflid,9,1428,4.746171754478401,0.0,25.272186459510152
preflid,9,1456,4.746171754478401,0.0,25.272186459510152
preflid,9,1484,4.746171754478401,0.0,25.272186459510152
preflid,9,1512,4.746171754478401,0.0,25.272186459510152
preflid,9,1540,4.746171754478401,0.0,25.272186459510152
preflid,9,1568,4.746171754478401,0.0,25.272186459510152
preflid,9,1596,4.77784101387465,0.0,25.272186459510152
preflid,9,1624,4.77784101387465,0.0,25.272186459510152
preflid,9,1652,4.77784101387465,0.0,25.272186459510152
preflid,9,1680,4.77784101387465,0.0,25.272186459510152
preflid,9,1708,4.77784101387465,0.0,25.272186459510152
preflid,9,1736,4.77784101387465,0.0,25.272186459510152
preflid,9,1764,4.77784101387465,0.0,25.272186459510152
preflid,9,1792,4.77784101387465,0.0,25.272186459510152
preflid,9,1820,4.77784101387465,0.0,25.272186459510152
preflid,9,1848,4.77784101387465,0.0,25.272186459510152
preflid,9,1876,4.77784101387465,0.0,25.272186459510152
preflid,9,1904,4.77784101387465,0.0,25.272186459510152
preflid,9,1932,4.77784101387465,0.0,25.272186459510152
preflid,9,1960,4.77784101387465,0.0,25.272186459510152
preflid,9,1988,4.77784101387465,0.0,25.272186459510152
preflid,9,2016,4.77784101387465,0.0,25.272186459510152
preflid,9,2044,4.77784101387465,0.0,25.272186459510152
preflid,9,2072,4.77784101387465,0.0,25.272186459510152
preflid,9,2100,4.77784101387465,0.0,25.272186459510152
preflid,9,2128,4.77784101387465,0.0,25.272186459510152
preflid,9,2156,4.77784101387465,0.0,25.272186459510152
preflid,9,2184,4.77784101387465,0.0,25.272186459510152
preflid,9,2212,4.77784101387465,0.0,25.272186459510152
preflid,9,2240,4.77784101387465,0.0,25.272186459510152
preflid,9,2268,4.77784101387465,0.0,25.272186459510152
preflid,9,2296,4.77784101387465,0.0,25.272186459510152
preflid,9,2324,4.77784101387465,0.0,25.272186459510152
preflid,9,2352,4.77784101387465,0.0,25.272186459510152
preflid,9,2380,4.77784101387465,0.0,25.272186459510152
preflid,9,2408,4.77784101387465,0.0,25.272186459510152
preflid,9,2436,4.77784101387465,0.0,25.272186459510152
preflid,9,2464,4.77784101387465,0.0,25.272186459510152
preflid,9,2492,4.77784101387465,0.0,25.272186459510152
preflid,9,2520,4.77784101387465,0.0,25.272186459510152
preflid,9,2548,4.77784101387465,0.0,25.272186459510152
preflid,9,2576,4.77784101387465,0.0,25.272186459510152
preflid,9,2604,4.77784101387465,0.0,25.272186459510152
preflid,9,2632,4.77784101387465,0.0,25.272186459510152
preflid,9,2660,4.77784101387465,0.0,25.272186459510152
preflid,9,2688,4.77784101387465,0.0,25.272186459510152
preflid,9,2716,4.754211470392199,0.0,25.272186459510152
preflid,9,2744,4.754211470392199,0.0,25.272186459510152
preflid,9,2772,4.754211470392199,0.0,25.272186459510152
preflid,9,2800,4.754211470392199,0.0,25.272186459510152
preflid,9,2828,4.754211470392199,0.0,25.272186459510152
preflid,9,2856,4.754211470392199,0.0,25.272186459510152
preflid,9,2884,4.754211470392199,0.0,25.272186459510152
preflid,9,2912,4.754211470392199,0.0,25.272186459510152
preflid,9,2940,4.754211470392199,0.0,25.272186459510152
preflid,9,2968,4.754211470392199,0.0,25.272186459510152
preflid,9,2996,4.754211470392199,0.0,25.272186459510152
preflid,9,3024,4.754211470392199,0.0,25.272186459510152
preflid,9,3052,4.754211470392199,0.0,25.272186459510152
preflid,9,3080,4.754211470392199,0.0,25.272186459510152
preflid,9,3108,4.754211470392199,0.0,25.272186459510152
preflid,9,3136,4.754211470392199,0.0,25.272186459510152
preflid,9,3164,4.754211470392199,0.0,25.272186459510152
preflid,9,3192,4.754211470392199,0.0,25.272186459510152
preflid,9,3220,4.754211470392199,0.0,25.272186459510152
preflid,9,3248,4.754211470392199,0.0,25.272186459510152
preflid,9,3276,4.754211470392199,0.0,25.272186459510152
preflid,9,3304,4.754211470392199,0.0,25.272186459510152
preflid,9,3332,4.754211470392199,0.0,25.272186459510152
preflid,9,3360,4.716348499629533,0.0,25.272186459510152
preflid,9,3388,4.716348499629533,0.0,25.272186459510152
preflid,9,3416,4.716348499629533,0.0,25.272186459510152
preflid,9,3444,4.716348499629533,0.0,25.272186459510152
preflid,9,3472,4.716348499629533,0.0,25.272186459510152
preflid,9,3500,4.716348499629533,0.0,25.272186459510152
preflid,9,3528,4.716348499629533,0.0,25.272186459510152
preflid,9,3556,4.716348499629533,0.0,25.272186459510152
preflid,9,3584,4.716348499629533,0.0,25.272186459510152
preflid,9,3612,4.716348499629533,0.0,25.272186459510152
preflid,9,3640,4.716348499629533,0.0,25.272186459510152
preflid,9,3668,4.716348499629533,0.0,25.272186459510152
preflid,9,3696,4.716348499629533,0.0,25.272186459510152
preflid,9,3724,4.716348499629533,0.0,25.272186459510152
preflid,9,3752,4.716348499629533,0.0,25.272186459510152
preflid,9,3780,4.716348499629533,0.0,25.272186459510152
preflid,9,3808,4.716348499629533,0.0,25.272186459510152
preflid,9,3836,4.716348499629533,0.0,25.272186459510152
preflid,9,3864,4.754211470392199,0.0,25.272186459510152
preflid,9,3892,4.754211470392199,0.0,25.272186459510152
preflid,9,3920,4.754211470392199,0.0,25.272186459510152
preflid,9,3948,4.754211470392199,0.0,25.272186459510152
preflid,9,3976,4.754211470392199,0.0,25.272186459510152
preflid,9,4004,4.754211470392199,0.0,25.272186459510152
preflid,9,4032,4.716348499629533,0.0,25.272186459510152
preflid,9,4060,4.716348499629533,0.0,25.272186459510152
preflid,9,4088,4.716348499629533,0.0,25.272186459510152
preflid,9,4116,4.716348499629533,0.0,25.272186459510152
preflid,9,4144,4.716348499629533,0.0,25.272186459510152
preflid,9,4172,4.716348499629533,0.0,25.272186459510152
preflid,9,4200,4.716348499629533,0.0,25.272186459510152
preflid,9,4228,4.716348499629533,0.0,25.272186459510152
preflid,9,4256,4.716348499629533,0.0,25.272186459510152
preflid,9,4284,4.716348499629533,0.0,25.272186459510152
preflid,9,4312,4.716348499629533,0.0,25.272186459510152
preflid,9,4340,4.716348499629533,0.0,25.272186459510152
preflid,9,4368,4.716348499629533,0.0,25.272186459510152
preflid,9,4396,4.716348499629533,0.0,25.272186459510152
preflid,9,4424,4.716348499629533,0.0,25.272186459510152
preflid,9,4452,4.716348499629533,0.0,25.272186459510152
preflid,9,4480,4.716348499629533,0.0,25.272186459510152
preflid,9,4508,4.716348499629533,0.0,25.272186459510152
preflid,9,4536,4.716348499629533,0.0,25.272186459510152
preflid,9,4564,4.716348499629533,0.0,25.272186459510152
preflid,9,4592,4.716348499629533,0.0,25.272186459510152
preflid,9,4620,4.716348499629533,0.0,25.272186459510152
preflid,9,4648,4.716348499629533,0.0,25.272186459510152
preflid,9,4676,4.716348499629533,0.0,25.272186459510152
preflid,9,4704,4.716348499629533,0.0,25.272186459510152
preflid,9,4732,4.716348499629533,0.0,25.272186459510152
preflid,9,4760,4.716348499629533,0.0,25.272186459510152
preflid,9,4788,4.716348499629533,0.0,25.272186459510152
preflid,9,4816,4.716348499629533,0.0,25.272186459510152
preflid,9,4844,4.716348499629533,0.0,25.272186459510152
preflid,9,4872,4.716348499629533,0.0,25.272186459510152
preflid,9,4900,4.716348499629533,0.0,25.272186459510152
preflid,9,4928,4.716348499629533,0.0,25.272186459510152
preflid,9,4956,4.716348499629533,0.0,25.272186459510152
preflid,9,4984,4.716348499629533,0.0,25.272186459510152
preflid,9,5012,4.716348499629533,0.0,25.272186459510152
preflid,9,5040,4.716348499629533,0.0,25.272186459510152
preflid,9,5068,4.716348499629533,0.0,25.272186459510152
preflid,9,5096,4.716348499629533,0.0,25.272186459510152
preflid,9,5124,4.716348499629533,0.0,25.272186459510152
preflid,9,5152,4.716348499629533,0.0,25.272186459510152
preflid,9,5180,4.716348499629533,0.0,25.272186459510152
preflid,9,5208,4.716348499629533,0.0,25.272186459510152
preflid,9,5236,4.716348499629533,0.0,25.272186459510152
preflid,9,5264,4.716348499629533,0.0,25.272186459510152
preflid,9,5292,4.716348499629533,0.0,25.272186459510152
preflid,9,5320,4.716348499629533,0.0,25.272186459510152
preflid,9,5348,4.716348499629533,0.0,25.272186459510152
preflid,9,5376,4.716348499629533,0.0,25.272186459510152
preflid,9,5404,4.716348499629533,0.0,25.272186459510152
preflid,9,5432,4.716348499629533,0.0,25.272186459510152
preflid,9,5460,4.716348499629533,0.0,25.272186459510152
preflid,9,5488,4.716348499629533,0.0,25.272186459510152
preflid,9,5516,4.716348499629533,0.0,25.272186459510152
preflid,9,5544,4.716348499629533,0.0,25.272186459510152
preflid,9,5572,4.716348499629533,0.0,25.272186459510152
preflid,9,5600,4.716348499629533,0.0,25.272186459510152
