replicate,task,model
0,medqa,DeepSeek-R1-0528-Qwen3-8B
0,humaneval,Qwen2.5-Coder-7B-Instruct
0,meld,gemma-2-9b-it
0,emorynlp,glm-4-9b-chat
0,math500,GLM-Z1-9B-0414
0,korbench,Intern-S1-mini
0,mbpp,Fin-R1
0,finqa,Qwen3-8B
1,medqa,Qwen3-8B
1,meld,glm-4-9b-chat
1,humaneval,Qwen2.5-Coder-7B-Instruct
1,finqa,Intern-S1-mini
1,math500,DeepSeek-R1-0528-Qwen3-8B
1,korbench,GLM-Z1-9B-0414
1,emorynlp,gemma-2-9b-it
1,mbpp,Fin-R1
2,meld,glm-4-9b-chat
2,medqa,DeepSeek-R1-0528-Qwen3-8B
2,humaneval,Qwen2.5-Coder-7B-Instruct
2,math500,GLM-Z1-9B-0414
2,korbench,Intern-S1-mini
2,emorynlp,gemma-2-9b-it
2,mbpp,Fin-R1
2,finqa,Qwen3-8B
3,meld,glm-4-9b-chat
3,medqa,DeepSeek-R1-0528-Qwen3-8B
3,humaneval,Qwen2.5-Coder-7B-Instruct
3,math500,GLM-Z1-9B-0414
3,korbench,Intern-S1-mini
3,emorynlp,gemma-2-9b-it
3,mbpp,Fin-R1
3,finqa,Qwen3-8B
4,meld,glm-4-9b-chat
4,medqa,DeepSeek-R1-0528-Qwen3-8B
4,humaneval,Qwen2.5-Coder-7B-Instruct
4,math500,GLM-Z1-9B-0414
4,korbench,Intern-S1-mini
4,emorynlp,gemma-2-9b-it
4,mbpp,Fin-R1
4,finqa,Qwen3-8B
5,meld,glm-4-9b-chat
5,medqa,DeepSeek-R1-0528-Qwen3-8B
5,humaneval,Qwen2.5-Coder-7B-Instruct
5,math500,GLM-Z1-9B-0414
5,korbench,Intern-S1-mini
5,emorynlp,gemma-2-9b-it
5,mbpp,Fin-R1
5,finqa,Qwen3-8B
6,meld,glm-4-9b-chat
6,medqa,DeepSeek-R1-0528-Qwen3-8B
6,humaneval,Qwen2.5-Coder-7B-Instruct
6,math500,GLM-Z1-9B-0414
6,korbench,Intern-S1-mini
6,emorynlp,gemma-2-9b-it
6,mbpp,Fin-R1
6,finqa,Qwen3-8B
7,medqa,Qwen3-8B
7,meld,glm-4-9b-chat
7,humaneval,Qwen2.5-Coder-7B-Instruct
7,finqa,Intern-S1-mini
7,math500,DeepSeek-R1-0528-Qwen3-8B
7,korbench,GLM-Z1-9B-0414
7,emorynlp,gemma-2-9b-it
7,mbpp,Fin-R1
8,meld,glm-4-9b-chat
8,medqa,DeepSeek-R1-0528-Qwen3-8B
8,mbpp,Qwen2.5-Coder-7B-Instruct
8,math500,GLM-Z1-9B-0414
8,humaneval,Fin-R1
8,korbench,Intern-S1-mini
8,emorynlp,gemma-2-9b-it
8,finqa,Qwen3-8B
9,meld,glm-4-9b-chat
9,medqa,DeepSeek-R1-0528-Qwen3-8B
9,math500,Qwen3-8B
9,humaneval,Qwen2.5-Coder-7B-Instruct
9,finqa,Intern-S1-mini
9,korbench,GLM-Z1-9B-0414
9,emorynlp,gemma-2-9b-it
9,mbpp,Fin-R1
10,meld,glm-4-9b-chat
10,medqa,DeepSeek-R1-0528-Qwen3-8B
10,humaneval,Qwen2.5-Coder-7B-Instruct
10,math500,GLM-Z1-9B-0414
10,korbench,Intern-S1-mini
10,emorynlp,gemma-2-9b-it
10,mbpp,Fin-R1
10,finqa,Qwen3-8B
11,meld,glm-4-9b-chat
11,medqa,DeepSeek-R1-0528-Qwen3-8B
11,humaneval,Qwen2.5-Coder-7B-Instruct
11,math500,GLM-Z1-9B-0414
11,korbench,Intern-S1-mini
11,emorynlp,gemma-2-9b-it
11,mbpp,Fin-R1
11,finqa,Qwen3-8B
12,medqa,Qwen3-8B
12,meld,glm-4-9b-chat
12,humaneval,Qwen2.5-Coder-7B-Instruct
12,finqa,Intern-S1-mini
12,math500,DeepSeek-R1-0528-Qwen3-8B
12,korbench,GLM-Z1-9B-0414
12,emorynlp,gemma-2-9b-it
12,mbpp,Fin-R1
13,meld,glm-4-9b-chat
13,medqa,DeepSeek-R1-0528-Qwen3-8B
13,humaneval,Qwen2.5-Coder-7B-Instruct
13,math500,GLM-Z1-9B-0414
13,korbench,Intern-S1-mini
13,emorynlp,gemma-2-9b-it
13,mbpp,Fin-R1
13,finqa,Qwen3-8B
14,medqa,Qwen3-8B
14,meld,glm-4-9b-chat
14,humaneval,Qwen2.5-Coder-7B-Instruct
14,finqa,Intern-S1-mini
14,math500,DeepSeek-R1-0528-Qwen3-8B
14,korbench,GLM-Z1-9B-0414
14,emorynlp,gemma-2-9b-it
14,mbpp,Fin-R1
15,meld,glm-4-9b-chat
15,medqa,DeepSeek-R1-0528-Qwen3-8B
15,humaneval,Qwen2.5-Coder-7B-Instruct
15,math500,GLM-Z1-9B-0414
15,korbench,Intern-S1-mini
15,emorynlp,gemma-2-9b-it
15,mbpp,Fin-R1
15,finqa,Qwen3-8B
16,meld,glm-4-9b-chat
16,medqa,DeepSeek-R1-0528-Qwen3-8B
16,humaneval,Qwen2.5-Coder-7B-Instruct
16,math500,GLM-Z1-9B-0414
16,korbench,Intern-S1-mini
16,emorynlp,gemma-2-9b-it
16,mbpp,Fin-R1
16,finqa,Qwen3-8B
17,meld,glm-4-9b-chat
17,medqa,DeepSeek-R1-0528-Qwen3-8B
17,humaneval,Qwen2.5-Coder-7B-Instruct
17,math500,GLM-Z1-9B-0414
17,korbench,Intern-S1-mini
17,emorynlp,gemma-2-9b-it
17,mbpp,Fin-R1
17,finqa,Qwen3-8B
18,meld,glm-4-9b-chat
18,medqa,DeepSeek-R1-0528-Qwen3-8B
18,humaneval,Qwen2.5-Coder-7B-Instruct
18,math500,GLM-Z1-9B-0414
18,korbench,Intern-S1-mini
18,emorynlp,gemma-2-9b-it
18,mbpp,Fin-R1
18,finqa,Qwen3-8B
19,meld,glm-4-9b-chat
19,medqa,DeepSeek-R1-0528-Qwen3-8B
19,humaneval,Qwen2.5-Coder-7B-Instruct
19,math500,GLM-Z1-9B-0414
19,korbench,Intern-S1-mini
19,emorynlp,gemma-2-9b-it
19,mbpp,Fin-R1
19,finqa,Qwen3-8B
20,meld,glm-4-9b-chat
20,medqa,DeepSeek-R1-0528-Qwen3-8B
20,humaneval,Qwen2.5-Coder-7B-Instruct
20,math500,GLM-Z1-9B-0414
20,korbench,Intern-S1-mini
20,emorynlp,gemma-2-9b-it
20,mbpp,Fin-R1
20,finqa,Qwen3-8B
21,meld,glm-4-9b-chat
21,medqa,DeepSeek-R1-0528-Qwen3-8B
21,humaneval,Qwen2.5-Coder-7B-Instruct
21,math500,GLM-Z1-9B-0414
21,korbench,Intern-S1-mini
21,emorynlp,gemma-2-9b-it
21,mbpp,Fin-R1
21,finqa,Qwen3-8B
22,meld,glm-4-9b-chat
22,medqa,DeepSeek-R1-0528-Qwen3-8B
22,humaneval,Qwen2.5-Coder-7B-Instruct
22,math500,GLM-Z1-9B-0414
22,korbench,Intern-S1-mini
22,emorynlp,gemma-2-9b-it
22,mbpp,Fin-R1
22,finqa,Qwen3-8B
23,meld,glm-4-9b-chat
23,medqa,DeepSeek-R1-0528-Qwen3-8B
23,humaneval,Qwen2.5-Coder-7B-Instruct
23,math500,GLM-Z1-9B-0414
23,korbench,Intern-S1-mini
23,emorynlp,gemma-2-9b-it
23,mbpp,Fin-R1
23,finqa,Qwen3-8B
24,meld,glm-4-9b-chat
24,medqa,DeepSeek-R1-0528-Qwen3-8B
24,humaneval,Qwen2.5-Coder-7B-Instruct
24,math500,GLM-Z1-9B-0414
24,korbench,Intern-S1-mini
24,emorynlp,gemma-2-9b-it
24,mbpp,Fin-R1
24,finqa,Qwen3-8B
25,meld,glm-4-9b-chat
25,medqa,DeepSeek-R1-0528-Qwen3-8B
25,humaneval,Qwen2.5-Coder-7B-Instruct
25,math500,GLM-Z1-9B-0414
25,korbench,Intern-S1-mini
25,emorynlp,gemma-2-9b-it
25,mbpp,Fin-R1
25,finqa,Qwen3-8B
26,medqa,Qwen3-8B
26,meld,glm-4-9b-chat
26,humaneval,Qwen2.5-Coder-7B-Instruct
26,finqa,Intern-S1-mini
26,math500,DeepSeek-R1-0528-Qwen3-8B
26,korbench,GLM-Z1-9B-0414
26,emorynlp,gemma-2-9b-it
26,mbpp,Fin-R1
27,meld,glm-4-9b-chat
27,medqa,DeepSeek-R1-0528-Qwen3-8B
27,humaneval,Qwen2.5-Coder-7B-Instruct
27,math500,GLM-Z1-9B-0414
27,korbench,Intern-S1-mini
27,emorynlp,gemma-2-9b-it
27,mbpp,Fin-R1
27,finqa,Qwen3-8B
28,medqa,DeepSeek-R1-0528-Qwen3-8B
28,humaneval,Qwen2.5-Coder-7B-Instruct
28,meld,gemma-2-9b-it
28,emorynlp,glm-4-9b-chat
28,math500,GLM-Z1-9B-0414
28,korbench,Intern-S1-mini
28,mbpp,Fin-R1
28,finqa,Qwen3-8B
29,meld,glm-4-9b-chat
29,medqa,DeepSeek-R1-0528-Qwen3-8B
29,humaneval,Qwen2.5-Coder-7B-Instruct
29,math500,GLM-Z1-9B-0414
29,korbench,Intern-S1-mini
29,emorynlp,gemma-2-9b-it
29,mbpp,Fin-R1
29,finqa,Qwen3-8B
30,meld,glm-4-9b-chat
30,medqa,DeepSeek-R1-0528-Qwen3-8B
30,humaneval,Qwen2.5-Coder-7B-Instruct
30,math500,GLM-Z1-9B-0414
30,korbench,Intern-S1-mini
30,emorynlp,gemma-2-9b-it
30,mbpp,Fin-R1
30,finqa,Qwen3-8B
31,meld,glm-4-9b-chat
31,medqa,DeepSeek-R1-0528-Qwen3-8B
31,humaneval,Qwen2.5-Coder-7B-Instruct
31,math500,GLM-Z1-9B-0414
31,korbench,Intern-S1-mini
31,emorynlp,gemma-2-9b-it
31,mbpp,Fin-R1
31,finqa,Qwen3-8B
32,meld,glm-4-9b-chat
32,medqa,DeepSeek-R1-0528-Qwen3-8B
32,humaneval,Qwen2.5-Coder-7B-Instruct
32,math500,GLM-Z1-9B-0414
32,korbench,Intern-S1-mini
32,emorynlp,gemma-2-9b-it
32,mbpp,Fin-R1
32,finqa,Qwen3-8B
33,medqa,Qwen3-8B
33,meld,glm-4-9b-chat
33,humaneval,Qwen2.5-Coder-7B-Instruct
33,finqa,Intern-S1-mini
33,math500,DeepSeek-R1-0528-Qwen3-8B
33,korbench,GLM-Z1-9B-0414
33,emorynlp,gemma-2-9b-it
33,mbpp,Fin-R1
34,medqa,Qwen3-8B
34,meld,glm-4-9b-chat
34,humaneval,Qwen2.5-Coder-7B-Instruct
34,finqa,Intern-S1-mini
34,math500,DeepSeek-R1-0528-Qwen3-8B
34,korbench,GLM-Z1-9B-0414
34,emorynlp,gemma-2-9b-it
34,mbpp,Fin-R1
35,meld,glm-4-9b-chat
35,medqa,DeepSeek-R1-0528-Qwen3-8B
35,humaneval,Qwen2.5-Coder-7B-Instruct
35,math500,GLM-Z1-9B-0414
35,korbench,Intern-S1-mini
35,emorynlp,gemma-2-9b-it
35,mbpp,Fin-R1
35,finqa,Qwen3-8B
36,meld,glm-4-9b-chat
36,medqa,DeepSeek-R1-0528-Qwen3-8B
36,mbpp,Qwen2.5-Coder-7B-Instruct
36,math500,GLM-Z1-9B-0414
36,humaneval,Fin-R1
36,korbench,Intern-S1-mini
36,emorynlp,gemma-2-9b-it
36,finqa,Qwen3-8B
37,meld,glm-4-9b-chat
37,medqa,DeepSeek-R1-0528-Qwen3-8B
37,humaneval,Qwen2.5-Coder-7B-Instruct
37,math500,GLM-Z1-9B-0414
37,korbench,Intern-S1-mini
37,emorynlp,gemma-2-9b-it
37,mbpp,Fin-R1
37,finqa,Qwen3-8B
38,meld,glm-4-9b-chat
38,medqa,DeepSeek-R1-0528-Qwen3-8B
38,humaneval,Qwen2.5-Coder-7B-Instruct
38,math500,GLM-Z1-9B-0414
38,korbench,Intern-S1-mini
38,emorynlp,gemma-2-9b-it
38,mbpp,Fin-R1
38,finqa,Qwen3-8B
39,meld,glm-4-9b-chat
39,humaneval,Qwen2.5-Coder-7B-Instruct
39,mbpp,GLM-Z1-9B-0414
39,math500,DeepSeek-R1-0528-Qwen3-8B
39,finqa,Fin-R1
39,korbench,Intern-S1-mini
39,emorynlp,gemma-2-9b-it
39,medqa,Qwen3-8B
40,meld,glm-4-9b-chat
40,medqa,DeepSeek-R1-0528-Qwen3-8B
40,humaneval,Qwen2.5-Coder-7B-Instruct
40,math500,GLM-Z1-9B-0414
40,korbench,Intern-S1-mini
40,emorynlp,gemma-2-9b-it
40,mbpp,Fin-R1
40,finqa,Qwen3-8B
41,meld,glm-4-9b-chat
41,medqa,DeepSeek-R1-0528-Qwen3-8B
41,humaneval,Qwen2.5-Coder-7B-Instruct
41,math500,GLM-Z1-9B-0414
41,korbench,Intern-S1-mini
41,emorynlp,gemma-2-9b-it
41,mbpp,Fin-R1
41,finqa,Qwen3-8B
42,meld,glm-4-9b-chat
42,medqa,DeepSeek-R1-0528-Qwen3-8B
42,humaneval,Qwen2.5-Coder-7B-Instruct
42,math500,GLM-Z1-9B-0414
42,korbench,Intern-S1-mini
42,emorynlp,gemma-2-9b-it
42,mbpp,Fin-R1
42,finqa,Qwen3-8B
43,medqa,Qwen3-8B
43,meld,glm-4-9b-chat
43,humaneval,Qwen2.5-Coder-7B-Instruct
43,finqa,Intern-S1-mini
43,math500,DeepSeek-R1-0528-Qwen3-8B
43,korbench,GLM-Z1-9B-0414
43,emorynlp,gemma-2-9b-it
43,mbpp,Fin-R1
44,meld,glm-4-9b-chat
44,medqa,DeepSeek-R1-0528-Qwen3-8B
44,humaneval,Qwen2.5-Coder-7B-Instruct
44,math500,GLM-Z1-9B-0414
44,korbench,Intern-S1-mini
44,emorynlp,gemma-2-9b-it
44,mbpp,Fin-R1
44,finqa,Qwen3-8B
45,medqa,DeepSeek-R1-0528-Qwen3-8B
45,meld,gemma-2-9b-it
45,mbpp,Qwen2.5-Coder-7B-Instruct
45,math500,GLM-Z1-9B-0414
45,emorynlp,Fin-R1
45,korbench,Intern-S1-mini
45,humaneval,glm-4-9b-chat
45,finqa,Qwen3-8B
46,meld,glm-4-9b-chat
46,medqa,DeepSeek-R1-0528-Qwen3-8B
46,humaneval,Qwen2.5-Coder-7B-Instruct
46,math500,GLM-Z1-9B-0414
46,korbench,Intern-S1-mini
46,emorynlp,gemma-2-9b-it
46,mbpp,Fin-R1
46,finqa,Qwen3-8B
47,meld,glm-4-9b-chat
47,medqa,DeepSeek-R1-0528-Qwen3-8B
47,humaneval,Qwen2.5-Coder-7B-Instruct
47,math500,GLM-Z1-9B-0414
47,korbench,Intern-S1-mini
47,emorynlp,gemma-2-9b-it
47,mbpp,Fin-R1
47,finqa,Qwen3-8B
48,meld,glm-4-9b-chat
48,medqa,DeepSeek-R1-0528-Qwen3-8B
48,humaneval,Qwen2.5-Coder-7B-Instruct
48,math500,GLM-Z1-9B-0414
48,korbench,Intern-S1-mini
48,emorynlp,gemma-2-9b-it
48,mbpp,Fin-R1
48,finqa,Qwen3-8B
49,meld,glm-4-9b-chat
49,medqa,DeepSeek-R1-0528-Qwen3-8B
49,humaneval,Qwen2.5-Coder-7B-Instruct
49,math500,GLM-Z1-9B-0414
49,korbench,Intern-S1-mini
49,emorynlp,gemma-2-9b-it
49,mbpp,Fin-R1
49,finqa,Qwen3-8B
50,meld,glm-4-9b-chat
50,medqa,DeepSeek-R1-0528-Qwen3-8B
50,humaneval,Qwen2.5-Coder-7B-Instruct
50,math500,GLM-Z1-9B-0414
50,korbench,Intern-S1-mini
50,emorynlp,gemma-2-9b-it
50,mbpp,Fin-R1
50,finqa,Qwen3-8B
51,meld,glm-4-9b-chat
51,medqa,DeepSeek-R1-0528-Qwen3-8B
51,humaneval,Qwen2.5-Coder-7B-Instruct
51,math500,GLM-Z1-9B-0414
51,korbench,Intern-S1-mini
51,emorynlp,gemma-2-9b-it
51,mbpp,Fin-R1
51,finqa,Qwen3-8B
52,meld,glm-4-9b-chat
52,medqa,DeepSeek-R1-0528-Qwen3-8B
52,humaneval,Qwen2.5-Coder-7B-Instruct
52,math500,GLM-Z1-9B-0414
52,korbench,Intern-S1-mini
52,emorynlp,gemma-2-9b-it
52,mbpp,Fin-R1
52,finqa,Qwen3-8B
53,medqa,Qwen3-8B
53,meld,glm-4-9b-chat
53,humaneval,Qwen2.5-Coder-7B-Instruct
53,finqa,Intern-S1-mini
53,math500,DeepSeek-R1-0528-Qwen3-8B
53,korbench,GLM-Z1-9B-0414
53,emorynlp,gemma-2-9b-it
53,mbpp,Fin-R1
54,meld,glm-4-9b-chat
54,medqa,DeepSeek-R1-0528-Qwen3-8B
54,mbpp,Qwen2.5-Coder-7B-Instruct
54,math500,GLM-Z1-9B-0414
54,humaneval,Fin-R1
54,korbench,Intern-S1-mini
54,emorynlp,gemma-2-9b-it
54,finqa,Qwen3-8B
55,meld,glm-4-9b-chat
55,medqa,DeepSeek-R1-0528-Qwen3-8B
55,humaneval,Qwen2.5-Coder-7B-Instruct
55,math500,GLM-Z1-9B-0414
55,korbench,Intern-S1-mini
55,emorynlp,gemma-2-9b-it
55,mbpp,Fin-R1
55,finqa,Qwen3-8B
56,meld,glm-4-9b-chat
56,medqa,DeepSeek-R1-0528-Qwen3-8B
56,humaneval,Qwen2.5-Coder-7B-Instruct
56,math500,GLM-Z1-9B-0414
56,korbench,Intern-S1-mini
56,emorynlp,gemma-2-9b-it
56,mbpp,Fin-R1
56,finqa,Qwen3-8B
57,medqa,Qwen3-8B
57,humaneval,Qwen2.5-Coder-7B-Instruct
57,finqa,Intern-S1-mini
57,meld,gemma-2-9b-it
57,emorynlp,glm-4-9b-chat
57,math500,DeepSeek-R1-0528-Qwen3-8B
57,korbench,GLM-Z1-9B-0414
57,mbpp,Fin-R1
58,meld,glm-4-9b-chat
58,medqa,DeepSeek-R1-0528-Qwen3-8B
58,humaneval,Qwen2.5-Coder-7B-Instruct
58,math500,GLM-Z1-9B-0414
58,korbench,Intern-S1-mini
58,emorynlp,gemma-2-9b-it
58,mbpp,Fin-R1
58,finqa,Qwen3-8B
59,meld,glm-4-9b-chat
59,medqa,DeepSeek-R1-0528-Qwen3-8B
59,mbpp,Qwen2.5-Coder-7B-Instruct
59,math500,GLM-Z1-9B-0414
59,humaneval,Fin-R1
59,korbench,Intern-S1-mini
59,emorynlp,gemma-2-9b-it
59,finqa,Qwen3-8B
60,meld,glm-4-9b-chat
60,medqa,DeepSeek-R1-0528-Qwen3-8B
60,humaneval,Qwen2.5-Coder-7B-Instruct
60,math500,GLM-Z1-9B-0414
60,korbench,Intern-S1-mini
60,emorynlp,gemma-2-9b-it
60,mbpp,Fin-R1
60,finqa,Qwen3-8B
61,meld,glm-4-9b-chat
61,medqa,DeepSeek-R1-0528-Qwen3-8B
61,humaneval,Qwen2.5-Coder-7B-Instruct
61,math500,GLM-Z1-9B-0414
61,korbench,Intern-S1-mini
61,emorynlp,gemma-2-9b-it
61,mbpp,Fin-R1
61,finqa,Qwen3-8B
62,meld,glm-4-9b-chat
62,medqa,DeepSeek-R1-0528-Qwen3-8B
62,humaneval,Qwen2.5-Coder-7B-Instruct
62,math500,GLM-Z1-9B-0414
62,korbench,Intern-S1-mini
62,emorynlp,gemma-2-9b-it
62,mbpp,Fin-R1
62,finqa,Qwen3-8B
63,meld,glm-4-9b-chat
63,medqa,DeepSeek-R1-0528-Qwen3-8B
63,math500,Qwen3-8B
63,humaneval,Qwen2.5-Coder-7B-Instruct
63,finqa,Intern-S1-mini
63,korbench,GLM-Z1-9B-0414
63,emorynlp,gemma-2-9b-it
63,mbpp,Fin-R1
64,meld,glm-4-9b-chat
64,medqa,DeepSeek-R1-0528-Qwen3-8B
64,humaneval,Qwen2.5-Coder-7B-Instruct
64,math500,GLM-Z1-9B-0414
64,korbench,Intern-S1-mini
64,emorynlp,gemma-2-9b-it
64,mbpp,Fin-R1
64,finqa,Qwen3-8B
65,meld,glm-4-9b-chat
65,medqa,DeepSeek-R1-0528-Qwen3-8B
65,humaneval,Qwen2.5-Coder-7B-Instruct
65,math500,GLM-Z1-9B-0414
65,korbench,Intern-S1-mini
65,emorynlp,gemma-2-9b-it
65,mbpp,Fin-R1
65,finqa,Qwen3-8B
66,meld,glm-4-9b-chat
66,finqa,Intern-S1-mini
66,mbpp,Qwen2.5-Coder-7B-Instruct
66,math500,DeepSeek-R1-0528-Qwen3-8B
66,korbench,GLM-Z1-9B-0414
66,humaneval,Fin-R1
66,emorynlp,gemma-2-9b-it
66,medqa,Qwen3-8B
67,medqa,Qwen3-8B
67,meld,glm-4-9b-chat
67,humaneval,Qwen2.5-Coder-7B-Instruct
67,finqa,Intern-S1-mini
67,math500,DeepSeek-R1-0528-Qwen3-8B
67,korbench,GLM-Z1-9B-0414
67,emorynlp,gemma-2-9b-it
67,mbpp,Fin-R1
68,meld,glm-4-9b-chat
68,medqa,DeepSeek-R1-0528-Qwen3-8B
68,humaneval,Qwen2.5-Coder-7B-Instruct
68,math500,GLM-Z1-9B-0414
68,korbench,Intern-S1-mini
68,emorynlp,gemma-2-9b-it
68,mbpp,Fin-R1
68,finqa,Qwen3-8B
69,medqa,DeepSeek-R1-0528-Qwen3-8B
69,math500,Qwen3-8B
69,humaneval,Qwen2.5-Coder-7B-Instruct
69,finqa,Intern-S1-mini
69,meld,gemma-2-9b-it
69,emorynlp,glm-4-9b-chat
69,korbench,GLM-Z1-9B-0414
69,mbpp,Fin-R1
70,medqa,DeepSeek-R1-0528-Qwen3-8B
70,humaneval,Qwen2.5-Coder-7B-Instruct
70,meld,gemma-2-9b-it
70,emorynlp,glm-4-9b-chat
70,math500,GLM-Z1-9B-0414
70,korbench,Intern-S1-mini
70,mbpp,Fin-R1
70,finqa,Qwen3-8B
71,finqa,DeepSeek-R1-0528-Qwen3-8B
71,humaneval,Qwen2.5-Coder-7B-Instruct
71,meld,gemma-2-9b-it
71,emorynlp,glm-4-9b-chat
71,math500,GLM-Z1-9B-0414
71,korbench,Intern-S1-mini
71,medqa,Qwen3-8B
71,mbpp,Fin-R1
72,meld,glm-4-9b-chat
72,medqa,DeepSeek-R1-0528-Qwen3-8B
72,math500,Qwen3-8B
72,humaneval,Qwen2.5-Coder-7B-Instruct
72,finqa,Intern-S1-mini
72,korbench,GLM-Z1-9B-0414
72,emorynlp,gemma-2-9b-it
72,mbpp,Fin-R1
73,meld,glm-4-9b-chat
73,medqa,DeepSeek-R1-0528-Qwen3-8B
73,humaneval,Qwen2.5-Coder-7B-Instruct
73,math500,GLM-Z1-9B-0414
73,korbench,Intern-S1-mini
73,emorynlp,gemma-2-9b-it
73,mbpp,Fin-R1
73,finqa,Qwen3-8B
74,medqa,Qwen3-8B
74,meld,glm-4-9b-chat
74,humaneval,Qwen2.5-Coder-7B-Instruct
74,finqa,Intern-S1-mini
74,math500,DeepSeek-R1-0528-Qwen3-8B
74,korbench,GLM-Z1-9B-0414
74,emorynlp,gemma-2-9b-it
74,mbpp,Fin-R1
75,medqa,Qwen3-8B
75,humaneval,Qwen2.5-Coder-7B-Instruct
75,finqa,Intern-S1-mini
75,meld,gemma-2-9b-it
75,emorynlp,glm-4-9b-chat
75,math500,DeepSeek-R1-0528-Qwen3-8B
75,korbench,GLM-Z1-9B-0414
75,mbpp,Fin-R1
76,meld,glm-4-9b-chat
76,medqa,DeepSeek-R1-0528-Qwen3-8B
76,mbpp,Qwen2.5-Coder-7B-Instruct
76,math500,GLM-Z1-9B-0414
76,humaneval,Fin-R1
76,korbench,Intern-S1-mini
76,emorynlp,gemma-2-9b-it
76,finqa,Qwen3-8B
77,medqa,DeepSeek-R1-0528-Qwen3-8B
77,humaneval,Qwen2.5-Coder-7B-Instruct
77,meld,gemma-2-9b-it
77,emorynlp,glm-4-9b-chat
77,math500,GLM-Z1-9B-0414
77,korbench,Intern-S1-mini
77,mbpp,Fin-R1
77,finqa,Qwen3-8B
78,meld,glm-4-9b-chat
78,medqa,DeepSeek-R1-0528-Qwen3-8B
78,humaneval,Qwen2.5-Coder-7B-Instruct
78,math500,GLM-Z1-9B-0414
78,korbench,Intern-S1-mini
78,emorynlp,gemma-2-9b-it
78,mbpp,Fin-R1
78,finqa,Qwen3-8B
79,meld,glm-4-9b-chat
79,medqa,DeepSeek-R1-0528-Qwen3-8B
79,math500,Qwen3-8B
79,humaneval,Qwen2.5-Coder-7B-Instruct
79,finqa,Intern-S1-mini
79,korbench,GLM-Z1-9B-0414
79,emorynlp,gemma-2-9b-it
79,mbpp,Fin-R1
80,meld,glm-4-9b-chat
80,medqa,DeepSeek-R1-0528-Qwen3-8B
80,humaneval,Qwen2.5-Coder-7B-Instruct
80,math500,GLM-Z1-9B-0414
80,korbench,Intern-S1-mini
80,emorynlp,gemma-2-9b-it
80,mbpp,Fin-R1
80,finqa,Qwen3-8B
81,meld,glm-4-9b-chat
81,medqa,DeepSeek-R1-0528-Qwen3-8B
81,humaneval,Qwen2.5-Coder-7B-Instruct
81,math500,GLM-Z1-9B-0414
81,korbench,Intern-S1-mini
81,emorynlp,gemma-2-9b-it
81,mbpp,Fin-R1
81,finqa,Qwen3-8B
82,meld,glm-4-9b-chat
82,medqa,DeepSeek-R1-0528-Qwen3-8B
82,humaneval,Qwen2.5-Coder-7B-Instruct
82,math500,GLM-Z1-9B-0414
82,korbench,Intern-S1-mini
82,emorynlp,gemma-2-9b-it
82,mbpp,Fin-R1
82,finqa,Qwen3-8B
83,meld,glm-4-9b-chat
83,medqa,DeepSeek-R1-0528-Qwen3-8B
83,humaneval,Qwen2.5-Coder-7B-Instruct
83,math500,GLM-Z1-9B-0414
83,korbench,Intern-S1-mini
83,emorynlp,gemma-2-9b-it
83,mbpp,Fin-R1
83,finqa,Qwen3-8B
84,meld,glm-4-9b-chat
84,medqa,DeepSeek-R1-0528-Qwen3-8B
84,humaneval,Qwen2.5-Coder-7B-Instruct
84,math500,GLM-Z1-9B-0414
84,korbench,Intern-S1-mini
84,emorynlp,gemma-2-9b-it
84,mbpp,Fin-R1
84,finqa,Qwen3-8B
85,meld,glm-4-9b-chat
85,medqa,DeepSeek-R1-0528-Qwen3-8B
85,humaneval,Qwen2.5-Coder-7B-Instruct
85,math500,GLM-Z1-9B-0414
85,korbench,Intern-S1-mini
85,emorynlp,gemma-2-9b-it
85,mbpp,Fin-R1
85,finqa,Qwen3-8B
86,meld,glm-4-9b-chat
86,humaneval,Qwen2.5-Coder-7B-Instruct
86,mbpp,GLM-Z1-9B-0414
86,math500,DeepSeek-R1-0528-Qwen3-8B
86,finqa,Fin-R1
86,korbench,Intern-S1-mini
86,emorynlp,gemma-2-9b-it
86,medqa,Qwen3-8B
87,meld,glm-4-9b-chat
87,medqa,DeepSeek-R1-0528-Qwen3-8B
87,humaneval,Qwen2.5-Coder-7B-Instruct
87,math500,GLM-Z1-9B-0414
87,korbench,Intern-S1-mini
87,emorynlp,gemma-2-9b-it
87,mbpp,Fin-R1
87,finqa,Qwen3-8B
88,meld,glm-4-9b-chat
88,medqa,DeepSeek-R1-0528-Qwen3-8B
88,humaneval,Qwen2.5-Coder-7B-Instruct
88,math500,GLM-Z1-9B-0414
88,korbench,Intern-S1-mini
88,emorynlp,gemma-2-9b-it
88,mbpp,Fin-R1
88,finqa,Qwen3-8B
89,medqa,DeepSeek-R1-0528-Qwen3-8B
89,humaneval,Qwen2.5-Coder-7B-Instruct
89,meld,gemma-2-9b-it
89,emorynlp,glm-4-9b-chat
89,math500,GLM-Z1-9B-0414
89,korbench,Intern-S1-mini
89,mbpp,Fin-R1
89,finqa,Qwen3-8B
90,meld,glm-4-9b-chat
90,medqa,DeepSeek-R1-0528-Qwen3-8B
90,humaneval,Qwen2.5-Coder-7B-Instruct
90,math500,GLM-Z1-9B-0414
90,korbench,Intern-S1-mini
90,emorynlp,gemma-2-9b-it
90,mbpp,Fin-R1
90,finqa,Qwen3-8B
91,medqa,Qwen3-8B
91,meld,glm-4-9b-chat
91,humaneval,Qwen2.5-Coder-7B-Instruct
91,finqa,Intern-S1-mini
91,math500,DeepSeek-R1-0528-Qwen3-8B
91,korbench,GLM-Z1-9B-0414
91,emorynlp,gemma-2-9b-it
91,mbpp,Fin-R1
92,meld,glm-4-9b-chat
92,medqa,DeepSeek-R1-0528-Qwen3-8B
92,humaneval,Qwen2.5-Coder-7B-Instruct
92,math500,GLM-Z1-9B-0414
92,korbench,Intern-S1-mini
92,emorynlp,gemma-2-9b-it
92,mbpp,Fin-R1
92,finqa,Qwen3-8B
93,meld,glm-4-9b-chat
93,medqa,DeepSeek-R1-0528-Qwen3-8B
93,humaneval,Qwen2.5-Coder-7B-Instruct
93,math500,GLM-Z1-9B-0414
93,korbench,Intern-S1-mini
93,emorynlp,gemma-2-9b-it
93,mbpp,Fin-R1
93,finqa,Qwen3-8B
94,meld,glm-4-9b-chat
94,medqa,DeepSeek-R1-0528-Qwen3-8B
94,humaneval,Qwen2.5-Coder-7B-Instruct
94,math500,GLM-Z1-9B-0414
94,korbench,Intern-S1-mini
94,emorynlp,gemma-2-9b-it
94,mbpp,Fin-R1
94,finqa,Qwen3-8B
95,meld,glm-4-9b-chat
95,medqa,DeepSeek-R1-0528-Qwen3-8B
95,humaneval,Qwen2.5-Coder-7B-Instruct
95,math500,GLM-Z1-9B-0414
95,korbench,Intern-S1-mini
95,emorynlp,gemma-2-9b-it
95,mbpp,Fin-R1
95,finqa,Qwen3-8B
96,meld,glm-4-9b-chat
96,medqa,DeepSeek-R1-0528-Qwen3-8B
96,humaneval,Qwen2.5-Coder-7B-Instruct
96,math500,GLM-Z1-9B-0414
96,korbench,Intern-S1-mini
96,emorynlp,gemma-2-9b-it
96,mbpp,Fin-R1
96,finqa,Qwen3-8B
97,meld,glm-4-9b-chat
97,medqa,DeepSeek-R1-0528-Qwen3-8B
97,humaneval,Qwen2.5-Coder-7B-Instruct
97,math500,GLM-Z1-9B-0414
97,korbench,Intern-S1-mini
97,emorynlp,gemma-2-9b-it
97,mbpp,Fin-R1
97,finqa,Qwen3-8B
98,meld,glm-4-9b-chat
98,medqa,DeepSeek-R1-0528-Qwen3-8B
98,math500,Qwen3-8B
98,finqa,GLM-Z1-9B-0414
98,humaneval,Qwen2.5-Coder-7B-Instruct
98,korbench,Intern-S1-mini
98,emorynlp,gemma-2-9b-it
98,mbpp,Fin-R1
99,medqa,DeepSeek-R1-0528-Qwen3-8B
99,meld,gemma-2-9b-it
99,mbpp,Qwen2.5-Coder-7B-Instruct
99,math500,GLM-Z1-9B-0414
99,emorynlp,Fin-R1
99,korbench,Intern-S1-mini
99,humaneval,glm-4-9b-chat
99,finqa,Qwen3-8B
100,meld,glm-4-9b-chat
100,medqa,DeepSeek-R1-0528-Qwen3-8B
100,humaneval,Qwen2.5-Coder-7B-Instruct
100,math500,GLM-Z1-9B-0414
100,korbench,Intern-S1-mini
100,emorynlp,gemma-2-9b-it
100,mbpp,Fin-R1
100,finqa,Qwen3-8B
101,meld,glm-4-9b-chat
101,medqa,DeepSeek-R1-0528-Qwen3-8B
101,humaneval,Qwen2.5-Coder-7B-Instruct
101,math500,GLM-Z1-9B-0414
101,korbench,Intern-S1-mini
101,emorynlp,gemma-2-9b-it
101,mbpp,Fin-R1
101,finqa,Qwen3-8B
102,meld,glm-4-9b-chat
102,finqa,GLM-Z1-9B-0414
102,humaneval,Qwen2.5-Coder-7B-Instruct
102,math500,DeepSeek-R1-0528-Qwen3-8B
102,korbench,Intern-S1-mini
102,emorynlp,gemma-2-9b-it
102,medqa,Qwen3-8B
102,mbpp,Fin-R1
103,meld,glm-4-9b-chat
103,medqa,DeepSeek-R1-0528-Qwen3-8B
103,humaneval,Qwen2.5-Coder-7B-Instruct
103,math500,GLM-Z1-9B-0414
103,korbench,Intern-S1-mini
103,emorynlp,gemma-2-9b-it
103,mbpp,Fin-R1
103,finqa,Qwen3-8B
104,medqa,Qwen3-8B
104,meld,glm-4-9b-chat
104,humaneval,Qwen2.5-Coder-7B-Instruct
104,finqa,Intern-S1-mini
104,math500,DeepSeek-R1-0528-Qwen3-8B
104,korbench,GLM-Z1-9B-0414
104,emorynlp,gemma-2-9b-it
104,mbpp,Fin-R1
105,meld,glm-4-9b-chat
105,medqa,DeepSeek-R1-0528-Qwen3-8B
105,humaneval,Qwen2.5-Coder-7B-Instruct
105,math500,GLM-Z1-9B-0414
105,korbench,Intern-S1-mini
105,emorynlp,gemma-2-9b-it
105,mbpp,Fin-R1
105,finqa,Qwen3-8B
106,medqa,DeepSeek-R1-0528-Qwen3-8B
106,humaneval,Qwen2.5-Coder-7B-Instruct
106,meld,gemma-2-9b-it
106,emorynlp,glm-4-9b-chat
106,math500,GLM-Z1-9B-0414
106,korbench,Intern-S1-mini
106,mbpp,Fin-R1
106,finqa,Qwen3-8B
107,medqa,DeepSeek-R1-0528-Qwen3-8B
107,humaneval,Qwen2.5-Coder-7B-Instruct
107,meld,gemma-2-9b-it
107,emorynlp,glm-4-9b-chat
107,math500,GLM-Z1-9B-0414
107,korbench,Intern-S1-mini
107,mbpp,Fin-R1
107,finqa,Qwen3-8B
108,meld,glm-4-9b-chat
108,medqa,DeepSeek-R1-0528-Qwen3-8B
108,humaneval,Qwen2.5-Coder-7B-Instruct
108,math500,GLM-Z1-9B-0414
108,korbench,Intern-S1-mini
108,emorynlp,gemma-2-9b-it
108,mbpp,Fin-R1
108,finqa,Qwen3-8B
109,medqa,Qwen3-8B
109,meld,glm-4-9b-chat
109,humaneval,Qwen2.5-Coder-7B-Instruct
109,finqa,Intern-S1-mini
109,math500,DeepSeek-R1-0528-Qwen3-8B
109,korbench,GLM-Z1-9B-0414
109,emorynlp,gemma-2-9b-it
109,mbpp,Fin-R1
110,meld,glm-4-9b-chat
110,medqa,DeepSeek-R1-0528-Qwen3-8B
110,math500,Qwen3-8B
110,humaneval,Qwen2.5-Coder-7B-Instruct
110,finqa,Intern-S1-mini
110,korbench,GLM-Z1-9B-0414
110,emorynlp,gemma-2-9b-it
110,mbpp,Fin-R1
111,meld,glm-4-9b-chat
111,medqa,DeepSeek-R1-0528-Qwen3-8B
111,humaneval,Qwen2.5-Coder-7B-Instruct
111,math500,GLM-Z1-9B-0414
111,korbench,Intern-S1-mini
111,emorynlp,gemma-2-9b-it
111,mbpp,Fin-R1
111,finqa,Qwen3-8B
112,meld,glm-4-9b-chat
112,medqa,DeepSeek-R1-0528-Qwen3-8B
112,humaneval,Qwen2.5-Coder-7B-Instruct
112,math500,GLM-Z1-9B-0414
112,korbench,Intern-S1-mini
112,emorynlp,gemma-2-9b-it
112,mbpp,Fin-R1
112,finqa,Qwen3-8B
113,meld,glm-4-9b-chat
113,medqa,DeepSeek-R1-0528-Qwen3-8B
113,humaneval,Qwen2.5-Coder-7B-Instruct
113,math500,GLM-Z1-9B-0414
113,korbench,Intern-S1-mini
113,emorynlp,gemma-2-9b-it
113,mbpp,Fin-R1
113,finqa,Qwen3-8B
114,medqa,DeepSeek-R1-0528-Qwen3-8B
114,humaneval,Qwen2.5-Coder-7B-Instruct
114,meld,gemma-2-9b-it
114,emorynlp,glm-4-9b-chat
114,math500,GLM-Z1-9B-0414
114,korbench,Intern-S1-mini
114,mbpp,Fin-R1
114,finqa,Qwen3-8B
115,meld,glm-4-9b-chat
115,medqa,DeepSeek-R1-0528-Qwen3-8B
115,humaneval,Qwen2.5-Coder-7B-Instruct
115,math500,GLM-Z1-9B-0414
115,korbench,Intern-S1-mini
115,emorynlp,gemma-2-9b-it
115,mbpp,Fin-R1
115,finqa,Qwen3-8B
116,meld,glm-4-9b-chat
116,medqa,DeepSeek-R1-0528-Qwen3-8B
116,humaneval,Qwen2.5-Coder-7B-Instruct
116,math500,GLM-Z1-9B-0414
116,korbench,Intern-S1-mini
116,emorynlp,gemma-2-9b-it
116,mbpp,Fin-R1
116,finqa,Qwen3-8B
117,meld,glm-4-9b-chat
117,medqa,DeepSeek-R1-0528-Qwen3-8B
117,humaneval,Qwen2.5-Coder-7B-Instruct
117,math500,GLM-Z1-9B-0414
117,korbench,Intern-S1-mini
117,emorynlp,gemma-2-9b-it
117,mbpp,Fin-R1
117,finqa,Qwen3-8B
118,meld,glm-4-9b-chat
118,finqa,DeepSeek-R1-0528-Qwen3-8B
118,humaneval,Qwen2.5-Coder-7B-Instruct
118,math500,GLM-Z1-9B-0414
118,korbench,Intern-S1-mini
118,emorynlp,gemma-2-9b-it
118,medqa,Qwen3-8B
118,mbpp,Fin-R1
119,medqa,DeepSeek-R1-0528-Qwen3-8B
119,humaneval,Qwen2.5-Coder-7B-Instruct
119,meld,gemma-2-9b-it
119,emorynlp,glm-4-9b-chat
119,math500,GLM-Z1-9B-0414
119,korbench,Intern-S1-mini
119,mbpp,Fin-R1
119,finqa,Qwen3-8B
120,medqa,Qwen3-8B
120,meld,glm-4-9b-chat
120,humaneval,Qwen2.5-Coder-7B-Instruct
120,finqa,Intern-S1-mini
120,math500,DeepSeek-R1-0528-Qwen3-8B
120,korbench,GLM-Z1-9B-0414
120,emorynlp,gemma-2-9b-it
120,mbpp,Fin-R1
121,meld,glm-4-9b-chat
121,medqa,DeepSeek-R1-0528-Qwen3-8B
121,humaneval,Qwen2.5-Coder-7B-Instruct
121,math500,GLM-Z1-9B-0414
121,korbench,Intern-S1-mini
121,emorynlp,gemma-2-9b-it
121,mbpp,Fin-R1
121,finqa,Qwen3-8B
122,medqa,Qwen3-8B
122,meld,glm-4-9b-chat
122,humaneval,Qwen2.5-Coder-7B-Instruct
122,finqa,Intern-S1-mini
122,math500,DeepSeek-R1-0528-Qwen3-8B
122,korbench,GLM-Z1-9B-0414
122,emorynlp,gemma-2-9b-it
122,mbpp,Fin-R1
123,meld,glm-4-9b-chat
123,medqa,DeepSeek-R1-0528-Qwen3-8B
123,humaneval,Qwen2.5-Coder-7B-Instruct
123,math500,GLM-Z1-9B-0414
123,korbench,Intern-S1-mini
123,emorynlp,gemma-2-9b-it
123,mbpp,Fin-R1
123,finqa,Qwen3-8B
124,medqa,DeepSeek-R1-0528-Qwen3-8B
124,humaneval,Qwen2.5-Coder-7B-Instruct
124,meld,gemma-2-9b-it
124,emorynlp,glm-4-9b-chat
124,math500,GLM-Z1-9B-0414
124,korbench,Intern-S1-mini
124,mbpp,Fin-R1
124,finqa,Qwen3-8B
125,meld,glm-4-9b-chat
125,medqa,DeepSeek-R1-0528-Qwen3-8B
125,humaneval,Qwen2.5-Coder-7B-Instruct
125,math500,GLM-Z1-9B-0414
125,korbench,Intern-S1-mini
125,emorynlp,gemma-2-9b-it
125,mbpp,Fin-R1
125,finqa,Qwen3-8B
126,meld,glm-4-9b-chat
126,medqa,DeepSeek-R1-0528-Qwen3-8B
126,humaneval,Qwen2.5-Coder-7B-Instruct
126,math500,GLM-Z1-9B-0414
126,korbench,Intern-S1-mini
126,emorynlp,gemma-2-9b-it
126,mbpp,Fin-R1
126,finqa,Qwen3-8B
127,meld,glm-4-9b-chat
127,medqa,DeepSeek-R1-0528-Qwen3-8B
127,humaneval,Qwen2.5-Coder-7B-Instruct
127,math500,GLM-Z1-9B-0414
127,korbench,Intern-S1-mini
127,emorynlp,gemma-2-9b-it
127,mbpp,Fin-R1
127,finqa,Qwen3-8B
128,mbpp,glm-4-9b-chat
128,humaneval,Qwen2.5-Coder-7B-Instruct
128,meld,gemma-2-9b-it
128,math500,DeepSeek-R1-0528-Qwen3-8B
128,finqa,Fin-R1
128,korbench,Intern-S1-mini
128,medqa,Qwen3-8B
128,emorynlp,GLM-Z1-9B-0414
129,medqa,Qwen3-8B
129,meld,glm-4-9b-chat
129,humaneval,Qwen2.5-Coder-7B-Instruct
129,finqa,Intern-S1-mini
129,math500,DeepSeek-R1-0528-Qwen3-8B
129,korbench,GLM-Z1-9B-0414
129,emorynlp,gemma-2-9b-it
129,mbpp,Fin-R1
130,meld,glm-4-9b-chat
130,medqa,DeepSeek-R1-0528-Qwen3-8B
130,humaneval,Qwen2.5-Coder-7B-Instruct
130,math500,GLM-Z1-9B-0414
130,korbench,Intern-S1-mini
130,emorynlp,gemma-2-9b-it
130,mbpp,Fin-R1
130,finqa,Qwen3-8B
131,meld,glm-4-9b-chat
131,medqa,DeepSeek-R1-0528-Qwen3-8B
131,humaneval,Qwen2.5-Coder-7B-Instruct
131,math500,GLM-Z1-9B-0414
131,korbench,Intern-S1-mini
131,emorynlp,gemma-2-9b-it
131,mbpp,Fin-R1
131,finqa,Qwen3-8B
132,meld,glm-4-9b-chat
132,medqa,DeepSeek-R1-0528-Qwen3-8B
132,humaneval,Qwen2.5-Coder-7B-Instruct
132,math500,GLM-Z1-9B-0414
132,korbench,Intern-S1-mini
132,emorynlp,gemma-2-9b-it
132,mbpp,Fin-R1
132,finqa,Qwen3-8B
133,medqa,DeepSeek-R1-0528-Qwen3-8B
133,meld,gemma-2-9b-it
133,mbpp,Qwen2.5-Coder-7B-Instruct
133,math500,GLM-Z1-9B-0414
133,emorynlp,Fin-R1
133,korbench,Intern-S1-mini
133,humaneval,glm-4-9b-chat
133,finqa,Qwen3-8B
134,medqa,DeepSeek-R1-0528-Qwen3-8B
134,humaneval,Qwen2.5-Coder-7B-Instruct
134,meld,gemma-2-9b-it
134,emorynlp,glm-4-9b-chat
134,math500,GLM-Z1-9B-0414
134,korbench,Intern-S1-mini
134,mbpp,Fin-R1
134,finqa,Qwen3-8B
135,medqa,DeepSeek-R1-0528-Qwen3-8B
135,meld,gemma-2-9b-it
135,mbpp,Qwen2.5-Coder-7B-Instruct
135,math500,GLM-Z1-9B-0414
135,emorynlp,Fin-R1
135,korbench,Intern-S1-mini
135,humaneval,glm-4-9b-chat
135,finqa,Qwen3-8B
136,meld,glm-4-9b-chat
136,medqa,DeepSeek-R1-0528-Qwen3-8B
136,mbpp,Qwen2.5-Coder-7B-Instruct
136,math500,GLM-Z1-9B-0414
136,humaneval,Fin-R1
136,korbench,Intern-S1-mini
136,emorynlp,gemma-2-9b-it
136,finqa,Qwen3-8B
137,meld,glm-4-9b-chat
137,medqa,DeepSeek-R1-0528-Qwen3-8B
137,humaneval,Qwen2.5-Coder-7B-Instruct
137,math500,GLM-Z1-9B-0414
137,korbench,Intern-S1-mini
137,emorynlp,gemma-2-9b-it
137,mbpp,Fin-R1
137,finqa,Qwen3-8B
138,meld,glm-4-9b-chat
138,medqa,DeepSeek-R1-0528-Qwen3-8B
138,humaneval,Qwen2.5-Coder-7B-Instruct
138,math500,GLM-Z1-9B-0414
138,korbench,Intern-S1-mini
138,emorynlp,gemma-2-9b-it
138,mbpp,Fin-R1
138,finqa,Qwen3-8B
139,meld,glm-4-9b-chat
139,medqa,DeepSeek-R1-0528-Qwen3-8B
139,humaneval,Qwen2.5-Coder-7B-Instruct
139,math500,GLM-Z1-9B-0414
139,korbench,Intern-S1-mini
139,emorynlp,gemma-2-9b-it
139,mbpp,Fin-R1
139,finqa,Qwen3-8B
140,meld,glm-4-9b-chat
140,medqa,DeepSeek-R1-0528-Qwen3-8B
140,humaneval,Qwen2.5-Coder-7B-Instruct
140,math500,GLM-Z1-9B-0414
140,korbench,Intern-S1-mini
140,emorynlp,gemma-2-9b-it
140,mbpp,Fin-R1
140,finqa,Qwen3-8B
141,meld,glm-4-9b-chat
141,medqa,DeepSeek-R1-0528-Qwen3-8B
141,humaneval,Qwen2.5-Coder-7B-Instruct
141,math500,GLM-Z1-9B-0414
141,korbench,Intern-S1-mini
141,emorynlp,gemma-2-9b-it
141,mbpp,Fin-R1
141,finqa,Qwen3-8B
142,medqa,Qwen3-8B
142,humaneval,Qwen2.5-Coder-7B-Instruct
142,finqa,Intern-S1-mini
142,meld,gemma-2-9b-it
142,emorynlp,glm-4-9b-chat
142,math500,DeepSeek-R1-0528-Qwen3-8B
142,korbench,GLM-Z1-9B-0414
142,mbpp,Fin-R1
143,meld,glm-4-9b-chat
143,medqa,DeepSeek-R1-0528-Qwen3-8B
143,humaneval,Qwen2.5-Coder-7B-Instruct
143,math500,GLM-Z1-9B-0414
143,korbench,Intern-S1-mini
143,emorynlp,gemma-2-9b-it
143,mbpp,Fin-R1
143,finqa,Qwen3-8B
144,meld,glm-4-9b-chat
144,medqa,DeepSeek-R1-0528-Qwen3-8B
144,humaneval,Qwen2.5-Coder-7B-Instruct
144,math500,GLM-Z1-9B-0414
144,korbench,Intern-S1-mini
144,emorynlp,gemma-2-9b-it
144,mbpp,Fin-R1
144,finqa,Qwen3-8B
145,medqa,Qwen3-8B
145,humaneval,Qwen2.5-Coder-7B-Instruct
145,finqa,Intern-S1-mini
145,meld,gemma-2-9b-it
145,emorynlp,glm-4-9b-chat
145,math500,DeepSeek-R1-0528-Qwen3-8B
145,korbench,GLM-Z1-9B-0414
145,mbpp,Fin-R1
146,medqa,DeepSeek-R1-0528-Qwen3-8B
146,meld,gemma-2-9b-it
146,mbpp,Qwen2.5-Coder-7B-Instruct
146,math500,GLM-Z1-9B-0414
146,emorynlp,Fin-R1
146,korbench,Intern-S1-mini
146,humaneval,glm-4-9b-chat
146,finqa,Qwen3-8B
147,meld,glm-4-9b-chat
147,medqa,DeepSeek-R1-0528-Qwen3-8B
147,humaneval,Qwen2.5-Coder-7B-Instruct
147,math500,GLM-Z1-9B-0414
147,korbench,Intern-S1-mini
147,emorynlp,gemma-2-9b-it
147,mbpp,Fin-R1
147,finqa,Qwen3-8B
148,medqa,Qwen3-8B
148,meld,glm-4-9b-chat
148,humaneval,Qwen2.5-Coder-7B-Instruct
148,finqa,Intern-S1-mini
148,math500,DeepSeek-R1-0528-Qwen3-8B
148,korbench,GLM-Z1-9B-0414
148,emorynlp,gemma-2-9b-it
148,mbpp,Fin-R1
149,meld,glm-4-9b-chat
149,medqa,DeepSeek-R1-0528-Qwen3-8B
149,humaneval,Qwen2.5-Coder-7B-Instruct
149,math500,GLM-Z1-9B-0414
149,korbench,Intern-S1-mini
149,emorynlp,gemma-2-9b-it
149,mbpp,Fin-R1
149,finqa,Qwen3-8B
150,medqa,DeepSeek-R1-0528-Qwen3-8B
150,humaneval,Qwen2.5-Coder-7B-Instruct
150,meld,gemma-2-9b-it
150,emorynlp,glm-4-9b-chat
150,math500,GLM-Z1-9B-0414
150,korbench,Intern-S1-mini
150,mbpp,Fin-R1
150,finqa,Qwen3-8B
151,meld,glm-4-9b-chat
151,medqa,DeepSeek-R1-0528-Qwen3-8B
151,humaneval,Qwen2.5-Coder-7B-Instruct
151,math500,GLM-Z1-9B-0414
151,korbench,Intern-S1-mini
151,emorynlp,gemma-2-9b-it
151,mbpp,Fin-R1
151,finqa,Qwen3-8B
152,meld,glm-4-9b-chat
152,medqa,DeepSeek-R1-0528-Qwen3-8B
152,math500,Qwen3-8B
152,humaneval,Qwen2.5-Coder-7B-Instruct
152,finqa,Intern-S1-mini
152,korbench,GLM-Z1-9B-0414
152,emorynlp,gemma-2-9b-it
152,mbpp,Fin-R1
153,meld,glm-4-9b-chat
153,medqa,DeepSeek-R1-0528-Qwen3-8B
153,humaneval,Qwen2.5-Coder-7B-Instruct
153,math500,GLM-Z1-9B-0414
153,korbench,Intern-S1-mini
153,emorynlp,gemma-2-9b-it
153,mbpp,Fin-R1
153,finqa,Qwen3-8B
154,medqa,Qwen3-8B
154,humaneval,Qwen2.5-Coder-7B-Instruct
154,finqa,Intern-S1-mini
154,meld,gemma-2-9b-it
154,emorynlp,glm-4-9b-chat
154,math500,DeepSeek-R1-0528-Qwen3-8B
154,korbench,GLM-Z1-9B-0414
154,mbpp,Fin-R1
155,meld,glm-4-9b-chat
155,humaneval,Qwen2.5-Coder-7B-Instruct
155,mbpp,GLM-Z1-9B-0414
155,math500,DeepSeek-R1-0528-Qwen3-8B
155,finqa,Fin-R1
155,korbench,Intern-S1-mini
155,emorynlp,gemma-2-9b-it
155,medqa,Qwen3-8B
156,meld,glm-4-9b-chat
156,medqa,DeepSeek-R1-0528-Qwen3-8B
156,humaneval,Qwen2.5-Coder-7B-Instruct
156,math500,GLM-Z1-9B-0414
156,korbench,Intern-S1-mini
156,emorynlp,gemma-2-9b-it
156,mbpp,Fin-R1
156,finqa,Qwen3-8B
157,medqa,Qwen3-8B
157,meld,glm-4-9b-chat
157,humaneval,Qwen2.5-Coder-7B-Instruct
157,finqa,Intern-S1-mini
157,math500,DeepSeek-R1-0528-Qwen3-8B
157,korbench,GLM-Z1-9B-0414
157,emorynlp,gemma-2-9b-it
157,mbpp,Fin-R1
158,medqa,Qwen3-8B
158,meld,glm-4-9b-chat
158,humaneval,Qwen2.5-Coder-7B-Instruct
158,finqa,Intern-S1-mini
158,math500,DeepSeek-R1-0528-Qwen3-8B
158,korbench,GLM-Z1-9B-0414
158,emorynlp,gemma-2-9b-it
158,mbpp,Fin-R1
159,meld,glm-4-9b-chat
159,medqa,DeepSeek-R1-0528-Qwen3-8B
159,humaneval,Qwen2.5-Coder-7B-Instruct
159,math500,GLM-Z1-9B-0414
159,korbench,Intern-S1-mini
159,emorynlp,gemma-2-9b-it
159,mbpp,Fin-R1
159,finqa,Qwen3-8B
160,meld,glm-4-9b-chat
160,medqa,DeepSeek-R1-0528-Qwen3-8B
160,humaneval,Qwen2.5-Coder-7B-Instruct
160,math500,GLM-Z1-9B-0414
160,korbench,Intern-S1-mini
160,emorynlp,gemma-2-9b-it
160,mbpp,Fin-R1
160,finqa,Qwen3-8B
161,meld,glm-4-9b-chat
161,medqa,DeepSeek-R1-0528-Qwen3-8B
161,humaneval,Qwen2.5-Coder-7B-Instruct
161,math500,GLM-Z1-9B-0414
161,korbench,Intern-S1-mini
161,emorynlp,gemma-2-9b-it
161,mbpp,Fin-R1
161,finqa,Qwen3-8B
162,meld,glm-4-9b-chat
162,medqa,DeepSeek-R1-0528-Qwen3-8B
162,humaneval,Qwen2.5-Coder-7B-Instruct
162,math500,GLM-Z1-9B-0414
162,korbench,Intern-S1-mini
162,emorynlp,gemma-2-9b-it
162,mbpp,Fin-R1
162,finqa,Qwen3-8B
163,meld,glm-4-9b-chat
163,medqa,DeepSeek-R1-0528-Qwen3-8B
163,humaneval,Qwen2.5-Coder-7B-Instruct
163,math500,GLM-Z1-9B-0414
163,korbench,Intern-S1-mini
163,emorynlp,gemma-2-9b-it
163,mbpp,Fin-R1
163,finqa,Qwen3-8B
164,meld,glm-4-9b-chat
164,medqa,DeepSeek-R1-0528-Qwen3-8B
164,mbpp,Qwen2.5-Coder-7B-Instruct
164,math500,GLM-Z1-9B-0414
164,humaneval,Fin-R1
164,korbench,Intern-S1-mini
164,emorynlp,gemma-2-9b-it
164,finqa,Qwen3-8B
165,meld,glm-4-9b-chat
165,medqa,DeepSeek-R1-0528-Qwen3-8B
165,math500,Qwen3-8B
165,humaneval,Qwen2.5-Coder-7B-Instruct
165,finqa,Intern-S1-mini
165,korbench,GLM-Z1-9B-0414
165,emorynlp,gemma-2-9b-it
165,mbpp,Fin-R1
166,medqa,Qwen3-8B
166,meld,glm-4-9b-chat
166,humaneval,Qwen2.5-Coder-7B-Instruct
166,finqa,Intern-S1-mini
166,math500,DeepSeek-R1-0528-Qwen3-8B
166,korbench,GLM-Z1-9B-0414
166,emorynlp,gemma-2-9b-it
166,mbpp,Fin-R1
167,meld,glm-4-9b-chat
167,medqa,DeepSeek-R1-0528-Qwen3-8B
167,humaneval,Qwen2.5-Coder-7B-Instruct
167,math500,GLM-Z1-9B-0414
167,korbench,Intern-S1-mini
167,emorynlp,gemma-2-9b-it
167,mbpp,Fin-R1
167,finqa,Qwen3-8B
168,meld,glm-4-9b-chat
168,medqa,DeepSeek-R1-0528-Qwen3-8B
168,humaneval,Qwen2.5-Coder-7B-Instruct
168,math500,GLM-Z1-9B-0414
168,korbench,Intern-S1-mini
168,emorynlp,gemma-2-9b-it
168,mbpp,Fin-R1
168,finqa,Qwen3-8B
169,medqa,DeepSeek-R1-0528-Qwen3-8B
169,humaneval,Qwen2.5-Coder-7B-Instruct
169,meld,gemma-2-9b-it
169,emorynlp,glm-4-9b-chat
169,math500,GLM-Z1-9B-0414
169,korbench,Intern-S1-mini
169,mbpp,Fin-R1
169,finqa,Qwen3-8B
170,meld,glm-4-9b-chat
170,medqa,DeepSeek-R1-0528-Qwen3-8B
170,humaneval,Qwen2.5-Coder-7B-Instruct
170,math500,GLM-Z1-9B-0414
170,korbench,Intern-S1-mini
170,emorynlp,gemma-2-9b-it
170,mbpp,Fin-R1
170,finqa,Qwen3-8B
171,meld,glm-4-9b-chat
171,medqa,DeepSeek-R1-0528-Qwen3-8B
171,humaneval,Qwen2.5-Coder-7B-Instruct
171,math500,GLM-Z1-9B-0414
171,korbench,Intern-S1-mini
171,emorynlp,gemma-2-9b-it
171,mbpp,Fin-R1
171,finqa,Qwen3-8B
172,meld,glm-4-9b-chat
172,medqa,DeepSeek-R1-0528-Qwen3-8B
172,humaneval,Qwen2.5-Coder-7B-Instruct
172,math500,GLM-Z1-9B-0414
172,korbench,Intern-S1-mini
172,emorynlp,gemma-2-9b-it
172,mbpp,Fin-R1
172,finqa,Qwen3-8B
173,meld,glm-4-9b-chat
173,medqa,DeepSeek-R1-0528-Qwen3-8B
173,humaneval,Qwen2.5-Coder-7B-Instruct
173,math500,GLM-Z1-9B-0414
173,korbench,Intern-S1-mini
173,emorynlp,gemma-2-9b-it
173,mbpp,Fin-R1
173,finqa,Qwen3-8B
174,meld,glm-4-9b-chat
174,finqa,GLM-Z1-9B-0414
174,humaneval,Qwen2.5-Coder-7B-Instruct
174,math500,DeepSeek-R1-0528-Qwen3-8B
174,korbench,Intern-S1-mini
174,emorynlp,gemma-2-9b-it
174,medqa,Qwen3-8B
174,mbpp,Fin-R1
175,meld,glm-4-9b-chat
175,medqa,DeepSeek-R1-0528-Qwen3-8B
175,humaneval,Qwen2.5-Coder-7B-Instruct
175,math500,GLM-Z1-9B-0414
175,korbench,Intern-S1-mini
175,emorynlp,gemma-2-9b-it
175,mbpp,Fin-R1
175,finqa,Qwen3-8B
176,medqa,Qwen3-8B
176,meld,glm-4-9b-chat
176,humaneval,Qwen2.5-Coder-7B-Instruct
176,finqa,Intern-S1-mini
176,math500,DeepSeek-R1-0528-Qwen3-8B
176,korbench,GLM-Z1-9B-0414
176,emorynlp,gemma-2-9b-it
176,mbpp,Fin-R1
177,medqa,DeepSeek-R1-0528-Qwen3-8B
177,humaneval,Qwen2.5-Coder-7B-Instruct
177,meld,gemma-2-9b-it
177,emorynlp,glm-4-9b-chat
177,math500,GLM-Z1-9B-0414
177,korbench,Intern-S1-mini
177,mbpp,Fin-R1
177,finqa,Qwen3-8B
178,meld,glm-4-9b-chat
178,medqa,DeepSeek-R1-0528-Qwen3-8B
178,humaneval,Qwen2.5-Coder-7B-Instruct
178,math500,GLM-Z1-9B-0414
178,korbench,Intern-S1-mini
178,emorynlp,gemma-2-9b-it
178,mbpp,Fin-R1
178,finqa,Qwen3-8B
179,medqa,Qwen3-8B
179,meld,glm-4-9b-chat
179,humaneval,Qwen2.5-Coder-7B-Instruct
179,finqa,Intern-S1-mini
179,math500,DeepSeek-R1-0528-Qwen3-8B
179,korbench,GLM-Z1-9B-0414
179,emorynlp,gemma-2-9b-it
179,mbpp,Fin-R1
180,meld,glm-4-9b-chat
180,medqa,DeepSeek-R1-0528-Qwen3-8B
180,humaneval,Qwen2.5-Coder-7B-Instruct
180,math500,GLM-Z1-9B-0414
180,korbench,Intern-S1-mini
180,emorynlp,gemma-2-9b-it
180,mbpp,Fin-R1
180,finqa,Qwen3-8B
181,meld,glm-4-9b-chat
181,humaneval,Qwen2.5-Coder-7B-Instruct
181,mbpp,GLM-Z1-9B-0414
181,math500,DeepSeek-R1-0528-Qwen3-8B
181,finqa,Fin-R1
181,korbench,Intern-S1-mini
181,emorynlp,gemma-2-9b-it
181,medqa,Qwen3-8B
182,meld,glm-4-9b-chat
182,medqa,DeepSeek-R1-0528-Qwen3-8B
182,humaneval,Qwen2.5-Coder-7B-Instruct
182,math500,GLM-Z1-9B-0414
182,korbench,Intern-S1-mini
182,emorynlp,gemma-2-9b-it
182,mbpp,Fin-R1
182,finqa,Qwen3-8B
183,medqa,Qwen3-8B
183,meld,glm-4-9b-chat
183,humaneval,Qwen2.5-Coder-7B-Instruct
183,finqa,Intern-S1-mini
183,math500,DeepSeek-R1-0528-Qwen3-8B
183,korbench,GLM-Z1-9B-0414
183,emorynlp,gemma-2-9b-it
183,mbpp,Fin-R1
184,medqa,DeepSeek-R1-0528-Qwen3-8B
184,meld,gemma-2-9b-it
184,mbpp,Qwen2.5-Coder-7B-Instruct
184,math500,GLM-Z1-9B-0414
184,emorynlp,Fin-R1
184,korbench,Intern-S1-mini
184,humaneval,glm-4-9b-chat
184,finqa,Qwen3-8B
185,mbpp,glm-4-9b-chat
185,medqa,DeepSeek-R1-0528-Qwen3-8B
185,math500,Qwen3-8B
185,humaneval,Qwen2.5-Coder-7B-Instruct
185,meld,gemma-2-9b-it
185,finqa,Fin-R1
185,korbench,Intern-S1-mini
185,emorynlp,GLM-Z1-9B-0414
186,meld,glm-4-9b-chat
186,medqa,DeepSeek-R1-0528-Qwen3-8B
186,humaneval,Qwen2.5-Coder-7B-Instruct
186,math500,GLM-Z1-9B-0414
186,korbench,Intern-S1-mini
186,emorynlp,gemma-2-9b-it
186,mbpp,Fin-R1
186,finqa,Qwen3-8B
187,meld,glm-4-9b-chat
187,medqa,DeepSeek-R1-0528-Qwen3-8B
187,humaneval,Qwen2.5-Coder-7B-Instruct
187,math500,GLM-Z1-9B-0414
187,korbench,Intern-S1-mini
187,emorynlp,gemma-2-9b-it
187,mbpp,Fin-R1
187,finqa,Qwen3-8B
188,medqa,DeepSeek-R1-0528-Qwen3-8B
188,humaneval,Qwen2.5-Coder-7B-Instruct
188,meld,gemma-2-9b-it
188,emorynlp,glm-4-9b-chat
188,math500,GLM-Z1-9B-0414
188,korbench,Intern-S1-mini
188,mbpp,Fin-R1
188,finqa,Qwen3-8B
189,medqa,DeepSeek-R1-0528-Qwen3-8B
189,humaneval,Qwen2.5-Coder-7B-Instruct
189,meld,gemma-2-9b-it
189,emorynlp,glm-4-9b-chat
189,math500,GLM-Z1-9B-0414
189,korbench,Intern-S1-mini
189,mbpp,Fin-R1
189,finqa,Qwen3-8B
190,medqa,Qwen3-8B
190,meld,glm-4-9b-chat
190,humaneval,Qwen2.5-Coder-7B-Instruct
190,finqa,Intern-S1-mini
190,math500,DeepSeek-R1-0528-Qwen3-8B
190,korbench,GLM-Z1-9B-0414
190,emorynlp,gemma-2-9b-it
190,mbpp,Fin-R1
191,medqa,DeepSeek-R1-0528-Qwen3-8B
191,humaneval,Qwen2.5-Coder-7B-Instruct
191,meld,gemma-2-9b-it
191,emorynlp,glm-4-9b-chat
191,math500,GLM-Z1-9B-0414
191,korbench,Intern-S1-mini
191,mbpp,Fin-R1
191,finqa,Qwen3-8B
192,meld,glm-4-9b-chat
192,medqa,DeepSeek-R1-0528-Qwen3-8B
192,mbpp,Qwen2.5-Coder-7B-Instruct
192,math500,GLM-Z1-9B-0414
192,humaneval,Fin-R1
192,korbench,Intern-S1-mini
192,emorynlp,gemma-2-9b-it
192,finqa,Qwen3-8B
193,medqa,Qwen3-8B
193,meld,glm-4-9b-chat
193,humaneval,Qwen2.5-Coder-7B-Instruct
193,finqa,Intern-S1-mini
193,math500,DeepSeek-R1-0528-Qwen3-8B
193,korbench,GLM-Z1-9B-0414
193,emorynlp,gemma-2-9b-it
193,mbpp,Fin-R1
194,meld,glm-4-9b-chat
194,medqa,DeepSeek-R1-0528-Qwen3-8B
194,humaneval,Qwen2.5-Coder-7B-Instruct
194,math500,GLM-Z1-9B-0414
194,korbench,Intern-S1-mini
194,emorynlp,gemma-2-9b-it
194,mbpp,Fin-R1
194,finqa,Qwen3-8B
195,medqa,Qwen3-8B
195,meld,glm-4-9b-chat
195,humaneval,Qwen2.5-Coder-7B-Instruct
195,finqa,Intern-S1-mini
195,math500,DeepSeek-R1-0528-Qwen3-8B
195,korbench,GLM-Z1-9B-0414
195,emorynlp,gemma-2-9b-it
195,mbpp,Fin-R1
196,meld,glm-4-9b-chat
196,medqa,DeepSeek-R1-0528-Qwen3-8B
196,humaneval,Qwen2.5-Coder-7B-Instruct
196,math500,GLM-Z1-9B-0414
196,korbench,Intern-S1-mini
196,emorynlp,gemma-2-9b-it
196,mbpp,Fin-R1
196,finqa,Qwen3-8B
197,meld,glm-4-9b-chat
197,medqa,DeepSeek-R1-0528-Qwen3-8B
197,humaneval,Qwen2.5-Coder-7B-Instruct
197,math500,GLM-Z1-9B-0414
197,korbench,Intern-S1-mini
197,emorynlp,gemma-2-9b-it
197,mbpp,Fin-R1
197,finqa,Qwen3-8B
198,meld,glm-4-9b-chat
198,medqa,DeepSeek-R1-0528-Qwen3-8B
198,humaneval,Qwen2.5-Coder-7B-Instruct
198,math500,GLM-Z1-9B-0414
198,korbench,Intern-S1-mini
198,emorynlp,gemma-2-9b-it
198,mbpp,Fin-R1
198,finqa,Qwen3-8B
199,meld,glm-4-9b-chat
199,medqa,DeepSeek-R1-0528-Qwen3-8B
199,humaneval,Qwen2.5-Coder-7B-Instruct
199,math500,GLM-Z1-9B-0414
199,korbench,Intern-S1-mini
199,emorynlp,gemma-2-9b-it
199,mbpp,Fin-R1
199,finqa,Qwen3-8B
200,medqa,Qwen3-8B
200,meld,glm-4-9b-chat
200,humaneval,Qwen2.5-Coder-7B-Instruct
200,finqa,Intern-S1-mini
200,math500,DeepSeek-R1-0528-Qwen3-8B
200,korbench,GLM-Z1-9B-0414
200,emorynlp,gemma-2-9b-it
200,mbpp,Fin-R1
201,meld,glm-4-9b-chat
201,medqa,DeepSeek-R1-0528-Qwen3-8B
201,math500,Qwen3-8B
201,humaneval,Qwen2.5-Coder-7B-Instruct
201,finqa,Intern-S1-mini
201,korbench,GLM-Z1-9B-0414
201,emorynlp,gemma-2-9b-it
201,mbpp,Fin-R1
202,meld,glm-4-9b-chat
202,medqa,DeepSeek-R1-0528-Qwen3-8B
202,humaneval,Qwen2.5-Coder-7B-Instruct
202,math500,GLM-Z1-9B-0414
202,korbench,Intern-S1-mini
202,emorynlp,gemma-2-9b-it
202,mbpp,Fin-R1
202,finqa,Qwen3-8B
203,meld,glm-4-9b-chat
203,medqa,DeepSeek-R1-0528-Qwen3-8B
203,humaneval,Qwen2.5-Coder-7B-Instruct
203,math500,GLM-Z1-9B-0414
203,korbench,Intern-S1-mini
203,emorynlp,gemma-2-9b-it
203,mbpp,Fin-R1
203,finqa,Qwen3-8B
204,medqa,DeepSeek-R1-0528-Qwen3-8B
204,math500,Qwen3-8B
204,humaneval,Qwen2.5-Coder-7B-Instruct
204,meld,gemma-2-9b-it
204,mbpp,GLM-Z1-9B-0414
204,emorynlp,glm-4-9b-chat
204,finqa,Fin-R1
204,korbench,Intern-S1-mini
205,medqa,DeepSeek-R1-0528-Qwen3-8B
205,humaneval,Qwen2.5-Coder-7B-Instruct
205,meld,gemma-2-9b-it
205,emorynlp,glm-4-9b-chat
205,math500,GLM-Z1-9B-0414
205,korbench,Intern-S1-mini
205,mbpp,Fin-R1
205,finqa,Qwen3-8B
206,meld,glm-4-9b-chat
206,medqa,DeepSeek-R1-0528-Qwen3-8B
206,humaneval,Qwen2.5-Coder-7B-Instruct
206,math500,GLM-Z1-9B-0414
206,korbench,Intern-S1-mini
206,emorynlp,gemma-2-9b-it
206,mbpp,Fin-R1
206,finqa,Qwen3-8B
207,meld,glm-4-9b-chat
207,medqa,DeepSeek-R1-0528-Qwen3-8B
207,humaneval,Qwen2.5-Coder-7B-Instruct
207,math500,GLM-Z1-9B-0414
207,korbench,Intern-S1-mini
207,emorynlp,gemma-2-9b-it
207,mbpp,Fin-R1
207,finqa,Qwen3-8B
208,meld,glm-4-9b-chat
208,medqa,DeepSeek-R1-0528-Qwen3-8B
208,humaneval,Qwen2.5-Coder-7B-Instruct
208,math500,GLM-Z1-9B-0414
208,korbench,Intern-S1-mini
208,emorynlp,gemma-2-9b-it
208,mbpp,Fin-R1
208,finqa,Qwen3-8B
209,meld,glm-4-9b-chat
209,finqa,DeepSeek-R1-0528-Qwen3-8B
209,humaneval,Qwen2.5-Coder-7B-Instruct
209,math500,GLM-Z1-9B-0414
209,korbench,Intern-S1-mini
209,emorynlp,gemma-2-9b-it
209,medqa,Qwen3-8B
209,mbpp,Fin-R1
210,meld,glm-4-9b-chat
210,medqa,DeepSeek-R1-0528-Qwen3-8B
210,humaneval,Qwen2.5-Coder-7B-Instruct
210,math500,GLM-Z1-9B-0414
210,korbench,Intern-S1-mini
210,emorynlp,gemma-2-9b-it
210,mbpp,Fin-R1
210,finqa,Qwen3-8B
211,medqa,Qwen3-8B
211,humaneval,Qwen2.5-Coder-7B-Instruct
211,finqa,Intern-S1-mini
211,meld,gemma-2-9b-it
211,emorynlp,glm-4-9b-chat
211,math500,DeepSeek-R1-0528-Qwen3-8B
211,korbench,GLM-Z1-9B-0414
211,mbpp,Fin-R1
212,meld,glm-4-9b-chat
212,medqa,DeepSeek-R1-0528-Qwen3-8B
212,humaneval,Qwen2.5-Coder-7B-Instruct
212,math500,GLM-Z1-9B-0414
212,korbench,Intern-S1-mini
212,emorynlp,gemma-2-9b-it
212,mbpp,Fin-R1
212,finqa,Qwen3-8B
213,meld,glm-4-9b-chat
213,medqa,DeepSeek-R1-0528-Qwen3-8B
213,humaneval,Qwen2.5-Coder-7B-Instruct
213,math500,GLM-Z1-9B-0414
213,korbench,Intern-S1-mini
213,emorynlp,gemma-2-9b-it
213,mbpp,Fin-R1
213,finqa,Qwen3-8B
214,meld,glm-4-9b-chat
214,medqa,DeepSeek-R1-0528-Qwen3-8B
214,humaneval,Qwen2.5-Coder-7B-Instruct
214,math500,GLM-Z1-9B-0414
214,korbench,Intern-S1-mini
214,emorynlp,gemma-2-9b-it
214,mbpp,Fin-R1
214,finqa,Qwen3-8B
215,meld,glm-4-9b-chat
215,medqa,DeepSeek-R1-0528-Qwen3-8B
215,humaneval,Qwen2.5-Coder-7B-Instruct
215,math500,GLM-Z1-9B-0414
215,korbench,Intern-S1-mini
215,emorynlp,gemma-2-9b-it
215,mbpp,Fin-R1
215,finqa,Qwen3-8B
216,meld,glm-4-9b-chat
216,medqa,DeepSeek-R1-0528-Qwen3-8B
216,math500,Qwen3-8B
216,humaneval,Qwen2.5-Coder-7B-Instruct
216,finqa,Intern-S1-mini
216,korbench,GLM-Z1-9B-0414
216,emorynlp,gemma-2-9b-it
216,mbpp,Fin-R1
217,meld,glm-4-9b-chat
217,medqa,DeepSeek-R1-0528-Qwen3-8B
217,humaneval,Qwen2.5-Coder-7B-Instruct
217,math500,GLM-Z1-9B-0414
217,korbench,Intern-S1-mini
217,emorynlp,gemma-2-9b-it
217,mbpp,Fin-R1
217,finqa,Qwen3-8B
218,meld,gemma-2-9b-it
218,mbpp,Qwen2.5-Coder-7B-Instruct
218,math500,DeepSeek-R1-0528-Qwen3-8B
218,finqa,Fin-R1
218,korbench,Intern-S1-mini
218,humaneval,glm-4-9b-chat
218,medqa,Qwen3-8B
218,emorynlp,GLM-Z1-9B-0414
219,medqa,Qwen3-8B
219,meld,glm-4-9b-chat
219,humaneval,Qwen2.5-Coder-7B-Instruct
219,finqa,Intern-S1-mini
219,math500,DeepSeek-R1-0528-Qwen3-8B
219,korbench,GLM-Z1-9B-0414
219,emorynlp,gemma-2-9b-it
219,mbpp,Fin-R1
220,medqa,DeepSeek-R1-0528-Qwen3-8B
220,humaneval,Qwen2.5-Coder-7B-Instruct
220,meld,gemma-2-9b-it
220,emorynlp,glm-4-9b-chat
220,math500,GLM-Z1-9B-0414
220,korbench,Intern-S1-mini
220,mbpp,Fin-R1
220,finqa,Qwen3-8B
221,meld,glm-4-9b-chat
221,medqa,DeepSeek-R1-0528-Qwen3-8B
221,humaneval,Qwen2.5-Coder-7B-Instruct
221,math500,GLM-Z1-9B-0414
221,korbench,Intern-S1-mini
221,emorynlp,gemma-2-9b-it
221,mbpp,Fin-R1
221,finqa,Qwen3-8B
222,meld,glm-4-9b-chat
222,medqa,DeepSeek-R1-0528-Qwen3-8B
222,humaneval,Qwen2.5-Coder-7B-Instruct
222,math500,GLM-Z1-9B-0414
222,korbench,Intern-S1-mini
222,emorynlp,gemma-2-9b-it
222,mbpp,Fin-R1
222,finqa,Qwen3-8B
223,meld,glm-4-9b-chat
223,medqa,DeepSeek-R1-0528-Qwen3-8B
223,humaneval,Qwen2.5-Coder-7B-Instruct
223,math500,GLM-Z1-9B-0414
223,korbench,Intern-S1-mini
223,emorynlp,gemma-2-9b-it
223,mbpp,Fin-R1
223,finqa,Qwen3-8B
224,meld,glm-4-9b-chat
224,medqa,DeepSeek-R1-0528-Qwen3-8B
224,humaneval,Qwen2.5-Coder-7B-Instruct
224,math500,GLM-Z1-9B-0414
224,korbench,Intern-S1-mini
224,emorynlp,gemma-2-9b-it
224,mbpp,Fin-R1
224,finqa,Qwen3-8B
225,meld,glm-4-9b-chat
225,medqa,DeepSeek-R1-0528-Qwen3-8B
225,humaneval,Qwen2.5-Coder-7B-Instruct
225,math500,GLM-Z1-9B-0414
225,korbench,Intern-S1-mini
225,emorynlp,gemma-2-9b-it
225,mbpp,Fin-R1
225,finqa,Qwen3-8B
226,medqa,Qwen3-8B
226,meld,glm-4-9b-chat
226,humaneval,Qwen2.5-Coder-7B-Instruct
226,finqa,Intern-S1-mini
226,math500,DeepSeek-R1-0528-Qwen3-8B
226,korbench,GLM-Z1-9B-0414
226,emorynlp,gemma-2-9b-it
226,mbpp,Fin-R1
227,medqa,DeepSeek-R1-0528-Qwen3-8B
227,humaneval,Qwen2.5-Coder-7B-Instruct
227,meld,gemma-2-9b-it
227,emorynlp,glm-4-9b-chat
227,math500,GLM-Z1-9B-0414
227,korbench,Intern-S1-mini
227,mbpp,Fin-R1
227,finqa,Qwen3-8B
228,meld,glm-4-9b-chat
228,medqa,DeepSeek-R1-0528-Qwen3-8B
228,humaneval,Qwen2.5-Coder-7B-Instruct
228,math500,GLM-Z1-9B-0414
228,korbench,Intern-S1-mini
228,emorynlp,gemma-2-9b-it
228,mbpp,Fin-R1
228,finqa,Qwen3-8B
229,medqa,Qwen3-8B
229,humaneval,Qwen2.5-Coder-7B-Instruct
229,finqa,Intern-S1-mini
229,meld,gemma-2-9b-it
229,emorynlp,glm-4-9b-chat
229,math500,DeepSeek-R1-0528-Qwen3-8B
229,korbench,GLM-Z1-9B-0414
229,mbpp,Fin-R1
230,meld,glm-4-9b-chat
230,medqa,DeepSeek-R1-0528-Qwen3-8B
230,math500,Qwen3-8B
230,humaneval,Qwen2.5-Coder-7B-Instruct
230,finqa,Intern-S1-mini
230,korbench,GLM-Z1-9B-0414
230,emorynlp,gemma-2-9b-it
230,mbpp,Fin-R1
231,meld,glm-4-9b-chat
231,medqa,DeepSeek-R1-0528-Qwen3-8B
231,humaneval,Qwen2.5-Coder-7B-Instruct
231,math500,GLM-Z1-9B-0414
231,korbench,Intern-S1-mini
231,emorynlp,gemma-2-9b-it
231,mbpp,Fin-R1
231,finqa,Qwen3-8B
232,meld,glm-4-9b-chat
232,medqa,DeepSeek-R1-0528-Qwen3-8B
232,humaneval,Qwen2.5-Coder-7B-Instruct
232,math500,GLM-Z1-9B-0414
232,korbench,Intern-S1-mini
232,emorynlp,gemma-2-9b-it
232,mbpp,Fin-R1
232,finqa,Qwen3-8B
233,meld,glm-4-9b-chat
233,finqa,GLM-Z1-9B-0414
233,humaneval,Qwen2.5-Coder-7B-Instruct
233,math500,DeepSeek-R1-0528-Qwen3-8B
233,korbench,Intern-S1-mini
233,emorynlp,gemma-2-9b-it
233,medqa,Qwen3-8B
233,mbpp,Fin-R1
234,meld,glm-4-9b-chat
234,medqa,DeepSeek-R1-0528-Qwen3-8B
234,humaneval,Qwen2.5-Coder-7B-Instruct
234,math500,GLM-Z1-9B-0414
234,korbench,Intern-S1-mini
234,emorynlp,gemma-2-9b-it
234,mbpp,Fin-R1
234,finqa,Qwen3-8B
235,meld,glm-4-9b-chat
235,medqa,DeepSeek-R1-0528-Qwen3-8B
235,humaneval,Qwen2.5-Coder-7B-Instruct
235,math500,GLM-Z1-9B-0414
235,korbench,Intern-S1-mini
235,emorynlp,gemma-2-9b-it
235,mbpp,Fin-R1
235,finqa,Qwen3-8B
236,meld,glm-4-9b-chat
236,medqa,DeepSeek-R1-0528-Qwen3-8B
236,humaneval,Qwen2.5-Coder-7B-Instruct
236,math500,GLM-Z1-9B-0414
236,korbench,Intern-S1-mini
236,emorynlp,gemma-2-9b-it
236,mbpp,Fin-R1
236,finqa,Qwen3-8B
237,meld,glm-4-9b-chat
237,medqa,DeepSeek-R1-0528-Qwen3-8B
237,humaneval,Qwen2.5-Coder-7B-Instruct
237,math500,GLM-Z1-9B-0414
237,korbench,Intern-S1-mini
237,emorynlp,gemma-2-9b-it
237,mbpp,Fin-R1
237,finqa,Qwen3-8B
238,meld,glm-4-9b-chat
238,medqa,DeepSeek-R1-0528-Qwen3-8B
238,humaneval,Qwen2.5-Coder-7B-Instruct
238,math500,GLM-Z1-9B-0414
238,korbench,Intern-S1-mini
238,emorynlp,gemma-2-9b-it
238,mbpp,Fin-R1
238,finqa,Qwen3-8B
239,medqa,DeepSeek-R1-0528-Qwen3-8B
239,meld,gemma-2-9b-it
239,mbpp,Qwen2.5-Coder-7B-Instruct
239,math500,GLM-Z1-9B-0414
239,emorynlp,Fin-R1
239,korbench,Intern-S1-mini
239,humaneval,glm-4-9b-chat
239,finqa,Qwen3-8B
240,meld,glm-4-9b-chat
240,medqa,DeepSeek-R1-0528-Qwen3-8B
240,humaneval,Qwen2.5-Coder-7B-Instruct
240,math500,GLM-Z1-9B-0414
240,korbench,Intern-S1-mini
240,emorynlp,gemma-2-9b-it
240,mbpp,Fin-R1
240,finqa,Qwen3-8B
241,meld,glm-4-9b-chat
241,medqa,DeepSeek-R1-0528-Qwen3-8B
241,humaneval,Qwen2.5-Coder-7B-Instruct
241,math500,GLM-Z1-9B-0414
241,korbench,Intern-S1-mini
241,emorynlp,gemma-2-9b-it
241,mbpp,Fin-R1
241,finqa,Qwen3-8B
242,meld,glm-4-9b-chat
242,medqa,DeepSeek-R1-0528-Qwen3-8B
242,humaneval,Qwen2.5-Coder-7B-Instruct
242,math500,GLM-Z1-9B-0414
242,korbench,Intern-S1-mini
242,emorynlp,gemma-2-9b-it
242,mbpp,Fin-R1
242,finqa,Qwen3-8B
243,meld,glm-4-9b-chat
243,medqa,DeepSeek-R1-0528-Qwen3-8B
243,humaneval,Qwen2.5-Coder-7B-Instruct
243,math500,GLM-Z1-9B-0414
243,korbench,Intern-S1-mini
243,emorynlp,gemma-2-9b-it
243,mbpp,Fin-R1
243,finqa,Qwen3-8B
244,meld,glm-4-9b-chat
244,medqa,DeepSeek-R1-0528-Qwen3-8B
244,humaneval,Qwen2.5-Coder-7B-Instruct
244,math500,GLM-Z1-9B-0414
244,korbench,Intern-S1-mini
244,emorynlp,gemma-2-9b-it
244,mbpp,Fin-R1
244,finqa,Qwen3-8B
245,medqa,Qwen3-8B
245,meld,glm-4-9b-chat
245,humaneval,Qwen2.5-Coder-7B-Instruct
245,finqa,Intern-S1-mini
245,math500,DeepSeek-R1-0528-Qwen3-8B
245,korbench,GLM-Z1-9B-0414
245,emorynlp,gemma-2-9b-it
245,mbpp,Fin-R1
246,meld,glm-4-9b-chat
246,medqa,DeepSeek-R1-0528-Qwen3-8B
246,humaneval,Qwen2.5-Coder-7B-Instruct
246,math500,GLM-Z1-9B-0414
246,korbench,Intern-S1-mini
246,emorynlp,gemma-2-9b-it
246,mbpp,Fin-R1
246,finqa,Qwen3-8B
247,meld,glm-4-9b-chat
247,medqa,DeepSeek-R1-0528-Qwen3-8B
247,humaneval,Qwen2.5-Coder-7B-Instruct
247,math500,GLM-Z1-9B-0414
247,korbench,Intern-S1-mini
247,emorynlp,gemma-2-9b-it
247,mbpp,Fin-R1
247,finqa,Qwen3-8B
248,meld,glm-4-9b-chat
248,medqa,DeepSeek-R1-0528-Qwen3-8B
248,humaneval,Qwen2.5-Coder-7B-Instruct
248,math500,GLM-Z1-9B-0414
248,korbench,Intern-S1-mini
248,emorynlp,gemma-2-9b-it
248,mbpp,Fin-R1
248,finqa,Qwen3-8B
249,medqa,Qwen3-8B
249,meld,glm-4-9b-chat
249,humaneval,Qwen2.5-Coder-7B-Instruct
249,finqa,Intern-S1-mini
249,math500,DeepSeek-R1-0528-Qwen3-8B
249,korbench,GLM-Z1-9B-0414
249,emorynlp,gemma-2-9b-it
249,mbpp,Fin-R1
250,medqa,Qwen3-8B
250,meld,glm-4-9b-chat
250,humaneval,Qwen2.5-Coder-7B-Instruct
250,finqa,Intern-S1-mini
250,math500,DeepSeek-R1-0528-Qwen3-8B
250,korbench,GLM-Z1-9B-0414
250,emorynlp,gemma-2-9b-it
250,mbpp,Fin-R1
251,meld,glm-4-9b-chat
251,finqa,DeepSeek-R1-0528-Qwen3-8B
251,humaneval,Qwen2.5-Coder-7B-Instruct
251,math500,GLM-Z1-9B-0414
251,korbench,Intern-S1-mini
251,emorynlp,gemma-2-9b-it
251,medqa,Qwen3-8B
251,mbpp,Fin-R1
252,meld,glm-4-9b-chat
252,medqa,DeepSeek-R1-0528-Qwen3-8B
252,humaneval,Qwen2.5-Coder-7B-Instruct
252,math500,GLM-Z1-9B-0414
252,korbench,Intern-S1-mini
252,emorynlp,gemma-2-9b-it
252,mbpp,Fin-R1
252,finqa,Qwen3-8B
253,meld,glm-4-9b-chat
253,medqa,DeepSeek-R1-0528-Qwen3-8B
253,humaneval,Qwen2.5-Coder-7B-Instruct
253,math500,GLM-Z1-9B-0414
253,korbench,Intern-S1-mini
253,emorynlp,gemma-2-9b-it
253,mbpp,Fin-R1
253,finqa,Qwen3-8B
254,meld,glm-4-9b-chat
254,medqa,DeepSeek-R1-0528-Qwen3-8B
254,humaneval,Qwen2.5-Coder-7B-Instruct
254,math500,GLM-Z1-9B-0414
254,korbench,Intern-S1-mini
254,emorynlp,gemma-2-9b-it
254,mbpp,Fin-R1
254,finqa,Qwen3-8B
255,medqa,Qwen3-8B
255,humaneval,Qwen2.5-Coder-7B-Instruct
255,finqa,Intern-S1-mini
255,meld,gemma-2-9b-it
255,emorynlp,glm-4-9b-chat
255,math500,DeepSeek-R1-0528-Qwen3-8B
255,korbench,GLM-Z1-9B-0414
255,mbpp,Fin-R1
256,finqa,Intern-S1-mini
256,meld,gemma-2-9b-it
256,mbpp,Qwen2.5-Coder-7B-Instruct
256,math500,DeepSeek-R1-0528-Qwen3-8B
256,emorynlp,Fin-R1
256,korbench,GLM-Z1-9B-0414
256,humaneval,glm-4-9b-chat
256,medqa,Qwen3-8B
257,meld,glm-4-9b-chat
257,medqa,DeepSeek-R1-0528-Qwen3-8B
257,humaneval,Qwen2.5-Coder-7B-Instruct
257,math500,GLM-Z1-9B-0414
257,korbench,Intern-S1-mini
257,emorynlp,gemma-2-9b-it
257,mbpp,Fin-R1
257,finqa,Qwen3-8B
258,medqa,Qwen3-8B
258,meld,glm-4-9b-chat
258,humaneval,Qwen2.5-Coder-7B-Instruct
258,finqa,Intern-S1-mini
258,math500,DeepSeek-R1-0528-Qwen3-8B
258,korbench,GLM-Z1-9B-0414
258,emorynlp,gemma-2-9b-it
258,mbpp,Fin-R1
259,meld,glm-4-9b-chat
259,medqa,DeepSeek-R1-0528-Qwen3-8B
259,math500,Qwen3-8B
259,finqa,GLM-Z1-9B-0414
259,humaneval,Qwen2.5-Coder-7B-Instruct
259,korbench,Intern-S1-mini
259,emorynlp,gemma-2-9b-it
259,mbpp,Fin-R1
260,finqa,Intern-S1-mini
260,meld,gemma-2-9b-it
260,mbpp,Qwen2.5-Coder-7B-Instruct
260,math500,DeepSeek-R1-0528-Qwen3-8B
260,emorynlp,Fin-R1
260,korbench,GLM-Z1-9B-0414
260,humaneval,glm-4-9b-chat
260,medqa,Qwen3-8B
261,humaneval,Qwen2.5-Coder-7B-Instruct
261,finqa,Intern-S1-mini
261,meld,gemma-2-9b-it
261,emorynlp,glm-4-9b-chat
261,math500,GLM-Z1-9B-0414
261,korbench,DeepSeek-R1-0528-Qwen3-8B
261,medqa,Qwen3-8B
261,mbpp,Fin-R1
262,meld,glm-4-9b-chat
262,medqa,DeepSeek-R1-0528-Qwen3-8B
262,humaneval,Qwen2.5-Coder-7B-Instruct
262,math500,Intern-S1-mini
262,korbench,GLM-Z1-9B-0414
262,emorynlp,gemma-2-9b-it
262,mbpp,Fin-R1
262,finqa,Qwen3-8B
263,meld,glm-4-9b-chat
263,medqa,DeepSeek-R1-0528-Qwen3-8B
263,humaneval,Qwen2.5-Coder-7B-Instruct
263,math500,GLM-Z1-9B-0414
263,korbench,Intern-S1-mini
263,emorynlp,gemma-2-9b-it
263,mbpp,Fin-R1
263,finqa,Qwen3-8B
264,meld,glm-4-9b-chat
264,medqa,DeepSeek-R1-0528-Qwen3-8B
264,humaneval,Qwen2.5-Coder-7B-Instruct
264,math500,GLM-Z1-9B-0414
264,korbench,Intern-S1-mini
264,emorynlp,gemma-2-9b-it
264,mbpp,Fin-R1
264,finqa,Qwen3-8B
265,medqa,DeepSeek-R1-0528-Qwen3-8B
265,humaneval,Qwen2.5-Coder-7B-Instruct
265,meld,gemma-2-9b-it
265,emorynlp,glm-4-9b-chat
265,math500,GLM-Z1-9B-0414
265,korbench,Intern-S1-mini
265,mbpp,Fin-R1
265,finqa,Qwen3-8B
266,medqa,DeepSeek-R1-0528-Qwen3-8B
266,humaneval,Qwen2.5-Coder-7B-Instruct
266,meld,gemma-2-9b-it
266,emorynlp,glm-4-9b-chat
266,math500,GLM-Z1-9B-0414
266,korbench,Intern-S1-mini
266,mbpp,Fin-R1
266,finqa,Qwen3-8B
267,meld,glm-4-9b-chat
267,medqa,DeepSeek-R1-0528-Qwen3-8B
267,humaneval,Qwen2.5-Coder-7B-Instruct
267,math500,GLM-Z1-9B-0414
267,korbench,Intern-S1-mini
267,emorynlp,gemma-2-9b-it
267,mbpp,Fin-R1
267,finqa,Qwen3-8B
268,meld,glm-4-9b-chat
268,medqa,DeepSeek-R1-0528-Qwen3-8B
268,math500,Qwen3-8B
268,humaneval,Qwen2.5-Coder-7B-Instruct
268,finqa,Intern-S1-mini
268,korbench,GLM-Z1-9B-0414
268,emorynlp,gemma-2-9b-it
268,mbpp,Fin-R1
269,meld,glm-4-9b-chat
269,medqa,DeepSeek-R1-0528-Qwen3-8B
269,humaneval,Qwen2.5-Coder-7B-Instruct
269,math500,GLM-Z1-9B-0414
269,korbench,Intern-S1-mini
269,emorynlp,gemma-2-9b-it
269,mbpp,Fin-R1
269,finqa,Qwen3-8B
270,medqa,Qwen3-8B
270,meld,glm-4-9b-chat
270,humaneval,Qwen2.5-Coder-7B-Instruct
270,finqa,Intern-S1-mini
270,math500,DeepSeek-R1-0528-Qwen3-8B
270,korbench,GLM-Z1-9B-0414
270,emorynlp,gemma-2-9b-it
270,mbpp,Fin-R1
271,meld,glm-4-9b-chat
271,medqa,DeepSeek-R1-0528-Qwen3-8B
271,humaneval,Qwen2.5-Coder-7B-Instruct
271,math500,GLM-Z1-9B-0414
271,korbench,Intern-S1-mini
271,emorynlp,gemma-2-9b-it
271,mbpp,Fin-R1
271,finqa,Qwen3-8B
272,meld,glm-4-9b-chat
272,medqa,DeepSeek-R1-0528-Qwen3-8B
272,humaneval,Qwen2.5-Coder-7B-Instruct
272,math500,GLM-Z1-9B-0414
272,korbench,Intern-S1-mini
272,emorynlp,gemma-2-9b-it
272,mbpp,Fin-R1
272,finqa,Qwen3-8B
273,meld,glm-4-9b-chat
273,medqa,DeepSeek-R1-0528-Qwen3-8B
273,humaneval,Qwen2.5-Coder-7B-Instruct
273,math500,GLM-Z1-9B-0414
273,korbench,Intern-S1-mini
273,emorynlp,gemma-2-9b-it
273,mbpp,Fin-R1
273,finqa,Qwen3-8B
274,meld,glm-4-9b-chat
274,finqa,Intern-S1-mini
274,mbpp,Qwen2.5-Coder-7B-Instruct
274,math500,DeepSeek-R1-0528-Qwen3-8B
274,korbench,GLM-Z1-9B-0414
274,humaneval,Fin-R1
274,emorynlp,gemma-2-9b-it
274,medqa,Qwen3-8B
275,meld,glm-4-9b-chat
275,medqa,DeepSeek-R1-0528-Qwen3-8B
275,humaneval,Qwen2.5-Coder-7B-Instruct
275,math500,GLM-Z1-9B-0414
275,korbench,Intern-S1-mini
275,emorynlp,gemma-2-9b-it
275,mbpp,Fin-R1
275,finqa,Qwen3-8B
276,medqa,DeepSeek-R1-0528-Qwen3-8B
276,humaneval,Qwen2.5-Coder-7B-Instruct
276,meld,gemma-2-9b-it
276,emorynlp,glm-4-9b-chat
276,math500,Intern-S1-mini
276,korbench,GLM-Z1-9B-0414
276,mbpp,Fin-R1
276,finqa,Qwen3-8B
277,meld,glm-4-9b-chat
277,medqa,DeepSeek-R1-0528-Qwen3-8B
277,humaneval,Qwen2.5-Coder-7B-Instruct
277,math500,GLM-Z1-9B-0414
277,korbench,Intern-S1-mini
277,emorynlp,gemma-2-9b-it
277,mbpp,Fin-R1
277,finqa,Qwen3-8B
278,medqa,DeepSeek-R1-0528-Qwen3-8B
278,humaneval,Qwen2.5-Coder-7B-Instruct
278,meld,gemma-2-9b-it
278,emorynlp,glm-4-9b-chat
278,math500,GLM-Z1-9B-0414
278,korbench,Intern-S1-mini
278,mbpp,Fin-R1
278,finqa,Qwen3-8B
279,meld,glm-4-9b-chat
279,medqa,DeepSeek-R1-0528-Qwen3-8B
279,humaneval,Qwen2.5-Coder-7B-Instruct
279,math500,GLM-Z1-9B-0414
279,korbench,Intern-S1-mini
279,emorynlp,gemma-2-9b-it
279,mbpp,Fin-R1
279,finqa,Qwen3-8B
280,meld,glm-4-9b-chat
280,medqa,DeepSeek-R1-0528-Qwen3-8B
280,humaneval,Qwen2.5-Coder-7B-Instruct
280,math500,GLM-Z1-9B-0414
280,korbench,Intern-S1-mini
280,emorynlp,gemma-2-9b-it
280,mbpp,Fin-R1
280,finqa,Qwen3-8B
281,meld,glm-4-9b-chat
281,medqa,DeepSeek-R1-0528-Qwen3-8B
281,humaneval,Qwen2.5-Coder-7B-Instruct
281,math500,GLM-Z1-9B-0414
281,korbench,Intern-S1-mini
281,emorynlp,gemma-2-9b-it
281,mbpp,Fin-R1
281,finqa,Qwen3-8B
282,medqa,DeepSeek-R1-0528-Qwen3-8B
282,humaneval,Qwen2.5-Coder-7B-Instruct
282,meld,gemma-2-9b-it
282,emorynlp,glm-4-9b-chat
282,math500,GLM-Z1-9B-0414
282,korbench,Intern-S1-mini
282,mbpp,Fin-R1
282,finqa,Qwen3-8B
283,medqa,Qwen3-8B
283,meld,glm-4-9b-chat
283,humaneval,Qwen2.5-Coder-7B-Instruct
283,finqa,Intern-S1-mini
283,math500,DeepSeek-R1-0528-Qwen3-8B
283,korbench,GLM-Z1-9B-0414
283,emorynlp,gemma-2-9b-it
283,mbpp,Fin-R1
284,meld,glm-4-9b-chat
284,medqa,DeepSeek-R1-0528-Qwen3-8B
284,humaneval,Qwen2.5-Coder-7B-Instruct
284,math500,GLM-Z1-9B-0414
284,korbench,Intern-S1-mini
284,emorynlp,gemma-2-9b-it
284,mbpp,Fin-R1
284,finqa,Qwen3-8B
285,medqa,Qwen3-8B
285,humaneval,Qwen2.5-Coder-7B-Instruct
285,finqa,Intern-S1-mini
285,meld,gemma-2-9b-it
285,emorynlp,glm-4-9b-chat
285,math500,DeepSeek-R1-0528-Qwen3-8B
285,korbench,GLM-Z1-9B-0414
285,mbpp,Fin-R1
286,meld,glm-4-9b-chat
286,medqa,DeepSeek-R1-0528-Qwen3-8B
286,humaneval,Qwen2.5-Coder-7B-Instruct
286,math500,GLM-Z1-9B-0414
286,korbench,Intern-S1-mini
286,emorynlp,gemma-2-9b-it
286,mbpp,Fin-R1
286,finqa,Qwen3-8B
287,meld,glm-4-9b-chat
287,medqa,DeepSeek-R1-0528-Qwen3-8B
287,math500,Qwen3-8B
287,humaneval,Qwen2.5-Coder-7B-Instruct
287,mbpp,GLM-Z1-9B-0414
287,finqa,Fin-R1
287,korbench,Intern-S1-mini
287,emorynlp,gemma-2-9b-it
288,meld,glm-4-9b-chat
288,medqa,DeepSeek-R1-0528-Qwen3-8B
288,humaneval,Qwen2.5-Coder-7B-Instruct
288,math500,GLM-Z1-9B-0414
288,korbench,Intern-S1-mini
288,emorynlp,gemma-2-9b-it
288,mbpp,Fin-R1
288,finqa,Qwen3-8B
289,meld,glm-4-9b-chat
289,medqa,DeepSeek-R1-0528-Qwen3-8B
289,math500,Qwen3-8B
289,humaneval,Qwen2.5-Coder-7B-Instruct
289,finqa,Intern-S1-mini
289,korbench,GLM-Z1-9B-0414
289,emorynlp,gemma-2-9b-it
289,mbpp,Fin-R1
290,medqa,DeepSeek-R1-0528-Qwen3-8B
290,humaneval,Qwen2.5-Coder-7B-Instruct
290,meld,gemma-2-9b-it
290,emorynlp,glm-4-9b-chat
290,math500,GLM-Z1-9B-0414
290,korbench,Intern-S1-mini
290,mbpp,Fin-R1
290,finqa,Qwen3-8B
291,meld,glm-4-9b-chat
291,medqa,DeepSeek-R1-0528-Qwen3-8B
291,humaneval,Qwen2.5-Coder-7B-Instruct
291,math500,GLM-Z1-9B-0414
291,korbench,Intern-S1-mini
291,emorynlp,gemma-2-9b-it
291,mbpp,Fin-R1
291,finqa,Qwen3-8B
292,medqa,Qwen3-8B
292,meld,glm-4-9b-chat
292,humaneval,Qwen2.5-Coder-7B-Instruct
292,finqa,Intern-S1-mini
292,math500,DeepSeek-R1-0528-Qwen3-8B
292,korbench,GLM-Z1-9B-0414
292,emorynlp,gemma-2-9b-it
292,mbpp,Fin-R1
293,meld,glm-4-9b-chat
293,medqa,DeepSeek-R1-0528-Qwen3-8B
293,humaneval,Qwen2.5-Coder-7B-Instruct
293,math500,Intern-S1-mini
293,korbench,GLM-Z1-9B-0414
293,emorynlp,gemma-2-9b-it
293,mbpp,Fin-R1
293,finqa,Qwen3-8B
294,meld,glm-4-9b-chat
294,medqa,DeepSeek-R1-0528-Qwen3-8B
294,humaneval,Qwen2.5-Coder-7B-Instruct
294,math500,GLM-Z1-9B-0414
294,korbench,Intern-S1-mini
294,emorynlp,gemma-2-9b-it
294,mbpp,Fin-R1
294,finqa,Qwen3-8B
295,medqa,DeepSeek-R1-0528-Qwen3-8B
295,humaneval,Qwen2.5-Coder-7B-Instruct
295,meld,gemma-2-9b-it
295,emorynlp,glm-4-9b-chat
295,math500,GLM-Z1-9B-0414
295,korbench,Intern-S1-mini
295,mbpp,Fin-R1
295,finqa,Qwen3-8B
296,medqa,DeepSeek-R1-0528-Qwen3-8B
296,humaneval,Qwen2.5-Coder-7B-Instruct
296,meld,gemma-2-9b-it
296,emorynlp,glm-4-9b-chat
296,math500,GLM-Z1-9B-0414
296,korbench,Intern-S1-mini
296,mbpp,Fin-R1
296,finqa,Qwen3-8B
297,medqa,Qwen3-8B
297,meld,glm-4-9b-chat
297,humaneval,Qwen2.5-Coder-7B-Instruct
297,finqa,Intern-S1-mini
297,math500,DeepSeek-R1-0528-Qwen3-8B
297,korbench,GLM-Z1-9B-0414
297,emorynlp,gemma-2-9b-it
297,mbpp,Fin-R1
298,meld,glm-4-9b-chat
298,medqa,DeepSeek-R1-0528-Qwen3-8B
298,humaneval,Qwen2.5-Coder-7B-Instruct
298,math500,GLM-Z1-9B-0414
298,korbench,Intern-S1-mini
298,emorynlp,gemma-2-9b-it
298,mbpp,Fin-R1
298,finqa,Qwen3-8B
299,meld,Fin-R1
299,finqa,Intern-S1-mini
299,mbpp,Qwen2.5-Coder-7B-Instruct
299,math500,DeepSeek-R1-0528-Qwen3-8B
299,korbench,GLM-Z1-9B-0414
299,emorynlp,gemma-2-9b-it
299,humaneval,glm-4-9b-chat
299,medqa,Qwen3-8B
300,meld,glm-4-9b-chat
300,finqa,GLM-Z1-9B-0414
300,humaneval,Qwen2.5-Coder-7B-Instruct
300,math500,DeepSeek-R1-0528-Qwen3-8B
300,korbench,Intern-S1-mini
300,emorynlp,gemma-2-9b-it
300,medqa,Qwen3-8B
300,mbpp,Fin-R1
301,meld,glm-4-9b-chat
301,medqa,DeepSeek-R1-0528-Qwen3-8B
301,humaneval,Qwen2.5-Coder-7B-Instruct
301,math500,GLM-Z1-9B-0414
301,korbench,Intern-S1-mini
301,emorynlp,gemma-2-9b-it
301,mbpp,Fin-R1
301,finqa,Qwen3-8B
302,meld,glm-4-9b-chat
302,medqa,DeepSeek-R1-0528-Qwen3-8B
302,humaneval,Qwen2.5-Coder-7B-Instruct
302,math500,GLM-Z1-9B-0414
302,korbench,Intern-S1-mini
302,emorynlp,gemma-2-9b-it
302,mbpp,Fin-R1
302,finqa,Qwen3-8B
303,meld,glm-4-9b-chat
303,medqa,DeepSeek-R1-0528-Qwen3-8B
303,humaneval,Qwen2.5-Coder-7B-Instruct
303,math500,GLM-Z1-9B-0414
303,korbench,Intern-S1-mini
303,emorynlp,gemma-2-9b-it
303,mbpp,Fin-R1
303,finqa,Qwen3-8B
304,medqa,Qwen3-8B
304,humaneval,Qwen2.5-Coder-7B-Instruct
304,finqa,Intern-S1-mini
304,meld,gemma-2-9b-it
304,emorynlp,glm-4-9b-chat
304,math500,DeepSeek-R1-0528-Qwen3-8B
304,korbench,GLM-Z1-9B-0414
304,mbpp,Fin-R1
305,meld,glm-4-9b-chat
305,medqa,DeepSeek-R1-0528-Qwen3-8B
305,humaneval,Qwen2.5-Coder-7B-Instruct
305,math500,GLM-Z1-9B-0414
305,korbench,Intern-S1-mini
305,emorynlp,gemma-2-9b-it
305,mbpp,Fin-R1
305,finqa,Qwen3-8B
306,meld,glm-4-9b-chat
306,medqa,DeepSeek-R1-0528-Qwen3-8B
306,humaneval,Qwen2.5-Coder-7B-Instruct
306,math500,GLM-Z1-9B-0414
306,korbench,Intern-S1-mini
306,emorynlp,gemma-2-9b-it
306,mbpp,Fin-R1
306,finqa,Qwen3-8B
307,meld,glm-4-9b-chat
307,medqa,DeepSeek-R1-0528-Qwen3-8B
307,humaneval,Qwen2.5-Coder-7B-Instruct
307,math500,GLM-Z1-9B-0414
307,korbench,Intern-S1-mini
307,emorynlp,gemma-2-9b-it
307,mbpp,Fin-R1
307,finqa,Qwen3-8B
308,medqa,Qwen3-8B
308,meld,glm-4-9b-chat
308,humaneval,Qwen2.5-Coder-7B-Instruct
308,finqa,Intern-S1-mini
308,math500,DeepSeek-R1-0528-Qwen3-8B
308,korbench,GLM-Z1-9B-0414
308,emorynlp,gemma-2-9b-it
308,mbpp,Fin-R1
309,medqa,Qwen3-8B
309,meld,glm-4-9b-chat
309,humaneval,Qwen2.5-Coder-7B-Instruct
309,finqa,Intern-S1-mini
309,math500,DeepSeek-R1-0528-Qwen3-8B
309,korbench,GLM-Z1-9B-0414
309,emorynlp,gemma-2-9b-it
309,mbpp,Fin-R1
310,meld,glm-4-9b-chat
310,medqa,DeepSeek-R1-0528-Qwen3-8B
310,humaneval,Qwen2.5-Coder-7B-Instruct
310,math500,GLM-Z1-9B-0414
310,korbench,Intern-S1-mini
310,emorynlp,gemma-2-9b-it
310,mbpp,Fin-R1
310,finqa,Qwen3-8B
311,medqa,DeepSeek-R1-0528-Qwen3-8B
311,humaneval,Qwen2.5-Coder-7B-Instruct
311,meld,gemma-2-9b-it
311,emorynlp,glm-4-9b-chat
311,math500,GLM-Z1-9B-0414
311,korbench,Intern-S1-mini
311,mbpp,Fin-R1
311,finqa,Qwen3-8B
312,medqa,Qwen3-8B
312,humaneval,Qwen2.5-Coder-7B-Instruct
312,finqa,Intern-S1-mini
312,meld,gemma-2-9b-it
312,emorynlp,glm-4-9b-chat
312,math500,DeepSeek-R1-0528-Qwen3-8B
312,korbench,GLM-Z1-9B-0414
312,mbpp,Fin-R1
313,meld,glm-4-9b-chat
313,finqa,GLM-Z1-9B-0414
313,humaneval,Qwen2.5-Coder-7B-Instruct
313,math500,DeepSeek-R1-0528-Qwen3-8B
313,korbench,Intern-S1-mini
313,emorynlp,gemma-2-9b-it
313,medqa,Qwen3-8B
313,mbpp,Fin-R1
314,medqa,DeepSeek-R1-0528-Qwen3-8B
314,meld,gemma-2-9b-it
314,mbpp,Qwen2.5-Coder-7B-Instruct
314,math500,GLM-Z1-9B-0414
314,emorynlp,Fin-R1
314,korbench,Intern-S1-mini
314,humaneval,glm-4-9b-chat
314,finqa,Qwen3-8B
315,meld,glm-4-9b-chat
315,medqa,DeepSeek-R1-0528-Qwen3-8B
315,humaneval,Qwen2.5-Coder-7B-Instruct
315,math500,GLM-Z1-9B-0414
315,korbench,Intern-S1-mini
315,emorynlp,gemma-2-9b-it
315,mbpp,Fin-R1
315,finqa,Qwen3-8B
316,meld,glm-4-9b-chat
316,medqa,DeepSeek-R1-0528-Qwen3-8B
316,humaneval,Qwen2.5-Coder-7B-Instruct
316,math500,GLM-Z1-9B-0414
316,korbench,Intern-S1-mini
316,emorynlp,gemma-2-9b-it
316,mbpp,Fin-R1
316,finqa,Qwen3-8B
317,meld,glm-4-9b-chat
317,medqa,DeepSeek-R1-0528-Qwen3-8B
317,humaneval,Qwen2.5-Coder-7B-Instruct
317,math500,GLM-Z1-9B-0414
317,korbench,Intern-S1-mini
317,emorynlp,gemma-2-9b-it
317,mbpp,Fin-R1
317,finqa,Qwen3-8B
318,meld,glm-4-9b-chat
318,humaneval,Qwen2.5-Coder-7B-Instruct
318,mbpp,GLM-Z1-9B-0414
318,math500,DeepSeek-R1-0528-Qwen3-8B
318,finqa,Fin-R1
318,korbench,Intern-S1-mini
318,emorynlp,gemma-2-9b-it
318,medqa,Qwen3-8B
319,meld,glm-4-9b-chat
319,medqa,DeepSeek-R1-0528-Qwen3-8B
319,humaneval,Qwen2.5-Coder-7B-Instruct
319,math500,GLM-Z1-9B-0414
319,korbench,Intern-S1-mini
319,emorynlp,gemma-2-9b-it
319,mbpp,Fin-R1
319,finqa,Qwen3-8B
320,meld,glm-4-9b-chat
320,humaneval,Qwen2.5-Coder-7B-Instruct
320,mbpp,gemma-2-9b-it
320,math500,DeepSeek-R1-0528-Qwen3-8B
320,finqa,Fin-R1
320,korbench,Intern-S1-mini
320,medqa,Qwen3-8B
320,emorynlp,GLM-Z1-9B-0414
321,medqa,Qwen3-8B
321,meld,glm-4-9b-chat
321,humaneval,Qwen2.5-Coder-7B-Instruct
321,finqa,Intern-S1-mini
321,math500,DeepSeek-R1-0528-Qwen3-8B
321,korbench,GLM-Z1-9B-0414
321,emorynlp,gemma-2-9b-it
321,mbpp,Fin-R1
322,medqa,DeepSeek-R1-0528-Qwen3-8B
322,humaneval,Qwen2.5-Coder-7B-Instruct
322,meld,gemma-2-9b-it
322,emorynlp,glm-4-9b-chat
322,math500,GLM-Z1-9B-0414
322,korbench,Intern-S1-mini
322,mbpp,Fin-R1
322,finqa,Qwen3-8B
323,meld,glm-4-9b-chat
323,medqa,DeepSeek-R1-0528-Qwen3-8B
323,humaneval,Qwen2.5-Coder-7B-Instruct
323,math500,GLM-Z1-9B-0414
323,korbench,Intern-S1-mini
323,emorynlp,gemma-2-9b-it
323,mbpp,Fin-R1
323,finqa,Qwen3-8B
324,meld,glm-4-9b-chat
324,medqa,DeepSeek-R1-0528-Qwen3-8B
324,humaneval,Qwen2.5-Coder-7B-Instruct
324,math500,GLM-Z1-9B-0414
324,korbench,Intern-S1-mini
324,emorynlp,gemma-2-9b-it
324,mbpp,Fin-R1
324,finqa,Qwen3-8B
325,medqa,Qwen3-8B
325,meld,glm-4-9b-chat
325,humaneval,Qwen2.5-Coder-7B-Instruct
325,finqa,Intern-S1-mini
325,math500,DeepSeek-R1-0528-Qwen3-8B
325,korbench,GLM-Z1-9B-0414
325,emorynlp,gemma-2-9b-it
325,mbpp,Fin-R1
326,meld,glm-4-9b-chat
326,medqa,DeepSeek-R1-0528-Qwen3-8B
326,humaneval,Qwen2.5-Coder-7B-Instruct
326,math500,GLM-Z1-9B-0414
326,korbench,Intern-S1-mini
326,emorynlp,gemma-2-9b-it
326,mbpp,Fin-R1
326,finqa,Qwen3-8B
327,medqa,Qwen3-8B
327,meld,glm-4-9b-chat
327,humaneval,Qwen2.5-Coder-7B-Instruct
327,finqa,Intern-S1-mini
327,math500,DeepSeek-R1-0528-Qwen3-8B
327,korbench,GLM-Z1-9B-0414
327,emorynlp,gemma-2-9b-it
327,mbpp,Fin-R1
328,finqa,GLM-Z1-9B-0414
328,humaneval,Qwen2.5-Coder-7B-Instruct
328,meld,gemma-2-9b-it
328,emorynlp,glm-4-9b-chat
328,math500,DeepSeek-R1-0528-Qwen3-8B
328,korbench,Intern-S1-mini
328,medqa,Qwen3-8B
328,mbpp,Fin-R1
329,meld,glm-4-9b-chat
329,medqa,DeepSeek-R1-0528-Qwen3-8B
329,humaneval,Qwen2.5-Coder-7B-Instruct
329,math500,GLM-Z1-9B-0414
329,korbench,Intern-S1-mini
329,emorynlp,gemma-2-9b-it
329,mbpp,Fin-R1
329,finqa,Qwen3-8B
330,meld,glm-4-9b-chat
330,medqa,DeepSeek-R1-0528-Qwen3-8B
330,humaneval,Qwen2.5-Coder-7B-Instruct
330,math500,GLM-Z1-9B-0414
330,korbench,Intern-S1-mini
330,emorynlp,gemma-2-9b-it
330,mbpp,Fin-R1
330,finqa,Qwen3-8B
331,meld,glm-4-9b-chat
331,medqa,DeepSeek-R1-0528-Qwen3-8B
331,humaneval,Qwen2.5-Coder-7B-Instruct
331,math500,GLM-Z1-9B-0414
331,korbench,Intern-S1-mini
331,emorynlp,gemma-2-9b-it
331,mbpp,Fin-R1
331,finqa,Qwen3-8B
332,medqa,DeepSeek-R1-0528-Qwen3-8B
332,meld,gemma-2-9b-it
332,mbpp,Qwen2.5-Coder-7B-Instruct
332,math500,GLM-Z1-9B-0414
332,emorynlp,Fin-R1
332,korbench,Intern-S1-mini
332,humaneval,glm-4-9b-chat
332,finqa,Qwen3-8B
333,meld,glm-4-9b-chat
333,medqa,DeepSeek-R1-0528-Qwen3-8B
333,humaneval,Qwen2.5-Coder-7B-Instruct
333,math500,GLM-Z1-9B-0414
333,korbench,Intern-S1-mini
333,emorynlp,gemma-2-9b-it
333,mbpp,Fin-R1
333,finqa,Qwen3-8B
334,medqa,DeepSeek-R1-0528-Qwen3-8B
334,humaneval,Qwen2.5-Coder-7B-Instruct
334,meld,gemma-2-9b-it
334,emorynlp,glm-4-9b-chat
334,math500,GLM-Z1-9B-0414
334,korbench,Intern-S1-mini
334,mbpp,Fin-R1
334,finqa,Qwen3-8B
335,meld,glm-4-9b-chat
335,medqa,DeepSeek-R1-0528-Qwen3-8B
335,humaneval,Qwen2.5-Coder-7B-Instruct
335,math500,GLM-Z1-9B-0414
335,korbench,Intern-S1-mini
335,emorynlp,gemma-2-9b-it
335,mbpp,Fin-R1
335,finqa,Qwen3-8B
336,meld,glm-4-9b-chat
336,medqa,DeepSeek-R1-0528-Qwen3-8B
336,humaneval,Qwen2.5-Coder-7B-Instruct
336,math500,GLM-Z1-9B-0414
336,korbench,Intern-S1-mini
336,emorynlp,gemma-2-9b-it
336,mbpp,Fin-R1
336,finqa,Qwen3-8B
337,medqa,DeepSeek-R1-0528-Qwen3-8B
337,meld,gemma-2-9b-it
337,mbpp,Qwen2.5-Coder-7B-Instruct
337,math500,GLM-Z1-9B-0414
337,emorynlp,Fin-R1
337,korbench,Intern-S1-mini
337,humaneval,glm-4-9b-chat
337,finqa,Qwen3-8B
338,medqa,Qwen3-8B
338,humaneval,Qwen2.5-Coder-7B-Instruct
338,finqa,Intern-S1-mini
338,meld,gemma-2-9b-it
338,emorynlp,glm-4-9b-chat
338,math500,DeepSeek-R1-0528-Qwen3-8B
338,korbench,GLM-Z1-9B-0414
338,mbpp,Fin-R1
339,meld,glm-4-9b-chat
339,medqa,DeepSeek-R1-0528-Qwen3-8B
339,humaneval,Qwen2.5-Coder-7B-Instruct
339,math500,GLM-Z1-9B-0414
339,korbench,Intern-S1-mini
339,emorynlp,gemma-2-9b-it
339,mbpp,Fin-R1
339,finqa,Qwen3-8B
340,medqa,DeepSeek-R1-0528-Qwen3-8B
340,humaneval,Qwen2.5-Coder-7B-Instruct
340,meld,gemma-2-9b-it
340,emorynlp,glm-4-9b-chat
340,math500,GLM-Z1-9B-0414
340,korbench,Intern-S1-mini
340,mbpp,Fin-R1
340,finqa,Qwen3-8B
341,meld,glm-4-9b-chat
341,medqa,DeepSeek-R1-0528-Qwen3-8B
341,humaneval,Qwen2.5-Coder-7B-Instruct
341,math500,GLM-Z1-9B-0414
341,korbench,Intern-S1-mini
341,emorynlp,gemma-2-9b-it
341,mbpp,Fin-R1
341,finqa,Qwen3-8B
342,medqa,DeepSeek-R1-0528-Qwen3-8B
342,humaneval,Qwen2.5-Coder-7B-Instruct
342,meld,gemma-2-9b-it
342,emorynlp,glm-4-9b-chat
342,math500,GLM-Z1-9B-0414
342,korbench,Intern-S1-mini
342,mbpp,Fin-R1
342,finqa,Qwen3-8B
343,meld,glm-4-9b-chat
343,medqa,DeepSeek-R1-0528-Qwen3-8B
343,humaneval,Qwen2.5-Coder-7B-Instruct
343,math500,Intern-S1-mini
343,korbench,GLM-Z1-9B-0414
343,emorynlp,gemma-2-9b-it
343,mbpp,Fin-R1
343,finqa,Qwen3-8B
344,meld,glm-4-9b-chat
344,medqa,DeepSeek-R1-0528-Qwen3-8B
344,humaneval,Qwen2.5-Coder-7B-Instruct
344,math500,GLM-Z1-9B-0414
344,korbench,Intern-S1-mini
344,emorynlp,gemma-2-9b-it
344,mbpp,Fin-R1
344,finqa,Qwen3-8B
345,meld,glm-4-9b-chat
345,medqa,DeepSeek-R1-0528-Qwen3-8B
345,humaneval,Qwen2.5-Coder-7B-Instruct
345,math500,GLM-Z1-9B-0414
345,korbench,Intern-S1-mini
345,emorynlp,gemma-2-9b-it
345,mbpp,Fin-R1
345,finqa,Qwen3-8B
346,medqa,DeepSeek-R1-0528-Qwen3-8B
346,humaneval,Qwen2.5-Coder-7B-Instruct
346,meld,gemma-2-9b-it
346,emorynlp,glm-4-9b-chat
346,math500,GLM-Z1-9B-0414
346,korbench,Intern-S1-mini
346,mbpp,Fin-R1
346,finqa,Qwen3-8B
347,meld,glm-4-9b-chat
347,finqa,Intern-S1-mini
347,mbpp,Qwen2.5-Coder-7B-Instruct
347,math500,DeepSeek-R1-0528-Qwen3-8B
347,korbench,GLM-Z1-9B-0414
347,humaneval,Fin-R1
347,emorynlp,gemma-2-9b-it
347,medqa,Qwen3-8B
348,medqa,DeepSeek-R1-0528-Qwen3-8B
348,humaneval,Qwen2.5-Coder-7B-Instruct
348,meld,gemma-2-9b-it
348,emorynlp,glm-4-9b-chat
348,math500,GLM-Z1-9B-0414
348,korbench,Intern-S1-mini
348,mbpp,Fin-R1
348,finqa,Qwen3-8B
349,medqa,DeepSeek-R1-0528-Qwen3-8B
349,humaneval,Qwen2.5-Coder-7B-Instruct
349,meld,gemma-2-9b-it
349,emorynlp,glm-4-9b-chat
349,math500,GLM-Z1-9B-0414
349,korbench,Intern-S1-mini
349,mbpp,Fin-R1
349,finqa,Qwen3-8B
350,meld,glm-4-9b-chat
350,medqa,DeepSeek-R1-0528-Qwen3-8B
350,humaneval,Qwen2.5-Coder-7B-Instruct
350,math500,GLM-Z1-9B-0414
350,korbench,Intern-S1-mini
350,emorynlp,gemma-2-9b-it
350,mbpp,Fin-R1
350,finqa,Qwen3-8B
351,meld,glm-4-9b-chat
351,medqa,DeepSeek-R1-0528-Qwen3-8B
351,humaneval,Qwen2.5-Coder-7B-Instruct
351,math500,GLM-Z1-9B-0414
351,korbench,Intern-S1-mini
351,emorynlp,gemma-2-9b-it
351,mbpp,Fin-R1
351,finqa,Qwen3-8B
352,meld,glm-4-9b-chat
352,medqa,DeepSeek-R1-0528-Qwen3-8B
352,humaneval,Qwen2.5-Coder-7B-Instruct
352,math500,GLM-Z1-9B-0414
352,korbench,Intern-S1-mini
352,emorynlp,gemma-2-9b-it
352,mbpp,Fin-R1
352,finqa,Qwen3-8B
353,medqa,DeepSeek-R1-0528-Qwen3-8B
353,humaneval,Qwen2.5-Coder-7B-Instruct
353,meld,gemma-2-9b-it
353,emorynlp,glm-4-9b-chat
353,math500,GLM-Z1-9B-0414
353,korbench,Intern-S1-mini
353,mbpp,Fin-R1
353,finqa,Qwen3-8B
354,meld,glm-4-9b-chat
354,medqa,DeepSeek-R1-0528-Qwen3-8B
354,humaneval,Qwen2.5-Coder-7B-Instruct
354,math500,GLM-Z1-9B-0414
354,korbench,Intern-S1-mini
354,emorynlp,gemma-2-9b-it
354,mbpp,Fin-R1
354,finqa,Qwen3-8B
355,meld,glm-4-9b-chat
355,medqa,DeepSeek-R1-0528-Qwen3-8B
355,math500,Qwen3-8B
355,humaneval,Qwen2.5-Coder-7B-Instruct
355,mbpp,GLM-Z1-9B-0414
355,finqa,Fin-R1
355,korbench,Intern-S1-mini
355,emorynlp,gemma-2-9b-it
356,meld,glm-4-9b-chat
356,medqa,DeepSeek-R1-0528-Qwen3-8B
356,humaneval,Qwen2.5-Coder-7B-Instruct
356,math500,GLM-Z1-9B-0414
356,korbench,Intern-S1-mini
356,emorynlp,gemma-2-9b-it
356,mbpp,Fin-R1
356,finqa,Qwen3-8B
357,meld,glm-4-9b-chat
357,finqa,DeepSeek-R1-0528-Qwen3-8B
357,humaneval,Qwen2.5-Coder-7B-Instruct
357,math500,GLM-Z1-9B-0414
357,korbench,Intern-S1-mini
357,emorynlp,gemma-2-9b-it
357,medqa,Qwen3-8B
357,mbpp,Fin-R1
358,meld,glm-4-9b-chat
358,medqa,DeepSeek-R1-0528-Qwen3-8B
358,humaneval,Qwen2.5-Coder-7B-Instruct
358,math500,GLM-Z1-9B-0414
358,korbench,Intern-S1-mini
358,emorynlp,gemma-2-9b-it
358,mbpp,Fin-R1
358,finqa,Qwen3-8B
359,medqa,Qwen3-8B
359,meld,glm-4-9b-chat
359,humaneval,Qwen2.5-Coder-7B-Instruct
359,finqa,Intern-S1-mini
359,math500,DeepSeek-R1-0528-Qwen3-8B
359,korbench,GLM-Z1-9B-0414
359,emorynlp,gemma-2-9b-it
359,mbpp,Fin-R1
360,meld,glm-4-9b-chat
360,medqa,DeepSeek-R1-0528-Qwen3-8B
360,math500,Qwen3-8B
360,humaneval,Qwen2.5-Coder-7B-Instruct
360,finqa,Intern-S1-mini
360,korbench,GLM-Z1-9B-0414
360,emorynlp,gemma-2-9b-it
360,mbpp,Fin-R1
361,meld,glm-4-9b-chat
361,medqa,DeepSeek-R1-0528-Qwen3-8B
361,humaneval,Qwen2.5-Coder-7B-Instruct
361,math500,GLM-Z1-9B-0414
361,korbench,Intern-S1-mini
361,emorynlp,gemma-2-9b-it
361,mbpp,Fin-R1
361,finqa,Qwen3-8B
362,medqa,Qwen3-8B
362,meld,glm-4-9b-chat
362,humaneval,Qwen2.5-Coder-7B-Instruct
362,finqa,Intern-S1-mini
362,math500,DeepSeek-R1-0528-Qwen3-8B
362,korbench,GLM-Z1-9B-0414
362,emorynlp,gemma-2-9b-it
362,mbpp,Fin-R1
363,medqa,Qwen3-8B
363,meld,glm-4-9b-chat
363,humaneval,Qwen2.5-Coder-7B-Instruct
363,finqa,Intern-S1-mini
363,math500,DeepSeek-R1-0528-Qwen3-8B
363,korbench,GLM-Z1-9B-0414
363,emorynlp,gemma-2-9b-it
363,mbpp,Fin-R1
364,meld,glm-4-9b-chat
364,medqa,DeepSeek-R1-0528-Qwen3-8B
364,humaneval,Qwen2.5-Coder-7B-Instruct
364,math500,GLM-Z1-9B-0414
364,korbench,Intern-S1-mini
364,emorynlp,gemma-2-9b-it
364,mbpp,Fin-R1
364,finqa,Qwen3-8B
365,medqa,DeepSeek-R1-0528-Qwen3-8B
365,humaneval,Qwen2.5-Coder-7B-Instruct
365,meld,gemma-2-9b-it
365,emorynlp,glm-4-9b-chat
365,math500,GLM-Z1-9B-0414
365,korbench,Intern-S1-mini
365,mbpp,Fin-R1
365,finqa,Qwen3-8B
366,meld,glm-4-9b-chat
366,medqa,DeepSeek-R1-0528-Qwen3-8B
366,humaneval,Qwen2.5-Coder-7B-Instruct
366,math500,GLM-Z1-9B-0414
366,korbench,Intern-S1-mini
366,emorynlp,gemma-2-9b-it
366,mbpp,Fin-R1
366,finqa,Qwen3-8B
367,meld,glm-4-9b-chat
367,medqa,DeepSeek-R1-0528-Qwen3-8B
367,humaneval,Qwen2.5-Coder-7B-Instruct
367,math500,GLM-Z1-9B-0414
367,korbench,Intern-S1-mini
367,emorynlp,gemma-2-9b-it
367,mbpp,Fin-R1
367,finqa,Qwen3-8B
368,meld,glm-4-9b-chat
368,medqa,DeepSeek-R1-0528-Qwen3-8B
368,humaneval,Qwen2.5-Coder-7B-Instruct
368,math500,GLM-Z1-9B-0414
368,korbench,Intern-S1-mini
368,emorynlp,gemma-2-9b-it
368,mbpp,Fin-R1
368,finqa,Qwen3-8B
369,meld,glm-4-9b-chat
369,medqa,DeepSeek-R1-0528-Qwen3-8B
369,humaneval,Qwen2.5-Coder-7B-Instruct
369,math500,GLM-Z1-9B-0414
369,korbench,Intern-S1-mini
369,emorynlp,gemma-2-9b-it
369,mbpp,Fin-R1
369,finqa,Qwen3-8B
370,meld,glm-4-9b-chat
370,medqa,DeepSeek-R1-0528-Qwen3-8B
370,humaneval,Qwen2.5-Coder-7B-Instruct
370,math500,GLM-Z1-9B-0414
370,korbench,Intern-S1-mini
370,emorynlp,gemma-2-9b-it
370,mbpp,Fin-R1
370,finqa,Qwen3-8B
371,meld,glm-4-9b-chat
371,medqa,DeepSeek-R1-0528-Qwen3-8B
371,humaneval,Qwen2.5-Coder-7B-Instruct
371,math500,GLM-Z1-9B-0414
371,korbench,Intern-S1-mini
371,emorynlp,gemma-2-9b-it
371,mbpp,Fin-R1
371,finqa,Qwen3-8B
372,meld,glm-4-9b-chat
372,medqa,DeepSeek-R1-0528-Qwen3-8B
372,humaneval,Qwen2.5-Coder-7B-Instruct
372,math500,GLM-Z1-9B-0414
372,korbench,Intern-S1-mini
372,emorynlp,gemma-2-9b-it
372,mbpp,Fin-R1
372,finqa,Qwen3-8B
373,medqa,Qwen3-8B
373,meld,glm-4-9b-chat
373,humaneval,Qwen2.5-Coder-7B-Instruct
373,finqa,Intern-S1-mini
373,math500,DeepSeek-R1-0528-Qwen3-8B
373,korbench,GLM-Z1-9B-0414
373,emorynlp,gemma-2-9b-it
373,mbpp,Fin-R1
374,meld,glm-4-9b-chat
374,medqa,DeepSeek-R1-0528-Qwen3-8B
374,humaneval,Qwen2.5-Coder-7B-Instruct
374,math500,GLM-Z1-9B-0414
374,korbench,Intern-S1-mini
374,emorynlp,gemma-2-9b-it
374,mbpp,Fin-R1
374,finqa,Qwen3-8B
375,meld,glm-4-9b-chat
375,medqa,DeepSeek-R1-0528-Qwen3-8B
375,humaneval,Qwen2.5-Coder-7B-Instruct
375,math500,GLM-Z1-9B-0414
375,korbench,Intern-S1-mini
375,emorynlp,gemma-2-9b-it
375,mbpp,Fin-R1
375,finqa,Qwen3-8B
376,meld,glm-4-9b-chat
376,medqa,DeepSeek-R1-0528-Qwen3-8B
376,humaneval,Qwen2.5-Coder-7B-Instruct
376,math500,GLM-Z1-9B-0414
376,korbench,Intern-S1-mini
376,emorynlp,gemma-2-9b-it
376,mbpp,Fin-R1
376,finqa,Qwen3-8B
377,meld,glm-4-9b-chat
377,medqa,DeepSeek-R1-0528-Qwen3-8B
377,humaneval,Qwen2.5-Coder-7B-Instruct
377,math500,GLM-Z1-9B-0414
377,korbench,Intern-S1-mini
377,emorynlp,gemma-2-9b-it
377,mbpp,Fin-R1
377,finqa,Qwen3-8B
378,meld,glm-4-9b-chat
378,medqa,DeepSeek-R1-0528-Qwen3-8B
378,humaneval,Qwen2.5-Coder-7B-Instruct
378,math500,Intern-S1-mini
378,korbench,GLM-Z1-9B-0414
378,emorynlp,gemma-2-9b-it
378,mbpp,Fin-R1
378,finqa,Qwen3-8B
379,meld,glm-4-9b-chat
379,medqa,DeepSeek-R1-0528-Qwen3-8B
379,humaneval,Qwen2.5-Coder-7B-Instruct
379,math500,GLM-Z1-9B-0414
379,korbench,Intern-S1-mini
379,emorynlp,gemma-2-9b-it
379,mbpp,Fin-R1
379,finqa,Qwen3-8B
380,meld,glm-4-9b-chat
380,medqa,DeepSeek-R1-0528-Qwen3-8B
380,humaneval,Qwen2.5-Coder-7B-Instruct
380,math500,GLM-Z1-9B-0414
380,korbench,Intern-S1-mini
380,emorynlp,gemma-2-9b-it
380,mbpp,Fin-R1
380,finqa,Qwen3-8B
381,meld,glm-4-9b-chat
381,medqa,DeepSeek-R1-0528-Qwen3-8B
381,humaneval,Qwen2.5-Coder-7B-Instruct
381,math500,GLM-Z1-9B-0414
381,korbench,Intern-S1-mini
381,emorynlp,gemma-2-9b-it
381,mbpp,Fin-R1
381,finqa,Qwen3-8B
382,finqa,GLM-Z1-9B-0414
382,humaneval,Qwen2.5-Coder-7B-Instruct
382,meld,gemma-2-9b-it
382,emorynlp,glm-4-9b-chat
382,math500,DeepSeek-R1-0528-Qwen3-8B
382,korbench,Intern-S1-mini
382,medqa,Qwen3-8B
382,mbpp,Fin-R1
383,medqa,Qwen3-8B
383,humaneval,Qwen2.5-Coder-7B-Instruct
383,finqa,Intern-S1-mini
383,meld,gemma-2-9b-it
383,emorynlp,glm-4-9b-chat
383,math500,DeepSeek-R1-0528-Qwen3-8B
383,korbench,GLM-Z1-9B-0414
383,mbpp,Fin-R1
384,meld,glm-4-9b-chat
384,medqa,DeepSeek-R1-0528-Qwen3-8B
384,humaneval,Qwen2.5-Coder-7B-Instruct
384,math500,GLM-Z1-9B-0414
384,korbench,Intern-S1-mini
384,emorynlp,gemma-2-9b-it
384,mbpp,Fin-R1
384,finqa,Qwen3-8B
385,meld,glm-4-9b-chat
385,medqa,DeepSeek-R1-0528-Qwen3-8B
385,math500,Qwen3-8B
385,humaneval,Qwen2.5-Coder-7B-Instruct
385,finqa,Intern-S1-mini
385,korbench,GLM-Z1-9B-0414
385,emorynlp,gemma-2-9b-it
385,mbpp,Fin-R1
386,meld,glm-4-9b-chat
386,medqa,DeepSeek-R1-0528-Qwen3-8B
386,humaneval,Qwen2.5-Coder-7B-Instruct
386,math500,GLM-Z1-9B-0414
386,korbench,Intern-S1-mini
386,emorynlp,gemma-2-9b-it
386,mbpp,Fin-R1
386,finqa,Qwen3-8B
387,meld,glm-4-9b-chat
387,medqa,DeepSeek-R1-0528-Qwen3-8B
387,humaneval,Qwen2.5-Coder-7B-Instruct
387,math500,GLM-Z1-9B-0414
387,korbench,Intern-S1-mini
387,emorynlp,gemma-2-9b-it
387,mbpp,Fin-R1
387,finqa,Qwen3-8B
388,meld,glm-4-9b-chat
388,medqa,DeepSeek-R1-0528-Qwen3-8B
388,humaneval,Qwen2.5-Coder-7B-Instruct
388,math500,GLM-Z1-9B-0414
388,korbench,Intern-S1-mini
388,emorynlp,gemma-2-9b-it
388,mbpp,Fin-R1
388,finqa,Qwen3-8B
389,medqa,DeepSeek-R1-0528-Qwen3-8B
389,meld,gemma-2-9b-it
389,mbpp,Qwen2.5-Coder-7B-Instruct
389,math500,GLM-Z1-9B-0414
389,emorynlp,Fin-R1
389,korbench,Intern-S1-mini
389,humaneval,glm-4-9b-chat
389,finqa,Qwen3-8B
390,finqa,Intern-S1-mini
390,meld,gemma-2-9b-it
390,mbpp,Qwen2.5-Coder-7B-Instruct
390,math500,DeepSeek-R1-0528-Qwen3-8B
390,emorynlp,Fin-R1
390,korbench,GLM-Z1-9B-0414
390,humaneval,glm-4-9b-chat
390,medqa,Qwen3-8B
391,meld,glm-4-9b-chat
391,medqa,DeepSeek-R1-0528-Qwen3-8B
391,humaneval,Qwen2.5-Coder-7B-Instruct
391,math500,GLM-Z1-9B-0414
391,korbench,Intern-S1-mini
391,emorynlp,gemma-2-9b-it
391,mbpp,Fin-R1
391,finqa,Qwen3-8B
392,meld,glm-4-9b-chat
392,medqa,DeepSeek-R1-0528-Qwen3-8B
392,humaneval,Qwen2.5-Coder-7B-Instruct
392,math500,GLM-Z1-9B-0414
392,korbench,Intern-S1-mini
392,emorynlp,gemma-2-9b-it
392,mbpp,Fin-R1
392,finqa,Qwen3-8B
393,meld,glm-4-9b-chat
393,medqa,DeepSeek-R1-0528-Qwen3-8B
393,humaneval,Qwen2.5-Coder-7B-Instruct
393,math500,GLM-Z1-9B-0414
393,korbench,Intern-S1-mini
393,emorynlp,gemma-2-9b-it
393,mbpp,Fin-R1
393,finqa,Qwen3-8B
394,meld,glm-4-9b-chat
394,medqa,DeepSeek-R1-0528-Qwen3-8B
394,humaneval,Qwen2.5-Coder-7B-Instruct
394,math500,GLM-Z1-9B-0414
394,korbench,Intern-S1-mini
394,emorynlp,gemma-2-9b-it
394,mbpp,Fin-R1
394,finqa,Qwen3-8B
395,meld,glm-4-9b-chat
395,medqa,DeepSeek-R1-0528-Qwen3-8B
395,humaneval,Qwen2.5-Coder-7B-Instruct
395,math500,GLM-Z1-9B-0414
395,korbench,Intern-S1-mini
395,emorynlp,gemma-2-9b-it
395,mbpp,Fin-R1
395,finqa,Qwen3-8B
396,meld,glm-4-9b-chat
396,medqa,DeepSeek-R1-0528-Qwen3-8B
396,humaneval,Qwen2.5-Coder-7B-Instruct
396,math500,GLM-Z1-9B-0414
396,korbench,Intern-S1-mini
396,emorynlp,gemma-2-9b-it
396,mbpp,Fin-R1
396,finqa,Qwen3-8B
397,medqa,Qwen3-8B
397,meld,glm-4-9b-chat
397,humaneval,Qwen2.5-Coder-7B-Instruct
397,finqa,Intern-S1-mini
397,math500,DeepSeek-R1-0528-Qwen3-8B
397,korbench,GLM-Z1-9B-0414
397,emorynlp,gemma-2-9b-it
397,mbpp,Fin-R1
398,meld,glm-4-9b-chat
398,medqa,DeepSeek-R1-0528-Qwen3-8B
398,mbpp,Qwen2.5-Coder-7B-Instruct
398,math500,GLM-Z1-9B-0414
398,humaneval,Fin-R1
398,korbench,Intern-S1-mini
398,emorynlp,gemma-2-9b-it
398,finqa,Qwen3-8B
399,meld,glm-4-9b-chat
399,medqa,DeepSeek-R1-0528-Qwen3-8B
399,humaneval,Qwen2.5-Coder-7B-Instruct
399,math500,GLM-Z1-9B-0414
399,korbench,Intern-S1-mini
399,emorynlp,gemma-2-9b-it
399,mbpp,Fin-R1
399,finqa,Qwen3-8B
400,medqa,Qwen3-8B
400,meld,glm-4-9b-chat
400,humaneval,Qwen2.5-Coder-7B-Instruct
400,finqa,Intern-S1-mini
400,math500,DeepSeek-R1-0528-Qwen3-8B
400,korbench,GLM-Z1-9B-0414
400,emorynlp,gemma-2-9b-it
400,mbpp,Fin-R1
401,humaneval,Qwen2.5-Coder-7B-Instruct
401,meld,gemma-2-9b-it
401,mbpp,GLM-Z1-9B-0414
401,emorynlp,glm-4-9b-chat
401,math500,DeepSeek-R1-0528-Qwen3-8B
401,finqa,Fin-R1
401,korbench,Intern-S1-mini
401,medqa,Qwen3-8B
402,meld,glm-4-9b-chat
402,medqa,DeepSeek-R1-0528-Qwen3-8B
402,humaneval,Qwen2.5-Coder-7B-Instruct
402,math500,GLM-Z1-9B-0414
402,korbench,Intern-S1-mini
402,emorynlp,gemma-2-9b-it
402,mbpp,Fin-R1
402,finqa,Qwen3-8B
403,meld,glm-4-9b-chat
403,medqa,DeepSeek-R1-0528-Qwen3-8B
403,humaneval,Qwen2.5-Coder-7B-Instruct
403,math500,GLM-Z1-9B-0414
403,korbench,Intern-S1-mini
403,emorynlp,gemma-2-9b-it
403,mbpp,Fin-R1
403,finqa,Qwen3-8B
404,medqa,Qwen3-8B
404,meld,glm-4-9b-chat
404,humaneval,Qwen2.5-Coder-7B-Instruct
404,finqa,Intern-S1-mini
404,math500,DeepSeek-R1-0528-Qwen3-8B
404,korbench,GLM-Z1-9B-0414
404,emorynlp,gemma-2-9b-it
404,mbpp,Fin-R1
405,finqa,GLM-Z1-9B-0414
405,humaneval,Qwen2.5-Coder-7B-Instruct
405,meld,gemma-2-9b-it
405,emorynlp,glm-4-9b-chat
405,math500,DeepSeek-R1-0528-Qwen3-8B
405,korbench,Intern-S1-mini
405,medqa,Qwen3-8B
405,mbpp,Fin-R1
406,meld,glm-4-9b-chat
406,medqa,DeepSeek-R1-0528-Qwen3-8B
406,humaneval,Qwen2.5-Coder-7B-Instruct
406,math500,GLM-Z1-9B-0414
406,korbench,Intern-S1-mini
406,emorynlp,gemma-2-9b-it
406,mbpp,Fin-R1
406,finqa,Qwen3-8B
407,meld,glm-4-9b-chat
407,medqa,DeepSeek-R1-0528-Qwen3-8B
407,humaneval,Qwen2.5-Coder-7B-Instruct
407,math500,GLM-Z1-9B-0414
407,korbench,Intern-S1-mini
407,emorynlp,gemma-2-9b-it
407,mbpp,Fin-R1
407,finqa,Qwen3-8B
408,medqa,DeepSeek-R1-0528-Qwen3-8B
408,meld,gemma-2-9b-it
408,mbpp,Qwen2.5-Coder-7B-Instruct
408,math500,GLM-Z1-9B-0414
408,emorynlp,Fin-R1
408,korbench,Intern-S1-mini
408,humaneval,glm-4-9b-chat
408,finqa,Qwen3-8B
409,medqa,DeepSeek-R1-0528-Qwen3-8B
409,humaneval,Qwen2.5-Coder-7B-Instruct
409,meld,gemma-2-9b-it
409,emorynlp,glm-4-9b-chat
409,math500,GLM-Z1-9B-0414
409,korbench,Intern-S1-mini
409,mbpp,Fin-R1
409,finqa,Qwen3-8B
410,meld,glm-4-9b-chat
410,medqa,DeepSeek-R1-0528-Qwen3-8B
410,humaneval,Qwen2.5-Coder-7B-Instruct
410,math500,GLM-Z1-9B-0414
410,korbench,Intern-S1-mini
410,emorynlp,gemma-2-9b-it
410,mbpp,Fin-R1
410,finqa,Qwen3-8B
411,meld,glm-4-9b-chat
411,medqa,DeepSeek-R1-0528-Qwen3-8B
411,humaneval,Qwen2.5-Coder-7B-Instruct
411,math500,GLM-Z1-9B-0414
411,korbench,Intern-S1-mini
411,emorynlp,gemma-2-9b-it
411,mbpp,Fin-R1
411,finqa,Qwen3-8B
412,medqa,DeepSeek-R1-0528-Qwen3-8B
412,meld,gemma-2-9b-it
412,mbpp,Qwen2.5-Coder-7B-Instruct
412,math500,GLM-Z1-9B-0414
412,emorynlp,Fin-R1
412,korbench,Intern-S1-mini
412,humaneval,glm-4-9b-chat
412,finqa,Qwen3-8B
413,meld,glm-4-9b-chat
413,medqa,DeepSeek-R1-0528-Qwen3-8B
413,humaneval,Qwen2.5-Coder-7B-Instruct
413,math500,GLM-Z1-9B-0414
413,korbench,Intern-S1-mini
413,emorynlp,gemma-2-9b-it
413,mbpp,Fin-R1
413,finqa,Qwen3-8B
414,meld,glm-4-9b-chat
414,medqa,DeepSeek-R1-0528-Qwen3-8B
414,humaneval,Qwen2.5-Coder-7B-Instruct
414,math500,GLM-Z1-9B-0414
414,korbench,Intern-S1-mini
414,emorynlp,gemma-2-9b-it
414,mbpp,Fin-R1
414,finqa,Qwen3-8B
415,meld,Fin-R1
415,medqa,DeepSeek-R1-0528-Qwen3-8B
415,mbpp,Qwen2.5-Coder-7B-Instruct
415,math500,GLM-Z1-9B-0414
415,korbench,Intern-S1-mini
415,emorynlp,gemma-2-9b-it
415,humaneval,glm-4-9b-chat
415,finqa,Qwen3-8B
416,meld,glm-4-9b-chat
416,medqa,DeepSeek-R1-0528-Qwen3-8B
416,humaneval,Qwen2.5-Coder-7B-Instruct
416,math500,GLM-Z1-9B-0414
416,korbench,Intern-S1-mini
416,emorynlp,gemma-2-9b-it
416,mbpp,Fin-R1
416,finqa,Qwen3-8B
417,medqa,DeepSeek-R1-0528-Qwen3-8B
417,humaneval,Qwen2.5-Coder-7B-Instruct
417,meld,gemma-2-9b-it
417,emorynlp,glm-4-9b-chat
417,math500,GLM-Z1-9B-0414
417,korbench,Intern-S1-mini
417,mbpp,Fin-R1
417,finqa,Qwen3-8B
418,meld,glm-4-9b-chat
418,medqa,DeepSeek-R1-0528-Qwen3-8B
418,humaneval,Qwen2.5-Coder-7B-Instruct
418,math500,GLM-Z1-9B-0414
418,korbench,Intern-S1-mini
418,emorynlp,gemma-2-9b-it
418,mbpp,Fin-R1
418,finqa,Qwen3-8B
419,medqa,Qwen3-8B
419,meld,glm-4-9b-chat
419,humaneval,Qwen2.5-Coder-7B-Instruct
419,finqa,Intern-S1-mini
419,math500,DeepSeek-R1-0528-Qwen3-8B
419,korbench,GLM-Z1-9B-0414
419,emorynlp,gemma-2-9b-it
419,mbpp,Fin-R1
420,meld,glm-4-9b-chat
420,medqa,DeepSeek-R1-0528-Qwen3-8B
420,humaneval,Qwen2.5-Coder-7B-Instruct
420,math500,GLM-Z1-9B-0414
420,korbench,Intern-S1-mini
420,emorynlp,gemma-2-9b-it
420,mbpp,Fin-R1
420,finqa,Qwen3-8B
421,medqa,DeepSeek-R1-0528-Qwen3-8B
421,humaneval,Qwen2.5-Coder-7B-Instruct
421,meld,gemma-2-9b-it
421,emorynlp,glm-4-9b-chat
421,math500,GLM-Z1-9B-0414
421,korbench,Intern-S1-mini
421,mbpp,Fin-R1
421,finqa,Qwen3-8B
422,meld,glm-4-9b-chat
422,medqa,DeepSeek-R1-0528-Qwen3-8B
422,humaneval,Qwen2.5-Coder-7B-Instruct
422,math500,GLM-Z1-9B-0414
422,korbench,Intern-S1-mini
422,emorynlp,gemma-2-9b-it
422,mbpp,Fin-R1
422,finqa,Qwen3-8B
423,meld,glm-4-9b-chat
423,medqa,DeepSeek-R1-0528-Qwen3-8B
423,humaneval,Qwen2.5-Coder-7B-Instruct
423,math500,GLM-Z1-9B-0414
423,korbench,Intern-S1-mini
423,emorynlp,gemma-2-9b-it
423,mbpp,Fin-R1
423,finqa,Qwen3-8B
424,meld,glm-4-9b-chat
424,medqa,DeepSeek-R1-0528-Qwen3-8B
424,humaneval,Qwen2.5-Coder-7B-Instruct
424,math500,GLM-Z1-9B-0414
424,korbench,Intern-S1-mini
424,emorynlp,gemma-2-9b-it
424,mbpp,Fin-R1
424,finqa,Qwen3-8B
425,meld,glm-4-9b-chat
425,medqa,DeepSeek-R1-0528-Qwen3-8B
425,humaneval,Qwen2.5-Coder-7B-Instruct
425,math500,GLM-Z1-9B-0414
425,korbench,Intern-S1-mini
425,emorynlp,gemma-2-9b-it
425,mbpp,Fin-R1
425,finqa,Qwen3-8B
426,meld,glm-4-9b-chat
426,medqa,DeepSeek-R1-0528-Qwen3-8B
426,humaneval,Qwen2.5-Coder-7B-Instruct
426,math500,GLM-Z1-9B-0414
426,korbench,Intern-S1-mini
426,emorynlp,gemma-2-9b-it
426,mbpp,Fin-R1
426,finqa,Qwen3-8B
427,meld,glm-4-9b-chat
427,medqa,DeepSeek-R1-0528-Qwen3-8B
427,humaneval,Qwen2.5-Coder-7B-Instruct
427,math500,GLM-Z1-9B-0414
427,korbench,Intern-S1-mini
427,emorynlp,gemma-2-9b-it
427,mbpp,Fin-R1
427,finqa,Qwen3-8B
428,meld,glm-4-9b-chat
428,medqa,DeepSeek-R1-0528-Qwen3-8B
428,humaneval,Qwen2.5-Coder-7B-Instruct
428,math500,GLM-Z1-9B-0414
428,korbench,Intern-S1-mini
428,emorynlp,gemma-2-9b-it
428,mbpp,Fin-R1
428,finqa,Qwen3-8B
429,medqa,Qwen3-8B
429,meld,glm-4-9b-chat
429,humaneval,Qwen2.5-Coder-7B-Instruct
429,finqa,Intern-S1-mini
429,math500,DeepSeek-R1-0528-Qwen3-8B
429,korbench,GLM-Z1-9B-0414
429,emorynlp,gemma-2-9b-it
429,mbpp,Fin-R1
430,medqa,Qwen3-8B
430,meld,glm-4-9b-chat
430,humaneval,Qwen2.5-Coder-7B-Instruct
430,finqa,Intern-S1-mini
430,math500,DeepSeek-R1-0528-Qwen3-8B
430,korbench,GLM-Z1-9B-0414
430,emorynlp,gemma-2-9b-it
430,mbpp,Fin-R1
431,finqa,Intern-S1-mini
431,meld,gemma-2-9b-it
431,emorynlp,glm-4-9b-chat
431,math500,DeepSeek-R1-0528-Qwen3-8B
431,mbpp,Qwen2.5-Coder-7B-Instruct
431,korbench,GLM-Z1-9B-0414
431,humaneval,Fin-R1
431,medqa,Qwen3-8B
432,meld,glm-4-9b-chat
432,medqa,DeepSeek-R1-0528-Qwen3-8B
432,humaneval,Qwen2.5-Coder-7B-Instruct
432,math500,GLM-Z1-9B-0414
432,korbench,Intern-S1-mini
432,emorynlp,gemma-2-9b-it
432,mbpp,Fin-R1
432,finqa,Qwen3-8B
433,meld,glm-4-9b-chat
433,medqa,DeepSeek-R1-0528-Qwen3-8B
433,math500,Qwen3-8B
433,humaneval,Qwen2.5-Coder-7B-Instruct
433,finqa,Intern-S1-mini
433,korbench,GLM-Z1-9B-0414
433,emorynlp,gemma-2-9b-it
433,mbpp,Fin-R1
434,meld,glm-4-9b-chat
434,medqa,DeepSeek-R1-0528-Qwen3-8B
434,humaneval,Qwen2.5-Coder-7B-Instruct
434,math500,GLM-Z1-9B-0414
434,korbench,Intern-S1-mini
434,emorynlp,gemma-2-9b-it
434,mbpp,Fin-R1
434,finqa,Qwen3-8B
435,meld,glm-4-9b-chat
435,medqa,DeepSeek-R1-0528-Qwen3-8B
435,humaneval,Qwen2.5-Coder-7B-Instruct
435,math500,GLM-Z1-9B-0414
435,korbench,Intern-S1-mini
435,emorynlp,gemma-2-9b-it
435,mbpp,Fin-R1
435,finqa,Qwen3-8B
436,medqa,Qwen3-8B
436,meld,glm-4-9b-chat
436,humaneval,Qwen2.5-Coder-7B-Instruct
436,finqa,Intern-S1-mini
436,math500,DeepSeek-R1-0528-Qwen3-8B
436,korbench,GLM-Z1-9B-0414
436,emorynlp,gemma-2-9b-it
436,mbpp,Fin-R1
437,meld,glm-4-9b-chat
437,medqa,DeepSeek-R1-0528-Qwen3-8B
437,humaneval,Qwen2.5-Coder-7B-Instruct
437,math500,GLM-Z1-9B-0414
437,korbench,Intern-S1-mini
437,emorynlp,gemma-2-9b-it
437,mbpp,Fin-R1
437,finqa,Qwen3-8B
438,meld,glm-4-9b-chat
438,medqa,DeepSeek-R1-0528-Qwen3-8B
438,humaneval,Qwen2.5-Coder-7B-Instruct
438,math500,GLM-Z1-9B-0414
438,korbench,Intern-S1-mini
438,emorynlp,gemma-2-9b-it
438,mbpp,Fin-R1
438,finqa,Qwen3-8B
439,meld,glm-4-9b-chat
439,medqa,DeepSeek-R1-0528-Qwen3-8B
439,humaneval,Qwen2.5-Coder-7B-Instruct
439,math500,GLM-Z1-9B-0414
439,korbench,Intern-S1-mini
439,emorynlp,gemma-2-9b-it
439,mbpp,Fin-R1
439,finqa,Qwen3-8B
440,meld,glm-4-9b-chat
440,medqa,DeepSeek-R1-0528-Qwen3-8B
440,humaneval,Qwen2.5-Coder-7B-Instruct
440,math500,GLM-Z1-9B-0414
440,korbench,Intern-S1-mini
440,emorynlp,gemma-2-9b-it
440,mbpp,Fin-R1
440,finqa,Qwen3-8B
441,meld,glm-4-9b-chat
441,medqa,DeepSeek-R1-0528-Qwen3-8B
441,humaneval,Qwen2.5-Coder-7B-Instruct
441,math500,GLM-Z1-9B-0414
441,korbench,Intern-S1-mini
441,emorynlp,gemma-2-9b-it
441,mbpp,Fin-R1
441,finqa,Qwen3-8B
442,medqa,Qwen3-8B
442,meld,glm-4-9b-chat
442,humaneval,Qwen2.5-Coder-7B-Instruct
442,finqa,Intern-S1-mini
442,math500,DeepSeek-R1-0528-Qwen3-8B
442,korbench,GLM-Z1-9B-0414
442,emorynlp,gemma-2-9b-it
442,mbpp,Fin-R1
443,medqa,Qwen3-8B
443,meld,glm-4-9b-chat
443,humaneval,Qwen2.5-Coder-7B-Instruct
443,finqa,Intern-S1-mini
443,math500,DeepSeek-R1-0528-Qwen3-8B
443,korbench,GLM-Z1-9B-0414
443,emorynlp,gemma-2-9b-it
443,mbpp,Fin-R1
444,mbpp,glm-4-9b-chat
444,medqa,DeepSeek-R1-0528-Qwen3-8B
444,humaneval,Qwen2.5-Coder-7B-Instruct
444,meld,gemma-2-9b-it
444,math500,GLM-Z1-9B-0414
444,finqa,Fin-R1
444,korbench,Intern-S1-mini
444,emorynlp,Qwen3-8B
445,meld,glm-4-9b-chat
445,medqa,DeepSeek-R1-0528-Qwen3-8B
445,humaneval,Qwen2.5-Coder-7B-Instruct
445,math500,GLM-Z1-9B-0414
445,korbench,Intern-S1-mini
445,emorynlp,gemma-2-9b-it
445,mbpp,Fin-R1
445,finqa,Qwen3-8B
446,meld,glm-4-9b-chat
446,medqa,DeepSeek-R1-0528-Qwen3-8B
446,humaneval,Qwen2.5-Coder-7B-Instruct
446,math500,GLM-Z1-9B-0414
446,korbench,Intern-S1-mini
446,emorynlp,gemma-2-9b-it
446,mbpp,Fin-R1
446,finqa,Qwen3-8B
447,meld,glm-4-9b-chat
447,medqa,DeepSeek-R1-0528-Qwen3-8B
447,humaneval,Qwen2.5-Coder-7B-Instruct
447,math500,GLM-Z1-9B-0414
447,korbench,Intern-S1-mini
447,emorynlp,gemma-2-9b-it
447,mbpp,Fin-R1
447,finqa,Qwen3-8B
448,meld,glm-4-9b-chat
448,medqa,DeepSeek-R1-0528-Qwen3-8B
448,humaneval,Qwen2.5-Coder-7B-Instruct
448,math500,GLM-Z1-9B-0414
448,korbench,Intern-S1-mini
448,emorynlp,gemma-2-9b-it
448,mbpp,Fin-R1
448,finqa,Qwen3-8B
449,medqa,DeepSeek-R1-0528-Qwen3-8B
449,meld,gemma-2-9b-it
449,mbpp,Qwen2.5-Coder-7B-Instruct
449,math500,GLM-Z1-9B-0414
449,emorynlp,Fin-R1
449,korbench,Intern-S1-mini
449,humaneval,glm-4-9b-chat
449,finqa,Qwen3-8B
450,meld,glm-4-9b-chat
450,medqa,DeepSeek-R1-0528-Qwen3-8B
450,humaneval,Qwen2.5-Coder-7B-Instruct
450,math500,GLM-Z1-9B-0414
450,korbench,Intern-S1-mini
450,emorynlp,gemma-2-9b-it
450,mbpp,Fin-R1
450,finqa,Qwen3-8B
451,medqa,Qwen3-8B
451,meld,glm-4-9b-chat
451,humaneval,Qwen2.5-Coder-7B-Instruct
451,finqa,Intern-S1-mini
451,math500,DeepSeek-R1-0528-Qwen3-8B
451,korbench,GLM-Z1-9B-0414
451,emorynlp,gemma-2-9b-it
451,mbpp,Fin-R1
452,meld,glm-4-9b-chat
452,medqa,DeepSeek-R1-0528-Qwen3-8B
452,humaneval,Qwen2.5-Coder-7B-Instruct
452,math500,GLM-Z1-9B-0414
452,korbench,Intern-S1-mini
452,emorynlp,gemma-2-9b-it
452,mbpp,Fin-R1
452,finqa,Qwen3-8B
453,meld,glm-4-9b-chat
453,medqa,DeepSeek-R1-0528-Qwen3-8B
453,humaneval,Qwen2.5-Coder-7B-Instruct
453,math500,GLM-Z1-9B-0414
453,korbench,Intern-S1-mini
453,emorynlp,gemma-2-9b-it
453,mbpp,Fin-R1
453,finqa,Qwen3-8B
454,meld,glm-4-9b-chat
454,medqa,DeepSeek-R1-0528-Qwen3-8B
454,humaneval,Qwen2.5-Coder-7B-Instruct
454,math500,GLM-Z1-9B-0414
454,korbench,Intern-S1-mini
454,emorynlp,gemma-2-9b-it
454,mbpp,Fin-R1
454,finqa,Qwen3-8B
455,medqa,DeepSeek-R1-0528-Qwen3-8B
455,humaneval,Qwen2.5-Coder-7B-Instruct
455,meld,gemma-2-9b-it
455,emorynlp,glm-4-9b-chat
455,math500,GLM-Z1-9B-0414
455,korbench,Intern-S1-mini
455,mbpp,Fin-R1
455,finqa,Qwen3-8B
456,medqa,DeepSeek-R1-0528-Qwen3-8B
456,humaneval,Qwen2.5-Coder-7B-Instruct
456,meld,gemma-2-9b-it
456,emorynlp,glm-4-9b-chat
456,math500,GLM-Z1-9B-0414
456,korbench,Intern-S1-mini
456,mbpp,Fin-R1
456,finqa,Qwen3-8B
457,meld,glm-4-9b-chat
457,medqa,DeepSeek-R1-0528-Qwen3-8B
457,humaneval,Qwen2.5-Coder-7B-Instruct
457,math500,GLM-Z1-9B-0414
457,korbench,Intern-S1-mini
457,emorynlp,gemma-2-9b-it
457,mbpp,Fin-R1
457,finqa,Qwen3-8B
458,meld,glm-4-9b-chat
458,medqa,DeepSeek-R1-0528-Qwen3-8B
458,humaneval,Qwen2.5-Coder-7B-Instruct
458,math500,GLM-Z1-9B-0414
458,korbench,Intern-S1-mini
458,emorynlp,gemma-2-9b-it
458,mbpp,Fin-R1
458,finqa,Qwen3-8B
459,meld,glm-4-9b-chat
459,medqa,DeepSeek-R1-0528-Qwen3-8B
459,humaneval,Qwen2.5-Coder-7B-Instruct
459,math500,GLM-Z1-9B-0414
459,korbench,Intern-S1-mini
459,emorynlp,gemma-2-9b-it
459,mbpp,Fin-R1
459,finqa,Qwen3-8B
460,medqa,DeepSeek-R1-0528-Qwen3-8B
460,humaneval,Qwen2.5-Coder-7B-Instruct
460,meld,gemma-2-9b-it
460,emorynlp,glm-4-9b-chat
460,math500,GLM-Z1-9B-0414
460,korbench,Intern-S1-mini
460,mbpp,Fin-R1
460,finqa,Qwen3-8B
461,meld,glm-4-9b-chat
461,medqa,DeepSeek-R1-0528-Qwen3-8B
461,humaneval,Qwen2.5-Coder-7B-Instruct
461,math500,GLM-Z1-9B-0414
461,korbench,Intern-S1-mini
461,emorynlp,gemma-2-9b-it
461,mbpp,Fin-R1
461,finqa,Qwen3-8B
462,meld,glm-4-9b-chat
462,medqa,DeepSeek-R1-0528-Qwen3-8B
462,humaneval,Qwen2.5-Coder-7B-Instruct
462,math500,GLM-Z1-9B-0414
462,korbench,Intern-S1-mini
462,emorynlp,gemma-2-9b-it
462,mbpp,Fin-R1
462,finqa,Qwen3-8B
463,meld,glm-4-9b-chat
463,medqa,DeepSeek-R1-0528-Qwen3-8B
463,humaneval,Qwen2.5-Coder-7B-Instruct
463,math500,GLM-Z1-9B-0414
463,korbench,Intern-S1-mini
463,emorynlp,gemma-2-9b-it
463,mbpp,Fin-R1
463,finqa,Qwen3-8B
464,meld,glm-4-9b-chat
464,medqa,DeepSeek-R1-0528-Qwen3-8B
464,humaneval,Qwen2.5-Coder-7B-Instruct
464,math500,GLM-Z1-9B-0414
464,korbench,Intern-S1-mini
464,emorynlp,gemma-2-9b-it
464,mbpp,Fin-R1
464,finqa,Qwen3-8B
465,meld,glm-4-9b-chat
465,medqa,DeepSeek-R1-0528-Qwen3-8B
465,humaneval,Qwen2.5-Coder-7B-Instruct
465,math500,GLM-Z1-9B-0414
465,korbench,Intern-S1-mini
465,emorynlp,gemma-2-9b-it
465,mbpp,Fin-R1
465,finqa,Qwen3-8B
466,meld,glm-4-9b-chat
466,medqa,DeepSeek-R1-0528-Qwen3-8B
466,humaneval,Qwen2.5-Coder-7B-Instruct
466,math500,GLM-Z1-9B-0414
466,korbench,Intern-S1-mini
466,emorynlp,gemma-2-9b-it
466,mbpp,Fin-R1
466,finqa,Qwen3-8B
467,meld,glm-4-9b-chat
467,medqa,DeepSeek-R1-0528-Qwen3-8B
467,humaneval,Qwen2.5-Coder-7B-Instruct
467,math500,GLM-Z1-9B-0414
467,korbench,Intern-S1-mini
467,emorynlp,gemma-2-9b-it
467,mbpp,Fin-R1
467,finqa,Qwen3-8B
468,meld,glm-4-9b-chat
468,medqa,DeepSeek-R1-0528-Qwen3-8B
468,humaneval,Qwen2.5-Coder-7B-Instruct
468,math500,GLM-Z1-9B-0414
468,korbench,Intern-S1-mini
468,emorynlp,gemma-2-9b-it
468,mbpp,Fin-R1
468,finqa,Qwen3-8B
469,medqa,DeepSeek-R1-0528-Qwen3-8B
469,humaneval,Qwen2.5-Coder-7B-Instruct
469,meld,gemma-2-9b-it
469,emorynlp,glm-4-9b-chat
469,math500,GLM-Z1-9B-0414
469,korbench,Intern-S1-mini
469,mbpp,Fin-R1
469,finqa,Qwen3-8B
470,medqa,DeepSeek-R1-0528-Qwen3-8B
470,humaneval,Qwen2.5-Coder-7B-Instruct
470,meld,gemma-2-9b-it
470,emorynlp,glm-4-9b-chat
470,math500,GLM-Z1-9B-0414
470,korbench,Intern-S1-mini
470,mbpp,Fin-R1
470,finqa,Qwen3-8B
471,meld,glm-4-9b-chat
471,medqa,DeepSeek-R1-0528-Qwen3-8B
471,mbpp,Qwen2.5-Coder-7B-Instruct
471,math500,GLM-Z1-9B-0414
471,humaneval,Fin-R1
471,korbench,Intern-S1-mini
471,emorynlp,gemma-2-9b-it
471,finqa,Qwen3-8B
472,meld,glm-4-9b-chat
472,medqa,DeepSeek-R1-0528-Qwen3-8B
472,humaneval,Qwen2.5-Coder-7B-Instruct
472,math500,GLM-Z1-9B-0414
472,korbench,Intern-S1-mini
472,emorynlp,gemma-2-9b-it
472,mbpp,Fin-R1
472,finqa,Qwen3-8B
473,meld,glm-4-9b-chat
473,medqa,DeepSeek-R1-0528-Qwen3-8B
473,mbpp,Qwen2.5-Coder-7B-Instruct
473,math500,GLM-Z1-9B-0414
473,humaneval,Fin-R1
473,korbench,Intern-S1-mini
473,emorynlp,gemma-2-9b-it
473,finqa,Qwen3-8B
474,meld,glm-4-9b-chat
474,medqa,DeepSeek-R1-0528-Qwen3-8B
474,humaneval,Qwen2.5-Coder-7B-Instruct
474,math500,GLM-Z1-9B-0414
474,korbench,Intern-S1-mini
474,emorynlp,gemma-2-9b-it
474,mbpp,Fin-R1
474,finqa,Qwen3-8B
475,meld,glm-4-9b-chat
475,medqa,DeepSeek-R1-0528-Qwen3-8B
475,humaneval,Qwen2.5-Coder-7B-Instruct
475,math500,GLM-Z1-9B-0414
475,korbench,Intern-S1-mini
475,emorynlp,gemma-2-9b-it
475,mbpp,Fin-R1
475,finqa,Qwen3-8B
476,medqa,DeepSeek-R1-0528-Qwen3-8B
476,humaneval,Qwen2.5-Coder-7B-Instruct
476,meld,gemma-2-9b-it
476,emorynlp,glm-4-9b-chat
476,math500,GLM-Z1-9B-0414
476,korbench,Intern-S1-mini
476,mbpp,Fin-R1
476,finqa,Qwen3-8B
477,meld,glm-4-9b-chat
477,finqa,DeepSeek-R1-0528-Qwen3-8B
477,humaneval,Qwen2.5-Coder-7B-Instruct
477,math500,GLM-Z1-9B-0414
477,korbench,Intern-S1-mini
477,emorynlp,gemma-2-9b-it
477,medqa,Qwen3-8B
477,mbpp,Fin-R1
478,finqa,Intern-S1-mini
478,meld,gemma-2-9b-it
478,mbpp,Qwen2.5-Coder-7B-Instruct
478,math500,DeepSeek-R1-0528-Qwen3-8B
478,emorynlp,Fin-R1
478,korbench,GLM-Z1-9B-0414
478,humaneval,glm-4-9b-chat
478,medqa,Qwen3-8B
479,meld,glm-4-9b-chat
479,medqa,DeepSeek-R1-0528-Qwen3-8B
479,humaneval,Qwen2.5-Coder-7B-Instruct
479,math500,GLM-Z1-9B-0414
479,korbench,Intern-S1-mini
479,emorynlp,gemma-2-9b-it
479,mbpp,Fin-R1
479,finqa,Qwen3-8B
480,medqa,Qwen3-8B
480,humaneval,Qwen2.5-Coder-7B-Instruct
480,finqa,Intern-S1-mini
480,meld,gemma-2-9b-it
480,emorynlp,glm-4-9b-chat
480,math500,DeepSeek-R1-0528-Qwen3-8B
480,korbench,GLM-Z1-9B-0414
480,mbpp,Fin-R1
481,meld,glm-4-9b-chat
481,medqa,DeepSeek-R1-0528-Qwen3-8B
481,humaneval,Qwen2.5-Coder-7B-Instruct
481,math500,GLM-Z1-9B-0414
481,korbench,Intern-S1-mini
481,emorynlp,gemma-2-9b-it
481,mbpp,Fin-R1
481,finqa,Qwen3-8B
482,medqa,Qwen3-8B
482,meld,glm-4-9b-chat
482,humaneval,Qwen2.5-Coder-7B-Instruct
482,finqa,Intern-S1-mini
482,math500,DeepSeek-R1-0528-Qwen3-8B
482,korbench,GLM-Z1-9B-0414
482,emorynlp,gemma-2-9b-it
482,mbpp,Fin-R1
483,meld,glm-4-9b-chat
483,medqa,DeepSeek-R1-0528-Qwen3-8B
483,humaneval,Qwen2.5-Coder-7B-Instruct
483,math500,GLM-Z1-9B-0414
483,korbench,Intern-S1-mini
483,emorynlp,gemma-2-9b-it
483,mbpp,Fin-R1
483,finqa,Qwen3-8B
484,meld,glm-4-9b-chat
484,medqa,DeepSeek-R1-0528-Qwen3-8B
484,humaneval,Qwen2.5-Coder-7B-Instruct
484,math500,GLM-Z1-9B-0414
484,korbench,Intern-S1-mini
484,emorynlp,gemma-2-9b-it
484,mbpp,Fin-R1
484,finqa,Qwen3-8B
485,meld,glm-4-9b-chat
485,medqa,DeepSeek-R1-0528-Qwen3-8B
485,humaneval,Qwen2.5-Coder-7B-Instruct
485,math500,GLM-Z1-9B-0414
485,korbench,Intern-S1-mini
485,emorynlp,gemma-2-9b-it
485,mbpp,Fin-R1
485,finqa,Qwen3-8B
486,meld,glm-4-9b-chat
486,humaneval,Qwen2.5-Coder-7B-Instruct
486,medqa,Intern-S1-mini
486,math500,DeepSeek-R1-0528-Qwen3-8B
486,korbench,GLM-Z1-9B-0414
486,emorynlp,gemma-2-9b-it
486,mbpp,Fin-R1
486,finqa,Qwen3-8B
487,medqa,Qwen3-8B
487,meld,glm-4-9b-chat
487,humaneval,Qwen2.5-Coder-7B-Instruct
487,finqa,Intern-S1-mini
487,math500,DeepSeek-R1-0528-Qwen3-8B
487,korbench,GLM-Z1-9B-0414
487,emorynlp,gemma-2-9b-it
487,mbpp,Fin-R1
488,meld,glm-4-9b-chat
488,medqa,DeepSeek-R1-0528-Qwen3-8B
488,humaneval,Qwen2.5-Coder-7B-Instruct
488,math500,GLM-Z1-9B-0414
488,korbench,Intern-S1-mini
488,emorynlp,gemma-2-9b-it
488,mbpp,Fin-R1
488,finqa,Qwen3-8B
489,meld,glm-4-9b-chat
489,medqa,DeepSeek-R1-0528-Qwen3-8B
489,humaneval,Qwen2.5-Coder-7B-Instruct
489,math500,GLM-Z1-9B-0414
489,korbench,Intern-S1-mini
489,emorynlp,gemma-2-9b-it
489,mbpp,Fin-R1
489,finqa,Qwen3-8B
490,meld,glm-4-9b-chat
490,medqa,DeepSeek-R1-0528-Qwen3-8B
490,humaneval,Qwen2.5-Coder-7B-Instruct
490,math500,GLM-Z1-9B-0414
490,korbench,Intern-S1-mini
490,emorynlp,gemma-2-9b-it
490,mbpp,Fin-R1
490,finqa,Qwen3-8B
491,meld,glm-4-9b-chat
491,medqa,DeepSeek-R1-0528-Qwen3-8B
491,humaneval,Qwen2.5-Coder-7B-Instruct
491,math500,GLM-Z1-9B-0414
491,korbench,Intern-S1-mini
491,emorynlp,gemma-2-9b-it
491,mbpp,Fin-R1
491,finqa,Qwen3-8B
492,medqa,DeepSeek-R1-0528-Qwen3-8B
492,meld,gemma-2-9b-it
492,mbpp,Qwen2.5-Coder-7B-Instruct
492,math500,GLM-Z1-9B-0414
492,emorynlp,Fin-R1
492,korbench,Intern-S1-mini
492,humaneval,glm-4-9b-chat
492,finqa,Qwen3-8B
493,medqa,DeepSeek-R1-0528-Qwen3-8B
493,humaneval,Qwen2.5-Coder-7B-Instruct
493,meld,gemma-2-9b-it
493,emorynlp,glm-4-9b-chat
493,math500,GLM-Z1-9B-0414
493,korbench,Intern-S1-mini
493,mbpp,Fin-R1
493,finqa,Qwen3-8B
494,humaneval,Qwen2.5-Coder-7B-Instruct
494,finqa,Intern-S1-mini
494,meld,gemma-2-9b-it
494,emorynlp,glm-4-9b-chat
494,math500,GLM-Z1-9B-0414
494,korbench,DeepSeek-R1-0528-Qwen3-8B
494,medqa,Qwen3-8B
494,mbpp,Fin-R1
495,meld,glm-4-9b-chat
495,medqa,DeepSeek-R1-0528-Qwen3-8B
495,humaneval,Qwen2.5-Coder-7B-Instruct
495,math500,GLM-Z1-9B-0414
495,korbench,Intern-S1-mini
495,emorynlp,gemma-2-9b-it
495,mbpp,Fin-R1
495,finqa,Qwen3-8B
496,meld,glm-4-9b-chat
496,medqa,DeepSeek-R1-0528-Qwen3-8B
496,mbpp,Qwen2.5-Coder-7B-Instruct
496,math500,GLM-Z1-9B-0414
496,humaneval,Fin-R1
496,korbench,Intern-S1-mini
496,emorynlp,gemma-2-9b-it
496,finqa,Qwen3-8B
497,meld,glm-4-9b-chat
497,medqa,DeepSeek-R1-0528-Qwen3-8B
497,mbpp,Qwen2.5-Coder-7B-Instruct
497,math500,GLM-Z1-9B-0414
497,humaneval,Fin-R1
497,korbench,Intern-S1-mini
497,emorynlp,gemma-2-9b-it
497,finqa,Qwen3-8B
498,medqa,Qwen3-8B
498,meld,glm-4-9b-chat
498,humaneval,Qwen2.5-Coder-7B-Instruct
498,finqa,Intern-S1-mini
498,math500,DeepSeek-R1-0528-Qwen3-8B
498,korbench,GLM-Z1-9B-0414
498,emorynlp,gemma-2-9b-it
498,mbpp,Fin-R1
499,meld,glm-4-9b-chat
499,medqa,DeepSeek-R1-0528-Qwen3-8B
499,humaneval,Qwen2.5-Coder-7B-Instruct
499,math500,GLM-Z1-9B-0414
499,korbench,Intern-S1-mini
499,emorynlp,gemma-2-9b-it
499,mbpp,Fin-R1
499,finqa,Qwen3-8B
