seed,feedback_mode,algorithm,t,matching,exact_oracle_match,train_stable,train_blocking_pairs,test_welfare,test_mean_score,pairwise_resolved_fraction,stopped
0,bt,p2etg,448,bbh=DeepSeek-R1-0528-Qwen3-8B|finqa=Qwen2.5-Coder-7B-Instruct|korbench=Qwen3-8B|livecodebench=NVIDIA-Nemotron-Nano-9B-v2|math500=Fin-R1|medqa=Llama-3.1-8B-UltraMedical|meld=Llama-3.1-8B-Instruct|mmlupro=gemma-2-9b-it,False,False,5,5.152281391735193,0.6440351739668991,0.0,False
0,bt,p2etg,896,bbh=DeepSeek-R1-0528-Qwen3-8B|finqa=Llama-3.1-8B-Instruct|korbench=Qwen3-8B|livecodebench=NVIDIA-Nemotron-Nano-9B-v2|math500=Fin-R1|medqa=Llama-3.1-8B-UltraMedical|meld=Qwen2.5-Coder-7B-Instruct|mmlupro=gemma-2-9b-it,False,False,5,5.099508992509704,0.637438624063713,0.0,False
0,bt,p2etg,1344,bbh=DeepSeek-R1-0528-Qwen3-8B|finqa=Qwen2.5-Coder-7B-Instruct|korbench=Qwen3-8B|livecodebench=NVIDIA-Nemotron-Nano-9B-v2|math500=Fin-R1|medqa=Llama-3.1-8B-UltraMedical|meld=Llama-3.1-8B-Instruct|mmlupro=gemma-2-9b-it,False,False,5,5.152281391735193,0.6440351739668991,0.0,False
0,bt,p2etg,1792,bbh=DeepSeek-R1-0528-Qwen3-8B|finqa=Qwen2.5-Coder-7B-Instruct|korbench=Qwen3-8B|livecodebench=NVIDIA-Nemotron-Nano-9B-v2|math500=Fin-R1|medqa=Llama-3.1-8B-Instruct|meld=Llama-3.1-8B-UltraMedical|mmlupro=gemma-2-9b-it,False,False,6,5.023842487084104,0.627980310885513,0.0,False
0,bt,p2etg,2240,bbh=DeepSeek-R1-0528-Qwen3-8B|finqa=Llama-3.1-8B-UltraMedical|korbench=Qwen3-8B|livecodebench=NVIDIA-Nemotron-Nano-9B-v2|math500=Fin-R1|medqa=Llama-3.1-8B-Instruct|meld=Qwen2.5-Coder-7B-Instruct|mmlupro=gemma-2-9b-it,False,False,6,5.064486739856503,0.6330608424820628,0.24107142857142858,False
0,bt,p2etg,2688,bbh=DeepSeek-R1-0528-Qwen3-8B|finqa=Llama-3.1-8B-UltraMedical|korbench=Qwen3-8B|livecodebench=NVIDIA-Nemotron-Nano-9B-v2|math500=Fin-R1|medqa=Llama-3.1-8B-Instruct|meld=Qwen2.5-Coder-7B-Instruct|mmlupro=gemma-2-9b-it,False,False,6,5.064486739856503,0.6330608424820628,0.20089285714285715,False
0,bt,p2etg,3136,bbh=Llama-3.1-8B-UltraMedical|finqa=Qwen2.5-Coder-7B-Instruct|korbench=Qwen3-8B|livecodebench=DeepSeek-R1-0528-Qwen3-8B|math500=NVIDIA-Nemotron-Nano-9B-v2|medqa=Llama-3.1-8B-Instruct|meld=gemma-2-9b-it|mmlupro=Fin-R1,False,False,5,4.805190991410906,0.6006488739263632,0.4575892857142857,False
0,bt,p2etg,3584,bbh=Llama-3.1-8B-UltraMedical|finqa=Qwen2.5-Coder-7B-Instruct|korbench=Qwen3-8B|livecodebench=DeepSeek-R1-0528-Qwen3-8B|math500=NVIDIA-Nemotron-Nano-9B-v2|medqa=Llama-3.1-8B-Instruct|meld=gemma-2-9b-it|mmlupro=Fin-R1,False,False,5,4.805190991410906,0.6006488739263632,0.39955357142857145,False
0,bt,p2etg,4032,bbh=Llama-3.1-8B-UltraMedical|finqa=Qwen2.5-Coder-7B-Instruct|korbench=Qwen3-8B|livecodebench=DeepSeek-R1-0528-Qwen3-8B|math500=NVIDIA-Nemotron-Nano-9B-v2|medqa=Llama-3.1-8B-Instruct|meld=gemma-2-9b-it|mmlupro=Fin-R1,False,False,5,4.805190991410906,0.6006488739263632,0.3325892857142857,False
0,bt,p2etg,4480,bbh=DeepSeek-R1-0528-Qwen3-8B|finqa=Fin-R1|korbench=Llama-3.1-8B-UltraMedical|livecodebench=Qwen3-8B|math500=NVIDIA-Nemotron-Nano-9B-v2|medqa=Llama-3.1-8B-Instruct|meld=Qwen2.5-Coder-7B-Instruct|mmlupro=gemma-2-9b-it,False,False,3,5.016532072640347,0.6270665090800434,0.5066964285714286,False
0,bt,p2etg,4928,bbh=Llama-3.1-8B-Instruct|finqa=Fin-R1|korbench=DeepSeek-R1-0528-Qwen3-8B|livecodebench=Qwen3-8B|math500=NVIDIA-Nemotron-Nano-9B-v2|medqa=Llama-3.1-8B-UltraMedical|meld=Qwen2.5-Coder-7B-Instruct|mmlupro=gemma-2-9b-it,False,False,3,5.101716966195321,0.6377146207744151,0.43080357142857145,False
0,bt,p2etg,5376,bbh=NVIDIA-Nemotron-Nano-9B-v2|finqa=Fin-R1|korbench=Llama-3.1-8B-Instruct|livecodebench=Qwen3-8B|math500=DeepSeek-R1-0528-Qwen3-8B|medqa=Llama-3.1-8B-UltraMedical|meld=Qwen2.5-Coder-7B-Instruct|mmlupro=gemma-2-9b-it,False,False,1,5.132976225454579,0.6416220281818223,0.390625,False
0,bt,p2etg,5824,bbh=NVIDIA-Nemotron-Nano-9B-v2|finqa=Fin-R1|korbench=Llama-3.1-8B-Instruct|livecodebench=Qwen3-8B|math500=DeepSeek-R1-0528-Qwen3-8B|medqa=Llama-3.1-8B-UltraMedical|meld=Qwen2.5-Coder-7B-Instruct|mmlupro=gemma-2-9b-it,False,False,1,5.132976225454579,0.6416220281818223,0.5022321428571429,False
0,bt,p2etg,6272,bbh=NVIDIA-Nemotron-Nano-9B-v2|finqa=Fin-R1|korbench=Llama-3.1-8B-Instruct|livecodebench=Qwen3-8B|math500=DeepSeek-R1-0528-Qwen3-8B|medqa=Llama-3.1-8B-UltraMedical|meld=Qwen2.5-Coder-7B-Instruct|mmlupro=gemma-2-9b-it,False,False,1,5.132976225454579,0.6416220281818223,0.46651785714285715,False
0,bt,p2etg,6720,bbh=NVIDIA-Nemotron-Nano-9B-v2|finqa=Fin-R1|korbench=Llama-3.1-8B-Instruct|livecodebench=Qwen3-8B|math500=DeepSeek-R1-0528-Qwen3-8B|medqa=Llama-3.1-8B-UltraMedical|meld=Qwen2.5-Coder-7B-Instruct|mmlupro=gemma-2-9b-it,False,False,1,5.132976225454579,0.6416220281818223,0.42857142857142855,False
0,bt,p2etg,7168,bbh=DeepSeek-R1-0528-Qwen3-8B|finqa=Fin-R1|korbench=Llama-3.1-8B-UltraMedical|livecodebench=Qwen3-8B|math500=NVIDIA-Nemotron-Nano-9B-v2|medqa=Llama-3.1-8B-Instruct|meld=Qwen2.5-Coder-7B-Instruct|mmlupro=gemma-2-9b-it,False,False,3,5.016532072640347,0.6270665090800434,0.5245535714285714,False
0,bt,p2etg,7616,bbh=DeepSeek-R1-0528-Qwen3-8B|finqa=Fin-R1|korbench=Llama-3.1-8B-UltraMedical|livecodebench=Qwen3-8B|math500=NVIDIA-Nemotron-Nano-9B-v2|medqa=Llama-3.1-8B-Instruct|meld=Qwen2.5-Coder-7B-Instruct|mmlupro=gemma-2-9b-it,False,False,3,5.016532072640347,0.6270665090800434,0.49330357142857145,False
0,bt,p2etg,8064,bbh=DeepSeek-R1-0528-Qwen3-8B|finqa=Fin-R1|korbench=Llama-3.1-8B-Instruct|livecodebench=Qwen3-8B|math500=NVIDIA-Nemotron-Nano-9B-v2|medqa=Llama-3.1-8B-UltraMedical|meld=Qwen2.5-Coder-7B-Instruct|mmlupro=gemma-2-9b-it,False,False,2,5.163902151380506,0.6454877689225632,0.45089285714285715,False
0,bt,p2etg,8512,bbh=DeepSeek-R1-0528-Qwen3-8B|finqa=gemma-2-9b-it|korbench=Llama-3.1-8B-Instruct|livecodebench=Qwen3-8B|math500=NVIDIA-Nemotron-Nano-9B-v2|medqa=Llama-3.1-8B-UltraMedical|meld=Qwen2.5-Coder-7B-Instruct|mmlupro=Fin-R1,False,False,4,5.076076064423984,0.634509508052998,0.53125,False
0,bt,p2etg,8960,bbh=DeepSeek-R1-0528-Qwen3-8B|finqa=gemma-2-9b-it|korbench=Llama-3.1-8B-Instruct|livecodebench=Qwen3-8B|math500=NVIDIA-Nemotron-Nano-9B-v2|medqa=Llama-3.1-8B-UltraMedical|meld=Qwen2.5-Coder-7B-Instruct|mmlupro=Fin-R1,False,False,4,5.076076064423984,0.634509508052998,0.49107142857142855,False
0,bt,p2etg,9408,bbh=DeepSeek-R1-0528-Qwen3-8B|finqa=gemma-2-9b-it|korbench=Llama-3.1-8B-Instruct|livecodebench=Qwen3-8B|math500=NVIDIA-Nemotron-Nano-9B-v2|medqa=Llama-3.1-8B-UltraMedical|meld=Qwen2.5-Coder-7B-Instruct|mmlupro=Fin-R1,False,False,4,5.076076064423984,0.634509508052998,0.5491071428571429,False
0,bt,p2etg,9856,bbh=DeepSeek-R1-0528-Qwen3-8B|finqa=gemma-2-9b-it|korbench=Llama-3.1-8B-Instruct|livecodebench=Qwen3-8B|math500=NVIDIA-Nemotron-Nano-9B-v2|medqa=Llama-3.1-8B-UltraMedical|meld=Qwen2.5-Coder-7B-Instruct|mmlupro=Fin-R1,False,False,4,5.076076064423984,0.634509508052998,0.5223214285714286,False
0,bt,p2etg,10304,bbh=NVIDIA-Nemotron-Nano-9B-v2|finqa=gemma-2-9b-it|korbench=Llama-3.1-8B-Instruct|livecodebench=Qwen3-8B|math500=DeepSeek-R1-0528-Qwen3-8B|medqa=Llama-3.1-8B-UltraMedical|meld=Qwen2.5-Coder-7B-Instruct|mmlupro=Fin-R1,False,False,3,5.045150138498057,0.6306437673122571,0.48660714285714285,False
0,bt,p2etg,10752,bbh=NVIDIA-Nemotron-Nano-9B-v2|finqa=Fin-R1|korbench=Llama-3.1-8B-UltraMedical|livecodebench=Qwen3-8B|math500=DeepSeek-R1-0528-Qwen3-8B|medqa=gemma-2-9b-it|meld=Qwen2.5-Coder-7B-Instruct|mmlupro=Llama-3.1-8B-Instruct,False,False,5,4.93773213096639,0.6172165163707988,0.5647321428571429,False
0,bt,p2etg,11200,bbh=DeepSeek-R1-0528-Qwen3-8B|finqa=Fin-R1|korbench=Llama-3.1-8B-UltraMedical|livecodebench=NVIDIA-Nemotron-Nano-9B-v2|math500=Qwen3-8B|medqa=gemma-2-9b-it|meld=Qwen2.5-Coder-7B-Instruct|mmlupro=Llama-3.1-8B-Instruct,False,False,7,4.936004028456297,0.6170005035570372,0.5267857142857143,False
0,bt,p2etg,11648,bbh=NVIDIA-Nemotron-Nano-9B-v2|finqa=Fin-R1|korbench=Llama-3.1-8B-Instruct|livecodebench=Qwen3-8B|math500=DeepSeek-R1-0528-Qwen3-8B|medqa=Llama-3.1-8B-UltraMedical|meld=Qwen2.5-Coder-7B-Instruct|mmlupro=gemma-2-9b-it,False,False,1,5.132976225454579,0.6416220281818223,0.6071428571428571,False
0,bt,p2etg,12096,bbh=NVIDIA-Nemotron-Nano-9B-v2|finqa=Fin-R1|korbench=Qwen2.5-Coder-7B-Instruct|livecodebench=Qwen3-8B|math500=DeepSeek-R1-0528-Qwen3-8B|medqa=Llama-3.1-8B-UltraMedical|meld=gemma-2-9b-it|mmlupro=Llama-3.1-8B-Instruct,True,True,0,5.221462055414093,0.6526827569267616,0.5714285714285714,False
0,bt,p2etg,12544,bbh=DeepSeek-R1-0528-Qwen3-8B|finqa=Fin-R1|korbench=Qwen2.5-Coder-7B-Instruct|livecodebench=Qwen3-8B|math500=NVIDIA-Nemotron-Nano-9B-v2|medqa=Llama-3.1-8B-UltraMedical|meld=gemma-2-9b-it|mmlupro=Llama-3.1-8B-Instruct,False,False,1,5.25238798134002,0.6565484976675025,0.5334821428571429,False
0,bt,p2etg,12992,bbh=DeepSeek-R1-0528-Qwen3-8B|finqa=Fin-R1|korbench=Qwen2.5-Coder-7B-Instruct|livecodebench=NVIDIA-Nemotron-Nano-9B-v2|math500=Qwen3-8B|medqa=Llama-3.1-8B-UltraMedical|meld=gemma-2-9b-it|mmlupro=Llama-3.1-8B-Instruct,False,False,2,5.219733952904001,0.6524667441130001,0.5758928571428571,False
0,bt,p2etg,13440,bbh=DeepSeek-R1-0528-Qwen3-8B|finqa=Fin-R1|korbench=Qwen2.5-Coder-7B-Instruct|livecodebench=NVIDIA-Nemotron-Nano-9B-v2|math500=Qwen3-8B|medqa=Llama-3.1-8B-UltraMedical|meld=gemma-2-9b-it|mmlupro=Llama-3.1-8B-Instruct,False,False,2,5.219733952904001,0.6524667441130001,0.5535714285714286,False
0,bt,p2etg,13888,bbh=DeepSeek-R1-0528-Qwen3-8B|finqa=Fin-R1|korbench=Qwen2.5-Coder-7B-Instruct|livecodebench=NVIDIA-Nemotron-Nano-9B-v2|math500=Qwen3-8B|medqa=Llama-3.1-8B-UltraMedical|meld=gemma-2-9b-it|mmlupro=Llama-3.1-8B-Instruct,False,False,2,5.219733952904001,0.6524667441130001,0.6116071428571429,False
0,bt,p2etg,14336,bbh=DeepSeek-R1-0528-Qwen3-8B|finqa=Fin-R1|korbench=Qwen2.5-Coder-7B-Instruct|livecodebench=NVIDIA-Nemotron-Nano-9B-v2|math500=Qwen3-8B|medqa=Llama-3.1-8B-UltraMedical|meld=gemma-2-9b-it|mmlupro=Llama-3.1-8B-Instruct,False,False,2,5.219733952904001,0.6524667441130001,0.5915178571428571,False
0,bt,p2etg,14784,bbh=DeepSeek-R1-0528-Qwen3-8B|finqa=Fin-R1|korbench=Qwen2.5-Coder-7B-Instruct|livecodebench=NVIDIA-Nemotron-Nano-9B-v2|math500=Qwen3-8B|medqa=Llama-3.1-8B-UltraMedical|meld=gemma-2-9b-it|mmlupro=Llama-3.1-8B-Instruct,False,False,2,5.219733952904001,0.6524667441130001,0.5669642857142857,False
0,bt,p2etg,15232,bbh=DeepSeek-R1-0528-Qwen3-8B|finqa=Fin-R1|korbench=Qwen2.5-Coder-7B-Instruct|livecodebench=NVIDIA-Nemotron-Nano-9B-v2|math500=Qwen3-8B|medqa=Llama-3.1-8B-UltraMedical|meld=gemma-2-9b-it|mmlupro=Llama-3.1-8B-Instruct,False,False,2,5.219733952904001,0.6524667441130001,0.5982142857142857,False
0,bt,p2etg,15680,bbh=DeepSeek-R1-0528-Qwen3-8B|finqa=Fin-R1|korbench=Qwen2.5-Coder-7B-Instruct|livecodebench=NVIDIA-Nemotron-Nano-9B-v2|math500=Qwen3-8B|medqa=Llama-3.1-8B-Instruct|meld=gemma-2-9b-it|mmlupro=Llama-3.1-8B-UltraMedical,False,False,3,5.100363874163842,0.6375454842704803,0.578125,False
0,bt,p2etg,16128,bbh=DeepSeek-R1-0528-Qwen3-8B|finqa=Fin-R1|korbench=Qwen2.5-Coder-7B-Instruct|livecodebench=NVIDIA-Nemotron-Nano-9B-v2|math500=Qwen3-8B|medqa=Llama-3.1-8B-Instruct|meld=gemma-2-9b-it|mmlupro=Llama-3.1-8B-UltraMedical,False,False,3,5.100363874163842,0.6375454842704803,0.6138392857142857,False
0,bt,p2etg,16576,bbh=DeepSeek-R1-0528-Qwen3-8B|finqa=Fin-R1|korbench=Qwen2.5-Coder-7B-Instruct|livecodebench=NVIDIA-Nemotron-Nano-9B-v2|math500=Qwen3-8B|medqa=Llama-3.1-8B-Instruct|meld=gemma-2-9b-it|mmlupro=Llama-3.1-8B-UltraMedical,False,False,3,5.100363874163842,0.6375454842704803,0.5959821428571429,False
0,bt,p2etg,17024,bbh=DeepSeek-R1-0528-Qwen3-8B|finqa=Fin-R1|korbench=Qwen2.5-Coder-7B-Instruct|livecodebench=NVIDIA-Nemotron-Nano-9B-v2|math500=Qwen3-8B|medqa=Llama-3.1-8B-Instruct|meld=gemma-2-9b-it|mmlupro=Llama-3.1-8B-UltraMedical,False,False,3,5.100363874163842,0.6375454842704803,0.5848214285714286,False
0,bt,p2etg,17472,bbh=DeepSeek-R1-0528-Qwen3-8B|finqa=Fin-R1|korbench=Qwen2.5-Coder-7B-Instruct|livecodebench=NVIDIA-Nemotron-Nano-9B-v2|math500=Qwen3-8B|medqa=Llama-3.1-8B-Instruct|meld=gemma-2-9b-it|mmlupro=Llama-3.1-8B-UltraMedical,False,False,3,5.100363874163842,0.6375454842704803,0.6183035714285714,False
0,bt,p2etg,17920,bbh=DeepSeek-R1-0528-Qwen3-8B|finqa=Fin-R1|korbench=Qwen2.5-Coder-7B-Instruct|livecodebench=NVIDIA-Nemotron-Nano-9B-v2|math500=Qwen3-8B|medqa=Llama-3.1-8B-Instruct|meld=gemma-2-9b-it|mmlupro=Llama-3.1-8B-UltraMedical,False,False,3,5.100363874163842,0.6375454842704803,0.6049107142857143,False
0,bt,p2etg,18368,bbh=DeepSeek-R1-0528-Qwen3-8B|finqa=Fin-R1|korbench=Qwen2.5-Coder-7B-Instruct|livecodebench=NVIDIA-Nemotron-Nano-9B-v2|math500=Qwen3-8B|medqa=Llama-3.1-8B-Instruct|meld=gemma-2-9b-it|mmlupro=Llama-3.1-8B-UltraMedical,False,False,3,5.100363874163842,0.6375454842704803,0.625,False
0,bt,p2etg,18816,bbh=DeepSeek-R1-0528-Qwen3-8B|finqa=Fin-R1|korbench=Qwen2.5-Coder-7B-Instruct|livecodebench=NVIDIA-Nemotron-Nano-9B-v2|math500=Qwen3-8B|medqa=Llama-3.1-8B-Instruct|meld=gemma-2-9b-it|mmlupro=Llama-3.1-8B-UltraMedical,False,False,3,5.100363874163842,0.6375454842704803,0.609375,False
0,bt,p2etg,19264,bbh=DeepSeek-R1-0528-Qwen3-8B|finqa=Fin-R1|korbench=Qwen2.5-Coder-7B-Instruct|livecodebench=Qwen3-8B|math500=NVIDIA-Nemotron-Nano-9B-v2|medqa=Llama-3.1-8B-UltraMedical|meld=gemma-2-9b-it|mmlupro=Llama-3.1-8B-Instruct,False,False,1,5.25238798134002,0.6565484976675025,0.5870535714285714,False
0,bt,p2etg,19712,bbh=DeepSeek-R1-0528-Qwen3-8B|finqa=Fin-R1|korbench=Qwen2.5-Coder-7B-Instruct|livecodebench=Qwen3-8B|math500=NVIDIA-Nemotron-Nano-9B-v2|medqa=Llama-3.1-8B-UltraMedical|meld=gemma-2-9b-it|mmlupro=Llama-3.1-8B-Instruct,False,False,1,5.25238798134002,0.6565484976675025,0.6316964285714286,False
0,bt,p2etg,20160,bbh=DeepSeek-R1-0528-Qwen3-8B|finqa=Fin-R1|korbench=Qwen2.5-Coder-7B-Instruct|livecodebench=Qwen3-8B|math500=NVIDIA-Nemotron-Nano-9B-v2|medqa=Llama-3.1-8B-UltraMedical|meld=gemma-2-9b-it|mmlupro=Llama-3.1-8B-Instruct,False,False,1,5.25238798134002,0.6565484976675025,0.6138392857142857,False
0,bt,p2etg,20608,bbh=DeepSeek-R1-0528-Qwen3-8B|finqa=Fin-R1|korbench=Qwen2.5-Coder-7B-Instruct|livecodebench=Qwen3-8B|math500=NVIDIA-Nemotron-Nano-9B-v2|medqa=Llama-3.1-8B-Instruct|meld=gemma-2-9b-it|mmlupro=Llama-3.1-8B-UltraMedical,False,False,2,5.133017902599862,0.6416272378249828,0.640625,False
0,bt,p2etg,21056,bbh=DeepSeek-R1-0528-Qwen3-8B|finqa=Fin-R1|korbench=Llama-3.1-8B-UltraMedical|livecodebench=Qwen3-8B|math500=NVIDIA-Nemotron-Nano-9B-v2|medqa=Llama-3.1-8B-Instruct|meld=Qwen2.5-Coder-7B-Instruct|mmlupro=gemma-2-9b-it,False,False,3,5.016532072640347,0.6270665090800434,0.6272321428571429,False
0,bt,p2etg,21504,bbh=DeepSeek-R1-0528-Qwen3-8B|finqa=Fin-R1|korbench=Llama-3.1-8B-UltraMedical|livecodebench=Qwen3-8B|math500=NVIDIA-Nemotron-Nano-9B-v2|medqa=Llama-3.1-8B-Instruct|meld=Qwen2.5-Coder-7B-Instruct|mmlupro=gemma-2-9b-it,False,False,3,5.016532072640347,0.6270665090800434,0.6517857142857143,False
0,bt,p2etg,21952,bbh=DeepSeek-R1-0528-Qwen3-8B|finqa=Fin-R1|korbench=Llama-3.1-8B-UltraMedical|livecodebench=Qwen3-8B|math500=NVIDIA-Nemotron-Nano-9B-v2|medqa=Llama-3.1-8B-Instruct|meld=Qwen2.5-Coder-7B-Instruct|mmlupro=gemma-2-9b-it,False,False,3,5.016532072640347,0.6270665090800434,0.6361607142857143,False
0,bt,p2etg,22400,bbh=DeepSeek-R1-0528-Qwen3-8B|finqa=Fin-R1|korbench=Llama-3.1-8B-UltraMedical|livecodebench=Qwen3-8B|math500=NVIDIA-Nemotron-Nano-9B-v2|medqa=Llama-3.1-8B-Instruct|meld=Qwen2.5-Coder-7B-Instruct|mmlupro=gemma-2-9b-it,False,False,3,5.016532072640347,0.6270665090800434,0.6116071428571429,False
0,bt,p2etg,22848,bbh=DeepSeek-R1-0528-Qwen3-8B|finqa=Fin-R1|korbench=Llama-3.1-8B-Instruct|livecodebench=Qwen3-8B|math500=NVIDIA-Nemotron-Nano-9B-v2|medqa=Llama-3.1-8B-UltraMedical|meld=Qwen2.5-Coder-7B-Instruct|mmlupro=gemma-2-9b-it,False,False,2,5.163902151380506,0.6454877689225632,0.640625,False
0,bt,p2etg,23296,bbh=DeepSeek-R1-0528-Qwen3-8B|finqa=Fin-R1|korbench=Llama-3.1-8B-Instruct|livecodebench=Qwen3-8B|math500=NVIDIA-Nemotron-Nano-9B-v2|medqa=Llama-3.1-8B-UltraMedical|meld=Qwen2.5-Coder-7B-Instruct|mmlupro=gemma-2-9b-it,False,False,2,5.163902151380506,0.6454877689225632,0.6272321428571429,False
0,bt,p2etg,23744,bbh=DeepSeek-R1-0528-Qwen3-8B|finqa=Fin-R1|korbench=Llama-3.1-8B-Instruct|livecodebench=Qwen3-8B|math500=NVIDIA-Nemotron-Nano-9B-v2|medqa=Llama-3.1-8B-UltraMedical|meld=Qwen2.5-Coder-7B-Instruct|mmlupro=gemma-2-9b-it,False,False,2,5.163902151380506,0.6454877689225632,0.6450892857142857,False
0,bt,p2etg,24192,bbh=DeepSeek-R1-0528-Qwen3-8B|finqa=Fin-R1|korbench=Llama-3.1-8B-Instruct|livecodebench=Qwen3-8B|math500=NVIDIA-Nemotron-Nano-9B-v2|medqa=Llama-3.1-8B-UltraMedical|meld=Qwen2.5-Coder-7B-Instruct|mmlupro=gemma-2-9b-it,False,False,2,5.163902151380506,0.6454877689225632,0.6339285714285714,False
0,bt,p2etg,24640,bbh=DeepSeek-R1-0528-Qwen3-8B|finqa=Fin-R1|korbench=Llama-3.1-8B-Instruct|livecodebench=Qwen3-8B|math500=NVIDIA-Nemotron-Nano-9B-v2|medqa=Llama-3.1-8B-UltraMedical|meld=Qwen2.5-Coder-7B-Instruct|mmlupro=gemma-2-9b-it,False,False,2,5.163902151380506,0.6454877689225632,0.6540178571428571,False
0,bt,p2etg,25088,bbh=DeepSeek-R1-0528-Qwen3-8B|finqa=Fin-R1|korbench=Llama-3.1-8B-Instruct|livecodebench=Qwen3-8B|math500=NVIDIA-Nemotron-Nano-9B-v2|medqa=Llama-3.1-8B-UltraMedical|meld=Qwen2.5-Coder-7B-Instruct|mmlupro=gemma-2-9b-it,False,False,2,5.163902151380506,0.6454877689225632,0.6450892857142857,False
0,bt,p2etg,25536,bbh=DeepSeek-R1-0528-Qwen3-8B|finqa=Fin-R1|korbench=Llama-3.1-8B-Instruct|livecodebench=Qwen3-8B|math500=NVIDIA-Nemotron-Nano-9B-v2|medqa=Llama-3.1-8B-UltraMedical|meld=Qwen2.5-Coder-7B-Instruct|mmlupro=gemma-2-9b-it,False,False,2,5.163902151380506,0.6454877689225632,0.6339285714285714,False
0,bt,p2etg,25984,bbh=DeepSeek-R1-0528-Qwen3-8B|finqa=Fin-R1|korbench=Llama-3.1-8B-Instruct|livecodebench=Qwen3-8B|math500=NVIDIA-Nemotron-Nano-9B-v2|medqa=Llama-3.1-8B-UltraMedical|meld=Qwen2.5-Coder-7B-Instruct|mmlupro=gemma-2-9b-it,False,False,2,5.163902151380506,0.6454877689225632,0.6473214285714286,False
0,bt,p2etg,26432,bbh=DeepSeek-R1-0528-Qwen3-8B|finqa=Fin-R1|korbench=Llama-3.1-8B-Instruct|livecodebench=Qwen3-8B|math500=NVIDIA-Nemotron-Nano-9B-v2|medqa=Llama-3.1-8B-UltraMedical|meld=Qwen2.5-Coder-7B-Instruct|mmlupro=gemma-2-9b-it,False,False,2,5.163902151380506,0.6454877689225632,0.6428571428571429,False
0,bt,p2etg,26880,bbh=DeepSeek-R1-0528-Qwen3-8B|finqa=Fin-R1|korbench=Llama-3.1-8B-Instruct|livecodebench=Qwen3-8B|math500=NVIDIA-Nemotron-Nano-9B-v2|medqa=Llama-3.1-8B-UltraMedical|meld=Qwen2.5-Coder-7B-Instruct|mmlupro=gemma-2-9b-it,False,False,2,5.163902151380506,0.6454877689225632,0.6629464285714286,False
0,bt,p2etg,27328,bbh=DeepSeek-R1-0528-Qwen3-8B|finqa=Fin-R1|korbench=Llama-3.1-8B-Instruct|livecodebench=Qwen3-8B|math500=NVIDIA-Nemotron-Nano-9B-v2|medqa=Llama-3.1-8B-UltraMedical|meld=Qwen2.5-Coder-7B-Instruct|mmlupro=gemma-2-9b-it,False,False,2,5.163902151380506,0.6454877689225632,0.6450892857142857,False
0,bt,p2etg,27776,bbh=DeepSeek-R1-0528-Qwen3-8B|finqa=Fin-R1|korbench=Llama-3.1-8B-Instruct|livecodebench=Qwen3-8B|math500=NVIDIA-Nemotron-Nano-9B-v2|medqa=Llama-3.1-8B-UltraMedical|meld=Qwen2.5-Coder-7B-Instruct|mmlupro=gemma-2-9b-it,False,False,2,5.163902151380506,0.6454877689225632,0.671875,False
0,bt,p2etg,28224,bbh=DeepSeek-R1-0528-Qwen3-8B|finqa=Fin-R1|korbench=Llama-3.1-8B-Instruct|livecodebench=Qwen3-8B|math500=NVIDIA-Nemotron-Nano-9B-v2|medqa=Llama-3.1-8B-UltraMedical|meld=Qwen2.5-Coder-7B-Instruct|mmlupro=gemma-2-9b-it,False,False,2,5.163902151380506,0.6454877689225632,0.6607142857142857,False
0,bt,p2etg,28672,bbh=DeepSeek-R1-0528-Qwen3-8B|finqa=Fin-R1|korbench=Llama-3.1-8B-UltraMedical|livecodebench=Qwen3-8B|math500=NVIDIA-Nemotron-Nano-9B-v2|medqa=Llama-3.1-8B-Instruct|meld=Qwen2.5-Coder-7B-Instruct|mmlupro=gemma-2-9b-it,False,False,3,5.016532072640347,0.6270665090800434,0.6473214285714286,False
0,bt,p2etg,29120,bbh=DeepSeek-R1-0528-Qwen3-8B|finqa=Fin-R1|korbench=Llama-3.1-8B-UltraMedical|livecodebench=Qwen3-8B|math500=NVIDIA-Nemotron-Nano-9B-v2|medqa=Llama-3.1-8B-Instruct|meld=Qwen2.5-Coder-7B-Instruct|mmlupro=gemma-2-9b-it,False,False,3,5.016532072640347,0.6270665090800434,0.65625,False
0,bt,p2etg,29568,bbh=DeepSeek-R1-0528-Qwen3-8B|finqa=Fin-R1|korbench=Llama-3.1-8B-UltraMedical|livecodebench=Qwen3-8B|math500=NVIDIA-Nemotron-Nano-9B-v2|medqa=Llama-3.1-8B-Instruct|meld=Qwen2.5-Coder-7B-Instruct|mmlupro=gemma-2-9b-it,False,False,3,5.016532072640347,0.6270665090800434,0.6495535714285714,False
0,bt,p2etg,30016,bbh=DeepSeek-R1-0528-Qwen3-8B|finqa=Fin-R1|korbench=Llama-3.1-8B-UltraMedical|livecodebench=Qwen3-8B|math500=NVIDIA-Nemotron-Nano-9B-v2|medqa=Llama-3.1-8B-Instruct|meld=Qwen2.5-Coder-7B-Instruct|mmlupro=gemma-2-9b-it,False,False,3,5.016532072640347,0.6270665090800434,0.6629464285714286,False
0,bt,p2etg,30464,bbh=DeepSeek-R1-0528-Qwen3-8B|finqa=Fin-R1|korbench=Llama-3.1-8B-UltraMedical|livecodebench=Qwen3-8B|math500=NVIDIA-Nemotron-Nano-9B-v2|medqa=Llama-3.1-8B-Instruct|meld=Qwen2.5-Coder-7B-Instruct|mmlupro=gemma-2-9b-it,False,False,3,5.016532072640347,0.6270665090800434,0.6540178571428571,False
0,bt,p2etg,30912,bbh=DeepSeek-R1-0528-Qwen3-8B|finqa=Fin-R1|korbench=Llama-3.1-8B-UltraMedical|livecodebench=Qwen3-8B|math500=NVIDIA-Nemotron-Nano-9B-v2|medqa=Llama-3.1-8B-Instruct|meld=Qwen2.5-Coder-7B-Instruct|mmlupro=gemma-2-9b-it,False,False,3,5.016532072640347,0.6270665090800434,0.6674107142857143,False
0,bt,p2etg,31360,bbh=DeepSeek-R1-0528-Qwen3-8B|finqa=Fin-R1|korbench=Llama-3.1-8B-UltraMedical|livecodebench=Qwen3-8B|math500=NVIDIA-Nemotron-Nano-9B-v2|medqa=Llama-3.1-8B-Instruct|meld=Qwen2.5-Coder-7B-Instruct|mmlupro=gemma-2-9b-it,False,False,3,5.016532072640347,0.6270665090800434,0.6540178571428571,False
0,bt,p2etg,31808,bbh=DeepSeek-R1-0528-Qwen3-8B|finqa=Fin-R1|korbench=Llama-3.1-8B-UltraMedical|livecodebench=Qwen3-8B|math500=NVIDIA-Nemotron-Nano-9B-v2|medqa=Llama-3.1-8B-Instruct|meld=Qwen2.5-Coder-7B-Instruct|mmlupro=gemma-2-9b-it,False,False,3,5.016532072640347,0.6270665090800434,0.640625,False
0,bt,p2etg,32256,bbh=DeepSeek-R1-0528-Qwen3-8B|finqa=Fin-R1|korbench=Llama-3.1-8B-UltraMedical|livecodebench=Qwen3-8B|math500=NVIDIA-Nemotron-Nano-9B-v2|medqa=Llama-3.1-8B-Instruct|meld=Qwen2.5-Coder-7B-Instruct|mmlupro=gemma-2-9b-it,False,False,3,5.016532072640347,0.6270665090800434,0.6629464285714286,False
0,bt,p2etg,32704,bbh=DeepSeek-R1-0528-Qwen3-8B|finqa=Fin-R1|korbench=Llama-3.1-8B-UltraMedical|livecodebench=Qwen3-8B|math500=NVIDIA-Nemotron-Nano-9B-v2|medqa=Llama-3.1-8B-Instruct|meld=Qwen2.5-Coder-7B-Instruct|mmlupro=gemma-2-9b-it,False,False,3,5.016532072640347,0.6270665090800434,0.6428571428571429,False
0,bt,p2etg,33152,bbh=DeepSeek-R1-0528-Qwen3-8B|finqa=Fin-R1|korbench=Llama-3.1-8B-Instruct|livecodebench=Qwen3-8B|math500=NVIDIA-Nemotron-Nano-9B-v2|medqa=Llama-3.1-8B-UltraMedical|meld=Qwen2.5-Coder-7B-Instruct|mmlupro=gemma-2-9b-it,False,False,2,5.163902151380506,0.6454877689225632,0.6741071428571429,False
0,bt,p2etg,33600,bbh=DeepSeek-R1-0528-Qwen3-8B|finqa=Fin-R1|korbench=Llama-3.1-8B-Instruct|livecodebench=Qwen3-8B|math500=NVIDIA-Nemotron-Nano-9B-v2|medqa=Llama-3.1-8B-UltraMedical|meld=Qwen2.5-Coder-7B-Instruct|mmlupro=gemma-2-9b-it,False,False,2,5.163902151380506,0.6454877689225632,0.6629464285714286,False
0,bt,p2etg,34048,bbh=DeepSeek-R1-0528-Qwen3-8B|finqa=Fin-R1|korbench=Llama-3.1-8B-Instruct|livecodebench=Qwen3-8B|math500=NVIDIA-Nemotron-Nano-9B-v2|medqa=Llama-3.1-8B-UltraMedical|meld=Qwen2.5-Coder-7B-Instruct|mmlupro=gemma-2-9b-it,False,False,2,5.163902151380506,0.6454877689225632,0.6830357142857143,False
0,bt,p2etg,34496,bbh=DeepSeek-R1-0528-Qwen3-8B|finqa=Fin-R1|korbench=Llama-3.1-8B-Instruct|livecodebench=Qwen3-8B|math500=NVIDIA-Nemotron-Nano-9B-v2|medqa=Llama-3.1-8B-UltraMedical|meld=Qwen2.5-Coder-7B-Instruct|mmlupro=gemma-2-9b-it,False,False,2,5.163902151380506,0.6454877689225632,0.6651785714285714,False
0,bt,p2etg,34944,bbh=DeepSeek-R1-0528-Qwen3-8B|finqa=Fin-R1|korbench=Llama-3.1-8B-Instruct|livecodebench=Qwen3-8B|math500=NVIDIA-Nemotron-Nano-9B-v2|medqa=Llama-3.1-8B-UltraMedical|meld=Qwen2.5-Coder-7B-Instruct|mmlupro=gemma-2-9b-it,False,False,2,5.163902151380506,0.6454877689225632,0.6584821428571429,False
0,bt,p2etg,35392,bbh=DeepSeek-R1-0528-Qwen3-8B|finqa=Fin-R1|korbench=Llama-3.1-8B-Instruct|livecodebench=Qwen3-8B|math500=NVIDIA-Nemotron-Nano-9B-v2|medqa=Llama-3.1-8B-UltraMedical|meld=Qwen2.5-Coder-7B-Instruct|mmlupro=gemma-2-9b-it,False,False,2,5.163902151380506,0.6454877689225632,0.6741071428571429,False
0,bt,p2etg,35840,bbh=DeepSeek-R1-0528-Qwen3-8B|finqa=Fin-R1|korbench=Llama-3.1-8B-UltraMedical|livecodebench=Qwen3-8B|math500=NVIDIA-Nemotron-Nano-9B-v2|medqa=Llama-3.1-8B-Instruct|meld=Qwen2.5-Coder-7B-Instruct|mmlupro=gemma-2-9b-it,False,False,3,5.016532072640347,0.6270665090800434,0.6674107142857143,False
0,bt,p2etg,36288,bbh=DeepSeek-R1-0528-Qwen3-8B|finqa=Fin-R1|korbench=Llama-3.1-8B-Instruct|livecodebench=Qwen3-8B|math500=NVIDIA-Nemotron-Nano-9B-v2|medqa=Llama-3.1-8B-UltraMedical|meld=Qwen2.5-Coder-7B-Instruct|mmlupro=gemma-2-9b-it,False,False,2,5.163902151380506,0.6454877689225632,0.6741071428571429,False
0,bt,p2etg,36736,bbh=DeepSeek-R1-0528-Qwen3-8B|finqa=Fin-R1|korbench=Llama-3.1-8B-Instruct|livecodebench=Qwen3-8B|math500=NVIDIA-Nemotron-Nano-9B-v2|medqa=Llama-3.1-8B-UltraMedical|meld=Qwen2.5-Coder-7B-Instruct|mmlupro=gemma-2-9b-it,False,False,2,5.163902151380506,0.6454877689225632,0.6651785714285714,False
0,bt,p2etg,37184,bbh=DeepSeek-R1-0528-Qwen3-8B|finqa=Fin-R1|korbench=Llama-3.1-8B-Instruct|livecodebench=Qwen3-8B|math500=NVIDIA-Nemotron-Nano-9B-v2|medqa=Llama-3.1-8B-UltraMedical|meld=Qwen2.5-Coder-7B-Instruct|mmlupro=gemma-2-9b-it,False,False,2,5.163902151380506,0.6454877689225632,0.6741071428571429,False
0,bt,p2etg,37632,bbh=DeepSeek-R1-0528-Qwen3-8B|finqa=Fin-R1|korbench=Llama-3.1-8B-Instruct|livecodebench=Qwen3-8B|math500=NVIDIA-Nemotron-Nano-9B-v2|medqa=Llama-3.1-8B-UltraMedical|meld=Qwen2.5-Coder-7B-Instruct|mmlupro=gemma-2-9b-it,False,False,2,5.163902151380506,0.6454877689225632,0.6674107142857143,False
0,bt,p2etg,38080,bbh=DeepSeek-R1-0528-Qwen3-8B|finqa=Fin-R1|korbench=Llama-3.1-8B-Instruct|livecodebench=Qwen3-8B|math500=NVIDIA-Nemotron-Nano-9B-v2|medqa=Llama-3.1-8B-UltraMedical|meld=Qwen2.5-Coder-7B-Instruct|mmlupro=gemma-2-9b-it,False,False,2,5.163902151380506,0.6454877689225632,0.6986607142857143,False
0,bt,p2etg,38528,bbh=DeepSeek-R1-0528-Qwen3-8B|finqa=Fin-R1|korbench=Llama-3.1-8B-Instruct|livecodebench=Qwen3-8B|math500=NVIDIA-Nemotron-Nano-9B-v2|medqa=Llama-3.1-8B-UltraMedical|meld=Qwen2.5-Coder-7B-Instruct|mmlupro=gemma-2-9b-it,False,False,2,5.163902151380506,0.6454877689225632,0.6830357142857143,False
0,bt,p2etg,38976,bbh=DeepSeek-R1-0528-Qwen3-8B|finqa=Fin-R1|korbench=Llama-3.1-8B-Instruct|livecodebench=Qwen3-8B|math500=NVIDIA-Nemotron-Nano-9B-v2|medqa=Llama-3.1-8B-UltraMedical|meld=Qwen2.5-Coder-7B-Instruct|mmlupro=gemma-2-9b-it,False,False,2,5.163902151380506,0.6454877689225632,0.6696428571428571,False
0,bt,p2etg,39424,bbh=DeepSeek-R1-0528-Qwen3-8B|finqa=Fin-R1|korbench=Llama-3.1-8B-Instruct|livecodebench=Qwen3-8B|math500=NVIDIA-Nemotron-Nano-9B-v2|medqa=Llama-3.1-8B-UltraMedical|meld=Qwen2.5-Coder-7B-Instruct|mmlupro=gemma-2-9b-it,False,False,2,5.163902151380506,0.6454877689225632,0.6897321428571429,False
0,bt,p2etg,39872,bbh=DeepSeek-R1-0528-Qwen3-8B|finqa=Fin-R1|korbench=Llama-3.1-8B-Instruct|livecodebench=Qwen3-8B|math500=NVIDIA-Nemotron-Nano-9B-v2|medqa=Llama-3.1-8B-UltraMedical|meld=Qwen2.5-Coder-7B-Instruct|mmlupro=gemma-2-9b-it,False,False,2,5.163902151380506,0.6454877689225632,0.6741071428571429,False
0,bt,p2etg,40320,bbh=DeepSeek-R1-0528-Qwen3-8B|finqa=Fin-R1|korbench=Llama-3.1-8B-Instruct|livecodebench=Qwen3-8B|math500=NVIDIA-Nemotron-Nano-9B-v2|medqa=Llama-3.1-8B-UltraMedical|meld=Qwen2.5-Coder-7B-Instruct|mmlupro=gemma-2-9b-it,False,False,2,5.163902151380506,0.6454877689225632,0.6986607142857143,False
0,bt,p2etg,40768,bbh=DeepSeek-R1-0528-Qwen3-8B|finqa=Fin-R1|korbench=Llama-3.1-8B-Instruct|livecodebench=Qwen3-8B|math500=NVIDIA-Nemotron-Nano-9B-v2|medqa=Llama-3.1-8B-UltraMedical|meld=Qwen2.5-Coder-7B-Instruct|mmlupro=gemma-2-9b-it,False,False,2,5.163902151380506,0.6454877689225632,0.6875,False
0,bt,p2etg,41216,bbh=DeepSeek-R1-0528-Qwen3-8B|finqa=Fin-R1|korbench=Llama-3.1-8B-Instruct|livecodebench=Qwen3-8B|math500=NVIDIA-Nemotron-Nano-9B-v2|medqa=Llama-3.1-8B-UltraMedical|meld=Qwen2.5-Coder-7B-Instruct|mmlupro=gemma-2-9b-it,False,False,2,5.163902151380506,0.6454877689225632,0.7075892857142857,False
0,bt,p2etg,41664,bbh=DeepSeek-R1-0528-Qwen3-8B|finqa=Fin-R1|korbench=Llama-3.1-8B-Instruct|livecodebench=Qwen3-8B|math500=NVIDIA-Nemotron-Nano-9B-v2|medqa=Llama-3.1-8B-UltraMedical|meld=Qwen2.5-Coder-7B-Instruct|mmlupro=gemma-2-9b-it,False,False,2,5.163902151380506,0.6454877689225632,0.6941964285714286,False
0,bt,p2etg,42112,bbh=DeepSeek-R1-0528-Qwen3-8B|finqa=Fin-R1|korbench=Llama-3.1-8B-Instruct|livecodebench=Qwen3-8B|math500=NVIDIA-Nemotron-Nano-9B-v2|medqa=Llama-3.1-8B-UltraMedical|meld=Qwen2.5-Coder-7B-Instruct|mmlupro=gemma-2-9b-it,False,False,2,5.163902151380506,0.6454877689225632,0.6897321428571429,False
0,bt,p2etg,42560,bbh=DeepSeek-R1-0528-Qwen3-8B|finqa=Fin-R1|korbench=Llama-3.1-8B-Instruct|livecodebench=Qwen3-8B|math500=NVIDIA-Nemotron-Nano-9B-v2|medqa=Llama-3.1-8B-UltraMedical|meld=Qwen2.5-Coder-7B-Instruct|mmlupro=gemma-2-9b-it,False,False,2,5.163902151380506,0.6454877689225632,0.7075892857142857,False
0,bt,p2etg,43008,bbh=DeepSeek-R1-0528-Qwen3-8B|finqa=Fin-R1|korbench=Llama-3.1-8B-Instruct|livecodebench=Qwen3-8B|math500=NVIDIA-Nemotron-Nano-9B-v2|medqa=Llama-3.1-8B-UltraMedical|meld=Qwen2.5-Coder-7B-Instruct|mmlupro=gemma-2-9b-it,False,False,2,5.163902151380506,0.6454877689225632,0.703125,False
0,bt,p2etg,43456,bbh=DeepSeek-R1-0528-Qwen3-8B|finqa=Fin-R1|korbench=Llama-3.1-8B-Instruct|livecodebench=Qwen3-8B|math500=NVIDIA-Nemotron-Nano-9B-v2|medqa=Llama-3.1-8B-UltraMedical|meld=Qwen2.5-Coder-7B-Instruct|mmlupro=gemma-2-9b-it,False,False,2,5.163902151380506,0.6454877689225632,0.7209821428571429,False
0,bt,p2etg,43904,bbh=DeepSeek-R1-0528-Qwen3-8B|finqa=Fin-R1|korbench=Llama-3.1-8B-Instruct|livecodebench=Qwen3-8B|math500=NVIDIA-Nemotron-Nano-9B-v2|medqa=Llama-3.1-8B-UltraMedical|meld=Qwen2.5-Coder-7B-Instruct|mmlupro=gemma-2-9b-it,False,False,2,5.163902151380506,0.6454877689225632,0.7053571428571429,False
0,bt,p2etg,44352,bbh=DeepSeek-R1-0528-Qwen3-8B|finqa=Fin-R1|korbench=Llama-3.1-8B-Instruct|livecodebench=Qwen3-8B|math500=NVIDIA-Nemotron-Nano-9B-v2|medqa=Llama-3.1-8B-UltraMedical|meld=Qwen2.5-Coder-7B-Instruct|mmlupro=gemma-2-9b-it,False,False,2,5.163902151380506,0.6454877689225632,0.7142857142857143,False
0,bt,p2etg,44800,bbh=DeepSeek-R1-0528-Qwen3-8B|finqa=Fin-R1|korbench=Llama-3.1-8B-Instruct|livecodebench=Qwen3-8B|math500=NVIDIA-Nemotron-Nano-9B-v2|medqa=Llama-3.1-8B-UltraMedical|meld=Qwen2.5-Coder-7B-Instruct|mmlupro=gemma-2-9b-it,False,False,2,5.163902151380506,0.6454877689225632,0.7008928571428571,False
0,bt,p2etg,45248,bbh=DeepSeek-R1-0528-Qwen3-8B|finqa=Fin-R1|korbench=Llama-3.1-8B-Instruct|livecodebench=Qwen3-8B|math500=NVIDIA-Nemotron-Nano-9B-v2|medqa=Llama-3.1-8B-UltraMedical|meld=Qwen2.5-Coder-7B-Instruct|mmlupro=gemma-2-9b-it,False,False,2,5.163902151380506,0.6454877689225632,0.7299107142857143,False
0,bt,p2etg,45696,bbh=DeepSeek-R1-0528-Qwen3-8B|finqa=Fin-R1|korbench=Llama-3.1-8B-Instruct|livecodebench=Qwen3-8B|math500=NVIDIA-Nemotron-Nano-9B-v2|medqa=Llama-3.1-8B-UltraMedical|meld=Qwen2.5-Coder-7B-Instruct|mmlupro=gemma-2-9b-it,False,False,2,5.163902151380506,0.6454877689225632,0.7209821428571429,False
0,bt,p2etg,46144,bbh=NVIDIA-Nemotron-Nano-9B-v2|finqa=Fin-R1|korbench=Llama-3.1-8B-Instruct|livecodebench=Qwen3-8B|math500=DeepSeek-R1-0528-Qwen3-8B|medqa=Llama-3.1-8B-UltraMedical|meld=Qwen2.5-Coder-7B-Instruct|mmlupro=gemma-2-9b-it,False,False,1,5.132976225454579,0.6416220281818223,0.7053571428571429,False
0,bt,p2etg,46592,bbh=NVIDIA-Nemotron-Nano-9B-v2|finqa=Fin-R1|korbench=Llama-3.1-8B-Instruct|livecodebench=Qwen3-8B|math500=DeepSeek-R1-0528-Qwen3-8B|medqa=Llama-3.1-8B-UltraMedical|meld=Qwen2.5-Coder-7B-Instruct|mmlupro=gemma-2-9b-it,False,False,1,5.132976225454579,0.6416220281818223,0.7276785714285714,False
0,bt,p2etg,47040,bbh=DeepSeek-R1-0528-Qwen3-8B|finqa=Fin-R1|korbench=Llama-3.1-8B-Instruct|livecodebench=Qwen3-8B|math500=NVIDIA-Nemotron-Nano-9B-v2|medqa=Llama-3.1-8B-UltraMedical|meld=Qwen2.5-Coder-7B-Instruct|mmlupro=gemma-2-9b-it,False,False,2,5.163902151380506,0.6454877689225632,0.71875,False
0,bt,p2etg,47488,bbh=DeepSeek-R1-0528-Qwen3-8B|finqa=Fin-R1|korbench=Llama-3.1-8B-Instruct|livecodebench=Qwen3-8B|math500=NVIDIA-Nemotron-Nano-9B-v2|medqa=Llama-3.1-8B-UltraMedical|meld=Qwen2.5-Coder-7B-Instruct|mmlupro=gemma-2-9b-it,False,False,2,5.163902151380506,0.6454877689225632,0.7366071428571429,False
0,bt,p2etg,47936,bbh=DeepSeek-R1-0528-Qwen3-8B|finqa=Fin-R1|korbench=Llama-3.1-8B-Instruct|livecodebench=Qwen3-8B|math500=NVIDIA-Nemotron-Nano-9B-v2|medqa=Llama-3.1-8B-UltraMedical|meld=Qwen2.5-Coder-7B-Instruct|mmlupro=gemma-2-9b-it,False,False,2,5.163902151380506,0.6454877689225632,0.7254464285714286,False
0,bt,p2etg,48384,bbh=DeepSeek-R1-0528-Qwen3-8B|finqa=Fin-R1|korbench=Llama-3.1-8B-Instruct|livecodebench=Qwen3-8B|math500=NVIDIA-Nemotron-Nano-9B-v2|medqa=Llama-3.1-8B-UltraMedical|meld=Qwen2.5-Coder-7B-Instruct|mmlupro=gemma-2-9b-it,False,False,2,5.163902151380506,0.6454877689225632,0.734375,False
0,bt,p2etg,48832,bbh=DeepSeek-R1-0528-Qwen3-8B|finqa=Fin-R1|korbench=Llama-3.1-8B-Instruct|livecodebench=Qwen3-8B|math500=NVIDIA-Nemotron-Nano-9B-v2|medqa=Llama-3.1-8B-UltraMedical|meld=Qwen2.5-Coder-7B-Instruct|mmlupro=gemma-2-9b-it,False,False,2,5.163902151380506,0.6454877689225632,0.7254464285714286,False
0,bt,p2etg,49280,bbh=DeepSeek-R1-0528-Qwen3-8B|finqa=Fin-R1|korbench=Llama-3.1-8B-Instruct|livecodebench=Qwen3-8B|math500=NVIDIA-Nemotron-Nano-9B-v2|medqa=Llama-3.1-8B-UltraMedical|meld=Qwen2.5-Coder-7B-Instruct|mmlupro=gemma-2-9b-it,False,False,2,5.163902151380506,0.6454877689225632,0.7410714285714286,False
0,bt,p2etg,49728,bbh=DeepSeek-R1-0528-Qwen3-8B|finqa=Fin-R1|korbench=Llama-3.1-8B-Instruct|livecodebench=Qwen3-8B|math500=NVIDIA-Nemotron-Nano-9B-v2|medqa=Llama-3.1-8B-UltraMedical|meld=Qwen2.5-Coder-7B-Instruct|mmlupro=gemma-2-9b-it,False,False,2,5.163902151380506,0.6454877689225632,0.7321428571428571,False
0,bt,p2etg,50176,bbh=DeepSeek-R1-0528-Qwen3-8B|finqa=Fin-R1|korbench=Llama-3.1-8B-Instruct|livecodebench=Qwen3-8B|math500=NVIDIA-Nemotron-Nano-9B-v2|medqa=Llama-3.1-8B-UltraMedical|meld=Qwen2.5-Coder-7B-Instruct|mmlupro=gemma-2-9b-it,False,False,2,5.163902151380506,0.6454877689225632,0.7232142857142857,False
0,bt,p2etg,50624,bbh=DeepSeek-R1-0528-Qwen3-8B|finqa=Fin-R1|korbench=Llama-3.1-8B-Instruct|livecodebench=Qwen3-8B|math500=NVIDIA-Nemotron-Nano-9B-v2|medqa=Llama-3.1-8B-UltraMedical|meld=Qwen2.5-Coder-7B-Instruct|mmlupro=gemma-2-9b-it,False,False,2,5.163902151380506,0.6454877689225632,0.734375,False
0,bt,p2etg,51072,bbh=DeepSeek-R1-0528-Qwen3-8B|finqa=Fin-R1|korbench=Llama-3.1-8B-Instruct|livecodebench=Qwen3-8B|math500=NVIDIA-Nemotron-Nano-9B-v2|medqa=Llama-3.1-8B-UltraMedical|meld=Qwen2.5-Coder-7B-Instruct|mmlupro=gemma-2-9b-it,False,False,2,5.163902151380506,0.6454877689225632,0.7276785714285714,False
0,bt,p2etg,51520,bbh=DeepSeek-R1-0528-Qwen3-8B|finqa=Fin-R1|korbench=Llama-3.1-8B-Instruct|livecodebench=Qwen3-8B|math500=NVIDIA-Nemotron-Nano-9B-v2|medqa=Llama-3.1-8B-UltraMedical|meld=Qwen2.5-Coder-7B-Instruct|mmlupro=gemma-2-9b-it,False,False,2,5.163902151380506,0.6454877689225632,0.7410714285714286,False
0,bt,p2etg,51968,bbh=DeepSeek-R1-0528-Qwen3-8B|finqa=Fin-R1|korbench=Llama-3.1-8B-Instruct|livecodebench=Qwen3-8B|math500=NVIDIA-Nemotron-Nano-9B-v2|medqa=Llama-3.1-8B-UltraMedical|meld=Qwen2.5-Coder-7B-Instruct|mmlupro=gemma-2-9b-it,False,False,2,5.163902151380506,0.6454877689225632,0.7299107142857143,False
0,bt,p2etg,52416,bbh=DeepSeek-R1-0528-Qwen3-8B|finqa=Fin-R1|korbench=Llama-3.1-8B-Instruct|livecodebench=Qwen3-8B|math500=NVIDIA-Nemotron-Nano-9B-v2|medqa=Llama-3.1-8B-UltraMedical|meld=Qwen2.5-Coder-7B-Instruct|mmlupro=gemma-2-9b-it,False,False,2,5.163902151380506,0.6454877689225632,0.7477678571428571,False
0,bt,p2etg,52864,bbh=DeepSeek-R1-0528-Qwen3-8B|finqa=Fin-R1|korbench=Llama-3.1-8B-Instruct|livecodebench=Qwen3-8B|math500=NVIDIA-Nemotron-Nano-9B-v2|medqa=Llama-3.1-8B-UltraMedical|meld=Qwen2.5-Coder-7B-Instruct|mmlupro=gemma-2-9b-it,False,False,2,5.163902151380506,0.6454877689225632,0.7388392857142857,False
0,bt,p2etg,53312,bbh=DeepSeek-R1-0528-Qwen3-8B|finqa=Fin-R1|korbench=Llama-3.1-8B-Instruct|livecodebench=Qwen3-8B|math500=NVIDIA-Nemotron-Nano-9B-v2|medqa=Llama-3.1-8B-UltraMedical|meld=Qwen2.5-Coder-7B-Instruct|mmlupro=gemma-2-9b-it,False,False,2,5.163902151380506,0.6454877689225632,0.7544642857142857,False
0,bt,p2etg,53760,bbh=DeepSeek-R1-0528-Qwen3-8B|finqa=Fin-R1|korbench=Llama-3.1-8B-Instruct|livecodebench=Qwen3-8B|math500=NVIDIA-Nemotron-Nano-9B-v2|medqa=Llama-3.1-8B-UltraMedical|meld=Qwen2.5-Coder-7B-Instruct|mmlupro=gemma-2-9b-it,False,False,2,5.163902151380506,0.6454877689225632,0.7410714285714286,False
0,bt,p2etg,54208,bbh=DeepSeek-R1-0528-Qwen3-8B|finqa=Fin-R1|korbench=Llama-3.1-8B-Instruct|livecodebench=Qwen3-8B|math500=NVIDIA-Nemotron-Nano-9B-v2|medqa=Llama-3.1-8B-UltraMedical|meld=Qwen2.5-Coder-7B-Instruct|mmlupro=gemma-2-9b-it,False,False,2,5.163902151380506,0.6454877689225632,0.7566964285714286,False
0,bt,p2etg,54656,bbh=DeepSeek-R1-0528-Qwen3-8B|finqa=Fin-R1|korbench=Llama-3.1-8B-Instruct|livecodebench=Qwen3-8B|math500=NVIDIA-Nemotron-Nano-9B-v2|medqa=Llama-3.1-8B-UltraMedical|meld=Qwen2.5-Coder-7B-Instruct|mmlupro=gemma-2-9b-it,False,False,2,5.163902151380506,0.6454877689225632,0.7477678571428571,False
0,bt,p2etg,55104,bbh=DeepSeek-R1-0528-Qwen3-8B|finqa=Fin-R1|korbench=Llama-3.1-8B-Instruct|livecodebench=Qwen3-8B|math500=NVIDIA-Nemotron-Nano-9B-v2|medqa=Llama-3.1-8B-UltraMedical|meld=Qwen2.5-Coder-7B-Instruct|mmlupro=gemma-2-9b-it,False,False,2,5.163902151380506,0.6454877689225632,0.7388392857142857,False
0,bt,p2etg,55552,bbh=DeepSeek-R1-0528-Qwen3-8B|finqa=Fin-R1|korbench=Qwen2.5-Coder-7B-Instruct|livecodebench=Qwen3-8B|math500=NVIDIA-Nemotron-Nano-9B-v2|medqa=Llama-3.1-8B-UltraMedical|meld=gemma-2-9b-it|mmlupro=Llama-3.1-8B-Instruct,False,False,1,5.25238798134002,0.6565484976675025,0.7544642857142857,False
0,bt,p2etg,56000,bbh=DeepSeek-R1-0528-Qwen3-8B|finqa=Fin-R1|korbench=Qwen2.5-Coder-7B-Instruct|livecodebench=Qwen3-8B|math500=NVIDIA-Nemotron-Nano-9B-v2|medqa=Llama-3.1-8B-UltraMedical|meld=gemma-2-9b-it|mmlupro=Llama-3.1-8B-Instruct,False,False,1,5.25238798134002,0.6565484976675025,0.7455357142857143,False
0,bt,p2etg,56448,bbh=DeepSeek-R1-0528-Qwen3-8B|finqa=Fin-R1|korbench=Llama-3.1-8B-Instruct|livecodebench=Qwen3-8B|math500=NVIDIA-Nemotron-Nano-9B-v2|medqa=Llama-3.1-8B-UltraMedical|meld=Qwen2.5-Coder-7B-Instruct|mmlupro=gemma-2-9b-it,False,False,2,5.163902151380506,0.6454877689225632,0.7522321428571429,False
0,bt,p2etg,56896,bbh=DeepSeek-R1-0528-Qwen3-8B|finqa=Fin-R1|korbench=Qwen2.5-Coder-7B-Instruct|livecodebench=Qwen3-8B|math500=NVIDIA-Nemotron-Nano-9B-v2|medqa=Llama-3.1-8B-UltraMedical|meld=gemma-2-9b-it|mmlupro=Llama-3.1-8B-Instruct,False,False,1,5.25238798134002,0.6565484976675025,0.7455357142857143,False
0,bt,p2etg,57344,bbh=DeepSeek-R1-0528-Qwen3-8B|finqa=Fin-R1|korbench=Llama-3.1-8B-Instruct|livecodebench=Qwen3-8B|math500=NVIDIA-Nemotron-Nano-9B-v2|medqa=Llama-3.1-8B-UltraMedical|meld=Qwen2.5-Coder-7B-Instruct|mmlupro=gemma-2-9b-it,False,False,2,5.163902151380506,0.6454877689225632,0.7589285714285714,False
0,bt,p2etg,57792,bbh=DeepSeek-R1-0528-Qwen3-8B|finqa=Fin-R1|korbench=Qwen2.5-Coder-7B-Instruct|livecodebench=Qwen3-8B|math500=NVIDIA-Nemotron-Nano-9B-v2|medqa=Llama-3.1-8B-UltraMedical|meld=gemma-2-9b-it|mmlupro=Llama-3.1-8B-Instruct,False,False,1,5.25238798134002,0.6565484976675025,0.7433035714285714,False
0,bt,p2etg,58240,bbh=DeepSeek-R1-0528-Qwen3-8B|finqa=Fin-R1|korbench=Qwen2.5-Coder-7B-Instruct|livecodebench=Qwen3-8B|math500=NVIDIA-Nemotron-Nano-9B-v2|medqa=Llama-3.1-8B-UltraMedical|meld=gemma-2-9b-it|mmlupro=Llama-3.1-8B-Instruct,False,False,1,5.25238798134002,0.6565484976675025,0.765625,False
0,bt,p2etg,58688,bbh=DeepSeek-R1-0528-Qwen3-8B|finqa=Fin-R1|korbench=Qwen2.5-Coder-7B-Instruct|livecodebench=Qwen3-8B|math500=NVIDIA-Nemotron-Nano-9B-v2|medqa=Llama-3.1-8B-UltraMedical|meld=gemma-2-9b-it|mmlupro=Llama-3.1-8B-Instruct,False,False,1,5.25238798134002,0.6565484976675025,0.7544642857142857,False
0,bt,p2etg,59136,bbh=DeepSeek-R1-0528-Qwen3-8B|finqa=Fin-R1|korbench=Qwen2.5-Coder-7B-Instruct|livecodebench=Qwen3-8B|math500=NVIDIA-Nemotron-Nano-9B-v2|medqa=Llama-3.1-8B-UltraMedical|meld=gemma-2-9b-it|mmlupro=Llama-3.1-8B-Instruct,False,False,1,5.25238798134002,0.6565484976675025,0.7433035714285714,False
0,bt,p2etg,59584,bbh=DeepSeek-R1-0528-Qwen3-8B|finqa=Fin-R1|korbench=Qwen2.5-Coder-7B-Instruct|livecodebench=Qwen3-8B|math500=NVIDIA-Nemotron-Nano-9B-v2|medqa=Llama-3.1-8B-UltraMedical|meld=gemma-2-9b-it|mmlupro=Llama-3.1-8B-Instruct,False,False,1,5.25238798134002,0.6565484976675025,0.75,False
0,bt,p2etg,60032,bbh=DeepSeek-R1-0528-Qwen3-8B|finqa=Fin-R1|korbench=Qwen2.5-Coder-7B-Instruct|livecodebench=Qwen3-8B|math500=NVIDIA-Nemotron-Nano-9B-v2|medqa=Llama-3.1-8B-UltraMedical|meld=gemma-2-9b-it|mmlupro=Llama-3.1-8B-Instruct,False,False,1,5.25238798134002,0.6565484976675025,0.7455357142857143,False
0,bt,p2etg,60480,bbh=DeepSeek-R1-0528-Qwen3-8B|finqa=Fin-R1|korbench=Qwen2.5-Coder-7B-Instruct|livecodebench=Qwen3-8B|math500=NVIDIA-Nemotron-Nano-9B-v2|medqa=Llama-3.1-8B-UltraMedical|meld=gemma-2-9b-it|mmlupro=Llama-3.1-8B-Instruct,False,False,1,5.25238798134002,0.6565484976675025,0.7611607142857143,False
0,bt,p2etg,60928,bbh=DeepSeek-R1-0528-Qwen3-8B|finqa=Fin-R1|korbench=Qwen2.5-Coder-7B-Instruct|livecodebench=NVIDIA-Nemotron-Nano-9B-v2|math500=Qwen3-8B|medqa=Llama-3.1-8B-UltraMedical|meld=gemma-2-9b-it|mmlupro=Llama-3.1-8B-Instruct,False,False,2,5.219733952904001,0.6524667441130001,0.7410714285714286,False
0,bt,p2etg,61376,bbh=DeepSeek-R1-0528-Qwen3-8B|finqa=Fin-R1|korbench=Qwen2.5-Coder-7B-Instruct|livecodebench=NVIDIA-Nemotron-Nano-9B-v2|math500=Qwen3-8B|medqa=Llama-3.1-8B-UltraMedical|meld=gemma-2-9b-it|mmlupro=Llama-3.1-8B-Instruct,False,False,2,5.219733952904001,0.6524667441130001,0.7589285714285714,False
0,bt,p2etg,61824,bbh=DeepSeek-R1-0528-Qwen3-8B|finqa=Fin-R1|korbench=Qwen2.5-Coder-7B-Instruct|livecodebench=NVIDIA-Nemotron-Nano-9B-v2|math500=Qwen3-8B|medqa=Llama-3.1-8B-UltraMedical|meld=gemma-2-9b-it|mmlupro=Llama-3.1-8B-Instruct,False,False,2,5.219733952904001,0.6524667441130001,0.7455357142857143,False
0,bt,p2etg,62272,bbh=DeepSeek-R1-0528-Qwen3-8B|finqa=Fin-R1|korbench=Llama-3.1-8B-Instruct|livecodebench=NVIDIA-Nemotron-Nano-9B-v2|math500=Qwen3-8B|medqa=Llama-3.1-8B-UltraMedical|meld=Qwen2.5-Coder-7B-Instruct|mmlupro=gemma-2-9b-it,False,False,3,5.131248122944486,0.6414060153680607,0.7633928571428571,False
0,bt,p2etg,62720,bbh=DeepSeek-R1-0528-Qwen3-8B|finqa=Fin-R1|korbench=Qwen2.5-Coder-7B-Instruct|livecodebench=NVIDIA-Nemotron-Nano-9B-v2|math500=Qwen3-8B|medqa=Llama-3.1-8B-UltraMedical|meld=gemma-2-9b-it|mmlupro=Llama-3.1-8B-Instruct,False,False,2,5.219733952904001,0.6524667441130001,0.7477678571428571,False
0,bt,p2etg,63168,bbh=DeepSeek-R1-0528-Qwen3-8B|finqa=Fin-R1|korbench=Qwen2.5-Coder-7B-Instruct|livecodebench=NVIDIA-Nemotron-Nano-9B-v2|math500=Qwen3-8B|medqa=Llama-3.1-8B-UltraMedical|meld=gemma-2-9b-it|mmlupro=Llama-3.1-8B-Instruct,False,False,2,5.219733952904001,0.6524667441130001,0.7633928571428571,False
0,bt,p2etg,63616,bbh=DeepSeek-R1-0528-Qwen3-8B|finqa=Fin-R1|korbench=Qwen2.5-Coder-7B-Instruct|livecodebench=NVIDIA-Nemotron-Nano-9B-v2|math500=Qwen3-8B|medqa=Llama-3.1-8B-UltraMedical|meld=gemma-2-9b-it|mmlupro=Llama-3.1-8B-Instruct,False,False,2,5.219733952904001,0.6524667441130001,0.75,False
0,bt,p2etg,64064,bbh=DeepSeek-R1-0528-Qwen3-8B|finqa=Fin-R1|korbench=Qwen2.5-Coder-7B-Instruct|livecodebench=NVIDIA-Nemotron-Nano-9B-v2|math500=Qwen3-8B|medqa=Llama-3.1-8B-UltraMedical|meld=gemma-2-9b-it|mmlupro=Llama-3.1-8B-Instruct,False,False,2,5.219733952904001,0.6524667441130001,0.7410714285714286,False
0,bt,p2etg,64512,bbh=DeepSeek-R1-0528-Qwen3-8B|finqa=Fin-R1|korbench=Qwen2.5-Coder-7B-Instruct|livecodebench=NVIDIA-Nemotron-Nano-9B-v2|math500=Qwen3-8B|medqa=Llama-3.1-8B-UltraMedical|meld=gemma-2-9b-it|mmlupro=Llama-3.1-8B-Instruct,False,False,2,5.219733952904001,0.6524667441130001,0.7633928571428571,False
0,bt,p2etg,64960,bbh=DeepSeek-R1-0528-Qwen3-8B|finqa=Fin-R1|korbench=Qwen2.5-Coder-7B-Instruct|livecodebench=NVIDIA-Nemotron-Nano-9B-v2|math500=Qwen3-8B|medqa=Llama-3.1-8B-UltraMedical|meld=gemma-2-9b-it|mmlupro=Llama-3.1-8B-Instruct,False,False,2,5.219733952904001,0.6524667441130001,0.7544642857142857,False
0,bt,p2etg,65408,bbh=DeepSeek-R1-0528-Qwen3-8B|finqa=Fin-R1|korbench=Qwen2.5-Coder-7B-Instruct|livecodebench=NVIDIA-Nemotron-Nano-9B-v2|math500=Qwen3-8B|medqa=Llama-3.1-8B-UltraMedical|meld=gemma-2-9b-it|mmlupro=Llama-3.1-8B-Instruct,False,False,2,5.219733952904001,0.6524667441130001,0.765625,False
0,bt,p2etg,65856,bbh=DeepSeek-R1-0528-Qwen3-8B|finqa=Fin-R1|korbench=Qwen2.5-Coder-7B-Instruct|livecodebench=NVIDIA-Nemotron-Nano-9B-v2|math500=Qwen3-8B|medqa=Llama-3.1-8B-UltraMedical|meld=gemma-2-9b-it|mmlupro=Llama-3.1-8B-Instruct,False,False,2,5.219733952904001,0.6524667441130001,0.7522321428571429,False
0,bt,p2etg,66304,bbh=DeepSeek-R1-0528-Qwen3-8B|finqa=Fin-R1|korbench=Qwen2.5-Coder-7B-Instruct|livecodebench=NVIDIA-Nemotron-Nano-9B-v2|math500=Qwen3-8B|medqa=Llama-3.1-8B-UltraMedical|meld=gemma-2-9b-it|mmlupro=Llama-3.1-8B-Instruct,False,False,2,5.219733952904001,0.6524667441130001,0.7633928571428571,False
0,bt,p2etg,66752,bbh=DeepSeek-R1-0528-Qwen3-8B|finqa=Fin-R1|korbench=Qwen2.5-Coder-7B-Instruct|livecodebench=NVIDIA-Nemotron-Nano-9B-v2|math500=Qwen3-8B|medqa=Llama-3.1-8B-UltraMedical|meld=gemma-2-9b-it|mmlupro=Llama-3.1-8B-Instruct,False,False,2,5.219733952904001,0.6524667441130001,0.75,False
0,bt,p2etg,67200,bbh=DeepSeek-R1-0528-Qwen3-8B|finqa=Fin-R1|korbench=Qwen2.5-Coder-7B-Instruct|livecodebench=NVIDIA-Nemotron-Nano-9B-v2|math500=Qwen3-8B|medqa=Llama-3.1-8B-UltraMedical|meld=gemma-2-9b-it|mmlupro=Llama-3.1-8B-Instruct,False,False,2,5.219733952904001,0.6524667441130001,0.7633928571428571,False
0,bt,p2etg,67648,bbh=DeepSeek-R1-0528-Qwen3-8B|finqa=Fin-R1|korbench=Llama-3.1-8B-Instruct|livecodebench=NVIDIA-Nemotron-Nano-9B-v2|math500=Qwen3-8B|medqa=Llama-3.1-8B-UltraMedical|meld=Qwen2.5-Coder-7B-Instruct|mmlupro=gemma-2-9b-it,False,False,3,5.131248122944486,0.6414060153680607,0.7544642857142857,False
0,bt,p2etg,68096,bbh=DeepSeek-R1-0528-Qwen3-8B|finqa=Fin-R1|korbench=Llama-3.1-8B-Instruct|livecodebench=NVIDIA-Nemotron-Nano-9B-v2|math500=Qwen3-8B|medqa=Llama-3.1-8B-UltraMedical|meld=Qwen2.5-Coder-7B-Instruct|mmlupro=gemma-2-9b-it,False,False,3,5.131248122944486,0.6414060153680607,0.75,False
0,bt,p2etg,68544,bbh=DeepSeek-R1-0528-Qwen3-8B|finqa=Fin-R1|korbench=Llama-3.1-8B-Instruct|livecodebench=NVIDIA-Nemotron-Nano-9B-v2|math500=Qwen3-8B|medqa=Llama-3.1-8B-UltraMedical|meld=Qwen2.5-Coder-7B-Instruct|mmlupro=gemma-2-9b-it,False,False,3,5.131248122944486,0.6414060153680607,0.7611607142857143,False
0,bt,p2etg,68992,bbh=DeepSeek-R1-0528-Qwen3-8B|finqa=Fin-R1|korbench=Qwen2.5-Coder-7B-Instruct|livecodebench=NVIDIA-Nemotron-Nano-9B-v2|math500=Qwen3-8B|medqa=Llama-3.1-8B-UltraMedical|meld=gemma-2-9b-it|mmlupro=Llama-3.1-8B-Instruct,False,False,2,5.219733952904001,0.6524667441130001,0.7477678571428571,False
0,bt,p2etg,69440,bbh=DeepSeek-R1-0528-Qwen3-8B|finqa=Fin-R1|korbench=Qwen2.5-Coder-7B-Instruct|livecodebench=Qwen3-8B|math500=NVIDIA-Nemotron-Nano-9B-v2|medqa=Llama-3.1-8B-Instruct|meld=gemma-2-9b-it|mmlupro=Llama-3.1-8B-UltraMedical,False,False,2,5.133017902599862,0.6416272378249828,0.765625,False
0,bt,p2etg,69888,bbh=DeepSeek-R1-0528-Qwen3-8B|finqa=Fin-R1|korbench=Llama-3.1-8B-UltraMedical|livecodebench=Qwen3-8B|math500=NVIDIA-Nemotron-Nano-9B-v2|medqa=Llama-3.1-8B-Instruct|meld=Qwen2.5-Coder-7B-Instruct|mmlupro=gemma-2-9b-it,False,False,3,5.016532072640347,0.6270665090800434,0.7589285714285714,False
0,bt,p2etg,70336,bbh=DeepSeek-R1-0528-Qwen3-8B|finqa=Fin-R1|korbench=Qwen2.5-Coder-7B-Instruct|livecodebench=Qwen3-8B|math500=NVIDIA-Nemotron-Nano-9B-v2|medqa=Llama-3.1-8B-Instruct|meld=gemma-2-9b-it|mmlupro=Llama-3.1-8B-UltraMedical,False,False,2,5.133017902599862,0.6416272378249828,0.7700892857142857,False
0,bt,p2etg,70784,bbh=DeepSeek-R1-0528-Qwen3-8B|finqa=Fin-R1|korbench=Qwen2.5-Coder-7B-Instruct|livecodebench=Qwen3-8B|math500=NVIDIA-Nemotron-Nano-9B-v2|medqa=Llama-3.1-8B-Instruct|meld=gemma-2-9b-it|mmlupro=Llama-3.1-8B-UltraMedical,False,False,2,5.133017902599862,0.6416272378249828,0.765625,False
0,bt,p2etg,71232,bbh=DeepSeek-R1-0528-Qwen3-8B|finqa=Fin-R1|korbench=Qwen2.5-Coder-7B-Instruct|livecodebench=Qwen3-8B|math500=NVIDIA-Nemotron-Nano-9B-v2|medqa=Llama-3.1-8B-Instruct|meld=gemma-2-9b-it|mmlupro=Llama-3.1-8B-UltraMedical,False,False,2,5.133017902599862,0.6416272378249828,0.7745535714285714,False
0,bt,p2etg,71680,bbh=DeepSeek-R1-0528-Qwen3-8B|finqa=Fin-R1|korbench=Qwen2.5-Coder-7B-Instruct|livecodebench=Qwen3-8B|math500=NVIDIA-Nemotron-Nano-9B-v2|medqa=Llama-3.1-8B-Instruct|meld=gemma-2-9b-it|mmlupro=Llama-3.1-8B-UltraMedical,False,False,2,5.133017902599862,0.6416272378249828,0.765625,False
0,bt,p2etg,72128,bbh=DeepSeek-R1-0528-Qwen3-8B|finqa=Fin-R1|korbench=Qwen2.5-Coder-7B-Instruct|livecodebench=Qwen3-8B|math500=NVIDIA-Nemotron-Nano-9B-v2|medqa=Llama-3.1-8B-Instruct|meld=gemma-2-9b-it|mmlupro=Llama-3.1-8B-UltraMedical,False,False,2,5.133017902599862,0.6416272378249828,0.7857142857142857,False
0,bt,p2etg,72576,bbh=DeepSeek-R1-0528-Qwen3-8B|finqa=Fin-R1|korbench=Qwen2.5-Coder-7B-Instruct|livecodebench=Qwen3-8B|math500=NVIDIA-Nemotron-Nano-9B-v2|medqa=Llama-3.1-8B-Instruct|meld=gemma-2-9b-it|mmlupro=Llama-3.1-8B-UltraMedical,False,False,2,5.133017902599862,0.6416272378249828,0.7723214285714286,False
0,bt,p2etg,73024,bbh=DeepSeek-R1-0528-Qwen3-8B|finqa=Fin-R1|korbench=Qwen2.5-Coder-7B-Instruct|livecodebench=Qwen3-8B|math500=NVIDIA-Nemotron-Nano-9B-v2|medqa=Llama-3.1-8B-UltraMedical|meld=gemma-2-9b-it|mmlupro=Llama-3.1-8B-Instruct,False,False,1,5.25238798134002,0.6565484976675025,0.7633928571428571,False
0,bt,p2etg,73472,bbh=DeepSeek-R1-0528-Qwen3-8B|finqa=Fin-R1|korbench=Qwen2.5-Coder-7B-Instruct|livecodebench=Qwen3-8B|math500=NVIDIA-Nemotron-Nano-9B-v2|medqa=Llama-3.1-8B-UltraMedical|meld=gemma-2-9b-it|mmlupro=Llama-3.1-8B-Instruct,False,False,1,5.25238798134002,0.6565484976675025,0.765625,False
0,bt,p2etg,73920,bbh=DeepSeek-R1-0528-Qwen3-8B|finqa=Fin-R1|korbench=Qwen2.5-Coder-7B-Instruct|livecodebench=Qwen3-8B|math500=NVIDIA-Nemotron-Nano-9B-v2|medqa=Llama-3.1-8B-UltraMedical|meld=gemma-2-9b-it|mmlupro=Llama-3.1-8B-Instruct,False,False,1,5.25238798134002,0.6565484976675025,0.7589285714285714,False
0,bt,p2etg,74368,bbh=DeepSeek-R1-0528-Qwen3-8B|finqa=Fin-R1|korbench=Qwen2.5-Coder-7B-Instruct|livecodebench=Qwen3-8B|math500=NVIDIA-Nemotron-Nano-9B-v2|medqa=Llama-3.1-8B-UltraMedical|meld=gemma-2-9b-it|mmlupro=Llama-3.1-8B-Instruct,False,False,1,5.25238798134002,0.6565484976675025,0.7723214285714286,False
0,bt,p2etg,74816,bbh=DeepSeek-R1-0528-Qwen3-8B|finqa=Fin-R1|korbench=Qwen2.5-Coder-7B-Instruct|livecodebench=Qwen3-8B|math500=NVIDIA-Nemotron-Nano-9B-v2|medqa=Llama-3.1-8B-Instruct|meld=gemma-2-9b-it|mmlupro=Llama-3.1-8B-UltraMedical,False,False,2,5.133017902599862,0.6416272378249828,0.765625,False
0,bt,p2etg,75264,bbh=DeepSeek-R1-0528-Qwen3-8B|finqa=Fin-R1|korbench=Qwen2.5-Coder-7B-Instruct|livecodebench=Qwen3-8B|math500=NVIDIA-Nemotron-Nano-9B-v2|medqa=Llama-3.1-8B-Instruct|meld=gemma-2-9b-it|mmlupro=Llama-3.1-8B-UltraMedical,False,False,2,5.133017902599862,0.6416272378249828,0.7745535714285714,False
0,bt,p2etg,75712,bbh=DeepSeek-R1-0528-Qwen3-8B|finqa=Fin-R1|korbench=Qwen2.5-Coder-7B-Instruct|livecodebench=Qwen3-8B|math500=NVIDIA-Nemotron-Nano-9B-v2|medqa=Llama-3.1-8B-Instruct|meld=gemma-2-9b-it|mmlupro=Llama-3.1-8B-UltraMedical,False,False,2,5.133017902599862,0.6416272378249828,0.7678571428571429,False
0,bt,p2etg,76160,bbh=DeepSeek-R1-0528-Qwen3-8B|finqa=Fin-R1|korbench=Qwen2.5-Coder-7B-Instruct|livecodebench=Qwen3-8B|math500=NVIDIA-Nemotron-Nano-9B-v2|medqa=Llama-3.1-8B-Instruct|meld=gemma-2-9b-it|mmlupro=Llama-3.1-8B-UltraMedical,False,False,2,5.133017902599862,0.6416272378249828,0.7767857142857143,False
0,bt,p2etg,76608,bbh=DeepSeek-R1-0528-Qwen3-8B|finqa=Fin-R1|korbench=Qwen2.5-Coder-7B-Instruct|livecodebench=Qwen3-8B|math500=NVIDIA-Nemotron-Nano-9B-v2|medqa=Llama-3.1-8B-Instruct|meld=gemma-2-9b-it|mmlupro=Llama-3.1-8B-UltraMedical,False,False,2,5.133017902599862,0.6416272378249828,0.7678571428571429,False
0,bt,p2etg,77056,bbh=DeepSeek-R1-0528-Qwen3-8B|finqa=Fin-R1|korbench=Qwen2.5-Coder-7B-Instruct|livecodebench=Qwen3-8B|math500=NVIDIA-Nemotron-Nano-9B-v2|medqa=Llama-3.1-8B-Instruct|meld=gemma-2-9b-it|mmlupro=Llama-3.1-8B-UltraMedical,False,False,2,5.133017902599862,0.6416272378249828,0.7790178571428571,False
0,bt,p2etg,77504,bbh=DeepSeek-R1-0528-Qwen3-8B|finqa=Fin-R1|korbench=Llama-3.1-8B-UltraMedical|livecodebench=Qwen3-8B|math500=NVIDIA-Nemotron-Nano-9B-v2|medqa=Llama-3.1-8B-Instruct|meld=Qwen2.5-Coder-7B-Instruct|mmlupro=gemma-2-9b-it,False,False,3,5.016532072640347,0.6270665090800434,0.7678571428571429,False
0,bt,p2etg,77952,bbh=DeepSeek-R1-0528-Qwen3-8B|finqa=Fin-R1|korbench=Llama-3.1-8B-UltraMedical|livecodebench=Qwen3-8B|math500=NVIDIA-Nemotron-Nano-9B-v2|medqa=Llama-3.1-8B-Instruct|meld=Qwen2.5-Coder-7B-Instruct|mmlupro=gemma-2-9b-it,False,False,3,5.016532072640347,0.6270665090800434,0.7790178571428571,False
0,bt,p2etg,78400,bbh=DeepSeek-R1-0528-Qwen3-8B|finqa=Fin-R1|korbench=Llama-3.1-8B-UltraMedical|livecodebench=Qwen3-8B|math500=NVIDIA-Nemotron-Nano-9B-v2|medqa=Llama-3.1-8B-Instruct|meld=Qwen2.5-Coder-7B-Instruct|mmlupro=gemma-2-9b-it,False,False,3,5.016532072640347,0.6270665090800434,0.7745535714285714,False
0,bt,p2etg,78848,bbh=DeepSeek-R1-0528-Qwen3-8B|finqa=Fin-R1|korbench=Llama-3.1-8B-UltraMedical|livecodebench=Qwen3-8B|math500=NVIDIA-Nemotron-Nano-9B-v2|medqa=Llama-3.1-8B-Instruct|meld=Qwen2.5-Coder-7B-Instruct|mmlupro=gemma-2-9b-it,False,False,3,5.016532072640347,0.6270665090800434,0.7611607142857143,False
0,bt,p2etg,79296,bbh=DeepSeek-R1-0528-Qwen3-8B|finqa=Fin-R1|korbench=Llama-3.1-8B-UltraMedical|livecodebench=Qwen3-8B|math500=NVIDIA-Nemotron-Nano-9B-v2|medqa=Llama-3.1-8B-Instruct|meld=Qwen2.5-Coder-7B-Instruct|mmlupro=gemma-2-9b-it,False,False,3,5.016532072640347,0.6270665090800434,0.7700892857142857,False
0,bt,p2etg,79744,bbh=DeepSeek-R1-0528-Qwen3-8B|finqa=Fin-R1|korbench=Llama-3.1-8B-UltraMedical|livecodebench=Qwen3-8B|math500=NVIDIA-Nemotron-Nano-9B-v2|medqa=Llama-3.1-8B-Instruct|meld=Qwen2.5-Coder-7B-Instruct|mmlupro=gemma-2-9b-it,False,False,3,5.016532072640347,0.6270665090800434,0.7633928571428571,False
0,bt,p2etg,80192,bbh=DeepSeek-R1-0528-Qwen3-8B|finqa=Fin-R1|korbench=Llama-3.1-8B-UltraMedical|livecodebench=Qwen3-8B|math500=NVIDIA-Nemotron-Nano-9B-v2|medqa=Llama-3.1-8B-Instruct|meld=Qwen2.5-Coder-7B-Instruct|mmlupro=gemma-2-9b-it,False,False,3,5.016532072640347,0.6270665090800434,0.7700892857142857,False
0,bt,p2etg,80640,bbh=DeepSeek-R1-0528-Qwen3-8B|finqa=Fin-R1|korbench=Llama-3.1-8B-UltraMedical|livecodebench=Qwen3-8B|math500=NVIDIA-Nemotron-Nano-9B-v2|medqa=Llama-3.1-8B-Instruct|meld=Qwen2.5-Coder-7B-Instruct|mmlupro=gemma-2-9b-it,False,False,3,5.016532072640347,0.6270665090800434,0.7611607142857143,False
0,bt,p2etg,81088,bbh=DeepSeek-R1-0528-Qwen3-8B|finqa=Fin-R1|korbench=Llama-3.1-8B-UltraMedical|livecodebench=Qwen3-8B|math500=NVIDIA-Nemotron-Nano-9B-v2|medqa=Llama-3.1-8B-Instruct|meld=Qwen2.5-Coder-7B-Instruct|mmlupro=gemma-2-9b-it,False,False,3,5.016532072640347,0.6270665090800434,0.7745535714285714,False
0,bt,p2etg,81536,bbh=DeepSeek-R1-0528-Qwen3-8B|finqa=Fin-R1|korbench=Llama-3.1-8B-UltraMedical|livecodebench=Qwen3-8B|math500=NVIDIA-Nemotron-Nano-9B-v2|medqa=Llama-3.1-8B-Instruct|meld=Qwen2.5-Coder-7B-Instruct|mmlupro=gemma-2-9b-it,False,False,3,5.016532072640347,0.6270665090800434,0.765625,False
0,bt,p2etg,81984,bbh=DeepSeek-R1-0528-Qwen3-8B|finqa=Fin-R1|korbench=Llama-3.1-8B-UltraMedical|livecodebench=Qwen3-8B|math500=NVIDIA-Nemotron-Nano-9B-v2|medqa=Llama-3.1-8B-Instruct|meld=Qwen2.5-Coder-7B-Instruct|mmlupro=gemma-2-9b-it,False,False,3,5.016532072640347,0.6270665090800434,0.7834821428571429,False
0,bt,p2etg,82432,bbh=DeepSeek-R1-0528-Qwen3-8B|finqa=Fin-R1|korbench=Llama-3.1-8B-UltraMedical|livecodebench=Qwen3-8B|math500=NVIDIA-Nemotron-Nano-9B-v2|medqa=Llama-3.1-8B-Instruct|meld=Qwen2.5-Coder-7B-Instruct|mmlupro=gemma-2-9b-it,False,False,3,5.016532072640347,0.6270665090800434,0.7767857142857143,False
0,bt,p2etg,82880,bbh=DeepSeek-R1-0528-Qwen3-8B|finqa=Fin-R1|korbench=Llama-3.1-8B-UltraMedical|livecodebench=Qwen3-8B|math500=NVIDIA-Nemotron-Nano-9B-v2|medqa=Llama-3.1-8B-Instruct|meld=Qwen2.5-Coder-7B-Instruct|mmlupro=gemma-2-9b-it,False,False,3,5.016532072640347,0.6270665090800434,0.7834821428571429,False
0,bt,p2etg,83328,bbh=DeepSeek-R1-0528-Qwen3-8B|finqa=Fin-R1|korbench=Llama-3.1-8B-UltraMedical|livecodebench=Qwen3-8B|math500=NVIDIA-Nemotron-Nano-9B-v2|medqa=Llama-3.1-8B-Instruct|meld=Qwen2.5-Coder-7B-Instruct|mmlupro=gemma-2-9b-it,False,False,3,5.016532072640347,0.6270665090800434,0.7745535714285714,False
0,bt,p2etg,83776,bbh=DeepSeek-R1-0528-Qwen3-8B|finqa=Fin-R1|korbench=Llama-3.1-8B-UltraMedical|livecodebench=Qwen3-8B|math500=NVIDIA-Nemotron-Nano-9B-v2|medqa=Llama-3.1-8B-Instruct|meld=Qwen2.5-Coder-7B-Instruct|mmlupro=gemma-2-9b-it,False,False,3,5.016532072640347,0.6270665090800434,0.765625,False
0,bt,p2etg,84224,bbh=DeepSeek-R1-0528-Qwen3-8B|finqa=Fin-R1|korbench=Qwen2.5-Coder-7B-Instruct|livecodebench=Qwen3-8B|math500=NVIDIA-Nemotron-Nano-9B-v2|medqa=Llama-3.1-8B-Instruct|meld=gemma-2-9b-it|mmlupro=Llama-3.1-8B-UltraMedical,False,False,2,5.133017902599862,0.6416272378249828,0.7790178571428571,False
0,bt,p2etg,84672,bbh=DeepSeek-R1-0528-Qwen3-8B|finqa=Fin-R1|korbench=Qwen2.5-Coder-7B-Instruct|livecodebench=Qwen3-8B|math500=NVIDIA-Nemotron-Nano-9B-v2|medqa=Llama-3.1-8B-Instruct|meld=gemma-2-9b-it|mmlupro=Llama-3.1-8B-UltraMedical,False,False,2,5.133017902599862,0.6416272378249828,0.7723214285714286,False
0,bt,p2etg,85120,bbh=DeepSeek-R1-0528-Qwen3-8B|finqa=Fin-R1|korbench=Qwen2.5-Coder-7B-Instruct|livecodebench=Qwen3-8B|math500=NVIDIA-Nemotron-Nano-9B-v2|medqa=Llama-3.1-8B-Instruct|meld=gemma-2-9b-it|mmlupro=Llama-3.1-8B-UltraMedical,False,False,2,5.133017902599862,0.6416272378249828,0.7790178571428571,False
0,bt,p2etg,85568,bbh=DeepSeek-R1-0528-Qwen3-8B|finqa=Fin-R1|korbench=Qwen2.5-Coder-7B-Instruct|livecodebench=Qwen3-8B|math500=NVIDIA-Nemotron-Nano-9B-v2|medqa=Llama-3.1-8B-Instruct|meld=gemma-2-9b-it|mmlupro=Llama-3.1-8B-UltraMedical,False,False,2,5.133017902599862,0.6416272378249828,0.7678571428571429,False
0,bt,p2etg,86016,bbh=DeepSeek-R1-0528-Qwen3-8B|finqa=Fin-R1|korbench=Llama-3.1-8B-UltraMedical|livecodebench=Qwen3-8B|math500=NVIDIA-Nemotron-Nano-9B-v2|medqa=Llama-3.1-8B-Instruct|meld=Qwen2.5-Coder-7B-Instruct|mmlupro=gemma-2-9b-it,False,False,3,5.016532072640347,0.6270665090800434,0.7857142857142857,False
0,bt,p2etg,86464,bbh=DeepSeek-R1-0528-Qwen3-8B|finqa=Fin-R1|korbench=Llama-3.1-8B-UltraMedical|livecodebench=Qwen3-8B|math500=NVIDIA-Nemotron-Nano-9B-v2|medqa=Llama-3.1-8B-Instruct|meld=Qwen2.5-Coder-7B-Instruct|mmlupro=gemma-2-9b-it,False,False,3,5.016532072640347,0.6270665090800434,0.7790178571428571,False
0,bt,p2etg,86912,bbh=DeepSeek-R1-0528-Qwen3-8B|finqa=Fin-R1|korbench=Llama-3.1-8B-UltraMedical|livecodebench=Qwen3-8B|math500=NVIDIA-Nemotron-Nano-9B-v2|medqa=Llama-3.1-8B-Instruct|meld=Qwen2.5-Coder-7B-Instruct|mmlupro=gemma-2-9b-it,False,False,3,5.016532072640347,0.6270665090800434,0.7834821428571429,False
0,bt,p2etg,87360,bbh=DeepSeek-R1-0528-Qwen3-8B|finqa=Fin-R1|korbench=Llama-3.1-8B-UltraMedical|livecodebench=Qwen3-8B|math500=NVIDIA-Nemotron-Nano-9B-v2|medqa=Llama-3.1-8B-Instruct|meld=Qwen2.5-Coder-7B-Instruct|mmlupro=gemma-2-9b-it,False,False,3,5.016532072640347,0.6270665090800434,0.78125,False
0,bt,p2etg,87808,bbh=DeepSeek-R1-0528-Qwen3-8B|finqa=Fin-R1|korbench=Llama-3.1-8B-UltraMedical|livecodebench=Qwen3-8B|math500=NVIDIA-Nemotron-Nano-9B-v2|medqa=Llama-3.1-8B-Instruct|meld=Qwen2.5-Coder-7B-Instruct|mmlupro=gemma-2-9b-it,False,False,3,5.016532072640347,0.6270665090800434,0.7857142857142857,False
0,bt,p2etg,88256,bbh=DeepSeek-R1-0528-Qwen3-8B|finqa=Fin-R1|korbench=Llama-3.1-8B-UltraMedical|livecodebench=Qwen3-8B|math500=NVIDIA-Nemotron-Nano-9B-v2|medqa=Llama-3.1-8B-Instruct|meld=Qwen2.5-Coder-7B-Instruct|mmlupro=gemma-2-9b-it,False,False,3,5.016532072640347,0.6270665090800434,0.7790178571428571,False
0,bt,p2etg,88704,bbh=DeepSeek-R1-0528-Qwen3-8B|finqa=Fin-R1|korbench=Llama-3.1-8B-UltraMedical|livecodebench=Qwen3-8B|math500=NVIDIA-Nemotron-Nano-9B-v2|medqa=Llama-3.1-8B-Instruct|meld=Qwen2.5-Coder-7B-Instruct|mmlupro=gemma-2-9b-it,False,False,3,5.016532072640347,0.6270665090800434,0.7745535714285714,False
0,bt,p2etg,89152,bbh=DeepSeek-R1-0528-Qwen3-8B|finqa=Fin-R1|korbench=Llama-3.1-8B-UltraMedical|livecodebench=Qwen3-8B|math500=NVIDIA-Nemotron-Nano-9B-v2|medqa=Llama-3.1-8B-Instruct|meld=Qwen2.5-Coder-7B-Instruct|mmlupro=gemma-2-9b-it,False,False,3,5.016532072640347,0.6270665090800434,0.7790178571428571,False
0,bt,p2etg,89600,bbh=DeepSeek-R1-0528-Qwen3-8B|finqa=Fin-R1|korbench=Llama-3.1-8B-UltraMedical|livecodebench=Qwen3-8B|math500=NVIDIA-Nemotron-Nano-9B-v2|medqa=Llama-3.1-8B-Instruct|meld=Qwen2.5-Coder-7B-Instruct|mmlupro=gemma-2-9b-it,False,False,3,5.016532072640347,0.6270665090800434,0.7767857142857143,False
0,bt,p2etg,90048,bbh=DeepSeek-R1-0528-Qwen3-8B|finqa=Fin-R1|korbench=Llama-3.1-8B-UltraMedical|livecodebench=Qwen3-8B|math500=NVIDIA-Nemotron-Nano-9B-v2|medqa=Llama-3.1-8B-Instruct|meld=Qwen2.5-Coder-7B-Instruct|mmlupro=gemma-2-9b-it,False,False,3,5.016532072640347,0.6270665090800434,0.7790178571428571,False
0,bt,p2etg,90496,bbh=DeepSeek-R1-0528-Qwen3-8B|finqa=Fin-R1|korbench=Llama-3.1-8B-UltraMedical|livecodebench=Qwen3-8B|math500=NVIDIA-Nemotron-Nano-9B-v2|medqa=Llama-3.1-8B-Instruct|meld=Qwen2.5-Coder-7B-Instruct|mmlupro=gemma-2-9b-it,False,False,3,5.016532072640347,0.6270665090800434,0.7745535714285714,False
0,bt,p2etg,90944,bbh=DeepSeek-R1-0528-Qwen3-8B|finqa=Fin-R1|korbench=Llama-3.1-8B-UltraMedical|livecodebench=Qwen3-8B|math500=NVIDIA-Nemotron-Nano-9B-v2|medqa=Llama-3.1-8B-Instruct|meld=Qwen2.5-Coder-7B-Instruct|mmlupro=gemma-2-9b-it,False,False,3,5.016532072640347,0.6270665090800434,0.7857142857142857,False
0,bt,p2etg,91392,bbh=DeepSeek-R1-0528-Qwen3-8B|finqa=Fin-R1|korbench=Llama-3.1-8B-UltraMedical|livecodebench=Qwen3-8B|math500=NVIDIA-Nemotron-Nano-9B-v2|medqa=Llama-3.1-8B-Instruct|meld=Qwen2.5-Coder-7B-Instruct|mmlupro=gemma-2-9b-it,False,False,3,5.016532072640347,0.6270665090800434,0.7834821428571429,False
0,bt,p2etg,91840,bbh=DeepSeek-R1-0528-Qwen3-8B|finqa=Fin-R1|korbench=Llama-3.1-8B-UltraMedical|livecodebench=Qwen3-8B|math500=NVIDIA-Nemotron-Nano-9B-v2|medqa=Llama-3.1-8B-Instruct|meld=Qwen2.5-Coder-7B-Instruct|mmlupro=gemma-2-9b-it,False,False,3,5.016532072640347,0.6270665090800434,0.7857142857142857,False
0,bt,p2etg,92288,bbh=DeepSeek-R1-0528-Qwen3-8B|finqa=Fin-R1|korbench=Llama-3.1-8B-UltraMedical|livecodebench=Qwen3-8B|math500=NVIDIA-Nemotron-Nano-9B-v2|medqa=Llama-3.1-8B-Instruct|meld=Qwen2.5-Coder-7B-Instruct|mmlupro=gemma-2-9b-it,False,False,3,5.016532072640347,0.6270665090800434,0.7767857142857143,False
0,bt,p2etg,92736,bbh=DeepSeek-R1-0528-Qwen3-8B|finqa=Fin-R1|korbench=Llama-3.1-8B-UltraMedical|livecodebench=Qwen3-8B|math500=NVIDIA-Nemotron-Nano-9B-v2|medqa=Llama-3.1-8B-Instruct|meld=Qwen2.5-Coder-7B-Instruct|mmlupro=gemma-2-9b-it,False,False,3,5.016532072640347,0.6270665090800434,0.7834821428571429,False
0,bt,p2etg,93184,bbh=DeepSeek-R1-0528-Qwen3-8B|finqa=Fin-R1|korbench=Llama-3.1-8B-UltraMedical|livecodebench=Qwen3-8B|math500=NVIDIA-Nemotron-Nano-9B-v2|medqa=Llama-3.1-8B-Instruct|meld=Qwen2.5-Coder-7B-Instruct|mmlupro=gemma-2-9b-it,False,False,3,5.016532072640347,0.6270665090800434,0.7745535714285714,False
0,bt,p2etg,93632,bbh=DeepSeek-R1-0528-Qwen3-8B|finqa=Fin-R1|korbench=Llama-3.1-8B-UltraMedical|livecodebench=Qwen3-8B|math500=NVIDIA-Nemotron-Nano-9B-v2|medqa=Llama-3.1-8B-Instruct|meld=Qwen2.5-Coder-7B-Instruct|mmlupro=gemma-2-9b-it,False,False,3,5.016532072640347,0.6270665090800434,0.7879464285714286,False
0,bt,p2etg,94080,bbh=DeepSeek-R1-0528-Qwen3-8B|finqa=Fin-R1|korbench=Llama-3.1-8B-UltraMedical|livecodebench=Qwen3-8B|math500=NVIDIA-Nemotron-Nano-9B-v2|medqa=Llama-3.1-8B-Instruct|meld=Qwen2.5-Coder-7B-Instruct|mmlupro=gemma-2-9b-it,False,False,3,5.016532072640347,0.6270665090800434,0.78125,False
0,bt,p2etg,94528,bbh=DeepSeek-R1-0528-Qwen3-8B|finqa=Fin-R1|korbench=Llama-3.1-8B-UltraMedical|livecodebench=Qwen3-8B|math500=NVIDIA-Nemotron-Nano-9B-v2|medqa=Llama-3.1-8B-Instruct|meld=Qwen2.5-Coder-7B-Instruct|mmlupro=gemma-2-9b-it,False,False,3,5.016532072640347,0.6270665090800434,0.7723214285714286,False
0,bt,p2etg,94976,bbh=DeepSeek-R1-0528-Qwen3-8B|finqa=Fin-R1|korbench=Llama-3.1-8B-UltraMedical|livecodebench=Qwen3-8B|math500=NVIDIA-Nemotron-Nano-9B-v2|medqa=Llama-3.1-8B-Instruct|meld=Qwen2.5-Coder-7B-Instruct|mmlupro=gemma-2-9b-it,False,False,3,5.016532072640347,0.6270665090800434,0.7924107142857143,False
0,bt,p2etg,95424,bbh=DeepSeek-R1-0528-Qwen3-8B|finqa=Fin-R1|korbench=Llama-3.1-8B-UltraMedical|livecodebench=Qwen3-8B|math500=NVIDIA-Nemotron-Nano-9B-v2|medqa=Llama-3.1-8B-Instruct|meld=Qwen2.5-Coder-7B-Instruct|mmlupro=gemma-2-9b-it,False,False,3,5.016532072640347,0.6270665090800434,0.7745535714285714,False
0,bt,p2etg,95872,bbh=DeepSeek-R1-0528-Qwen3-8B|finqa=Fin-R1|korbench=Llama-3.1-8B-UltraMedical|livecodebench=Qwen3-8B|math500=NVIDIA-Nemotron-Nano-9B-v2|medqa=Llama-3.1-8B-Instruct|meld=Qwen2.5-Coder-7B-Instruct|mmlupro=gemma-2-9b-it,False,False,3,5.016532072640347,0.6270665090800434,0.7901785714285714,False
0,bt,p2etg,96320,bbh=DeepSeek-R1-0528-Qwen3-8B|finqa=Fin-R1|korbench=Llama-3.1-8B-UltraMedical|livecodebench=Qwen3-8B|math500=NVIDIA-Nemotron-Nano-9B-v2|medqa=Llama-3.1-8B-Instruct|meld=Qwen2.5-Coder-7B-Instruct|mmlupro=gemma-2-9b-it,False,False,3,5.016532072640347,0.6270665090800434,0.7790178571428571,False
0,bt,p2etg,96768,bbh=DeepSeek-R1-0528-Qwen3-8B|finqa=Fin-R1|korbench=Llama-3.1-8B-UltraMedical|livecodebench=Qwen3-8B|math500=NVIDIA-Nemotron-Nano-9B-v2|medqa=Llama-3.1-8B-Instruct|meld=Qwen2.5-Coder-7B-Instruct|mmlupro=gemma-2-9b-it,False,False,3,5.016532072640347,0.6270665090800434,0.7924107142857143,False
0,bt,p2etg,97216,bbh=DeepSeek-R1-0528-Qwen3-8B|finqa=Fin-R1|korbench=Llama-3.1-8B-UltraMedical|livecodebench=Qwen3-8B|math500=NVIDIA-Nemotron-Nano-9B-v2|medqa=Llama-3.1-8B-Instruct|meld=Qwen2.5-Coder-7B-Instruct|mmlupro=gemma-2-9b-it,False,False,3,5.016532072640347,0.6270665090800434,0.7834821428571429,False
0,bt,p2etg,97664,bbh=DeepSeek-R1-0528-Qwen3-8B|finqa=Fin-R1|korbench=Llama-3.1-8B-UltraMedical|livecodebench=Qwen3-8B|math500=NVIDIA-Nemotron-Nano-9B-v2|medqa=Llama-3.1-8B-Instruct|meld=Qwen2.5-Coder-7B-Instruct|mmlupro=gemma-2-9b-it,False,False,3,5.016532072640347,0.6270665090800434,0.7924107142857143,False
0,bt,p2etg,98112,bbh=DeepSeek-R1-0528-Qwen3-8B|finqa=Fin-R1|korbench=Llama-3.1-8B-UltraMedical|livecodebench=Qwen3-8B|math500=NVIDIA-Nemotron-Nano-9B-v2|medqa=Llama-3.1-8B-Instruct|meld=Qwen2.5-Coder-7B-Instruct|mmlupro=gemma-2-9b-it,False,False,3,5.016532072640347,0.6270665090800434,0.7857142857142857,False
0,bt,p2etg,98560,bbh=DeepSeek-R1-0528-Qwen3-8B|finqa=Fin-R1|korbench=Llama-3.1-8B-UltraMedical|livecodebench=Qwen3-8B|math500=NVIDIA-Nemotron-Nano-9B-v2|medqa=Llama-3.1-8B-Instruct|meld=Qwen2.5-Coder-7B-Instruct|mmlupro=gemma-2-9b-it,False,False,3,5.016532072640347,0.6270665090800434,0.7946428571428571,False
0,bt,p2etg,99008,bbh=DeepSeek-R1-0528-Qwen3-8B|finqa=Fin-R1|korbench=Llama-3.1-8B-UltraMedical|livecodebench=Qwen3-8B|math500=NVIDIA-Nemotron-Nano-9B-v2|medqa=Llama-3.1-8B-Instruct|meld=Qwen2.5-Coder-7B-Instruct|mmlupro=gemma-2-9b-it,False,False,3,5.016532072640347,0.6270665090800434,0.7857142857142857,False
0,bt,p2etg,99456,bbh=DeepSeek-R1-0528-Qwen3-8B|finqa=Fin-R1|korbench=Llama-3.1-8B-UltraMedical|livecodebench=Qwen3-8B|math500=NVIDIA-Nemotron-Nano-9B-v2|medqa=Llama-3.1-8B-Instruct|meld=Qwen2.5-Coder-7B-Instruct|mmlupro=gemma-2-9b-it,False,False,3,5.016532072640347,0.6270665090800434,0.796875,False
0,bt,p2etg,99904,bbh=DeepSeek-R1-0528-Qwen3-8B|finqa=Fin-R1|korbench=Llama-3.1-8B-UltraMedical|livecodebench=Qwen3-8B|math500=NVIDIA-Nemotron-Nano-9B-v2|medqa=Llama-3.1-8B-Instruct|meld=Qwen2.5-Coder-7B-Instruct|mmlupro=gemma-2-9b-it,False,False,3,5.016532072640347,0.6270665090800434,0.7834821428571429,False
0,bt,p2etg,100352,bbh=DeepSeek-R1-0528-Qwen3-8B|finqa=Fin-R1|korbench=Llama-3.1-8B-UltraMedical|livecodebench=Qwen3-8B|math500=NVIDIA-Nemotron-Nano-9B-v2|medqa=Llama-3.1-8B-Instruct|meld=Qwen2.5-Coder-7B-Instruct|mmlupro=gemma-2-9b-it,False,False,3,5.016532072640347,0.6270665090800434,0.7790178571428571,False
0,bt,p2etg,100800,bbh=DeepSeek-R1-0528-Qwen3-8B|finqa=Fin-R1|korbench=Llama-3.1-8B-UltraMedical|livecodebench=Qwen3-8B|math500=NVIDIA-Nemotron-Nano-9B-v2|medqa=Llama-3.1-8B-Instruct|meld=Qwen2.5-Coder-7B-Instruct|mmlupro=gemma-2-9b-it,False,False,3,5.016532072640347,0.6270665090800434,0.7901785714285714,False
0,bt,p2etg,101248,bbh=DeepSeek-R1-0528-Qwen3-8B|finqa=Fin-R1|korbench=Llama-3.1-8B-UltraMedical|livecodebench=Qwen3-8B|math500=NVIDIA-Nemotron-Nano-9B-v2|medqa=Llama-3.1-8B-Instruct|meld=Qwen2.5-Coder-7B-Instruct|mmlupro=gemma-2-9b-it,False,False,3,5.016532072640347,0.6270665090800434,0.7879464285714286,False
0,bt,p2etg,101696,bbh=DeepSeek-R1-0528-Qwen3-8B|finqa=Fin-R1|korbench=Llama-3.1-8B-UltraMedical|livecodebench=Qwen3-8B|math500=NVIDIA-Nemotron-Nano-9B-v2|medqa=Llama-3.1-8B-Instruct|meld=Qwen2.5-Coder-7B-Instruct|mmlupro=gemma-2-9b-it,False,False,3,5.016532072640347,0.6270665090800434,0.796875,False
0,bt,p2etg,102144,bbh=DeepSeek-R1-0528-Qwen3-8B|finqa=Fin-R1|korbench=Llama-3.1-8B-UltraMedical|livecodebench=Qwen3-8B|math500=NVIDIA-Nemotron-Nano-9B-v2|medqa=Llama-3.1-8B-Instruct|meld=Qwen2.5-Coder-7B-Instruct|mmlupro=gemma-2-9b-it,False,False,3,5.016532072640347,0.6270665090800434,0.7901785714285714,False
0,bt,p2etg,102592,bbh=DeepSeek-R1-0528-Qwen3-8B|finqa=Fin-R1|korbench=Llama-3.1-8B-UltraMedical|livecodebench=Qwen3-8B|math500=NVIDIA-Nemotron-Nano-9B-v2|medqa=Llama-3.1-8B-Instruct|meld=Qwen2.5-Coder-7B-Instruct|mmlupro=gemma-2-9b-it,False,False,3,5.016532072640347,0.6270665090800434,0.796875,False
0,bt,p2etg,103040,bbh=DeepSeek-R1-0528-Qwen3-8B|finqa=Fin-R1|korbench=Llama-3.1-8B-UltraMedical|livecodebench=Qwen3-8B|math500=NVIDIA-Nemotron-Nano-9B-v2|medqa=Llama-3.1-8B-Instruct|meld=Qwen2.5-Coder-7B-Instruct|mmlupro=gemma-2-9b-it,False,False,3,5.016532072640347,0.6270665090800434,0.7901785714285714,False
0,bt,p2etg,103488,bbh=NVIDIA-Nemotron-Nano-9B-v2|finqa=Fin-R1|korbench=Llama-3.1-8B-UltraMedical|livecodebench=Qwen3-8B|math500=DeepSeek-R1-0528-Qwen3-8B|medqa=Llama-3.1-8B-Instruct|meld=Qwen2.5-Coder-7B-Instruct|mmlupro=gemma-2-9b-it,False,False,2,4.985606146714422,0.6232007683393027,0.796875,False
0,bt,p2etg,103936,bbh=DeepSeek-R1-0528-Qwen3-8B|finqa=Fin-R1|korbench=Llama-3.1-8B-UltraMedical|livecodebench=Qwen3-8B|math500=NVIDIA-Nemotron-Nano-9B-v2|medqa=Llama-3.1-8B-Instruct|meld=Qwen2.5-Coder-7B-Instruct|mmlupro=gemma-2-9b-it,False,False,3,5.016532072640347,0.6270665090800434,0.7946428571428571,False
0,bt,p2etg,104384,bbh=DeepSeek-R1-0528-Qwen3-8B|finqa=Fin-R1|korbench=Llama-3.1-8B-UltraMedical|livecodebench=Qwen3-8B|math500=NVIDIA-Nemotron-Nano-9B-v2|medqa=Llama-3.1-8B-Instruct|meld=Qwen2.5-Coder-7B-Instruct|mmlupro=gemma-2-9b-it,False,False,3,5.016532072640347,0.6270665090800434,0.796875,False
0,bt,p2etg,104832,bbh=DeepSeek-R1-0528-Qwen3-8B|finqa=Fin-R1|korbench=Llama-3.1-8B-UltraMedical|livecodebench=Qwen3-8B|math500=NVIDIA-Nemotron-Nano-9B-v2|medqa=Llama-3.1-8B-Instruct|meld=Qwen2.5-Coder-7B-Instruct|mmlupro=gemma-2-9b-it,False,False,3,5.016532072640347,0.6270665090800434,0.796875,False
0,bt,p2etg,105280,bbh=DeepSeek-R1-0528-Qwen3-8B|finqa=Fin-R1|korbench=Llama-3.1-8B-UltraMedical|livecodebench=Qwen3-8B|math500=NVIDIA-Nemotron-Nano-9B-v2|medqa=Llama-3.1-8B-Instruct|meld=Qwen2.5-Coder-7B-Instruct|mmlupro=gemma-2-9b-it,False,False,3,5.016532072640347,0.6270665090800434,0.7991071428571429,False
0,bt,p2etg,105728,bbh=DeepSeek-R1-0528-Qwen3-8B|finqa=Fin-R1|korbench=Llama-3.1-8B-UltraMedical|livecodebench=Qwen3-8B|math500=NVIDIA-Nemotron-Nano-9B-v2|medqa=Llama-3.1-8B-Instruct|meld=Qwen2.5-Coder-7B-Instruct|mmlupro=gemma-2-9b-it,False,False,3,5.016532072640347,0.6270665090800434,0.7946428571428571,False
0,bt,p2etg,106176,bbh=DeepSeek-R1-0528-Qwen3-8B|finqa=Fin-R1|korbench=Llama-3.1-8B-UltraMedical|livecodebench=Qwen3-8B|math500=NVIDIA-Nemotron-Nano-9B-v2|medqa=Llama-3.1-8B-Instruct|meld=Qwen2.5-Coder-7B-Instruct|mmlupro=gemma-2-9b-it,False,False,3,5.016532072640347,0.6270665090800434,0.7879464285714286,False
0,bt,p2etg,106624,bbh=NVIDIA-Nemotron-Nano-9B-v2|finqa=Fin-R1|korbench=Llama-3.1-8B-UltraMedical|livecodebench=Qwen3-8B|math500=DeepSeek-R1-0528-Qwen3-8B|medqa=Llama-3.1-8B-Instruct|meld=Qwen2.5-Coder-7B-Instruct|mmlupro=gemma-2-9b-it,False,False,2,4.985606146714422,0.6232007683393027,0.796875,False
0,bt,p2etg,107072,bbh=DeepSeek-R1-0528-Qwen3-8B|finqa=Fin-R1|korbench=Llama-3.1-8B-UltraMedical|livecodebench=Qwen3-8B|math500=NVIDIA-Nemotron-Nano-9B-v2|medqa=Llama-3.1-8B-Instruct|meld=Qwen2.5-Coder-7B-Instruct|mmlupro=gemma-2-9b-it,False,False,3,5.016532072640347,0.6270665090800434,0.7946428571428571,False
0,bt,p2etg,107520,bbh=DeepSeek-R1-0528-Qwen3-8B|finqa=Fin-R1|korbench=Llama-3.1-8B-UltraMedical|livecodebench=Qwen3-8B|math500=NVIDIA-Nemotron-Nano-9B-v2|medqa=Llama-3.1-8B-Instruct|meld=Qwen2.5-Coder-7B-Instruct|mmlupro=gemma-2-9b-it,False,False,3,5.016532072640347,0.6270665090800434,0.7991071428571429,False
0,bt,p2etg,107968,bbh=DeepSeek-R1-0528-Qwen3-8B|finqa=Fin-R1|korbench=Llama-3.1-8B-UltraMedical|livecodebench=Qwen3-8B|math500=NVIDIA-Nemotron-Nano-9B-v2|medqa=Llama-3.1-8B-Instruct|meld=Qwen2.5-Coder-7B-Instruct|mmlupro=gemma-2-9b-it,False,False,3,5.016532072640347,0.6270665090800434,0.7924107142857143,False
0,bt,p2etg,108416,bbh=DeepSeek-R1-0528-Qwen3-8B|finqa=Fin-R1|korbench=Llama-3.1-8B-UltraMedical|livecodebench=Qwen3-8B|math500=NVIDIA-Nemotron-Nano-9B-v2|medqa=Llama-3.1-8B-Instruct|meld=Qwen2.5-Coder-7B-Instruct|mmlupro=gemma-2-9b-it,False,False,3,5.016532072640347,0.6270665090800434,0.8013392857142857,False
0,bt,p2etg,108864,bbh=DeepSeek-R1-0528-Qwen3-8B|finqa=Fin-R1|korbench=Llama-3.1-8B-UltraMedical|livecodebench=Qwen3-8B|math500=NVIDIA-Nemotron-Nano-9B-v2|medqa=Llama-3.1-8B-Instruct|meld=Qwen2.5-Coder-7B-Instruct|mmlupro=gemma-2-9b-it,False,False,3,5.016532072640347,0.6270665090800434,0.796875,False
0,bt,p2etg,109312,bbh=DeepSeek-R1-0528-Qwen3-8B|finqa=Fin-R1|korbench=Llama-3.1-8B-UltraMedical|livecodebench=Qwen3-8B|math500=NVIDIA-Nemotron-Nano-9B-v2|medqa=Llama-3.1-8B-Instruct|meld=Qwen2.5-Coder-7B-Instruct|mmlupro=gemma-2-9b-it,False,False,3,5.016532072640347,0.6270665090800434,0.8013392857142857,False
0,bt,p2etg,109760,bbh=DeepSeek-R1-0528-Qwen3-8B|finqa=Fin-R1|korbench=Llama-3.1-8B-UltraMedical|livecodebench=Qwen3-8B|math500=NVIDIA-Nemotron-Nano-9B-v2|medqa=Llama-3.1-8B-Instruct|meld=Qwen2.5-Coder-7B-Instruct|mmlupro=gemma-2-9b-it,False,False,3,5.016532072640347,0.6270665090800434,0.8013392857142857,False
0,bt,p2etg,110208,bbh=NVIDIA-Nemotron-Nano-9B-v2|finqa=Fin-R1|korbench=Llama-3.1-8B-UltraMedical|livecodebench=Qwen3-8B|math500=DeepSeek-R1-0528-Qwen3-8B|medqa=Llama-3.1-8B-Instruct|meld=Qwen2.5-Coder-7B-Instruct|mmlupro=gemma-2-9b-it,False,False,2,4.985606146714422,0.6232007683393027,0.8058035714285714,False
0,bt,p2etg,110656,bbh=NVIDIA-Nemotron-Nano-9B-v2|finqa=Fin-R1|korbench=Llama-3.1-8B-UltraMedical|livecodebench=Qwen3-8B|math500=DeepSeek-R1-0528-Qwen3-8B|medqa=Llama-3.1-8B-Instruct|meld=Qwen2.5-Coder-7B-Instruct|mmlupro=gemma-2-9b-it,False,False,2,4.985606146714422,0.6232007683393027,0.8013392857142857,False
0,bt,p2etg,111104,bbh=NVIDIA-Nemotron-Nano-9B-v2|finqa=Fin-R1|korbench=Llama-3.1-8B-UltraMedical|livecodebench=Qwen3-8B|math500=DeepSeek-R1-0528-Qwen3-8B|medqa=Llama-3.1-8B-Instruct|meld=Qwen2.5-Coder-7B-Instruct|mmlupro=gemma-2-9b-it,False,False,2,4.985606146714422,0.6232007683393027,0.8013392857142857,False
0,bt,p2etg,111552,bbh=NVIDIA-Nemotron-Nano-9B-v2|finqa=Fin-R1|korbench=Llama-3.1-8B-UltraMedical|livecodebench=Qwen3-8B|math500=DeepSeek-R1-0528-Qwen3-8B|medqa=Llama-3.1-8B-Instruct|meld=Qwen2.5-Coder-7B-Instruct|mmlupro=gemma-2-9b-it,False,False,2,4.985606146714422,0.6232007683393027,0.8013392857142857,False
0,bt,p2etg,112000,bbh=NVIDIA-Nemotron-Nano-9B-v2|finqa=Fin-R1|korbench=Llama-3.1-8B-UltraMedical|livecodebench=Qwen3-8B|math500=DeepSeek-R1-0528-Qwen3-8B|medqa=Llama-3.1-8B-Instruct|meld=Qwen2.5-Coder-7B-Instruct|mmlupro=gemma-2-9b-it,False,False,2,4.985606146714422,0.6232007683393027,0.8013392857142857,False
0,bt,p2etg,112448,bbh=NVIDIA-Nemotron-Nano-9B-v2|finqa=Fin-R1|korbench=Llama-3.1-8B-UltraMedical|livecodebench=Qwen3-8B|math500=DeepSeek-R1-0528-Qwen3-8B|medqa=Llama-3.1-8B-Instruct|meld=Qwen2.5-Coder-7B-Instruct|mmlupro=gemma-2-9b-it,False,False,2,4.985606146714422,0.6232007683393027,0.8035714285714286,False
0,bt,p2etg,112896,bbh=NVIDIA-Nemotron-Nano-9B-v2|finqa=Fin-R1|korbench=Llama-3.1-8B-UltraMedical|livecodebench=Qwen3-8B|math500=DeepSeek-R1-0528-Qwen3-8B|medqa=Llama-3.1-8B-Instruct|meld=Qwen2.5-Coder-7B-Instruct|mmlupro=gemma-2-9b-it,False,False,2,4.985606146714422,0.6232007683393027,0.8035714285714286,False
0,bt,p2etg,113344,bbh=NVIDIA-Nemotron-Nano-9B-v2|finqa=Fin-R1|korbench=Llama-3.1-8B-UltraMedical|livecodebench=Qwen3-8B|math500=DeepSeek-R1-0528-Qwen3-8B|medqa=Llama-3.1-8B-Instruct|meld=Qwen2.5-Coder-7B-Instruct|mmlupro=gemma-2-9b-it,False,False,2,4.985606146714422,0.6232007683393027,0.8080357142857143,False
0,bt,p2etg,113792,bbh=NVIDIA-Nemotron-Nano-9B-v2|finqa=Fin-R1|korbench=Llama-3.1-8B-UltraMedical|livecodebench=Qwen3-8B|math500=DeepSeek-R1-0528-Qwen3-8B|medqa=Llama-3.1-8B-Instruct|meld=Qwen2.5-Coder-7B-Instruct|mmlupro=gemma-2-9b-it,False,False,2,4.985606146714422,0.6232007683393027,0.8013392857142857,False
0,bt,p2etg,114240,bbh=NVIDIA-Nemotron-Nano-9B-v2|finqa=Fin-R1|korbench=Llama-3.1-8B-UltraMedical|livecodebench=Qwen3-8B|math500=DeepSeek-R1-0528-Qwen3-8B|medqa=Llama-3.1-8B-Instruct|meld=Qwen2.5-Coder-7B-Instruct|mmlupro=gemma-2-9b-it,False,False,2,4.985606146714422,0.6232007683393027,0.8035714285714286,False
0,bt,p2etg,114688,bbh=NVIDIA-Nemotron-Nano-9B-v2|finqa=Fin-R1|korbench=Llama-3.1-8B-UltraMedical|livecodebench=Qwen3-8B|math500=DeepSeek-R1-0528-Qwen3-8B|medqa=Llama-3.1-8B-Instruct|meld=Qwen2.5-Coder-7B-Instruct|mmlupro=gemma-2-9b-it,False,False,2,4.985606146714422,0.6232007683393027,0.8013392857142857,False
0,bt,p2etg,115136,bbh=NVIDIA-Nemotron-Nano-9B-v2|finqa=Fin-R1|korbench=Llama-3.1-8B-UltraMedical|livecodebench=Qwen3-8B|math500=DeepSeek-R1-0528-Qwen3-8B|medqa=Llama-3.1-8B-Instruct|meld=Qwen2.5-Coder-7B-Instruct|mmlupro=gemma-2-9b-it,False,False,2,4.985606146714422,0.6232007683393027,0.8058035714285714,False
0,bt,p2etg,115584,bbh=NVIDIA-Nemotron-Nano-9B-v2|finqa=Fin-R1|korbench=Llama-3.1-8B-UltraMedical|livecodebench=Qwen3-8B|math500=DeepSeek-R1-0528-Qwen3-8B|medqa=Llama-3.1-8B-Instruct|meld=Qwen2.5-Coder-7B-Instruct|mmlupro=gemma-2-9b-it,False,False,2,4.985606146714422,0.6232007683393027,0.796875,False
0,bt,p2etg,116032,bbh=NVIDIA-Nemotron-Nano-9B-v2|finqa=Fin-R1|korbench=Llama-3.1-8B-UltraMedical|livecodebench=Qwen3-8B|math500=DeepSeek-R1-0528-Qwen3-8B|medqa=Llama-3.1-8B-Instruct|meld=Qwen2.5-Coder-7B-Instruct|mmlupro=gemma-2-9b-it,False,False,2,4.985606146714422,0.6232007683393027,0.8013392857142857,False
0,bt,p2etg,116480,bbh=NVIDIA-Nemotron-Nano-9B-v2|finqa=Fin-R1|korbench=Llama-3.1-8B-UltraMedical|livecodebench=Qwen3-8B|math500=DeepSeek-R1-0528-Qwen3-8B|medqa=Llama-3.1-8B-Instruct|meld=Qwen2.5-Coder-7B-Instruct|mmlupro=gemma-2-9b-it,False,False,2,4.985606146714422,0.6232007683393027,0.7946428571428571,False
0,bt,p2etg,116928,bbh=NVIDIA-Nemotron-Nano-9B-v2|finqa=Fin-R1|korbench=Llama-3.1-8B-UltraMedical|livecodebench=Qwen3-8B|math500=DeepSeek-R1-0528-Qwen3-8B|medqa=Llama-3.1-8B-Instruct|meld=Qwen2.5-Coder-7B-Instruct|mmlupro=gemma-2-9b-it,False,False,2,4.985606146714422,0.6232007683393027,0.8013392857142857,False
0,bt,p2etg,117376,bbh=NVIDIA-Nemotron-Nano-9B-v2|finqa=Fin-R1|korbench=Llama-3.1-8B-UltraMedical|livecodebench=Qwen3-8B|math500=DeepSeek-R1-0528-Qwen3-8B|medqa=Llama-3.1-8B-Instruct|meld=Qwen2.5-Coder-7B-Instruct|mmlupro=gemma-2-9b-it,False,False,2,4.985606146714422,0.6232007683393027,0.796875,False
0,bt,p2etg,117824,bbh=NVIDIA-Nemotron-Nano-9B-v2|finqa=Fin-R1|korbench=Llama-3.1-8B-UltraMedical|livecodebench=Qwen3-8B|math500=DeepSeek-R1-0528-Qwen3-8B|medqa=Llama-3.1-8B-Instruct|meld=Qwen2.5-Coder-7B-Instruct|mmlupro=gemma-2-9b-it,False,False,2,4.985606146714422,0.6232007683393027,0.7924107142857143,False
0,bt,p2etg,118272,bbh=NVIDIA-Nemotron-Nano-9B-v2|finqa=Fin-R1|korbench=Llama-3.1-8B-UltraMedical|livecodebench=Qwen3-8B|math500=DeepSeek-R1-0528-Qwen3-8B|medqa=Llama-3.1-8B-Instruct|meld=Qwen2.5-Coder-7B-Instruct|mmlupro=gemma-2-9b-it,False,False,2,4.985606146714422,0.6232007683393027,0.7991071428571429,False
0,bt,p2etg,118720,bbh=NVIDIA-Nemotron-Nano-9B-v2|finqa=Fin-R1|korbench=Llama-3.1-8B-UltraMedical|livecodebench=Qwen3-8B|math500=DeepSeek-R1-0528-Qwen3-8B|medqa=Llama-3.1-8B-Instruct|meld=Qwen2.5-Coder-7B-Instruct|mmlupro=gemma-2-9b-it,False,False,2,4.985606146714422,0.6232007683393027,0.7924107142857143,False
0,bt,p2etg,119168,bbh=NVIDIA-Nemotron-Nano-9B-v2|finqa=Fin-R1|korbench=Llama-3.1-8B-UltraMedical|livecodebench=Qwen3-8B|math500=DeepSeek-R1-0528-Qwen3-8B|medqa=Llama-3.1-8B-Instruct|meld=Qwen2.5-Coder-7B-Instruct|mmlupro=gemma-2-9b-it,False,False,2,4.985606146714422,0.6232007683393027,0.8013392857142857,False
0,bt,p2etg,119616,bbh=NVIDIA-Nemotron-Nano-9B-v2|finqa=Fin-R1|korbench=Llama-3.1-8B-UltraMedical|livecodebench=Qwen3-8B|math500=DeepSeek-R1-0528-Qwen3-8B|medqa=Llama-3.1-8B-Instruct|meld=Qwen2.5-Coder-7B-Instruct|mmlupro=gemma-2-9b-it,False,False,2,4.985606146714422,0.6232007683393027,0.7946428571428571,False
0,bt,p2etg,120064,bbh=NVIDIA-Nemotron-Nano-9B-v2|finqa=Fin-R1|korbench=Llama-3.1-8B-UltraMedical|livecodebench=Qwen3-8B|math500=DeepSeek-R1-0528-Qwen3-8B|medqa=Llama-3.1-8B-Instruct|meld=Qwen2.5-Coder-7B-Instruct|mmlupro=gemma-2-9b-it,False,False,2,4.985606146714422,0.6232007683393027,0.8013392857142857,False
0,bt,p2etg,120512,bbh=NVIDIA-Nemotron-Nano-9B-v2|finqa=Fin-R1|korbench=Llama-3.1-8B-UltraMedical|livecodebench=Qwen3-8B|math500=DeepSeek-R1-0528-Qwen3-8B|medqa=Llama-3.1-8B-Instruct|meld=Qwen2.5-Coder-7B-Instruct|mmlupro=gemma-2-9b-it,False,False,2,4.985606146714422,0.6232007683393027,0.7946428571428571,False
0,bt,p2etg,120960,bbh=NVIDIA-Nemotron-Nano-9B-v2|finqa=Fin-R1|korbench=Llama-3.1-8B-UltraMedical|livecodebench=Qwen3-8B|math500=DeepSeek-R1-0528-Qwen3-8B|medqa=Llama-3.1-8B-Instruct|meld=Qwen2.5-Coder-7B-Instruct|mmlupro=gemma-2-9b-it,False,False,2,4.985606146714422,0.6232007683393027,0.8035714285714286,False
0,bt,p2etg,121408,bbh=NVIDIA-Nemotron-Nano-9B-v2|finqa=Fin-R1|korbench=Llama-3.1-8B-UltraMedical|livecodebench=Qwen3-8B|math500=DeepSeek-R1-0528-Qwen3-8B|medqa=Llama-3.1-8B-Instruct|meld=Qwen2.5-Coder-7B-Instruct|mmlupro=gemma-2-9b-it,False,False,2,4.985606146714422,0.6232007683393027,0.796875,False
0,bt,p2etg,121856,bbh=NVIDIA-Nemotron-Nano-9B-v2|finqa=Fin-R1|korbench=Llama-3.1-8B-UltraMedical|livecodebench=Qwen3-8B|math500=DeepSeek-R1-0528-Qwen3-8B|medqa=Llama-3.1-8B-Instruct|meld=Qwen2.5-Coder-7B-Instruct|mmlupro=gemma-2-9b-it,False,False,2,4.985606146714422,0.6232007683393027,0.8035714285714286,False
0,bt,p2etg,122304,bbh=NVIDIA-Nemotron-Nano-9B-v2|finqa=Fin-R1|korbench=Llama-3.1-8B-UltraMedical|livecodebench=Qwen3-8B|math500=DeepSeek-R1-0528-Qwen3-8B|medqa=Llama-3.1-8B-Instruct|meld=Qwen2.5-Coder-7B-Instruct|mmlupro=gemma-2-9b-it,False,False,2,4.985606146714422,0.6232007683393027,0.796875,False
0,bt,p2etg,122752,bbh=NVIDIA-Nemotron-Nano-9B-v2|finqa=Fin-R1|korbench=Llama-3.1-8B-UltraMedical|livecodebench=Qwen3-8B|math500=DeepSeek-R1-0528-Qwen3-8B|medqa=Llama-3.1-8B-Instruct|meld=Qwen2.5-Coder-7B-Instruct|mmlupro=gemma-2-9b-it,False,False,2,4.985606146714422,0.6232007683393027,0.8058035714285714,False
0,bt,p2etg,123200,bbh=NVIDIA-Nemotron-Nano-9B-v2|finqa=Fin-R1|korbench=Llama-3.1-8B-UltraMedical|livecodebench=Qwen3-8B|math500=DeepSeek-R1-0528-Qwen3-8B|medqa=Llama-3.1-8B-Instruct|meld=Qwen2.5-Coder-7B-Instruct|mmlupro=gemma-2-9b-it,False,False,2,4.985606146714422,0.6232007683393027,0.7991071428571429,False
0,bt,p2etg,123648,bbh=NVIDIA-Nemotron-Nano-9B-v2|finqa=Fin-R1|korbench=Llama-3.1-8B-UltraMedical|livecodebench=Qwen3-8B|math500=DeepSeek-R1-0528-Qwen3-8B|medqa=Llama-3.1-8B-Instruct|meld=Qwen2.5-Coder-7B-Instruct|mmlupro=gemma-2-9b-it,False,False,2,4.985606146714422,0.6232007683393027,0.8102678571428571,False
0,bt,p2etg,124096,bbh=NVIDIA-Nemotron-Nano-9B-v2|finqa=Fin-R1|korbench=Llama-3.1-8B-UltraMedical|livecodebench=Qwen3-8B|math500=DeepSeek-R1-0528-Qwen3-8B|medqa=Llama-3.1-8B-Instruct|meld=Qwen2.5-Coder-7B-Instruct|mmlupro=gemma-2-9b-it,False,False,2,4.985606146714422,0.6232007683393027,0.8035714285714286,False
0,bt,p2etg,124544,bbh=NVIDIA-Nemotron-Nano-9B-v2|finqa=Fin-R1|korbench=Llama-3.1-8B-UltraMedical|livecodebench=Qwen3-8B|math500=DeepSeek-R1-0528-Qwen3-8B|medqa=Llama-3.1-8B-Instruct|meld=Qwen2.5-Coder-7B-Instruct|mmlupro=gemma-2-9b-it,False,False,2,4.985606146714422,0.6232007683393027,0.7991071428571429,False
0,bt,p2etg,124992,bbh=NVIDIA-Nemotron-Nano-9B-v2|finqa=Fin-R1|korbench=Llama-3.1-8B-UltraMedical|livecodebench=Qwen3-8B|math500=DeepSeek-R1-0528-Qwen3-8B|medqa=Llama-3.1-8B-Instruct|meld=Qwen2.5-Coder-7B-Instruct|mmlupro=gemma-2-9b-it,False,False,2,4.985606146714422,0.6232007683393027,0.8080357142857143,False
0,bt,p2etg,125440,bbh=NVIDIA-Nemotron-Nano-9B-v2|finqa=Fin-R1|korbench=Llama-3.1-8B-UltraMedical|livecodebench=Qwen3-8B|math500=DeepSeek-R1-0528-Qwen3-8B|medqa=Llama-3.1-8B-Instruct|meld=Qwen2.5-Coder-7B-Instruct|mmlupro=gemma-2-9b-it,False,False,2,4.985606146714422,0.6232007683393027,0.8013392857142857,False
0,bt,p2etg,125888,bbh=NVIDIA-Nemotron-Nano-9B-v2|finqa=Fin-R1|korbench=Llama-3.1-8B-UltraMedical|livecodebench=Qwen3-8B|math500=DeepSeek-R1-0528-Qwen3-8B|medqa=Llama-3.1-8B-Instruct|meld=Qwen2.5-Coder-7B-Instruct|mmlupro=gemma-2-9b-it,False,False,2,4.985606146714422,0.6232007683393027,0.8058035714285714,False
0,bt,p2etg,126336,bbh=NVIDIA-Nemotron-Nano-9B-v2|finqa=Fin-R1|korbench=Llama-3.1-8B-UltraMedical|livecodebench=Qwen3-8B|math500=DeepSeek-R1-0528-Qwen3-8B|medqa=Llama-3.1-8B-Instruct|meld=Qwen2.5-Coder-7B-Instruct|mmlupro=gemma-2-9b-it,False,False,2,4.985606146714422,0.6232007683393027,0.796875,False
0,bt,p2etg,126784,bbh=NVIDIA-Nemotron-Nano-9B-v2|finqa=Fin-R1|korbench=Llama-3.1-8B-UltraMedical|livecodebench=Qwen3-8B|math500=DeepSeek-R1-0528-Qwen3-8B|medqa=Llama-3.1-8B-Instruct|meld=Qwen2.5-Coder-7B-Instruct|mmlupro=gemma-2-9b-it,False,False,2,4.985606146714422,0.6232007683393027,0.8035714285714286,False
0,bt,p2etg,127232,bbh=NVIDIA-Nemotron-Nano-9B-v2|finqa=Fin-R1|korbench=Llama-3.1-8B-UltraMedical|livecodebench=Qwen3-8B|math500=DeepSeek-R1-0528-Qwen3-8B|medqa=Llama-3.1-8B-Instruct|meld=Qwen2.5-Coder-7B-Instruct|mmlupro=gemma-2-9b-it,False,False,2,4.985606146714422,0.6232007683393027,0.7946428571428571,False
0,bt,p2etg,127680,bbh=NVIDIA-Nemotron-Nano-9B-v2|finqa=Fin-R1|korbench=Llama-3.1-8B-UltraMedical|livecodebench=Qwen3-8B|math500=DeepSeek-R1-0528-Qwen3-8B|medqa=Llama-3.1-8B-Instruct|meld=Qwen2.5-Coder-7B-Instruct|mmlupro=gemma-2-9b-it,False,False,2,4.985606146714422,0.6232007683393027,0.8102678571428571,False
0,bt,p2etg,128128,bbh=NVIDIA-Nemotron-Nano-9B-v2|finqa=Fin-R1|korbench=Llama-3.1-8B-UltraMedical|livecodebench=Qwen3-8B|math500=DeepSeek-R1-0528-Qwen3-8B|medqa=Llama-3.1-8B-Instruct|meld=Qwen2.5-Coder-7B-Instruct|mmlupro=gemma-2-9b-it,False,False,2,4.985606146714422,0.6232007683393027,0.8013392857142857,False
0,bt,p2etg,128576,bbh=NVIDIA-Nemotron-Nano-9B-v2|finqa=Fin-R1|korbench=Llama-3.1-8B-UltraMedical|livecodebench=Qwen3-8B|math500=DeepSeek-R1-0528-Qwen3-8B|medqa=Llama-3.1-8B-Instruct|meld=Qwen2.5-Coder-7B-Instruct|mmlupro=gemma-2-9b-it,False,False,2,4.985606146714422,0.6232007683393027,0.8058035714285714,False
0,bt,p2etg,129024,bbh=NVIDIA-Nemotron-Nano-9B-v2|finqa=Fin-R1|korbench=Llama-3.1-8B-UltraMedical|livecodebench=Qwen3-8B|math500=DeepSeek-R1-0528-Qwen3-8B|medqa=Llama-3.1-8B-Instruct|meld=Qwen2.5-Coder-7B-Instruct|mmlupro=gemma-2-9b-it,False,False,2,4.985606146714422,0.6232007683393027,0.8035714285714286,False
0,bt,p2etg,129472,bbh=NVIDIA-Nemotron-Nano-9B-v2|finqa=Fin-R1|korbench=Llama-3.1-8B-UltraMedical|livecodebench=Qwen3-8B|math500=DeepSeek-R1-0528-Qwen3-8B|medqa=Llama-3.1-8B-Instruct|meld=Qwen2.5-Coder-7B-Instruct|mmlupro=gemma-2-9b-it,False,False,2,4.985606146714422,0.6232007683393027,0.8058035714285714,False
0,bt,p2etg,129920,bbh=NVIDIA-Nemotron-Nano-9B-v2|finqa=Fin-R1|korbench=Llama-3.1-8B-UltraMedical|livecodebench=Qwen3-8B|math500=DeepSeek-R1-0528-Qwen3-8B|medqa=Llama-3.1-8B-Instruct|meld=Qwen2.5-Coder-7B-Instruct|mmlupro=gemma-2-9b-it,False,False,2,4.985606146714422,0.6232007683393027,0.8058035714285714,False
0,bt,p2etg,130368,bbh=NVIDIA-Nemotron-Nano-9B-v2|finqa=Fin-R1|korbench=Llama-3.1-8B-UltraMedical|livecodebench=Qwen3-8B|math500=DeepSeek-R1-0528-Qwen3-8B|medqa=Llama-3.1-8B-Instruct|meld=Qwen2.5-Coder-7B-Instruct|mmlupro=gemma-2-9b-it,False,False,2,4.985606146714422,0.6232007683393027,0.7924107142857143,False
0,bt,p2etg,130816,bbh=NVIDIA-Nemotron-Nano-9B-v2|finqa=Fin-R1|korbench=Llama-3.1-8B-UltraMedical|livecodebench=Qwen3-8B|math500=DeepSeek-R1-0528-Qwen3-8B|medqa=Llama-3.1-8B-Instruct|meld=Qwen2.5-Coder-7B-Instruct|mmlupro=gemma-2-9b-it,False,False,2,4.985606146714422,0.6232007683393027,0.8080357142857143,False
0,bt,p2etg,131264,bbh=NVIDIA-Nemotron-Nano-9B-v2|finqa=Fin-R1|korbench=Llama-3.1-8B-UltraMedical|livecodebench=Qwen3-8B|math500=DeepSeek-R1-0528-Qwen3-8B|medqa=Llama-3.1-8B-Instruct|meld=Qwen2.5-Coder-7B-Instruct|mmlupro=gemma-2-9b-it,False,False,2,4.985606146714422,0.6232007683393027,0.796875,False
0,bt,p2etg,131712,bbh=NVIDIA-Nemotron-Nano-9B-v2|finqa=Fin-R1|korbench=Llama-3.1-8B-UltraMedical|livecodebench=Qwen3-8B|math500=DeepSeek-R1-0528-Qwen3-8B|medqa=Llama-3.1-8B-Instruct|meld=Qwen2.5-Coder-7B-Instruct|mmlupro=gemma-2-9b-it,False,False,2,4.985606146714422,0.6232007683393027,0.8035714285714286,False
0,bt,p2etg,132160,bbh=NVIDIA-Nemotron-Nano-9B-v2|finqa=Fin-R1|korbench=Llama-3.1-8B-UltraMedical|livecodebench=Qwen3-8B|math500=DeepSeek-R1-0528-Qwen3-8B|medqa=Llama-3.1-8B-Instruct|meld=Qwen2.5-Coder-7B-Instruct|mmlupro=gemma-2-9b-it,False,False,2,4.985606146714422,0.6232007683393027,0.796875,False
0,bt,p2etg,132608,bbh=NVIDIA-Nemotron-Nano-9B-v2|finqa=Fin-R1|korbench=Llama-3.1-8B-UltraMedical|livecodebench=Qwen3-8B|math500=DeepSeek-R1-0528-Qwen3-8B|medqa=Llama-3.1-8B-Instruct|meld=Qwen2.5-Coder-7B-Instruct|mmlupro=gemma-2-9b-it,False,False,2,4.985606146714422,0.6232007683393027,0.8035714285714286,False
0,bt,p2etg,133056,bbh=NVIDIA-Nemotron-Nano-9B-v2|finqa=Fin-R1|korbench=Llama-3.1-8B-UltraMedical|livecodebench=Qwen3-8B|math500=DeepSeek-R1-0528-Qwen3-8B|medqa=Llama-3.1-8B-Instruct|meld=Qwen2.5-Coder-7B-Instruct|mmlupro=gemma-2-9b-it,False,False,2,4.985606146714422,0.6232007683393027,0.8013392857142857,False
0,bt,p2etg,133504,bbh=NVIDIA-Nemotron-Nano-9B-v2|finqa=Fin-R1|korbench=Llama-3.1-8B-UltraMedical|livecodebench=Qwen3-8B|math500=DeepSeek-R1-0528-Qwen3-8B|medqa=Llama-3.1-8B-Instruct|meld=Qwen2.5-Coder-7B-Instruct|mmlupro=gemma-2-9b-it,False,False,2,4.985606146714422,0.6232007683393027,0.8102678571428571,False
0,bt,p2etg,133952,bbh=NVIDIA-Nemotron-Nano-9B-v2|finqa=Fin-R1|korbench=Llama-3.1-8B-UltraMedical|livecodebench=Qwen3-8B|math500=DeepSeek-R1-0528-Qwen3-8B|medqa=Llama-3.1-8B-Instruct|meld=Qwen2.5-Coder-7B-Instruct|mmlupro=gemma-2-9b-it,False,False,2,4.985606146714422,0.6232007683393027,0.8035714285714286,False
0,bt,p2etg,134400,bbh=NVIDIA-Nemotron-Nano-9B-v2|finqa=Fin-R1|korbench=Llama-3.1-8B-UltraMedical|livecodebench=Qwen3-8B|math500=DeepSeek-R1-0528-Qwen3-8B|medqa=Llama-3.1-8B-Instruct|meld=Qwen2.5-Coder-7B-Instruct|mmlupro=gemma-2-9b-it,False,False,2,4.985606146714422,0.6232007683393027,0.8058035714285714,False
0,bt,p2etg,134848,bbh=NVIDIA-Nemotron-Nano-9B-v2|finqa=Fin-R1|korbench=Llama-3.1-8B-UltraMedical|livecodebench=Qwen3-8B|math500=DeepSeek-R1-0528-Qwen3-8B|medqa=Llama-3.1-8B-Instruct|meld=Qwen2.5-Coder-7B-Instruct|mmlupro=gemma-2-9b-it,False,False,2,4.985606146714422,0.6232007683393027,0.8035714285714286,False
0,bt,p2etg,135296,bbh=NVIDIA-Nemotron-Nano-9B-v2|finqa=Fin-R1|korbench=Llama-3.1-8B-UltraMedical|livecodebench=Qwen3-8B|math500=DeepSeek-R1-0528-Qwen3-8B|medqa=Llama-3.1-8B-Instruct|meld=Qwen2.5-Coder-7B-Instruct|mmlupro=gemma-2-9b-it,False,False,2,4.985606146714422,0.6232007683393027,0.8035714285714286,False
0,bt,p2etg,135744,bbh=NVIDIA-Nemotron-Nano-9B-v2|finqa=Fin-R1|korbench=Llama-3.1-8B-UltraMedical|livecodebench=Qwen3-8B|math500=DeepSeek-R1-0528-Qwen3-8B|medqa=Llama-3.1-8B-Instruct|meld=Qwen2.5-Coder-7B-Instruct|mmlupro=gemma-2-9b-it,False,False,2,4.985606146714422,0.6232007683393027,0.8013392857142857,False
0,bt,p2etg,136192,bbh=NVIDIA-Nemotron-Nano-9B-v2|finqa=Fin-R1|korbench=Llama-3.1-8B-UltraMedical|livecodebench=Qwen3-8B|math500=DeepSeek-R1-0528-Qwen3-8B|medqa=Llama-3.1-8B-Instruct|meld=Qwen2.5-Coder-7B-Instruct|mmlupro=gemma-2-9b-it,False,False,2,4.985606146714422,0.6232007683393027,0.8058035714285714,False
0,bt,p2etg,136640,bbh=NVIDIA-Nemotron-Nano-9B-v2|finqa=Fin-R1|korbench=Llama-3.1-8B-UltraMedical|livecodebench=Qwen3-8B|math500=DeepSeek-R1-0528-Qwen3-8B|medqa=Llama-3.1-8B-Instruct|meld=Qwen2.5-Coder-7B-Instruct|mmlupro=gemma-2-9b-it,False,False,2,4.985606146714422,0.6232007683393027,0.7991071428571429,False
0,bt,p2etg,137088,bbh=NVIDIA-Nemotron-Nano-9B-v2|finqa=Fin-R1|korbench=Llama-3.1-8B-UltraMedical|livecodebench=Qwen3-8B|math500=DeepSeek-R1-0528-Qwen3-8B|medqa=Llama-3.1-8B-Instruct|meld=Qwen2.5-Coder-7B-Instruct|mmlupro=gemma-2-9b-it,False,False,2,4.985606146714422,0.6232007683393027,0.796875,False
0,bt,p2etg,137536,bbh=NVIDIA-Nemotron-Nano-9B-v2|finqa=Fin-R1|korbench=Llama-3.1-8B-UltraMedical|livecodebench=Qwen3-8B|math500=DeepSeek-R1-0528-Qwen3-8B|medqa=Llama-3.1-8B-Instruct|meld=Qwen2.5-Coder-7B-Instruct|mmlupro=gemma-2-9b-it,False,False,2,4.985606146714422,0.6232007683393027,0.8035714285714286,False
0,bt,p2etg,137984,bbh=NVIDIA-Nemotron-Nano-9B-v2|finqa=Fin-R1|korbench=Llama-3.1-8B-UltraMedical|livecodebench=Qwen3-8B|math500=DeepSeek-R1-0528-Qwen3-8B|medqa=Llama-3.1-8B-Instruct|meld=Qwen2.5-Coder-7B-Instruct|mmlupro=gemma-2-9b-it,False,False,2,4.985606146714422,0.6232007683393027,0.796875,False
0,bt,p2etg,138432,bbh=NVIDIA-Nemotron-Nano-9B-v2|finqa=Fin-R1|korbench=Llama-3.1-8B-UltraMedical|livecodebench=Qwen3-8B|math500=DeepSeek-R1-0528-Qwen3-8B|medqa=Llama-3.1-8B-Instruct|meld=Qwen2.5-Coder-7B-Instruct|mmlupro=gemma-2-9b-it,False,False,2,4.985606146714422,0.6232007683393027,0.8013392857142857,False
0,bt,p2etg,138880,bbh=NVIDIA-Nemotron-Nano-9B-v2|finqa=Fin-R1|korbench=Llama-3.1-8B-UltraMedical|livecodebench=Qwen3-8B|math500=DeepSeek-R1-0528-Qwen3-8B|medqa=Llama-3.1-8B-Instruct|meld=Qwen2.5-Coder-7B-Instruct|mmlupro=gemma-2-9b-it,False,False,2,4.985606146714422,0.6232007683393027,0.796875,False
0,bt,p2etg,139328,bbh=NVIDIA-Nemotron-Nano-9B-v2|finqa=Fin-R1|korbench=Llama-3.1-8B-UltraMedical|livecodebench=Qwen3-8B|math500=DeepSeek-R1-0528-Qwen3-8B|medqa=Llama-3.1-8B-Instruct|meld=Qwen2.5-Coder-7B-Instruct|mmlupro=gemma-2-9b-it,False,False,2,4.985606146714422,0.6232007683393027,0.8058035714285714,False
0,bt,p2etg,139776,bbh=NVIDIA-Nemotron-Nano-9B-v2|finqa=Fin-R1|korbench=Llama-3.1-8B-UltraMedical|livecodebench=Qwen3-8B|math500=DeepSeek-R1-0528-Qwen3-8B|medqa=Llama-3.1-8B-Instruct|meld=Qwen2.5-Coder-7B-Instruct|mmlupro=gemma-2-9b-it,False,False,2,4.985606146714422,0.6232007683393027,0.8013392857142857,False
0,bt,p2etg,140224,bbh=NVIDIA-Nemotron-Nano-9B-v2|finqa=Fin-R1|korbench=Llama-3.1-8B-UltraMedical|livecodebench=Qwen3-8B|math500=DeepSeek-R1-0528-Qwen3-8B|medqa=Llama-3.1-8B-Instruct|meld=Qwen2.5-Coder-7B-Instruct|mmlupro=gemma-2-9b-it,False,False,2,4.985606146714422,0.6232007683393027,0.8035714285714286,False
0,bt,p2etg,140672,bbh=NVIDIA-Nemotron-Nano-9B-v2|finqa=Fin-R1|korbench=Llama-3.1-8B-UltraMedical|livecodebench=Qwen3-8B|math500=DeepSeek-R1-0528-Qwen3-8B|medqa=Llama-3.1-8B-Instruct|meld=Qwen2.5-Coder-7B-Instruct|mmlupro=gemma-2-9b-it,False,False,2,4.985606146714422,0.6232007683393027,0.8035714285714286,False
0,bt,p2etg,141120,bbh=NVIDIA-Nemotron-Nano-9B-v2|finqa=Fin-R1|korbench=Llama-3.1-8B-UltraMedical|livecodebench=Qwen3-8B|math500=DeepSeek-R1-0528-Qwen3-8B|medqa=Llama-3.1-8B-Instruct|meld=Qwen2.5-Coder-7B-Instruct|mmlupro=gemma-2-9b-it,False,False,2,4.985606146714422,0.6232007683393027,0.8102678571428571,False
0,bt,p2etg,141568,bbh=NVIDIA-Nemotron-Nano-9B-v2|finqa=Fin-R1|korbench=Llama-3.1-8B-UltraMedical|livecodebench=Qwen3-8B|math500=DeepSeek-R1-0528-Qwen3-8B|medqa=Llama-3.1-8B-Instruct|meld=Qwen2.5-Coder-7B-Instruct|mmlupro=gemma-2-9b-it,False,False,2,4.985606146714422,0.6232007683393027,0.8035714285714286,False
0,bt,p2etg,142016,bbh=NVIDIA-Nemotron-Nano-9B-v2|finqa=Fin-R1|korbench=Llama-3.1-8B-UltraMedical|livecodebench=Qwen3-8B|math500=DeepSeek-R1-0528-Qwen3-8B|medqa=Llama-3.1-8B-Instruct|meld=Qwen2.5-Coder-7B-Instruct|mmlupro=gemma-2-9b-it,False,False,2,4.985606146714422,0.6232007683393027,0.8080357142857143,False
0,bt,p2etg,142464,bbh=NVIDIA-Nemotron-Nano-9B-v2|finqa=Fin-R1|korbench=Llama-3.1-8B-UltraMedical|livecodebench=Qwen3-8B|math500=DeepSeek-R1-0528-Qwen3-8B|medqa=Llama-3.1-8B-Instruct|meld=Qwen2.5-Coder-7B-Instruct|mmlupro=gemma-2-9b-it,False,False,2,4.985606146714422,0.6232007683393027,0.8058035714285714,False
0,bt,p2etg,142912,bbh=NVIDIA-Nemotron-Nano-9B-v2|finqa=Fin-R1|korbench=Llama-3.1-8B-UltraMedical|livecodebench=Qwen3-8B|math500=DeepSeek-R1-0528-Qwen3-8B|medqa=Llama-3.1-8B-Instruct|meld=Qwen2.5-Coder-7B-Instruct|mmlupro=gemma-2-9b-it,False,False,2,4.985606146714422,0.6232007683393027,0.8080357142857143,False
0,bt,p2etg,143360,bbh=NVIDIA-Nemotron-Nano-9B-v2|finqa=Fin-R1|korbench=Llama-3.1-8B-UltraMedical|livecodebench=Qwen3-8B|math500=DeepSeek-R1-0528-Qwen3-8B|medqa=Llama-3.1-8B-Instruct|meld=Qwen2.5-Coder-7B-Instruct|mmlupro=gemma-2-9b-it,False,False,2,4.985606146714422,0.6232007683393027,0.8035714285714286,False
0,bt,p2etg,143808,bbh=NVIDIA-Nemotron-Nano-9B-v2|finqa=Fin-R1|korbench=Llama-3.1-8B-UltraMedical|livecodebench=Qwen3-8B|math500=DeepSeek-R1-0528-Qwen3-8B|medqa=Llama-3.1-8B-Instruct|meld=Qwen2.5-Coder-7B-Instruct|mmlupro=gemma-2-9b-it,False,False,2,4.985606146714422,0.6232007683393027,0.8013392857142857,False
0,bt,p2etg,144256,bbh=NVIDIA-Nemotron-Nano-9B-v2|finqa=Fin-R1|korbench=Llama-3.1-8B-UltraMedical|livecodebench=Qwen3-8B|math500=DeepSeek-R1-0528-Qwen3-8B|medqa=Llama-3.1-8B-Instruct|meld=Qwen2.5-Coder-7B-Instruct|mmlupro=gemma-2-9b-it,False,False,2,4.985606146714422,0.6232007683393027,0.8080357142857143,False
0,bt,p2etg,144704,bbh=NVIDIA-Nemotron-Nano-9B-v2|finqa=Fin-R1|korbench=Llama-3.1-8B-UltraMedical|livecodebench=Qwen3-8B|math500=DeepSeek-R1-0528-Qwen3-8B|medqa=Llama-3.1-8B-Instruct|meld=Qwen2.5-Coder-7B-Instruct|mmlupro=gemma-2-9b-it,False,False,2,4.985606146714422,0.6232007683393027,0.8035714285714286,False
0,bt,p2etg,145152,bbh=NVIDIA-Nemotron-Nano-9B-v2|finqa=Fin-R1|korbench=Llama-3.1-8B-UltraMedical|livecodebench=Qwen3-8B|math500=DeepSeek-R1-0528-Qwen3-8B|medqa=Llama-3.1-8B-Instruct|meld=Qwen2.5-Coder-7B-Instruct|mmlupro=gemma-2-9b-it,False,False,2,4.985606146714422,0.6232007683393027,0.8058035714285714,False
0,bt,p2etg,145600,bbh=NVIDIA-Nemotron-Nano-9B-v2|finqa=Fin-R1|korbench=Llama-3.1-8B-UltraMedical|livecodebench=Qwen3-8B|math500=DeepSeek-R1-0528-Qwen3-8B|medqa=Llama-3.1-8B-Instruct|meld=Qwen2.5-Coder-7B-Instruct|mmlupro=gemma-2-9b-it,False,False,2,4.985606146714422,0.6232007683393027,0.8013392857142857,False
0,bt,p2etg,146048,bbh=NVIDIA-Nemotron-Nano-9B-v2|finqa=Fin-R1|korbench=Llama-3.1-8B-UltraMedical|livecodebench=Qwen3-8B|math500=DeepSeek-R1-0528-Qwen3-8B|medqa=Llama-3.1-8B-Instruct|meld=Qwen2.5-Coder-7B-Instruct|mmlupro=gemma-2-9b-it,False,False,2,4.985606146714422,0.6232007683393027,0.8125,False
0,bt,p2etg,146496,bbh=NVIDIA-Nemotron-Nano-9B-v2|finqa=Fin-R1|korbench=Llama-3.1-8B-UltraMedical|livecodebench=Qwen3-8B|math500=DeepSeek-R1-0528-Qwen3-8B|medqa=Llama-3.1-8B-Instruct|meld=Qwen2.5-Coder-7B-Instruct|mmlupro=gemma-2-9b-it,False,False,2,4.985606146714422,0.6232007683393027,0.8080357142857143,False
0,bt,p2etg,146944,bbh=NVIDIA-Nemotron-Nano-9B-v2|finqa=Fin-R1|korbench=Llama-3.1-8B-UltraMedical|livecodebench=Qwen3-8B|math500=DeepSeek-R1-0528-Qwen3-8B|medqa=Llama-3.1-8B-Instruct|meld=Qwen2.5-Coder-7B-Instruct|mmlupro=gemma-2-9b-it,False,False,2,4.985606146714422,0.6232007683393027,0.8169642857142857,False
0,bt,p2etg,147392,bbh=NVIDIA-Nemotron-Nano-9B-v2|finqa=Fin-R1|korbench=Llama-3.1-8B-UltraMedical|livecodebench=Qwen3-8B|math500=DeepSeek-R1-0528-Qwen3-8B|medqa=Llama-3.1-8B-Instruct|meld=Qwen2.5-Coder-7B-Instruct|mmlupro=gemma-2-9b-it,False,False,2,4.985606146714422,0.6232007683393027,0.8102678571428571,False
0,bt,p2etg,147840,bbh=NVIDIA-Nemotron-Nano-9B-v2|finqa=Fin-R1|korbench=Llama-3.1-8B-UltraMedical|livecodebench=Qwen3-8B|math500=DeepSeek-R1-0528-Qwen3-8B|medqa=Llama-3.1-8B-Instruct|meld=Qwen2.5-Coder-7B-Instruct|mmlupro=gemma-2-9b-it,False,False,2,4.985606146714422,0.6232007683393027,0.8191964285714286,False
0,bt,p2etg,148288,bbh=NVIDIA-Nemotron-Nano-9B-v2|finqa=Fin-R1|korbench=Llama-3.1-8B-UltraMedical|livecodebench=Qwen3-8B|math500=DeepSeek-R1-0528-Qwen3-8B|medqa=Llama-3.1-8B-Instruct|meld=Qwen2.5-Coder-7B-Instruct|mmlupro=gemma-2-9b-it,False,False,2,4.985606146714422,0.6232007683393027,0.8102678571428571,False
0,bt,p2etg,148736,bbh=NVIDIA-Nemotron-Nano-9B-v2|finqa=Fin-R1|korbench=Llama-3.1-8B-UltraMedical|livecodebench=Qwen3-8B|math500=DeepSeek-R1-0528-Qwen3-8B|medqa=Llama-3.1-8B-Instruct|meld=Qwen2.5-Coder-7B-Instruct|mmlupro=gemma-2-9b-it,False,False,2,4.985606146714422,0.6232007683393027,0.8191964285714286,False
0,bt,p2etg,149184,bbh=NVIDIA-Nemotron-Nano-9B-v2|finqa=Fin-R1|korbench=Llama-3.1-8B-UltraMedical|livecodebench=Qwen3-8B|math500=DeepSeek-R1-0528-Qwen3-8B|medqa=Llama-3.1-8B-Instruct|meld=Qwen2.5-Coder-7B-Instruct|mmlupro=gemma-2-9b-it,False,False,2,4.985606146714422,0.6232007683393027,0.8169642857142857,False
0,bt,p2etg,149632,bbh=NVIDIA-Nemotron-Nano-9B-v2|finqa=Fin-R1|korbench=Llama-3.1-8B-UltraMedical|livecodebench=Qwen3-8B|math500=DeepSeek-R1-0528-Qwen3-8B|medqa=Llama-3.1-8B-Instruct|meld=Qwen2.5-Coder-7B-Instruct|mmlupro=gemma-2-9b-it,False,False,2,4.985606146714422,0.6232007683393027,0.8236607142857143,False
0,bt,p2etg,150080,bbh=NVIDIA-Nemotron-Nano-9B-v2|finqa=Fin-R1|korbench=Llama-3.1-8B-UltraMedical|livecodebench=Qwen3-8B|math500=DeepSeek-R1-0528-Qwen3-8B|medqa=Llama-3.1-8B-Instruct|meld=Qwen2.5-Coder-7B-Instruct|mmlupro=gemma-2-9b-it,False,False,2,4.985606146714422,0.6232007683393027,0.8147321428571429,False
0,bt,p2etg,150528,bbh=NVIDIA-Nemotron-Nano-9B-v2|finqa=Fin-R1|korbench=Llama-3.1-8B-UltraMedical|livecodebench=Qwen3-8B|math500=DeepSeek-R1-0528-Qwen3-8B|medqa=Llama-3.1-8B-Instruct|meld=Qwen2.5-Coder-7B-Instruct|mmlupro=gemma-2-9b-it,False,False,2,4.985606146714422,0.6232007683393027,0.8125,False
0,bt,p2etg,150976,bbh=NVIDIA-Nemotron-Nano-9B-v2|finqa=Fin-R1|korbench=Llama-3.1-8B-UltraMedical|livecodebench=Qwen3-8B|math500=DeepSeek-R1-0528-Qwen3-8B|medqa=Llama-3.1-8B-Instruct|meld=Qwen2.5-Coder-7B-Instruct|mmlupro=gemma-2-9b-it,False,False,2,4.985606146714422,0.6232007683393027,0.8169642857142857,False
0,bt,p2etg,151424,bbh=NVIDIA-Nemotron-Nano-9B-v2|finqa=Fin-R1|korbench=Llama-3.1-8B-UltraMedical|livecodebench=Qwen3-8B|math500=DeepSeek-R1-0528-Qwen3-8B|medqa=Llama-3.1-8B-Instruct|meld=Qwen2.5-Coder-7B-Instruct|mmlupro=gemma-2-9b-it,False,False,2,4.985606146714422,0.6232007683393027,0.8080357142857143,False
0,bt,p2etg,151872,bbh=NVIDIA-Nemotron-Nano-9B-v2|finqa=Fin-R1|korbench=Llama-3.1-8B-UltraMedical|livecodebench=Qwen3-8B|math500=DeepSeek-R1-0528-Qwen3-8B|medqa=Llama-3.1-8B-Instruct|meld=Qwen2.5-Coder-7B-Instruct|mmlupro=gemma-2-9b-it,False,False,2,4.985606146714422,0.6232007683393027,0.8191964285714286,False
0,bt,p2etg,152320,bbh=NVIDIA-Nemotron-Nano-9B-v2|finqa=Fin-R1|korbench=Llama-3.1-8B-UltraMedical|livecodebench=Qwen3-8B|math500=DeepSeek-R1-0528-Qwen3-8B|medqa=Llama-3.1-8B-Instruct|meld=Qwen2.5-Coder-7B-Instruct|mmlupro=gemma-2-9b-it,False,False,2,4.985606146714422,0.6232007683393027,0.8125,False
0,bt,p2etg,152768,bbh=NVIDIA-Nemotron-Nano-9B-v2|finqa=Fin-R1|korbench=Llama-3.1-8B-UltraMedical|livecodebench=Qwen3-8B|math500=DeepSeek-R1-0528-Qwen3-8B|medqa=Llama-3.1-8B-Instruct|meld=Qwen2.5-Coder-7B-Instruct|mmlupro=gemma-2-9b-it,False,False,2,4.985606146714422,0.6232007683393027,0.8147321428571429,False
0,bt,p2etg,153216,bbh=NVIDIA-Nemotron-Nano-9B-v2|finqa=Fin-R1|korbench=Llama-3.1-8B-UltraMedical|livecodebench=Qwen3-8B|math500=DeepSeek-R1-0528-Qwen3-8B|medqa=Llama-3.1-8B-Instruct|meld=Qwen2.5-Coder-7B-Instruct|mmlupro=gemma-2-9b-it,False,False,2,4.985606146714422,0.6232007683393027,0.8125,False
0,bt,p2etg,153664,bbh=NVIDIA-Nemotron-Nano-9B-v2|finqa=Fin-R1|korbench=Llama-3.1-8B-UltraMedical|livecodebench=Qwen3-8B|math500=DeepSeek-R1-0528-Qwen3-8B|medqa=Llama-3.1-8B-Instruct|meld=Qwen2.5-Coder-7B-Instruct|mmlupro=gemma-2-9b-it,False,False,2,4.985606146714422,0.6232007683393027,0.8191964285714286,False
0,bt,p2etg,154112,bbh=NVIDIA-Nemotron-Nano-9B-v2|finqa=Fin-R1|korbench=Llama-3.1-8B-UltraMedical|livecodebench=Qwen3-8B|math500=DeepSeek-R1-0528-Qwen3-8B|medqa=Llama-3.1-8B-Instruct|meld=Qwen2.5-Coder-7B-Instruct|mmlupro=gemma-2-9b-it,False,False,2,4.985606146714422,0.6232007683393027,0.8169642857142857,False
0,bt,p2etg,154560,bbh=NVIDIA-Nemotron-Nano-9B-v2|finqa=Fin-R1|korbench=Llama-3.1-8B-UltraMedical|livecodebench=Qwen3-8B|math500=DeepSeek-R1-0528-Qwen3-8B|medqa=Llama-3.1-8B-Instruct|meld=Qwen2.5-Coder-7B-Instruct|mmlupro=gemma-2-9b-it,False,False,2,4.985606146714422,0.6232007683393027,0.8191964285714286,False
0,bt,p2etg,155008,bbh=NVIDIA-Nemotron-Nano-9B-v2|finqa=Fin-R1|korbench=Llama-3.1-8B-UltraMedical|livecodebench=Qwen3-8B|math500=DeepSeek-R1-0528-Qwen3-8B|medqa=Llama-3.1-8B-Instruct|meld=Qwen2.5-Coder-7B-Instruct|mmlupro=gemma-2-9b-it,False,False,2,4.985606146714422,0.6232007683393027,0.8191964285714286,False
0,bt,p2etg,155456,bbh=NVIDIA-Nemotron-Nano-9B-v2|finqa=Fin-R1|korbench=Llama-3.1-8B-UltraMedical|livecodebench=Qwen3-8B|math500=DeepSeek-R1-0528-Qwen3-8B|medqa=Llama-3.1-8B-Instruct|meld=Qwen2.5-Coder-7B-Instruct|mmlupro=gemma-2-9b-it,False,False,2,4.985606146714422,0.6232007683393027,0.8191964285714286,False
0,bt,p2etg,155904,bbh=NVIDIA-Nemotron-Nano-9B-v2|finqa=Fin-R1|korbench=Llama-3.1-8B-UltraMedical|livecodebench=Qwen3-8B|math500=DeepSeek-R1-0528-Qwen3-8B|medqa=Llama-3.1-8B-Instruct|meld=Qwen2.5-Coder-7B-Instruct|mmlupro=gemma-2-9b-it,False,False,2,4.985606146714422,0.6232007683393027,0.8169642857142857,False
0,bt,p2etg,156352,bbh=NVIDIA-Nemotron-Nano-9B-v2|finqa=Fin-R1|korbench=Llama-3.1-8B-UltraMedical|livecodebench=Qwen3-8B|math500=DeepSeek-R1-0528-Qwen3-8B|medqa=Llama-3.1-8B-Instruct|meld=Qwen2.5-Coder-7B-Instruct|mmlupro=gemma-2-9b-it,False,False,2,4.985606146714422,0.6232007683393027,0.8214285714285714,False
0,bt,p2etg,156800,bbh=NVIDIA-Nemotron-Nano-9B-v2|finqa=Fin-R1|korbench=Llama-3.1-8B-UltraMedical|livecodebench=Qwen3-8B|math500=DeepSeek-R1-0528-Qwen3-8B|medqa=Llama-3.1-8B-Instruct|meld=Qwen2.5-Coder-7B-Instruct|mmlupro=gemma-2-9b-it,False,False,2,4.985606146714422,0.6232007683393027,0.8169642857142857,False
0,bt,p2etg,157248,bbh=NVIDIA-Nemotron-Nano-9B-v2|finqa=Fin-R1|korbench=Llama-3.1-8B-UltraMedical|livecodebench=Qwen3-8B|math500=DeepSeek-R1-0528-Qwen3-8B|medqa=Llama-3.1-8B-Instruct|meld=Qwen2.5-Coder-7B-Instruct|mmlupro=gemma-2-9b-it,False,False,2,4.985606146714422,0.6232007683393027,0.8236607142857143,False
0,bt,p2etg,157696,bbh=NVIDIA-Nemotron-Nano-9B-v2|finqa=Fin-R1|korbench=Qwen2.5-Coder-7B-Instruct|livecodebench=Qwen3-8B|math500=DeepSeek-R1-0528-Qwen3-8B|medqa=Llama-3.1-8B-Instruct|meld=gemma-2-9b-it|mmlupro=Llama-3.1-8B-UltraMedical,False,False,1,5.102091976673935,0.6377614970842419,0.8191964285714286,False
0,bt,p2etg,158144,bbh=NVIDIA-Nemotron-Nano-9B-v2|finqa=Fin-R1|korbench=Qwen2.5-Coder-7B-Instruct|livecodebench=Qwen3-8B|math500=DeepSeek-R1-0528-Qwen3-8B|medqa=Llama-3.1-8B-Instruct|meld=gemma-2-9b-it|mmlupro=Llama-3.1-8B-UltraMedical,False,False,1,5.102091976673935,0.6377614970842419,0.8147321428571429,False
0,bt,p2etg,158592,bbh=NVIDIA-Nemotron-Nano-9B-v2|finqa=Fin-R1|korbench=Qwen2.5-Coder-7B-Instruct|livecodebench=Qwen3-8B|math500=DeepSeek-R1-0528-Qwen3-8B|medqa=Llama-3.1-8B-Instruct|meld=gemma-2-9b-it|mmlupro=Llama-3.1-8B-UltraMedical,False,False,1,5.102091976673935,0.6377614970842419,0.8169642857142857,False
0,bt,p2etg,159040,bbh=NVIDIA-Nemotron-Nano-9B-v2|finqa=Fin-R1|korbench=Qwen2.5-Coder-7B-Instruct|livecodebench=Qwen3-8B|math500=DeepSeek-R1-0528-Qwen3-8B|medqa=Llama-3.1-8B-Instruct|meld=gemma-2-9b-it|mmlupro=Llama-3.1-8B-UltraMedical,False,False,1,5.102091976673935,0.6377614970842419,0.8147321428571429,False
0,bt,p2etg,159488,bbh=NVIDIA-Nemotron-Nano-9B-v2|finqa=Fin-R1|korbench=Qwen2.5-Coder-7B-Instruct|livecodebench=Qwen3-8B|math500=DeepSeek-R1-0528-Qwen3-8B|medqa=Llama-3.1-8B-Instruct|meld=gemma-2-9b-it|mmlupro=Llama-3.1-8B-UltraMedical,False,False,1,5.102091976673935,0.6377614970842419,0.8191964285714286,False
0,bt,p2etg,159936,bbh=NVIDIA-Nemotron-Nano-9B-v2|finqa=Fin-R1|korbench=Qwen2.5-Coder-7B-Instruct|livecodebench=Qwen3-8B|math500=DeepSeek-R1-0528-Qwen3-8B|medqa=Llama-3.1-8B-Instruct|meld=gemma-2-9b-it|mmlupro=Llama-3.1-8B-UltraMedical,False,False,1,5.102091976673935,0.6377614970842419,0.8169642857142857,False
0,bt,p2etg,160384,bbh=NVIDIA-Nemotron-Nano-9B-v2|finqa=Fin-R1|korbench=Qwen2.5-Coder-7B-Instruct|livecodebench=Qwen3-8B|math500=DeepSeek-R1-0528-Qwen3-8B|medqa=Llama-3.1-8B-Instruct|meld=gemma-2-9b-it|mmlupro=Llama-3.1-8B-UltraMedical,False,False,1,5.102091976673935,0.6377614970842419,0.8236607142857143,False
0,bt,p2etg,160832,bbh=NVIDIA-Nemotron-Nano-9B-v2|finqa=Fin-R1|korbench=Qwen2.5-Coder-7B-Instruct|livecodebench=Qwen3-8B|math500=DeepSeek-R1-0528-Qwen3-8B|medqa=Llama-3.1-8B-Instruct|meld=gemma-2-9b-it|mmlupro=Llama-3.1-8B-UltraMedical,False,False,1,5.102091976673935,0.6377614970842419,0.8214285714285714,False
0,bt,p2etg,161280,bbh=NVIDIA-Nemotron-Nano-9B-v2|finqa=Fin-R1|korbench=Llama-3.1-8B-UltraMedical|livecodebench=Qwen3-8B|math500=DeepSeek-R1-0528-Qwen3-8B|medqa=Llama-3.1-8B-Instruct|meld=Qwen2.5-Coder-7B-Instruct|mmlupro=gemma-2-9b-it,False,False,2,4.985606146714422,0.6232007683393027,0.8258928571428571,False
0,bt,p2etg,161728,bbh=NVIDIA-Nemotron-Nano-9B-v2|finqa=Fin-R1|korbench=Llama-3.1-8B-UltraMedical|livecodebench=Qwen3-8B|math500=DeepSeek-R1-0528-Qwen3-8B|medqa=Llama-3.1-8B-Instruct|meld=Qwen2.5-Coder-7B-Instruct|mmlupro=gemma-2-9b-it,False,False,2,4.985606146714422,0.6232007683393027,0.8214285714285714,False
0,bt,p2etg,162176,bbh=NVIDIA-Nemotron-Nano-9B-v2|finqa=Fin-R1|korbench=Qwen2.5-Coder-7B-Instruct|livecodebench=Qwen3-8B|math500=DeepSeek-R1-0528-Qwen3-8B|medqa=Llama-3.1-8B-Instruct|meld=gemma-2-9b-it|mmlupro=Llama-3.1-8B-UltraMedical,False,False,1,5.102091976673935,0.6377614970842419,0.8258928571428571,False
0,bt,p2etg,162624,bbh=NVIDIA-Nemotron-Nano-9B-v2|finqa=Fin-R1|korbench=Qwen2.5-Coder-7B-Instruct|livecodebench=Qwen3-8B|math500=DeepSeek-R1-0528-Qwen3-8B|medqa=Llama-3.1-8B-Instruct|meld=gemma-2-9b-it|mmlupro=Llama-3.1-8B-UltraMedical,False,False,1,5.102091976673935,0.6377614970842419,0.8258928571428571,False
0,bt,p2etg,163072,bbh=NVIDIA-Nemotron-Nano-9B-v2|finqa=Fin-R1|korbench=Qwen2.5-Coder-7B-Instruct|livecodebench=Qwen3-8B|math500=DeepSeek-R1-0528-Qwen3-8B|medqa=Llama-3.1-8B-Instruct|meld=gemma-2-9b-it|mmlupro=Llama-3.1-8B-UltraMedical,False,False,1,5.102091976673935,0.6377614970842419,0.828125,False
0,bt,p2etg,163520,bbh=NVIDIA-Nemotron-Nano-9B-v2|finqa=Fin-R1|korbench=Qwen2.5-Coder-7B-Instruct|livecodebench=Qwen3-8B|math500=DeepSeek-R1-0528-Qwen3-8B|medqa=Llama-3.1-8B-Instruct|meld=gemma-2-9b-it|mmlupro=Llama-3.1-8B-UltraMedical,False,False,1,5.102091976673935,0.6377614970842419,0.8236607142857143,False
0,bt,p2etg,163968,bbh=NVIDIA-Nemotron-Nano-9B-v2|finqa=Fin-R1|korbench=Qwen2.5-Coder-7B-Instruct|livecodebench=Qwen3-8B|math500=DeepSeek-R1-0528-Qwen3-8B|medqa=Llama-3.1-8B-Instruct|meld=gemma-2-9b-it|mmlupro=Llama-3.1-8B-UltraMedical,False,False,1,5.102091976673935,0.6377614970842419,0.8303571428571429,False
0,bt,p2etg,164416,bbh=NVIDIA-Nemotron-Nano-9B-v2|finqa=Fin-R1|korbench=Qwen2.5-Coder-7B-Instruct|livecodebench=Qwen3-8B|math500=DeepSeek-R1-0528-Qwen3-8B|medqa=Llama-3.1-8B-Instruct|meld=gemma-2-9b-it|mmlupro=Llama-3.1-8B-UltraMedical,False,False,1,5.102091976673935,0.6377614970842419,0.8258928571428571,False
0,bt,p2etg,164864,bbh=NVIDIA-Nemotron-Nano-9B-v2|finqa=Fin-R1|korbench=Llama-3.1-8B-UltraMedical|livecodebench=Qwen3-8B|math500=DeepSeek-R1-0528-Qwen3-8B|medqa=Llama-3.1-8B-Instruct|meld=Qwen2.5-Coder-7B-Instruct|mmlupro=gemma-2-9b-it,False,False,2,4.985606146714422,0.6232007683393027,0.8191964285714286,False
0,bt,p2etg,165312,bbh=NVIDIA-Nemotron-Nano-9B-v2|finqa=Fin-R1|korbench=Qwen2.5-Coder-7B-Instruct|livecodebench=Qwen3-8B|math500=DeepSeek-R1-0528-Qwen3-8B|medqa=Llama-3.1-8B-Instruct|meld=gemma-2-9b-it|mmlupro=Llama-3.1-8B-UltraMedical,False,False,1,5.102091976673935,0.6377614970842419,0.8258928571428571,False
0,bt,p2etg,165760,bbh=NVIDIA-Nemotron-Nano-9B-v2|finqa=Fin-R1|korbench=Qwen2.5-Coder-7B-Instruct|livecodebench=Qwen3-8B|math500=DeepSeek-R1-0528-Qwen3-8B|medqa=Llama-3.1-8B-Instruct|meld=gemma-2-9b-it|mmlupro=Llama-3.1-8B-UltraMedical,False,False,1,5.102091976673935,0.6377614970842419,0.8236607142857143,False
0,bt,p2etg,166208,bbh=NVIDIA-Nemotron-Nano-9B-v2|finqa=Fin-R1|korbench=Qwen2.5-Coder-7B-Instruct|livecodebench=Qwen3-8B|math500=DeepSeek-R1-0528-Qwen3-8B|medqa=Llama-3.1-8B-Instruct|meld=gemma-2-9b-it|mmlupro=Llama-3.1-8B-UltraMedical,False,False,1,5.102091976673935,0.6377614970842419,0.8236607142857143,False
0,bt,p2etg,166656,bbh=NVIDIA-Nemotron-Nano-9B-v2|finqa=Fin-R1|korbench=Qwen2.5-Coder-7B-Instruct|livecodebench=Qwen3-8B|math500=DeepSeek-R1-0528-Qwen3-8B|medqa=Llama-3.1-8B-Instruct|meld=gemma-2-9b-it|mmlupro=Llama-3.1-8B-UltraMedical,False,False,1,5.102091976673935,0.6377614970842419,0.8191964285714286,False
0,bt,p2etg,167104,bbh=NVIDIA-Nemotron-Nano-9B-v2|finqa=Fin-R1|korbench=Qwen2.5-Coder-7B-Instruct|livecodebench=Qwen3-8B|math500=DeepSeek-R1-0528-Qwen3-8B|medqa=Llama-3.1-8B-Instruct|meld=gemma-2-9b-it|mmlupro=Llama-3.1-8B-UltraMedical,False,False,1,5.102091976673935,0.6377614970842419,0.8258928571428571,False
0,bt,p2etg,167552,bbh=NVIDIA-Nemotron-Nano-9B-v2|finqa=Fin-R1|korbench=Qwen2.5-Coder-7B-Instruct|livecodebench=Qwen3-8B|math500=DeepSeek-R1-0528-Qwen3-8B|medqa=Llama-3.1-8B-Instruct|meld=gemma-2-9b-it|mmlupro=Llama-3.1-8B-UltraMedical,False,False,1,5.102091976673935,0.6377614970842419,0.8214285714285714,False
0,bt,p2etg,168000,bbh=NVIDIA-Nemotron-Nano-9B-v2|finqa=Fin-R1|korbench=Qwen2.5-Coder-7B-Instruct|livecodebench=Qwen3-8B|math500=DeepSeek-R1-0528-Qwen3-8B|medqa=Llama-3.1-8B-Instruct|meld=gemma-2-9b-it|mmlupro=Llama-3.1-8B-UltraMedical,False,False,1,5.102091976673935,0.6377614970842419,0.8258928571428571,False
0,bt,p2etg,168448,bbh=NVIDIA-Nemotron-Nano-9B-v2|finqa=Fin-R1|korbench=Qwen2.5-Coder-7B-Instruct|livecodebench=Qwen3-8B|math500=DeepSeek-R1-0528-Qwen3-8B|medqa=Llama-3.1-8B-Instruct|meld=gemma-2-9b-it|mmlupro=Llama-3.1-8B-UltraMedical,False,False,1,5.102091976673935,0.6377614970842419,0.8258928571428571,False
0,bt,p2etg,168896,bbh=NVIDIA-Nemotron-Nano-9B-v2|finqa=Fin-R1|korbench=Qwen2.5-Coder-7B-Instruct|livecodebench=Qwen3-8B|math500=DeepSeek-R1-0528-Qwen3-8B|medqa=Llama-3.1-8B-Instruct|meld=gemma-2-9b-it|mmlupro=Llama-3.1-8B-UltraMedical,False,False,1,5.102091976673935,0.6377614970842419,0.828125,False
0,bt,p2etg,169344,bbh=NVIDIA-Nemotron-Nano-9B-v2|finqa=Fin-R1|korbench=Qwen2.5-Coder-7B-Instruct|livecodebench=Qwen3-8B|math500=DeepSeek-R1-0528-Qwen3-8B|medqa=Llama-3.1-8B-Instruct|meld=gemma-2-9b-it|mmlupro=Llama-3.1-8B-UltraMedical,False,False,1,5.102091976673935,0.6377614970842419,0.8258928571428571,False
0,bt,p2etg,169792,bbh=NVIDIA-Nemotron-Nano-9B-v2|finqa=Fin-R1|korbench=Qwen2.5-Coder-7B-Instruct|livecodebench=Qwen3-8B|math500=DeepSeek-R1-0528-Qwen3-8B|medqa=Llama-3.1-8B-Instruct|meld=gemma-2-9b-it|mmlupro=Llama-3.1-8B-UltraMedical,False,False,1,5.102091976673935,0.6377614970842419,0.8325892857142857,False
0,bt,p2etg,170240,bbh=NVIDIA-Nemotron-Nano-9B-v2|finqa=Fin-R1|korbench=Llama-3.1-8B-UltraMedical|livecodebench=Qwen3-8B|math500=DeepSeek-R1-0528-Qwen3-8B|medqa=Llama-3.1-8B-Instruct|meld=Qwen2.5-Coder-7B-Instruct|mmlupro=gemma-2-9b-it,False,False,2,4.985606146714422,0.6232007683393027,0.8303571428571429,False
0,bt,p2etg,170688,bbh=NVIDIA-Nemotron-Nano-9B-v2|finqa=Fin-R1|korbench=Llama-3.1-8B-UltraMedical|livecodebench=Qwen3-8B|math500=DeepSeek-R1-0528-Qwen3-8B|medqa=Llama-3.1-8B-Instruct|meld=Qwen2.5-Coder-7B-Instruct|mmlupro=gemma-2-9b-it,False,False,2,4.985606146714422,0.6232007683393027,0.8325892857142857,False
0,bt,p2etg,171136,bbh=NVIDIA-Nemotron-Nano-9B-v2|finqa=Fin-R1|korbench=Llama-3.1-8B-UltraMedical|livecodebench=Qwen3-8B|math500=DeepSeek-R1-0528-Qwen3-8B|medqa=Llama-3.1-8B-Instruct|meld=Qwen2.5-Coder-7B-Instruct|mmlupro=gemma-2-9b-it,False,False,2,4.985606146714422,0.6232007683393027,0.8303571428571429,False
0,bt,p2etg,171584,bbh=NVIDIA-Nemotron-Nano-9B-v2|finqa=Fin-R1|korbench=Llama-3.1-8B-UltraMedical|livecodebench=Qwen3-8B|math500=DeepSeek-R1-0528-Qwen3-8B|medqa=Llama-3.1-8B-Instruct|meld=Qwen2.5-Coder-7B-Instruct|mmlupro=gemma-2-9b-it,False,False,2,4.985606146714422,0.6232007683393027,0.8348214285714286,False
0,bt,p2etg,172032,bbh=NVIDIA-Nemotron-Nano-9B-v2|finqa=Fin-R1|korbench=Qwen2.5-Coder-7B-Instruct|livecodebench=Qwen3-8B|math500=DeepSeek-R1-0528-Qwen3-8B|medqa=Llama-3.1-8B-Instruct|meld=gemma-2-9b-it|mmlupro=Llama-3.1-8B-UltraMedical,False,False,1,5.102091976673935,0.6377614970842419,0.8325892857142857,False
0,bt,p2etg,172480,bbh=NVIDIA-Nemotron-Nano-9B-v2|finqa=Fin-R1|korbench=Llama-3.1-8B-UltraMedical|livecodebench=Qwen3-8B|math500=DeepSeek-R1-0528-Qwen3-8B|medqa=Llama-3.1-8B-Instruct|meld=Qwen2.5-Coder-7B-Instruct|mmlupro=gemma-2-9b-it,False,False,2,4.985606146714422,0.6232007683393027,0.8325892857142857,False
0,bt,p2etg,172928,bbh=NVIDIA-Nemotron-Nano-9B-v2|finqa=Fin-R1|korbench=Llama-3.1-8B-UltraMedical|livecodebench=Qwen3-8B|math500=DeepSeek-R1-0528-Qwen3-8B|medqa=Llama-3.1-8B-Instruct|meld=Qwen2.5-Coder-7B-Instruct|mmlupro=gemma-2-9b-it,False,False,2,4.985606146714422,0.6232007683393027,0.8370535714285714,False
0,bt,p2etg,173376,bbh=NVIDIA-Nemotron-Nano-9B-v2|finqa=Fin-R1|korbench=Llama-3.1-8B-UltraMedical|livecodebench=Qwen3-8B|math500=DeepSeek-R1-0528-Qwen3-8B|medqa=Llama-3.1-8B-Instruct|meld=Qwen2.5-Coder-7B-Instruct|mmlupro=gemma-2-9b-it,False,False,2,4.985606146714422,0.6232007683393027,0.8303571428571429,False
0,bt,p2etg,173824,bbh=NVIDIA-Nemotron-Nano-9B-v2|finqa=Fin-R1|korbench=Llama-3.1-8B-UltraMedical|livecodebench=Qwen3-8B|math500=DeepSeek-R1-0528-Qwen3-8B|medqa=Llama-3.1-8B-Instruct|meld=Qwen2.5-Coder-7B-Instruct|mmlupro=gemma-2-9b-it,False,False,2,4.985606146714422,0.6232007683393027,0.8392857142857143,False
0,bt,p2etg,174272,bbh=NVIDIA-Nemotron-Nano-9B-v2|finqa=Fin-R1|korbench=Llama-3.1-8B-UltraMedical|livecodebench=Qwen3-8B|math500=DeepSeek-R1-0528-Qwen3-8B|medqa=Llama-3.1-8B-Instruct|meld=Qwen2.5-Coder-7B-Instruct|mmlupro=gemma-2-9b-it,False,False,2,4.985606146714422,0.6232007683393027,0.8392857142857143,False
0,bt,p2etg,174720,bbh=NVIDIA-Nemotron-Nano-9B-v2|finqa=Fin-R1|korbench=Llama-3.1-8B-UltraMedical|livecodebench=Qwen3-8B|math500=DeepSeek-R1-0528-Qwen3-8B|medqa=Llama-3.1-8B-Instruct|meld=Qwen2.5-Coder-7B-Instruct|mmlupro=gemma-2-9b-it,False,False,2,4.985606146714422,0.6232007683393027,0.8392857142857143,False
0,bt,p2etg,175168,bbh=NVIDIA-Nemotron-Nano-9B-v2|finqa=Fin-R1|korbench=Llama-3.1-8B-UltraMedical|livecodebench=Qwen3-8B|math500=DeepSeek-R1-0528-Qwen3-8B|medqa=Llama-3.1-8B-Instruct|meld=Qwen2.5-Coder-7B-Instruct|mmlupro=gemma-2-9b-it,False,False,2,4.985606146714422,0.6232007683393027,0.8370535714285714,False
0,bt,p2etg,175616,bbh=NVIDIA-Nemotron-Nano-9B-v2|finqa=Fin-R1|korbench=Llama-3.1-8B-UltraMedical|livecodebench=Qwen3-8B|math500=DeepSeek-R1-0528-Qwen3-8B|medqa=Llama-3.1-8B-Instruct|meld=Qwen2.5-Coder-7B-Instruct|mmlupro=gemma-2-9b-it,False,False,2,4.985606146714422,0.6232007683393027,0.8392857142857143,False
0,bt,p2etg,176064,bbh=NVIDIA-Nemotron-Nano-9B-v2|finqa=Fin-R1|korbench=Llama-3.1-8B-UltraMedical|livecodebench=Qwen3-8B|math500=DeepSeek-R1-0528-Qwen3-8B|medqa=Llama-3.1-8B-Instruct|meld=Qwen2.5-Coder-7B-Instruct|mmlupro=gemma-2-9b-it,False,False,2,4.985606146714422,0.6232007683393027,0.8370535714285714,False
0,bt,p2etg,176512,bbh=NVIDIA-Nemotron-Nano-9B-v2|finqa=Fin-R1|korbench=Llama-3.1-8B-UltraMedical|livecodebench=Qwen3-8B|math500=DeepSeek-R1-0528-Qwen3-8B|medqa=Llama-3.1-8B-Instruct|meld=Qwen2.5-Coder-7B-Instruct|mmlupro=gemma-2-9b-it,False,False,2,4.985606146714422,0.6232007683393027,0.8482142857142857,False
0,bt,p2etg,176960,bbh=NVIDIA-Nemotron-Nano-9B-v2|finqa=Fin-R1|korbench=Llama-3.1-8B-UltraMedical|livecodebench=Qwen3-8B|math500=DeepSeek-R1-0528-Qwen3-8B|medqa=Llama-3.1-8B-Instruct|meld=Qwen2.5-Coder-7B-Instruct|mmlupro=gemma-2-9b-it,False,False,2,4.985606146714422,0.6232007683393027,0.8392857142857143,False
0,bt,p2etg,177408,bbh=NVIDIA-Nemotron-Nano-9B-v2|finqa=Fin-R1|korbench=Llama-3.1-8B-UltraMedical|livecodebench=Qwen3-8B|math500=DeepSeek-R1-0528-Qwen3-8B|medqa=Llama-3.1-8B-Instruct|meld=Qwen2.5-Coder-7B-Instruct|mmlupro=gemma-2-9b-it,False,False,2,4.985606146714422,0.6232007683393027,0.8482142857142857,False
0,bt,p2etg,177856,bbh=NVIDIA-Nemotron-Nano-9B-v2|finqa=Fin-R1|korbench=Llama-3.1-8B-UltraMedical|livecodebench=Qwen3-8B|math500=DeepSeek-R1-0528-Qwen3-8B|medqa=Llama-3.1-8B-Instruct|meld=Qwen2.5-Coder-7B-Instruct|mmlupro=gemma-2-9b-it,False,False,2,4.985606146714422,0.6232007683393027,0.8415178571428571,False
0,bt,p2etg,178304,bbh=NVIDIA-Nemotron-Nano-9B-v2|finqa=Fin-R1|korbench=Llama-3.1-8B-UltraMedical|livecodebench=Qwen3-8B|math500=DeepSeek-R1-0528-Qwen3-8B|medqa=Llama-3.1-8B-Instruct|meld=Qwen2.5-Coder-7B-Instruct|mmlupro=gemma-2-9b-it,False,False,2,4.985606146714422,0.6232007683393027,0.8549107142857143,False
0,bt,p2etg,178752,bbh=NVIDIA-Nemotron-Nano-9B-v2|finqa=Fin-R1|korbench=Llama-3.1-8B-UltraMedical|livecodebench=Qwen3-8B|math500=DeepSeek-R1-0528-Qwen3-8B|medqa=Llama-3.1-8B-Instruct|meld=Qwen2.5-Coder-7B-Instruct|mmlupro=gemma-2-9b-it,False,False,2,4.985606146714422,0.6232007683393027,0.84375,False
0,bt,p2etg,179200,bbh=NVIDIA-Nemotron-Nano-9B-v2|finqa=Fin-R1|korbench=Llama-3.1-8B-UltraMedical|livecodebench=Qwen3-8B|math500=DeepSeek-R1-0528-Qwen3-8B|medqa=Llama-3.1-8B-Instruct|meld=Qwen2.5-Coder-7B-Instruct|mmlupro=gemma-2-9b-it,False,False,2,4.985606146714422,0.6232007683393027,0.8526785714285714,False
0,bt,p2etg,179648,bbh=NVIDIA-Nemotron-Nano-9B-v2|finqa=Fin-R1|korbench=Llama-3.1-8B-UltraMedical|livecodebench=Qwen3-8B|math500=DeepSeek-R1-0528-Qwen3-8B|medqa=Llama-3.1-8B-Instruct|meld=Qwen2.5-Coder-7B-Instruct|mmlupro=gemma-2-9b-it,False,False,2,4.985606146714422,0.6232007683393027,0.84375,False
0,bt,p2etg,180096,bbh=NVIDIA-Nemotron-Nano-9B-v2|finqa=Fin-R1|korbench=Llama-3.1-8B-UltraMedical|livecodebench=Qwen3-8B|math500=DeepSeek-R1-0528-Qwen3-8B|medqa=Llama-3.1-8B-Instruct|meld=Qwen2.5-Coder-7B-Instruct|mmlupro=gemma-2-9b-it,False,False,2,4.985606146714422,0.6232007683393027,0.8348214285714286,False
0,bt,p2etg,180544,bbh=NVIDIA-Nemotron-Nano-9B-v2|finqa=Fin-R1|korbench=Llama-3.1-8B-UltraMedical|livecodebench=Qwen3-8B|math500=DeepSeek-R1-0528-Qwen3-8B|medqa=Llama-3.1-8B-Instruct|meld=Qwen2.5-Coder-7B-Instruct|mmlupro=gemma-2-9b-it,False,False,2,4.985606146714422,0.6232007683393027,0.8392857142857143,False
0,bt,p2etg,180992,bbh=NVIDIA-Nemotron-Nano-9B-v2|finqa=Fin-R1|korbench=Llama-3.1-8B-UltraMedical|livecodebench=Qwen3-8B|math500=DeepSeek-R1-0528-Qwen3-8B|medqa=Llama-3.1-8B-Instruct|meld=Qwen2.5-Coder-7B-Instruct|mmlupro=gemma-2-9b-it,False,False,2,4.985606146714422,0.6232007683393027,0.8325892857142857,False
0,bt,p2etg,181440,bbh=NVIDIA-Nemotron-Nano-9B-v2|finqa=Fin-R1|korbench=Llama-3.1-8B-UltraMedical|livecodebench=Qwen3-8B|math500=DeepSeek-R1-0528-Qwen3-8B|medqa=Llama-3.1-8B-Instruct|meld=Qwen2.5-Coder-7B-Instruct|mmlupro=gemma-2-9b-it,False,False,2,4.985606146714422,0.6232007683393027,0.84375,False
0,bt,p2etg,181888,bbh=NVIDIA-Nemotron-Nano-9B-v2|finqa=Fin-R1|korbench=Llama-3.1-8B-UltraMedical|livecodebench=Qwen3-8B|math500=DeepSeek-R1-0528-Qwen3-8B|medqa=Llama-3.1-8B-Instruct|meld=Qwen2.5-Coder-7B-Instruct|mmlupro=gemma-2-9b-it,False,False,2,4.985606146714422,0.6232007683393027,0.8370535714285714,False
0,bt,p2etg,182336,bbh=NVIDIA-Nemotron-Nano-9B-v2|finqa=Fin-R1|korbench=Llama-3.1-8B-UltraMedical|livecodebench=Qwen3-8B|math500=DeepSeek-R1-0528-Qwen3-8B|medqa=Llama-3.1-8B-Instruct|meld=Qwen2.5-Coder-7B-Instruct|mmlupro=gemma-2-9b-it,False,False,2,4.985606146714422,0.6232007683393027,0.84375,False
0,bt,p2etg,182784,bbh=NVIDIA-Nemotron-Nano-9B-v2|finqa=Fin-R1|korbench=Llama-3.1-8B-UltraMedical|livecodebench=Qwen3-8B|math500=DeepSeek-R1-0528-Qwen3-8B|medqa=Llama-3.1-8B-Instruct|meld=Qwen2.5-Coder-7B-Instruct|mmlupro=gemma-2-9b-it,False,False,2,4.985606146714422,0.6232007683393027,0.8392857142857143,False
0,bt,p2etg,183232,bbh=NVIDIA-Nemotron-Nano-9B-v2|finqa=Fin-R1|korbench=Llama-3.1-8B-UltraMedical|livecodebench=Qwen3-8B|math500=DeepSeek-R1-0528-Qwen3-8B|medqa=Llama-3.1-8B-Instruct|meld=Qwen2.5-Coder-7B-Instruct|mmlupro=gemma-2-9b-it,False,False,2,4.985606146714422,0.6232007683393027,0.84375,False
0,bt,p2etg,183680,bbh=NVIDIA-Nemotron-Nano-9B-v2|finqa=Fin-R1|korbench=Llama-3.1-8B-UltraMedical|livecodebench=Qwen3-8B|math500=DeepSeek-R1-0528-Qwen3-8B|medqa=Llama-3.1-8B-Instruct|meld=Qwen2.5-Coder-7B-Instruct|mmlupro=gemma-2-9b-it,False,False,2,4.985606146714422,0.6232007683393027,0.8415178571428571,False
0,bt,p2etg,184128,bbh=NVIDIA-Nemotron-Nano-9B-v2|finqa=Fin-R1|korbench=Llama-3.1-8B-UltraMedical|livecodebench=Qwen3-8B|math500=DeepSeek-R1-0528-Qwen3-8B|medqa=Llama-3.1-8B-Instruct|meld=Qwen2.5-Coder-7B-Instruct|mmlupro=gemma-2-9b-it,False,False,2,4.985606146714422,0.6232007683393027,0.8482142857142857,False
0,bt,p2etg,184576,bbh=NVIDIA-Nemotron-Nano-9B-v2|finqa=Fin-R1|korbench=Llama-3.1-8B-UltraMedical|livecodebench=Qwen3-8B|math500=DeepSeek-R1-0528-Qwen3-8B|medqa=Llama-3.1-8B-Instruct|meld=Qwen2.5-Coder-7B-Instruct|mmlupro=gemma-2-9b-it,False,False,2,4.985606146714422,0.6232007683393027,0.8415178571428571,False
0,bt,p2etg,185024,bbh=NVIDIA-Nemotron-Nano-9B-v2|finqa=Fin-R1|korbench=Llama-3.1-8B-UltraMedical|livecodebench=Qwen3-8B|math500=DeepSeek-R1-0528-Qwen3-8B|medqa=Llama-3.1-8B-Instruct|meld=Qwen2.5-Coder-7B-Instruct|mmlupro=gemma-2-9b-it,False,False,2,4.985606146714422,0.6232007683393027,0.8459821428571429,False
0,bt,p2etg,185472,bbh=NVIDIA-Nemotron-Nano-9B-v2|finqa=Fin-R1|korbench=Llama-3.1-8B-UltraMedical|livecodebench=Qwen3-8B|math500=DeepSeek-R1-0528-Qwen3-8B|medqa=Llama-3.1-8B-Instruct|meld=Qwen2.5-Coder-7B-Instruct|mmlupro=gemma-2-9b-it,False,False,2,4.985606146714422,0.6232007683393027,0.8415178571428571,False
0,bt,p2etg,185920,bbh=NVIDIA-Nemotron-Nano-9B-v2|finqa=Fin-R1|korbench=Llama-3.1-8B-UltraMedical|livecodebench=Qwen3-8B|math500=DeepSeek-R1-0528-Qwen3-8B|medqa=Llama-3.1-8B-Instruct|meld=Qwen2.5-Coder-7B-Instruct|mmlupro=gemma-2-9b-it,False,False,2,4.985606146714422,0.6232007683393027,0.84375,False
0,bt,p2etg,186368,bbh=NVIDIA-Nemotron-Nano-9B-v2|finqa=Fin-R1|korbench=Llama-3.1-8B-UltraMedical|livecodebench=Qwen3-8B|math500=DeepSeek-R1-0528-Qwen3-8B|medqa=Llama-3.1-8B-Instruct|meld=Qwen2.5-Coder-7B-Instruct|mmlupro=gemma-2-9b-it,False,False,2,4.985606146714422,0.6232007683393027,0.8415178571428571,False
0,bt,p2etg,186816,bbh=NVIDIA-Nemotron-Nano-9B-v2|finqa=Fin-R1|korbench=Llama-3.1-8B-UltraMedical|livecodebench=Qwen3-8B|math500=DeepSeek-R1-0528-Qwen3-8B|medqa=Llama-3.1-8B-Instruct|meld=Qwen2.5-Coder-7B-Instruct|mmlupro=gemma-2-9b-it,False,False,2,4.985606146714422,0.6232007683393027,0.8415178571428571,False
0,bt,p2etg,187264,bbh=NVIDIA-Nemotron-Nano-9B-v2|finqa=Fin-R1|korbench=Llama-3.1-8B-UltraMedical|livecodebench=Qwen3-8B|math500=DeepSeek-R1-0528-Qwen3-8B|medqa=Llama-3.1-8B-Instruct|meld=Qwen2.5-Coder-7B-Instruct|mmlupro=gemma-2-9b-it,False,False,2,4.985606146714422,0.6232007683393027,0.8392857142857143,False
0,bt,p2etg,187712,bbh=NVIDIA-Nemotron-Nano-9B-v2|finqa=Fin-R1|korbench=Llama-3.1-8B-UltraMedical|livecodebench=Qwen3-8B|math500=DeepSeek-R1-0528-Qwen3-8B|medqa=Llama-3.1-8B-Instruct|meld=Qwen2.5-Coder-7B-Instruct|mmlupro=gemma-2-9b-it,False,False,2,4.985606146714422,0.6232007683393027,0.8392857142857143,False
0,bt,p2etg,188160,bbh=NVIDIA-Nemotron-Nano-9B-v2|finqa=Fin-R1|korbench=Llama-3.1-8B-UltraMedical|livecodebench=Qwen3-8B|math500=DeepSeek-R1-0528-Qwen3-8B|medqa=Llama-3.1-8B-Instruct|meld=Qwen2.5-Coder-7B-Instruct|mmlupro=gemma-2-9b-it,False,False,2,4.985606146714422,0.6232007683393027,0.8392857142857143,False
0,bt,p2etg,188608,bbh=NVIDIA-Nemotron-Nano-9B-v2|finqa=Fin-R1|korbench=Llama-3.1-8B-UltraMedical|livecodebench=Qwen3-8B|math500=DeepSeek-R1-0528-Qwen3-8B|medqa=Llama-3.1-8B-Instruct|meld=Qwen2.5-Coder-7B-Instruct|mmlupro=gemma-2-9b-it,False,False,2,4.985606146714422,0.6232007683393027,0.8392857142857143,False
0,bt,p2etg,189056,bbh=NVIDIA-Nemotron-Nano-9B-v2|finqa=Fin-R1|korbench=Llama-3.1-8B-UltraMedical|livecodebench=Qwen3-8B|math500=DeepSeek-R1-0528-Qwen3-8B|medqa=Llama-3.1-8B-Instruct|meld=Qwen2.5-Coder-7B-Instruct|mmlupro=gemma-2-9b-it,False,False,2,4.985606146714422,0.6232007683393027,0.8392857142857143,False
0,bt,p2etg,189504,bbh=NVIDIA-Nemotron-Nano-9B-v2|finqa=Fin-R1|korbench=Llama-3.1-8B-UltraMedical|livecodebench=Qwen3-8B|math500=DeepSeek-R1-0528-Qwen3-8B|medqa=Llama-3.1-8B-Instruct|meld=Qwen2.5-Coder-7B-Instruct|mmlupro=gemma-2-9b-it,False,False,2,4.985606146714422,0.6232007683393027,0.8392857142857143,False
0,bt,p2etg,189952,bbh=NVIDIA-Nemotron-Nano-9B-v2|finqa=Fin-R1|korbench=Llama-3.1-8B-UltraMedical|livecodebench=Qwen3-8B|math500=DeepSeek-R1-0528-Qwen3-8B|medqa=Llama-3.1-8B-Instruct|meld=Qwen2.5-Coder-7B-Instruct|mmlupro=gemma-2-9b-it,False,False,2,4.985606146714422,0.6232007683393027,0.8392857142857143,False
0,bt,p2etg,190400,bbh=NVIDIA-Nemotron-Nano-9B-v2|finqa=Fin-R1|korbench=Llama-3.1-8B-UltraMedical|livecodebench=Qwen3-8B|math500=DeepSeek-R1-0528-Qwen3-8B|medqa=Llama-3.1-8B-Instruct|meld=Qwen2.5-Coder-7B-Instruct|mmlupro=gemma-2-9b-it,False,False,2,4.985606146714422,0.6232007683393027,0.8392857142857143,False
0,bt,p2etg,190848,bbh=NVIDIA-Nemotron-Nano-9B-v2|finqa=Fin-R1|korbench=Llama-3.1-8B-UltraMedical|livecodebench=Qwen3-8B|math500=DeepSeek-R1-0528-Qwen3-8B|medqa=Llama-3.1-8B-Instruct|meld=Qwen2.5-Coder-7B-Instruct|mmlupro=gemma-2-9b-it,False,False,2,4.985606146714422,0.6232007683393027,0.8415178571428571,False
0,bt,p2etg,191296,bbh=NVIDIA-Nemotron-Nano-9B-v2|finqa=Fin-R1|korbench=Llama-3.1-8B-UltraMedical|livecodebench=Qwen3-8B|math500=DeepSeek-R1-0528-Qwen3-8B|medqa=Llama-3.1-8B-Instruct|meld=Qwen2.5-Coder-7B-Instruct|mmlupro=gemma-2-9b-it,False,False,2,4.985606146714422,0.6232007683393027,0.8392857142857143,False
0,bt,p2etg,191744,bbh=NVIDIA-Nemotron-Nano-9B-v2|finqa=Fin-R1|korbench=Llama-3.1-8B-UltraMedical|livecodebench=Qwen3-8B|math500=DeepSeek-R1-0528-Qwen3-8B|medqa=Llama-3.1-8B-Instruct|meld=Qwen2.5-Coder-7B-Instruct|mmlupro=gemma-2-9b-it,False,False,2,4.985606146714422,0.6232007683393027,0.84375,False
0,bt,p2etg,192192,bbh=NVIDIA-Nemotron-Nano-9B-v2|finqa=Fin-R1|korbench=Llama-3.1-8B-UltraMedical|livecodebench=Qwen3-8B|math500=DeepSeek-R1-0528-Qwen3-8B|medqa=Llama-3.1-8B-Instruct|meld=Qwen2.5-Coder-7B-Instruct|mmlupro=gemma-2-9b-it,False,False,2,4.985606146714422,0.6232007683393027,0.8392857142857143,False
0,bt,p2etg,192640,bbh=NVIDIA-Nemotron-Nano-9B-v2|finqa=Fin-R1|korbench=Llama-3.1-8B-UltraMedical|livecodebench=Qwen3-8B|math500=DeepSeek-R1-0528-Qwen3-8B|medqa=Llama-3.1-8B-Instruct|meld=Qwen2.5-Coder-7B-Instruct|mmlupro=gemma-2-9b-it,False,False,2,4.985606146714422,0.6232007683393027,0.8459821428571429,False
0,bt,p2etg,193088,bbh=NVIDIA-Nemotron-Nano-9B-v2|finqa=Fin-R1|korbench=Llama-3.1-8B-UltraMedical|livecodebench=Qwen3-8B|math500=DeepSeek-R1-0528-Qwen3-8B|medqa=Llama-3.1-8B-Instruct|meld=Qwen2.5-Coder-7B-Instruct|mmlupro=gemma-2-9b-it,False,False,2,4.985606146714422,0.6232007683393027,0.8415178571428571,False
0,bt,p2etg,193536,bbh=NVIDIA-Nemotron-Nano-9B-v2|finqa=Fin-R1|korbench=Llama-3.1-8B-UltraMedical|livecodebench=Qwen3-8B|math500=DeepSeek-R1-0528-Qwen3-8B|medqa=Llama-3.1-8B-Instruct|meld=Qwen2.5-Coder-7B-Instruct|mmlupro=gemma-2-9b-it,False,False,2,4.985606146714422,0.6232007683393027,0.8482142857142857,False
0,bt,p2etg,193984,bbh=NVIDIA-Nemotron-Nano-9B-v2|finqa=Fin-R1|korbench=Llama-3.1-8B-UltraMedical|livecodebench=Qwen3-8B|math500=DeepSeek-R1-0528-Qwen3-8B|medqa=Llama-3.1-8B-Instruct|meld=Qwen2.5-Coder-7B-Instruct|mmlupro=gemma-2-9b-it,False,False,2,4.985606146714422,0.6232007683393027,0.84375,False
0,bt,p2etg,194432,bbh=NVIDIA-Nemotron-Nano-9B-v2|finqa=Fin-R1|korbench=Llama-3.1-8B-UltraMedical|livecodebench=Qwen3-8B|math500=DeepSeek-R1-0528-Qwen3-8B|medqa=Llama-3.1-8B-Instruct|meld=Qwen2.5-Coder-7B-Instruct|mmlupro=gemma-2-9b-it,False,False,2,4.985606146714422,0.6232007683393027,0.8504464285714286,False
0,bt,p2etg,194880,bbh=NVIDIA-Nemotron-Nano-9B-v2|finqa=Fin-R1|korbench=Llama-3.1-8B-UltraMedical|livecodebench=Qwen3-8B|math500=DeepSeek-R1-0528-Qwen3-8B|medqa=Llama-3.1-8B-Instruct|meld=Qwen2.5-Coder-7B-Instruct|mmlupro=gemma-2-9b-it,False,False,2,4.985606146714422,0.6232007683393027,0.8415178571428571,False
0,bt,p2etg,195328,bbh=NVIDIA-Nemotron-Nano-9B-v2|finqa=Fin-R1|korbench=Llama-3.1-8B-UltraMedical|livecodebench=Qwen3-8B|math500=DeepSeek-R1-0528-Qwen3-8B|medqa=Llama-3.1-8B-Instruct|meld=Qwen2.5-Coder-7B-Instruct|mmlupro=gemma-2-9b-it,False,False,2,4.985606146714422,0.6232007683393027,0.8370535714285714,False
0,bt,p2etg,195776,bbh=NVIDIA-Nemotron-Nano-9B-v2|finqa=Fin-R1|korbench=Llama-3.1-8B-UltraMedical|livecodebench=Qwen3-8B|math500=DeepSeek-R1-0528-Qwen3-8B|medqa=Llama-3.1-8B-Instruct|meld=Qwen2.5-Coder-7B-Instruct|mmlupro=gemma-2-9b-it,False,False,2,4.985606146714422,0.6232007683393027,0.8459821428571429,False
0,bt,p2etg,196224,bbh=NVIDIA-Nemotron-Nano-9B-v2|finqa=Fin-R1|korbench=Llama-3.1-8B-UltraMedical|livecodebench=Qwen3-8B|math500=DeepSeek-R1-0528-Qwen3-8B|medqa=Llama-3.1-8B-Instruct|meld=Qwen2.5-Coder-7B-Instruct|mmlupro=gemma-2-9b-it,False,False,2,4.985606146714422,0.6232007683393027,0.8392857142857143,False
0,bt,p2etg,196672,bbh=NVIDIA-Nemotron-Nano-9B-v2|finqa=Fin-R1|korbench=Llama-3.1-8B-UltraMedical|livecodebench=Qwen3-8B|math500=DeepSeek-R1-0528-Qwen3-8B|medqa=Llama-3.1-8B-Instruct|meld=Qwen2.5-Coder-7B-Instruct|mmlupro=gemma-2-9b-it,False,False,2,4.985606146714422,0.6232007683393027,0.84375,False
0,bt,p2etg,197120,bbh=NVIDIA-Nemotron-Nano-9B-v2|finqa=Fin-R1|korbench=Llama-3.1-8B-UltraMedical|livecodebench=Qwen3-8B|math500=DeepSeek-R1-0528-Qwen3-8B|medqa=Llama-3.1-8B-Instruct|meld=Qwen2.5-Coder-7B-Instruct|mmlupro=gemma-2-9b-it,False,False,2,4.985606146714422,0.6232007683393027,0.8370535714285714,False
0,bt,p2etg,197568,bbh=NVIDIA-Nemotron-Nano-9B-v2|finqa=Fin-R1|korbench=Llama-3.1-8B-UltraMedical|livecodebench=Qwen3-8B|math500=DeepSeek-R1-0528-Qwen3-8B|medqa=Llama-3.1-8B-Instruct|meld=Qwen2.5-Coder-7B-Instruct|mmlupro=gemma-2-9b-it,False,False,2,4.985606146714422,0.6232007683393027,0.8482142857142857,False
0,bt,p2etg,198016,bbh=NVIDIA-Nemotron-Nano-9B-v2|finqa=Fin-R1|korbench=Llama-3.1-8B-UltraMedical|livecodebench=Qwen3-8B|math500=DeepSeek-R1-0528-Qwen3-8B|medqa=Llama-3.1-8B-Instruct|meld=Qwen2.5-Coder-7B-Instruct|mmlupro=gemma-2-9b-it,False,False,2,4.985606146714422,0.6232007683393027,0.8392857142857143,False
0,bt,p2etg,198464,bbh=NVIDIA-Nemotron-Nano-9B-v2|finqa=Fin-R1|korbench=Llama-3.1-8B-UltraMedical|livecodebench=Qwen3-8B|math500=DeepSeek-R1-0528-Qwen3-8B|medqa=Llama-3.1-8B-Instruct|meld=Qwen2.5-Coder-7B-Instruct|mmlupro=gemma-2-9b-it,False,False,2,4.985606146714422,0.6232007683393027,0.8459821428571429,False
0,bt,p2etg,198912,bbh=NVIDIA-Nemotron-Nano-9B-v2|finqa=Fin-R1|korbench=Llama-3.1-8B-UltraMedical|livecodebench=Qwen3-8B|math500=DeepSeek-R1-0528-Qwen3-8B|medqa=Llama-3.1-8B-Instruct|meld=Qwen2.5-Coder-7B-Instruct|mmlupro=gemma-2-9b-it,False,False,2,4.985606146714422,0.6232007683393027,0.8415178571428571,False
0,bt,p2etg,199360,bbh=NVIDIA-Nemotron-Nano-9B-v2|finqa=Fin-R1|korbench=Llama-3.1-8B-UltraMedical|livecodebench=Qwen3-8B|math500=DeepSeek-R1-0528-Qwen3-8B|medqa=Llama-3.1-8B-Instruct|meld=Qwen2.5-Coder-7B-Instruct|mmlupro=gemma-2-9b-it,False,False,2,4.985606146714422,0.6232007683393027,0.8504464285714286,False
0,bt,p2etg,199808,bbh=NVIDIA-Nemotron-Nano-9B-v2|finqa=Fin-R1|korbench=Llama-3.1-8B-UltraMedical|livecodebench=Qwen3-8B|math500=DeepSeek-R1-0528-Qwen3-8B|medqa=Llama-3.1-8B-Instruct|meld=Qwen2.5-Coder-7B-Instruct|mmlupro=gemma-2-9b-it,False,False,2,4.985606146714422,0.6232007683393027,0.8482142857142857,False
0,bt,p2etg,200256,bbh=NVIDIA-Nemotron-Nano-9B-v2|finqa=Fin-R1|korbench=Llama-3.1-8B-UltraMedical|livecodebench=Qwen3-8B|math500=DeepSeek-R1-0528-Qwen3-8B|medqa=Llama-3.1-8B-Instruct|meld=Qwen2.5-Coder-7B-Instruct|mmlupro=gemma-2-9b-it,False,False,2,4.985606146714422,0.6232007683393027,0.8526785714285714,False
