algorithm,seed,t,welfare,regret,cum_regret
p2etg,0,18,2.039085640086688,0.07127974090199896,1.2830353362359812
p2etg,0,36,2.110365380988687,0.0,1.9245530043539718
p2etg,0,54,2.110365380988687,0.0,1.9245530043539718
p2etg,0,72,2.110365380988687,0.0,1.9245530043539718
p2etg,0,90,2.039085640086688,0.07127974090199896,2.5660706724719624
p2etg,0,108,2.110365380988687,0.0,3.207588340589953
p2etg,0,126,2.110365380988687,0.0,3.207588340589953
p2etg,0,144,2.110365380988687,0.0,3.207588340589953
p2etg,0,162,2.110365380988687,0.0,3.207588340589953
p2etg,0,180,2.110365380988687,0.0,3.207588340589953
p2etg,0,198,2.110365380988687,0.0,3.207588340589953
p2etg,0,216,2.110365380988687,0.0,3.207588340589953
p2etg,0,234,2.110365380988687,0.0,3.207588340589953
p2etg,0,252,2.110365380988687,0.0,3.207588340589953
p2etg,0,270,2.110365380988687,0.0,3.207588340589953
p2etg,0,288,2.110365380988687,0.0,3.207588340589953
p2etg,0,306,2.110365380988687,0.0,3.207588340589953
p2etg,0,324,2.110365380988687,0.0,3.207588340589953
p2etg,0,342,2.110365380988687,0.0,3.207588340589953
p2etg,0,360,2.110365380988687,0.0,3.207588340589953
p2etg,0,378,2.110365380988687,0.0,3.207588340589953
p2etg,0,396,2.110365380988687,0.0,3.207588340589953
p2etg,0,414,2.110365380988687,0.0,3.207588340589953
p2etg,0,432,2.110365380988687,0.0,3.207588340589953
p2etg,0,450,2.110365380988687,0.0,3.207588340589953
p2etg,0,468,2.110365380988687,0.0,3.207588340589953
p2etg,0,486,2.110365380988687,0.0,3.207588340589953
p2etg,0,504,2.110365380988687,0.0,3.207588340589953
p2etg,0,522,2.110365380988687,0.0,3.207588340589953
p2etg,0,540,2.110365380988687,0.0,3.207588340589953
p2etg,0,558,2.110365380988687,0.0,3.207588340589953
p2etg,0,576,2.110365380988687,0.0,3.207588340589953
p2etg,0,594,2.110365380988687,0.0,3.207588340589953
p2etg,0,612,2.110365380988687,0.0,3.207588340589953
p2etg,0,630,2.110365380988687,0.0,3.207588340589953
p2etg,0,648,2.110365380988687,0.0,3.207588340589953
p2etg,0,666,2.110365380988687,0.0,3.207588340589953
p2etg,0,684,2.110365380988687,0.0,3.207588340589953
p2etg,0,702,2.110365380988687,0.0,3.207588340589953
p2etg,0,720,2.110365380988687,0.0,3.207588340589953
p2etg,0,738,2.110365380988687,0.0,3.207588340589953
p2etg,0,756,2.110365380988687,0.0,3.207588340589953
p2etg,0,774,2.110365380988687,0.0,3.207588340589953
p2etg,0,792,2.110365380988687,0.0,3.207588340589953
p2etg,0,810,2.110365380988687,0.0,3.207588340589953
p2etg,0,828,2.110365380988687,0.0,3.207588340589953
p2etg,0,846,2.110365380988687,0.0,3.207588340589953
p2etg,0,864,2.110365380988687,0.0,3.207588340589953
p2etg,0,882,2.110365380988687,0.0,3.207588340589953
p2etg,0,900,2.110365380988687,0.0,3.207588340589953
p2etg,0,918,2.110365380988687,0.0,3.207588340589953
p2etg,0,936,2.110365380988687,0.0,3.207588340589953
p2etg,0,954,2.110365380988687,0.0,3.207588340589953
p2etg,0,972,2.110365380988687,0.0,3.207588340589953
p2etg,0,990,2.110365380988687,0.0,3.207588340589953
p2etg,0,1008,2.110365380988687,0.0,3.207588340589953
p2etg,0,1026,2.110365380988687,0.0,3.207588340589953
p2etg,0,1044,2.110365380988687,0.0,3.207588340589953
p2etg,0,1062,2.110365380988687,0.0,3.207588340589953
p2etg,0,1080,2.110365380988687,0.0,3.207588340589953
p2etg,0,1098,2.110365380988687,0.0,3.207588340589953
p2etg,0,1116,2.110365380988687,0.0,3.207588340589953
p2etg,0,1134,2.110365380988687,0.0,3.207588340589953
p2etg,0,1152,2.110365380988687,0.0,3.207588340589953
p2etg,0,1170,2.110365380988687,0.0,3.207588340589953
p2etg,0,1188,2.110365380988687,0.0,3.207588340589953
p2etg,0,1206,2.110365380988687,0.0,3.207588340589953
p2etg,0,1224,2.110365380988687,0.0,3.207588340589953
p2etg,0,1242,2.110365380988687,0.0,3.207588340589953
p2etg,0,1260,2.110365380988687,0.0,3.207588340589953
p2etg,0,1278,2.110365380988687,0.0,3.207588340589953
p2etg,0,1296,2.110365380988687,0.0,3.207588340589953
p2etg,0,1314,2.110365380988687,0.0,3.207588340589953
p2etg,0,1332,2.110365380988687,0.0,3.207588340589953
p2etg,0,1350,2.110365380988687,0.0,3.207588340589953
p2etg,0,1368,2.110365380988687,0.0,3.207588340589953
p2etg,0,1386,2.110365380988687,0.0,3.207588340589953
p2etg,0,1404,2.110365380988687,0.0,3.207588340589953
p2etg,0,1422,2.110365380988687,0.0,3.207588340589953
p2etg,0,1440,2.110365380988687,0.0,3.207588340589953
p2etg,0,1458,2.110365380988687,0.0,3.207588340589953
p2etg,0,1476,2.110365380988687,0.0,3.207588340589953
p2etg,0,1494,2.110365380988687,0.0,3.207588340589953
p2etg,0,1512,2.110365380988687,0.0,3.207588340589953
p2etg,0,1530,2.110365380988687,0.0,3.207588340589953
p2etg,0,1548,2.110365380988687,0.0,3.207588340589953
p2etg,0,1566,2.110365380988687,0.0,3.207588340589953
p2etg,0,1584,2.110365380988687,0.0,3.207588340589953
p2etg,0,1602,2.110365380988687,0.0,3.207588340589953
p2etg,0,1620,2.110365380988687,0.0,3.207588340589953
p2etg,0,1638,2.110365380988687,0.0,3.207588340589953
p2etg,0,1656,2.110365380988687,0.0,3.207588340589953
p2etg,0,1674,2.110365380988687,0.0,3.207588340589953
p2etg,0,1692,2.110365380988687,0.0,3.207588340589953
p2etg,0,1710,2.110365380988687,0.0,3.207588340589953
p2etg,0,1728,2.110365380988687,0.0,3.207588340589953
p2etg,0,1746,2.110365380988687,0.0,3.207588340589953
p2etg,0,1764,2.110365380988687,0.0,3.207588340589953
p2etg,0,1782,2.110365380988687,0.0,3.207588340589953
p2etg,0,1800,2.110365380988687,0.0,3.207588340589953
p2etg,0,1818,2.110365380988687,0.0,3.207588340589953
p2etg,0,1836,2.110365380988687,0.0,3.207588340589953
p2etg,0,1854,2.110365380988687,0.0,3.207588340589953
p2etg,0,1872,2.110365380988687,0.0,3.207588340589953
p2etg,0,1890,2.110365380988687,0.0,3.207588340589953
p2etg,0,1908,2.110365380988687,0.0,3.207588340589953
p2etg,0,1926,2.110365380988687,0.0,3.207588340589953
p2etg,0,1944,2.110365380988687,0.0,3.207588340589953
p2etg,0,1962,2.110365380988687,0.0,3.207588340589953
p2etg,0,1980,2.110365380988687,0.0,3.207588340589953
p2etg,0,1998,2.110365380988687,0.0,3.207588340589953
p2etg,0,2016,2.110365380988687,0.0,3.207588340589953
p2etg,0,2034,2.110365380988687,0.0,3.207588340589953
p2etg,0,2052,2.110365380988687,0.0,3.207588340589953
p2etg,0,2070,2.110365380988687,0.0,3.207588340589953
p2etg,0,2088,2.110365380988687,0.0,3.207588340589953
p2etg,0,2106,2.110365380988687,0.0,3.207588340589953
p2etg,0,2124,2.110365380988687,0.0,3.207588340589953
p2etg,0,2142,2.110365380988687,0.0,3.207588340589953
p2etg,0,2160,2.110365380988687,0.0,3.207588340589953
p2etg,0,2178,2.110365380988687,0.0,3.207588340589953
p2etg,0,2196,2.110365380988687,0.0,3.207588340589953
p2etg,0,2214,2.110365380988687,0.0,3.207588340589953
p2etg,0,2232,2.110365380988687,0.0,3.207588340589953
p2etg,0,2250,2.110365380988687,0.0,3.207588340589953
p2etg,0,2268,2.110365380988687,0.0,3.207588340589953
p2etg,0,2286,2.110365380988687,0.0,3.207588340589953
p2etg,0,2304,2.110365380988687,0.0,3.207588340589953
p2etg,0,2322,2.110365380988687,0.0,3.207588340589953
p2etg,0,2340,2.110365380988687,0.0,3.207588340589953
p2etg,0,2358,2.110365380988687,0.0,3.207588340589953
p2etg,0,2376,2.110365380988687,0.0,3.207588340589953
p2etg,0,2394,2.110365380988687,0.0,3.207588340589953
p2etg,0,2412,2.110365380988687,0.0,3.207588340589953
p2etg,0,2430,2.110365380988687,0.0,3.207588340589953
p2etg,0,2448,2.110365380988687,0.0,3.207588340589953
p2etg,0,2466,2.110365380988687,0.0,3.207588340589953
p2etg,0,200000,2.110365380988687,0.0,3.207588340589953
p2etg,1,18,2.110365380988687,0.0,0.0
p2etg,1,36,2.110365380988687,0.0,0.0
p2etg,1,54,2.110365380988687,0.0,0.0
p2etg,1,72,2.110365380988687,0.0,0.0
p2etg,1,90,1.7853722599912456,0.3249931209974415,2.9249380889769734
p2etg,1,108,2.110365380988687,0.0,5.849876177953947
p2etg,1,126,2.110365380988687,0.0,5.849876177953947
p2etg,1,144,2.039085640086688,0.07127974090199896,6.491393846071937
p2etg,1,162,2.039085640086688,0.07127974090199896,7.774429182307919
p2etg,1,180,2.039085640086688,0.07127974090199896,9.057464518543899
p2etg,1,198,2.039085640086688,0.07127974090199896,10.34049985477988
p2etg,1,216,2.039085640086688,0.07127974090199896,11.623535191015861
p2etg,1,234,2.039085640086688,0.07127974090199896,12.906570527251843
p2etg,1,252,2.039085640086688,0.07127974090199896,14.189605863487824
p2etg,1,270,2.039085640086688,0.07127974090199896,15.472641199723805
p2etg,1,288,2.039085640086688,0.07127974090199896,16.755676535959786
p2etg,1,306,2.039085640086688,0.07127974090199896,18.03871187219577
p2etg,1,324,2.039085640086688,0.07127974090199896,19.321747208431752
p2etg,1,342,2.039085640086688,0.07127974090199896,20.604782544667735
p2etg,1,360,2.039085640086688,0.07127974090199896,21.887817880903718
p2etg,1,378,2.039085640086688,0.07127974090199896,23.1708532171397
p2etg,1,396,2.039085640086688,0.07127974090199896,24.453888553375684
p2etg,1,414,2.039085640086688,0.07127974090199896,25.736923889611667
p2etg,1,432,2.039085640086688,0.07127974090199896,27.01995922584765
p2etg,1,450,2.039085640086688,0.07127974090199896,28.302994562083633
p2etg,1,468,2.039085640086688,0.07127974090199896,29.586029898319616
p2etg,1,486,2.039085640086688,0.07127974090199896,30.8690652345556
p2etg,1,504,2.039085640086688,0.07127974090199896,32.15210057079158
p2etg,1,522,2.039085640086688,0.07127974090199896,33.435135907027565
p2etg,1,540,2.039085640086688,0.07127974090199896,34.71817124326355
p2etg,1,558,2.039085640086688,0.07127974090199896,36.00120657949953
p2etg,1,576,2.110365380988687,0.0,36.64272424761752
p2etg,1,594,2.110365380988687,0.0,36.64272424761752
p2etg,1,612,2.110365380988687,0.0,36.64272424761752
p2etg,1,630,2.110365380988687,0.0,36.64272424761752
p2etg,1,648,2.110365380988687,0.0,36.64272424761752
p2etg,1,666,2.110365380988687,0.0,36.64272424761752
p2etg,1,684,2.110365380988687,0.0,36.64272424761752
p2etg,1,702,2.110365380988687,0.0,36.64272424761752
p2etg,1,720,2.039085640086688,0.07127974090199896,37.284241915735514
p2etg,1,738,2.110365380988687,0.0,37.925759583853505
p2etg,1,756,2.110365380988687,0.0,37.925759583853505
p2etg,1,774,2.110365380988687,0.0,37.925759583853505
p2etg,1,792,2.110365380988687,0.0,37.925759583853505
p2etg,1,810,2.039085640086688,0.07127974090199896,38.5672772519715
p2etg,1,828,2.039085640086688,0.07127974090199896,39.85031258820748
p2etg,1,846,2.039085640086688,0.07127974090199896,41.13334792444346
p2etg,1,864,2.039085640086688,0.07127974090199896,42.416383260679446
p2etg,1,882,2.039085640086688,0.07127974090199896,43.69941859691543
p2etg,1,900,2.039085640086688,0.07127974090199896,44.98245393315141
p2etg,1,918,2.039085640086688,0.07127974090199896,46.265489269387395
p2etg,1,936,2.039085640086688,0.07127974090199896,47.54852460562338
p2etg,1,954,2.039085640086688,0.07127974090199896,48.83155994185936
p2etg,1,972,2.110365380988687,0.0,49.47307760997735
p2etg,1,990,2.110365380988687,0.0,49.47307760997735
p2etg,1,1008,2.110365380988687,0.0,49.47307760997735
p2etg,1,1026,2.110365380988687,0.0,49.47307760997735
p2etg,1,1044,2.110365380988687,0.0,49.47307760997735
p2etg,1,1062,2.039085640086688,0.07127974090199896,50.114595278095344
p2etg,1,1080,2.039085640086688,0.07127974090199896,51.39763061433133
p2etg,1,1098,2.039085640086688,0.07127974090199896,52.68066595056731
p2etg,1,1116,2.039085640086688,0.07127974090199896,53.96370128680329
p2etg,1,1134,2.110365380988687,0.0,54.605218954921284
p2etg,1,1152,2.110365380988687,0.0,54.605218954921284
p2etg,1,1170,2.110365380988687,0.0,54.605218954921284
p2etg,1,1188,2.110365380988687,0.0,54.605218954921284
p2etg,1,1206,2.110365380988687,0.0,54.605218954921284
p2etg,1,1224,2.110365380988687,0.0,54.605218954921284
p2etg,1,1242,2.110365380988687,0.0,54.605218954921284
p2etg,1,1260,2.110365380988687,0.0,54.605218954921284
p2etg,1,1278,2.110365380988687,0.0,54.605218954921284
p2etg,1,1296,2.110365380988687,0.0,54.605218954921284
p2etg,1,1314,2.110365380988687,0.0,54.605218954921284
p2etg,1,1332,2.110365380988687,0.0,54.605218954921284
p2etg,1,1350,2.110365380988687,0.0,54.605218954921284
p2etg,1,1368,2.110365380988687,0.0,54.605218954921284
p2etg,1,1386,2.110365380988687,0.0,54.605218954921284
p2etg,1,1404,2.110365380988687,0.0,54.605218954921284
p2etg,1,1422,2.110365380988687,0.0,54.605218954921284
p2etg,1,1440,2.110365380988687,0.0,54.605218954921284
p2etg,1,1458,2.110365380988687,0.0,54.605218954921284
p2etg,1,1476,2.110365380988687,0.0,54.605218954921284
p2etg,1,1494,2.110365380988687,0.0,54.605218954921284
p2etg,1,1512,2.110365380988687,0.0,54.605218954921284
p2etg,1,1530,2.110365380988687,0.0,54.605218954921284
p2etg,1,1548,2.110365380988687,0.0,54.605218954921284
p2etg,1,1566,2.110365380988687,0.0,54.605218954921284
p2etg,1,1584,2.110365380988687,0.0,54.605218954921284
p2etg,1,1602,2.110365380988687,0.0,54.605218954921284
p2etg,1,1620,2.110365380988687,0.0,54.605218954921284
p2etg,1,1638,2.110365380988687,0.0,54.605218954921284
p2etg,1,1656,2.110365380988687,0.0,54.605218954921284
p2etg,1,1674,2.110365380988687,0.0,54.605218954921284
p2etg,1,1692,2.110365380988687,0.0,54.605218954921284
p2etg,1,1710,2.110365380988687,0.0,54.605218954921284
p2etg,1,1728,2.110365380988687,0.0,54.605218954921284
p2etg,1,1746,2.110365380988687,0.0,54.605218954921284
p2etg,1,1764,2.110365380988687,0.0,54.605218954921284
p2etg,1,1782,2.110365380988687,0.0,54.605218954921284
p2etg,1,1800,2.110365380988687,0.0,54.605218954921284
p2etg,1,1818,2.110365380988687,0.0,54.605218954921284
p2etg,1,1836,2.110365380988687,0.0,54.605218954921284
p2etg,1,1854,2.110365380988687,0.0,54.605218954921284
p2etg,1,1872,2.110365380988687,0.0,54.605218954921284
p2etg,1,1890,2.110365380988687,0.0,54.605218954921284
p2etg,1,1908,2.110365380988687,0.0,54.605218954921284
p2etg,1,1926,2.110365380988687,0.0,54.605218954921284
p2etg,1,1944,2.110365380988687,0.0,54.605218954921284
p2etg,1,1962,2.110365380988687,0.0,54.605218954921284
p2etg,1,1980,2.110365380988687,0.0,54.605218954921284
p2etg,1,1998,2.110365380988687,0.0,54.605218954921284
p2etg,1,2016,2.110365380988687,0.0,54.605218954921284
p2etg,1,2034,2.110365380988687,0.0,54.605218954921284
p2etg,1,2052,2.110365380988687,0.0,54.605218954921284
p2etg,1,2070,2.110365380988687,0.0,54.605218954921284
p2etg,1,2088,2.110365380988687,0.0,54.605218954921284
p2etg,1,2106,2.110365380988687,0.0,54.605218954921284
p2etg,1,2124,2.110365380988687,0.0,54.605218954921284
p2etg,1,2142,2.110365380988687,0.0,54.605218954921284
p2etg,1,2160,2.110365380988687,0.0,54.605218954921284
p2etg,1,2178,2.110365380988687,0.0,54.605218954921284
p2etg,1,2196,2.110365380988687,0.0,54.605218954921284
p2etg,1,2214,2.110365380988687,0.0,54.605218954921284
p2etg,1,2232,2.110365380988687,0.0,54.605218954921284
p2etg,1,2250,2.110365380988687,0.0,54.605218954921284
p2etg,1,2268,2.110365380988687,0.0,54.605218954921284
p2etg,1,2286,2.110365380988687,0.0,54.605218954921284
p2etg,1,2304,2.110365380988687,0.0,54.605218954921284
p2etg,1,2322,2.110365380988687,0.0,54.605218954921284
p2etg,1,2340,2.110365380988687,0.0,54.605218954921284
p2etg,1,2358,2.110365380988687,0.0,54.605218954921284
p2etg,1,2376,2.110365380988687,0.0,54.605218954921284
p2etg,1,2394,2.110365380988687,0.0,54.605218954921284
p2etg,1,2412,2.110365380988687,0.0,54.605218954921284
p2etg,1,2430,2.110365380988687,0.0,54.605218954921284
p2etg,1,2448,2.110365380988687,0.0,54.605218954921284
p2etg,1,2466,2.110365380988687,0.0,54.605218954921284
p2etg,1,2484,2.110365380988687,0.0,54.605218954921284
p2etg,1,2502,2.110365380988687,0.0,54.605218954921284
p2etg,1,2520,2.110365380988687,0.0,54.605218954921284
p2etg,1,2538,2.110365380988687,0.0,54.605218954921284
p2etg,1,2556,2.110365380988687,0.0,54.605218954921284
p2etg,1,2574,2.110365380988687,0.0,54.605218954921284
p2etg,1,2592,2.110365380988687,0.0,54.605218954921284
p2etg,1,2610,2.110365380988687,0.0,54.605218954921284
p2etg,1,2628,2.110365380988687,0.0,54.605218954921284
p2etg,1,2646,2.110365380988687,0.0,54.605218954921284
p2etg,1,2664,2.110365380988687,0.0,54.605218954921284
p2etg,1,2682,2.110365380988687,0.0,54.605218954921284
p2etg,1,2700,2.110365380988687,0.0,54.605218954921284
p2etg,1,2718,2.110365380988687,0.0,54.605218954921284
p2etg,1,2736,2.110365380988687,0.0,54.605218954921284
p2etg,1,2754,2.110365380988687,0.0,54.605218954921284
p2etg,1,2772,2.110365380988687,0.0,54.605218954921284
p2etg,1,2790,2.110365380988687,0.0,54.605218954921284
p2etg,1,2808,2.110365380988687,0.0,54.605218954921284
p2etg,1,2826,2.110365380988687,0.0,54.605218954921284
p2etg,1,2844,2.110365380988687,0.0,54.605218954921284
p2etg,1,2862,2.110365380988687,0.0,54.605218954921284
p2etg,1,2880,2.110365380988687,0.0,54.605218954921284
p2etg,1,2898,2.110365380988687,0.0,54.605218954921284
p2etg,1,2916,2.110365380988687,0.0,54.605218954921284
p2etg,1,2934,2.110365380988687,0.0,54.605218954921284
p2etg,1,2952,2.110365380988687,0.0,54.605218954921284
p2etg,1,2970,2.110365380988687,0.0,54.605218954921284
p2etg,1,2988,2.110365380988687,0.0,54.605218954921284
p2etg,1,3006,2.110365380988687,0.0,54.605218954921284
p2etg,1,3024,2.110365380988687,0.0,54.605218954921284
p2etg,1,3042,2.110365380988687,0.0,54.605218954921284
p2etg,1,3060,2.110365380988687,0.0,54.605218954921284
p2etg,1,3078,2.110365380988687,0.0,54.605218954921284
p2etg,1,3096,2.110365380988687,0.0,54.605218954921284
p2etg,1,3114,2.110365380988687,0.0,54.605218954921284
p2etg,1,3132,2.110365380988687,0.0,54.605218954921284
p2etg,1,3150,2.110365380988687,0.0,54.605218954921284
p2etg,1,3168,2.110365380988687,0.0,54.605218954921284
p2etg,1,3186,2.110365380988687,0.0,54.605218954921284
p2etg,1,3204,2.110365380988687,0.0,54.605218954921284
p2etg,1,200000,2.110365380988687,0.0,54.605218954921284
p2etg,2,18,2.110365380988687,0.0,0.0
p2etg,2,36,2.110365380988687,0.0,0.0
p2etg,2,54,2.110365380988687,0.0,0.0
p2etg,2,72,2.110365380988687,0.0,0.0
p2etg,2,90,2.110365380988687,0.0,0.0
p2etg,2,108,2.110365380988687,0.0,0.0
p2etg,2,126,2.110365380988687,0.0,0.0
p2etg,2,144,2.110365380988687,0.0,0.0
p2etg,2,162,2.110365380988687,0.0,0.0
p2etg,2,180,2.110365380988687,0.0,0.0
p2etg,2,198,2.110365380988687,0.0,0.0
p2etg,2,216,2.110365380988687,0.0,0.0
p2etg,2,234,2.110365380988687,0.0,0.0
p2etg,2,252,2.110365380988687,0.0,0.0
p2etg,2,270,2.110365380988687,0.0,0.0
p2etg,2,288,2.110365380988687,0.0,0.0
p2etg,2,306,2.110365380988687,0.0,0.0
p2etg,2,324,2.110365380988687,0.0,0.0
p2etg,2,342,2.110365380988687,0.0,0.0
p2etg,2,360,2.110365380988687,0.0,0.0
p2etg,2,378,2.110365380988687,0.0,0.0
p2etg,2,396,2.110365380988687,0.0,0.0
p2etg,2,414,2.110365380988687,0.0,0.0
p2etg,2,432,2.110365380988687,0.0,0.0
p2etg,2,450,2.110365380988687,0.0,0.0
p2etg,2,468,2.110365380988687,0.0,0.0
p2etg,2,486,2.110365380988687,0.0,0.0
p2etg,2,504,2.110365380988687,0.0,0.0
p2etg,2,522,2.110365380988687,0.0,0.0
p2etg,2,540,2.110365380988687,0.0,0.0
p2etg,2,558,2.110365380988687,0.0,0.0
p2etg,2,576,2.110365380988687,0.0,0.0
p2etg,2,594,2.110365380988687,0.0,0.0
p2etg,2,612,2.110365380988687,0.0,0.0
p2etg,2,630,2.110365380988687,0.0,0.0
p2etg,2,648,2.110365380988687,0.0,0.0
p2etg,2,666,2.110365380988687,0.0,0.0
p2etg,2,684,2.110365380988687,0.0,0.0
p2etg,2,702,2.110365380988687,0.0,0.0
p2etg,2,720,2.110365380988687,0.0,0.0
p2etg,2,738,2.110365380988687,0.0,0.0
p2etg,2,756,2.110365380988687,0.0,0.0
p2etg,2,774,2.110365380988687,0.0,0.0
p2etg,2,792,2.110365380988687,0.0,0.0
p2etg,2,810,2.110365380988687,0.0,0.0
p2etg,2,828,2.110365380988687,0.0,0.0
p2etg,2,846,2.110365380988687,0.0,0.0
p2etg,2,864,2.110365380988687,0.0,0.0
p2etg,2,882,2.110365380988687,0.0,0.0
p2etg,2,900,2.110365380988687,0.0,0.0
p2etg,2,918,2.110365380988687,0.0,0.0
p2etg,2,936,2.110365380988687,0.0,0.0
p2etg,2,954,2.110365380988687,0.0,0.0
p2etg,2,972,2.110365380988687,0.0,0.0
p2etg,2,990,2.110365380988687,0.0,0.0
p2etg,2,1008,2.110365380988687,0.0,0.0
p2etg,2,1026,2.110365380988687,0.0,0.0
p2etg,2,1044,2.110365380988687,0.0,0.0
p2etg,2,1062,2.110365380988687,0.0,0.0
p2etg,2,1080,2.110365380988687,0.0,0.0
p2etg,2,1098,2.110365380988687,0.0,0.0
p2etg,2,1116,2.110365380988687,0.0,0.0
p2etg,2,1134,2.110365380988687,0.0,0.0
p2etg,2,1152,2.110365380988687,0.0,0.0
p2etg,2,1170,2.110365380988687,0.0,0.0
p2etg,2,1188,2.110365380988687,0.0,0.0
p2etg,2,1206,2.110365380988687,0.0,0.0
p2etg,2,1224,2.110365380988687,0.0,0.0
p2etg,2,1242,2.110365380988687,0.0,0.0
p2etg,2,1260,2.110365380988687,0.0,0.0
p2etg,2,1278,2.110365380988687,0.0,0.0
p2etg,2,1296,2.110365380988687,0.0,0.0
p2etg,2,1314,2.110365380988687,0.0,0.0
p2etg,2,1332,2.110365380988687,0.0,0.0
p2etg,2,1350,2.110365380988687,0.0,0.0
p2etg,2,1368,2.110365380988687,0.0,0.0
p2etg,2,1386,2.110365380988687,0.0,0.0
p2etg,2,1404,2.110365380988687,0.0,0.0
p2etg,2,1422,2.110365380988687,0.0,0.0
p2etg,2,1440,2.110365380988687,0.0,0.0
p2etg,2,1458,2.110365380988687,0.0,0.0
p2etg,2,1476,2.110365380988687,0.0,0.0
p2etg,2,1494,2.110365380988687,0.0,0.0
p2etg,2,1512,2.110365380988687,0.0,0.0
p2etg,2,1530,2.110365380988687,0.0,0.0
p2etg,2,1548,2.110365380988687,0.0,0.0
p2etg,2,200000,2.110365380988687,0.0,0.0
p2etg,3,18,2.039085640086688,0.07127974090199896,1.2830353362359812
p2etg,3,36,2.039085640086688,0.07127974090199896,2.5660706724719624
p2etg,3,54,2.039085640086688,0.07127974090199896,3.8491060087079436
p2etg,3,72,2.039085640086688,0.07127974090199896,5.132141344943925
p2etg,3,90,2.039085640086688,0.07127974090199896,6.415176681179906
p2etg,3,108,2.039085640086688,0.07127974090199896,7.698212017415887
p2etg,3,126,2.039085640086688,0.07127974090199896,8.981247353651868
p2etg,3,144,2.039085640086688,0.07127974090199896,10.26428268988785
p2etg,3,162,2.039085640086688,0.07127974090199896,11.54731802612383
p2etg,3,180,2.039085640086688,0.07127974090199896,12.830353362359812
p2etg,3,198,2.039085640086688,0.07127974090199896,14.113388698595793
p2etg,3,216,2.039085640086688,0.07127974090199896,15.396424034831774
p2etg,3,234,2.039085640086688,0.07127974090199896,16.679459371067757
p2etg,3,252,2.039085640086688,0.07127974090199896,17.96249470730374
p2etg,3,270,2.039085640086688,0.07127974090199896,19.245530043539723
p2etg,3,288,2.039085640086688,0.07127974090199896,20.528565379775706
p2etg,3,306,2.039085640086688,0.07127974090199896,21.81160071601169
p2etg,3,324,2.039085640086688,0.07127974090199896,23.094636052247672
p2etg,3,342,2.039085640086688,0.07127974090199896,24.377671388483655
p2etg,3,360,2.039085640086688,0.07127974090199896,25.66070672471964
p2etg,3,378,2.039085640086688,0.07127974090199896,26.94374206095562
p2etg,3,396,2.039085640086688,0.07127974090199896,28.226777397191604
p2etg,3,414,2.039085640086688,0.07127974090199896,29.509812733427587
p2etg,3,432,2.039085640086688,0.07127974090199896,30.79284806966357
p2etg,3,450,2.039085640086688,0.07127974090199896,32.07588340589955
p2etg,3,468,2.039085640086688,0.07127974090199896,33.358918742135536
p2etg,3,486,2.039085640086688,0.07127974090199896,34.64195407837152
p2etg,3,504,2.039085640086688,0.07127974090199896,35.9249894146075
p2etg,3,522,2.039085640086688,0.07127974090199896,37.208024750843485
p2etg,3,540,2.039085640086688,0.07127974090199896,38.49106008707947
p2etg,3,558,2.039085640086688,0.07127974090199896,39.77409542331545
p2etg,3,576,2.039085640086688,0.07127974090199896,41.057130759551434
p2etg,3,594,2.039085640086688,0.07127974090199896,42.34016609578742
p2etg,3,612,2.039085640086688,0.07127974090199896,43.6232014320234
p2etg,3,630,2.039085640086688,0.07127974090199896,44.90623676825938
p2etg,3,648,2.039085640086688,0.07127974090199896,46.189272104495366
p2etg,3,666,2.039085640086688,0.07127974090199896,47.47230744073135
p2etg,3,684,2.039085640086688,0.07127974090199896,48.75534277696733
p2etg,3,702,2.039085640086688,0.07127974090199896,50.038378113203315
p2etg,3,720,2.039085640086688,0.07127974090199896,51.3214134494393
p2etg,3,738,2.039085640086688,0.07127974090199896,52.60444878567528
p2etg,3,756,2.039085640086688,0.07127974090199896,53.887484121911264
p2etg,3,774,2.039085640086688,0.07127974090199896,55.17051945814725
p2etg,3,792,2.039085640086688,0.07127974090199896,56.45355479438323
p2etg,3,810,2.039085640086688,0.07127974090199896,57.73659013061921
p2etg,3,828,2.039085640086688,0.07127974090199896,59.019625466855196
p2etg,3,846,2.039085640086688,0.07127974090199896,60.30266080309118
p2etg,3,864,2.039085640086688,0.07127974090199896,61.58569613932716
p2etg,3,882,2.039085640086688,0.07127974090199896,62.868731475563145
p2etg,3,900,2.039085640086688,0.07127974090199896,64.15176681179912
p2etg,3,918,2.039085640086688,0.07127974090199896,65.4348021480351
p2etg,3,936,2.039085640086688,0.07127974090199896,66.71783748427109
p2etg,3,954,2.039085640086688,0.07127974090199896,68.00087282050707
p2etg,3,972,2.039085640086688,0.07127974090199896,69.28390815674305
p2etg,3,990,2.039085640086688,0.07127974090199896,70.56694349297904
p2etg,3,1008,2.039085640086688,0.07127974090199896,71.84997882921502
p2etg,3,1026,2.039085640086688,0.07127974090199896,73.133014165451
p2etg,3,1044,2.039085640086688,0.07127974090199896,74.41604950168698
p2etg,3,1062,2.039085640086688,0.07127974090199896,75.69908483792297
p2etg,3,1080,2.039085640086688,0.07127974090199896,76.98212017415895
p2etg,3,1098,2.039085640086688,0.07127974090199896,78.26515551039493
p2etg,3,1116,2.039085640086688,0.07127974090199896,79.54819084663092
p2etg,3,1134,2.039085640086688,0.07127974090199896,80.8312261828669
p2etg,3,1152,2.039085640086688,0.07127974090199896,82.11426151910288
p2etg,3,1170,2.039085640086688,0.07127974090199896,83.39729685533887
p2etg,3,1188,2.039085640086688,0.07127974090199896,84.68033219157485
p2etg,3,1206,2.039085640086688,0.07127974090199896,85.96336752781083
p2etg,3,1224,2.039085640086688,0.07127974090199896,87.24640286404681
p2etg,3,1242,2.039085640086688,0.07127974090199896,88.5294382002828
p2etg,3,1260,2.039085640086688,0.07127974090199896,89.81247353651878
p2etg,3,1278,2.039085640086688,0.07127974090199896,91.09550887275476
p2etg,3,1296,2.039085640086688,0.07127974090199896,92.37854420899075
p2etg,3,1314,2.039085640086688,0.07127974090199896,93.66157954522673
p2etg,3,1332,2.039085640086688,0.07127974090199896,94.94461488146271
p2etg,3,1350,2.039085640086688,0.07127974090199896,96.2276502176987
p2etg,3,1368,2.039085640086688,0.07127974090199896,97.51068555393468
p2etg,3,1386,2.039085640086688,0.07127974090199896,98.79372089017066
p2etg,3,1404,2.039085640086688,0.07127974090199896,100.07675622640664
p2etg,3,1422,2.039085640086688,0.07127974090199896,101.35979156264263
p2etg,3,1440,2.039085640086688,0.07127974090199896,102.64282689887861
p2etg,3,1458,2.039085640086688,0.07127974090199896,103.9258622351146
p2etg,3,1476,2.039085640086688,0.07127974090199896,105.20889757135058
p2etg,3,1494,2.039085640086688,0.07127974090199896,106.49193290758656
p2etg,3,1512,2.039085640086688,0.07127974090199896,107.77496824382254
p2etg,3,1530,2.039085640086688,0.07127974090199896,109.05800358005853
p2etg,3,1548,2.039085640086688,0.07127974090199896,110.34103891629451
p2etg,3,1566,2.039085640086688,0.07127974090199896,111.62407425253049
p2etg,3,1584,2.039085640086688,0.07127974090199896,112.90710958876647
p2etg,3,1602,2.039085640086688,0.07127974090199896,114.19014492500246
p2etg,3,1620,2.039085640086688,0.07127974090199896,115.47318026123844
p2etg,3,1638,2.039085640086688,0.07127974090199896,116.75621559747442
p2etg,3,1656,2.039085640086688,0.07127974090199896,118.0392509337104
p2etg,3,1674,2.039085640086688,0.07127974090199896,119.32228626994639
p2etg,3,1692,2.039085640086688,0.07127974090199896,120.60532160618237
p2etg,3,1710,2.039085640086688,0.07127974090199896,121.88835694241835
p2etg,3,1728,2.039085640086688,0.07127974090199896,123.17139227865434
p2etg,3,1746,2.039085640086688,0.07127974090199896,124.45442761489032
p2etg,3,1764,2.039085640086688,0.07127974090199896,125.7374629511263
p2etg,3,1782,2.039085640086688,0.07127974090199896,127.02049828736229
p2etg,3,1800,2.110365380988687,0.0,127.66201595548027
p2etg,3,1818,2.039085640086688,0.07127974090199896,128.30353362359827
p2etg,3,1836,2.110365380988687,0.0,128.94505129171625
p2etg,3,1854,2.110365380988687,0.0,128.94505129171625
p2etg,3,1872,2.110365380988687,0.0,128.94505129171625
p2etg,3,1890,2.110365380988687,0.0,128.94505129171625
p2etg,3,1908,2.110365380988687,0.0,128.94505129171625
p2etg,3,1926,2.110365380988687,0.0,128.94505129171625
p2etg,3,1944,2.110365380988687,0.0,128.94505129171625
p2etg,3,1962,2.110365380988687,0.0,128.94505129171625
p2etg,3,1980,2.110365380988687,0.0,128.94505129171625
p2etg,3,1998,2.110365380988687,0.0,128.94505129171625
p2etg,3,2016,2.110365380988687,0.0,128.94505129171625
p2etg,3,2034,2.110365380988687,0.0,128.94505129171625
p2etg,3,2052,2.110365380988687,0.0,128.94505129171625
p2etg,3,2070,2.110365380988687,0.0,128.94505129171625
p2etg,3,2088,2.110365380988687,0.0,128.94505129171625
p2etg,3,2106,2.110365380988687,0.0,128.94505129171625
p2etg,3,2124,2.110365380988687,0.0,128.94505129171625
p2etg,3,2142,2.110365380988687,0.0,128.94505129171625
p2etg,3,2160,2.110365380988687,0.0,128.94505129171625
p2etg,3,2178,2.110365380988687,0.0,128.94505129171625
p2etg,3,2196,2.110365380988687,0.0,128.94505129171625
p2etg,3,2214,2.110365380988687,0.0,128.94505129171625
p2etg,3,2232,2.110365380988687,0.0,128.94505129171625
p2etg,3,2250,2.110365380988687,0.0,128.94505129171625
p2etg,3,2268,2.110365380988687,0.0,128.94505129171625
p2etg,3,2286,2.110365380988687,0.0,128.94505129171625
p2etg,3,2304,2.110365380988687,0.0,128.94505129171625
p2etg,3,2322,2.110365380988687,0.0,128.94505129171625
p2etg,3,2340,2.110365380988687,0.0,128.94505129171625
p2etg,3,2358,2.110365380988687,0.0,128.94505129171625
p2etg,3,2376,2.110365380988687,0.0,128.94505129171625
p2etg,3,2394,2.110365380988687,0.0,128.94505129171625
p2etg,3,2412,2.110365380988687,0.0,128.94505129171625
p2etg,3,2430,2.110365380988687,0.0,128.94505129171625
p2etg,3,2448,2.110365380988687,0.0,128.94505129171625
p2etg,3,2466,2.110365380988687,0.0,128.94505129171625
p2etg,3,2484,2.110365380988687,0.0,128.94505129171625
p2etg,3,2502,2.110365380988687,0.0,128.94505129171625
p2etg,3,2520,2.110365380988687,0.0,128.94505129171625
p2etg,3,2538,2.110365380988687,0.0,128.94505129171625
p2etg,3,2556,2.110365380988687,0.0,128.94505129171625
p2etg,3,2574,2.110365380988687,0.0,128.94505129171625
p2etg,3,2592,2.110365380988687,0.0,128.94505129171625
p2etg,3,2610,2.110365380988687,0.0,128.94505129171625
p2etg,3,2628,2.110365380988687,0.0,128.94505129171625
p2etg,3,2646,2.110365380988687,0.0,128.94505129171625
p2etg,3,2664,2.110365380988687,0.0,128.94505129171625
p2etg,3,2682,2.110365380988687,0.0,128.94505129171625
p2etg,3,2700,2.110365380988687,0.0,128.94505129171625
p2etg,3,2718,2.110365380988687,0.0,128.94505129171625
p2etg,3,2736,2.110365380988687,0.0,128.94505129171625
p2etg,3,2754,2.110365380988687,0.0,128.94505129171625
p2etg,3,2772,2.110365380988687,0.0,128.94505129171625
p2etg,3,2790,2.110365380988687,0.0,128.94505129171625
p2etg,3,2808,2.110365380988687,0.0,128.94505129171625
p2etg,3,2826,2.110365380988687,0.0,128.94505129171625
p2etg,3,2844,2.110365380988687,0.0,128.94505129171625
p2etg,3,2862,2.110365380988687,0.0,128.94505129171625
p2etg,3,2880,2.110365380988687,0.0,128.94505129171625
p2etg,3,2898,2.110365380988687,0.0,128.94505129171625
p2etg,3,2916,2.110365380988687,0.0,128.94505129171625
p2etg,3,2934,2.110365380988687,0.0,128.94505129171625
p2etg,3,2952,2.110365380988687,0.0,128.94505129171625
p2etg,3,2970,2.110365380988687,0.0,128.94505129171625
p2etg,3,2988,2.110365380988687,0.0,128.94505129171625
p2etg,3,3006,2.110365380988687,0.0,128.94505129171625
p2etg,3,3024,2.110365380988687,0.0,128.94505129171625
p2etg,3,3042,2.110365380988687,0.0,128.94505129171625
p2etg,3,3060,2.110365380988687,0.0,128.94505129171625
p2etg,3,3078,2.110365380988687,0.0,128.94505129171625
p2etg,3,3096,2.110365380988687,0.0,128.94505129171625
p2etg,3,200000,2.110365380988687,0.0,128.94505129171625
p2etg,4,18,1.7853722599912456,0.3249931209974415,5.849876177953947
p2etg,4,36,1.5579439877841819,0.5524213932045052,13.746606805771467
p2etg,4,54,1.5579439877841819,0.5524213932045052,23.690191883452563
p2etg,4,72,2.039085640086688,0.07127974090199896,29.3035020904111
p2etg,4,90,2.039085640086688,0.07127974090199896,30.586537426647084
p2etg,4,108,1.7853722599912456,0.3249931209974415,34.15299318374205
p2etg,4,126,2.039085640086688,0.07127974090199896,37.71944894083701
p2etg,4,144,2.039085640086688,0.07127974090199896,39.002484277072995
p2etg,4,162,2.039085640086688,0.07127974090199896,40.28551961330898
p2etg,4,180,2.039085640086688,0.07127974090199896,41.56855494954496
p2etg,4,198,2.039085640086688,0.07127974090199896,42.851590285780944
p2etg,4,216,2.039085640086688,0.07127974090199896,44.13462562201693
p2etg,4,234,2.039085640086688,0.07127974090199896,45.41766095825291
p2etg,4,252,2.039085640086688,0.07127974090199896,46.70069629448889
p2etg,4,270,2.039085640086688,0.07127974090199896,47.983731630724876
p2etg,4,288,2.039085640086688,0.07127974090199896,49.26676696696086
p2etg,4,306,2.110365380988687,0.0,49.90828463507885
p2etg,4,324,2.110365380988687,0.0,49.90828463507885
p2etg,4,342,2.110365380988687,0.0,49.90828463507885
p2etg,4,360,2.110365380988687,0.0,49.90828463507885
p2etg,4,378,2.110365380988687,0.0,49.90828463507885
p2etg,4,396,2.110365380988687,0.0,49.90828463507885
p2etg,4,414,2.110365380988687,0.0,49.90828463507885
p2etg,4,432,2.110365380988687,0.0,49.90828463507885
p2etg,4,450,2.110365380988687,0.0,49.90828463507885
p2etg,4,468,2.110365380988687,0.0,49.90828463507885
p2etg,4,486,2.110365380988687,0.0,49.90828463507885
p2etg,4,504,2.110365380988687,0.0,49.90828463507885
p2etg,4,522,2.110365380988687,0.0,49.90828463507885
p2etg,4,540,2.110365380988687,0.0,49.90828463507885
p2etg,4,558,2.110365380988687,0.0,49.90828463507885
p2etg,4,576,2.110365380988687,0.0,49.90828463507885
p2etg,4,594,2.110365380988687,0.0,49.90828463507885
p2etg,4,612,2.110365380988687,0.0,49.90828463507885
p2etg,4,630,2.110365380988687,0.0,49.90828463507885
p2etg,4,648,2.110365380988687,0.0,49.90828463507885
p2etg,4,666,2.110365380988687,0.0,49.90828463507885
p2etg,4,684,2.110365380988687,0.0,49.90828463507885
p2etg,4,702,2.110365380988687,0.0,49.90828463507885
p2etg,4,720,2.110365380988687,0.0,49.90828463507885
p2etg,4,738,2.110365380988687,0.0,49.90828463507885
p2etg,4,756,2.110365380988687,0.0,49.90828463507885
p2etg,4,774,2.110365380988687,0.0,49.90828463507885
p2etg,4,792,2.110365380988687,0.0,49.90828463507885
p2etg,4,810,2.110365380988687,0.0,49.90828463507885
p2etg,4,828,2.110365380988687,0.0,49.90828463507885
p2etg,4,846,2.110365380988687,0.0,49.90828463507885
p2etg,4,864,2.110365380988687,0.0,49.90828463507885
p2etg,4,882,2.110365380988687,0.0,49.90828463507885
p2etg,4,900,2.110365380988687,0.0,49.90828463507885
p2etg,4,918,2.110365380988687,0.0,49.90828463507885
p2etg,4,936,2.110365380988687,0.0,49.90828463507885
p2etg,4,954,2.110365380988687,0.0,49.90828463507885
p2etg,4,972,2.110365380988687,0.0,49.90828463507885
p2etg,4,990,2.110365380988687,0.0,49.90828463507885
p2etg,4,1008,2.110365380988687,0.0,49.90828463507885
p2etg,4,1026,2.110365380988687,0.0,49.90828463507885
p2etg,4,1044,2.110365380988687,0.0,49.90828463507885
p2etg,4,1062,2.110365380988687,0.0,49.90828463507885
p2etg,4,1080,2.110365380988687,0.0,49.90828463507885
p2etg,4,1098,2.110365380988687,0.0,49.90828463507885
p2etg,4,1116,2.110365380988687,0.0,49.90828463507885
p2etg,4,1134,2.110365380988687,0.0,49.90828463507885
p2etg,4,1152,2.110365380988687,0.0,49.90828463507885
p2etg,4,1170,2.110365380988687,0.0,49.90828463507885
p2etg,4,1188,2.110365380988687,0.0,49.90828463507885
p2etg,4,1206,2.110365380988687,0.0,49.90828463507885
p2etg,4,1224,2.110365380988687,0.0,49.90828463507885
p2etg,4,1242,2.110365380988687,0.0,49.90828463507885
p2etg,4,1260,2.110365380988687,0.0,49.90828463507885
p2etg,4,1278,2.110365380988687,0.0,49.90828463507885
p2etg,4,1296,2.110365380988687,0.0,49.90828463507885
p2etg,4,1314,2.110365380988687,0.0,49.90828463507885
p2etg,4,1332,2.110365380988687,0.0,49.90828463507885
p2etg,4,1350,2.110365380988687,0.0,49.90828463507885
p2etg,4,1368,2.110365380988687,0.0,49.90828463507885
p2etg,4,1386,2.110365380988687,0.0,49.90828463507885
p2etg,4,1404,2.110365380988687,0.0,49.90828463507885
p2etg,4,1422,2.110365380988687,0.0,49.90828463507885
p2etg,4,1440,2.110365380988687,0.0,49.90828463507885
p2etg,4,1458,2.110365380988687,0.0,49.90828463507885
p2etg,4,1476,2.110365380988687,0.0,49.90828463507885
p2etg,4,1494,2.110365380988687,0.0,49.90828463507885
p2etg,4,1512,2.110365380988687,0.0,49.90828463507885
p2etg,4,1530,2.110365380988687,0.0,49.90828463507885
p2etg,4,1548,2.110365380988687,0.0,49.90828463507885
p2etg,4,1566,2.110365380988687,0.0,49.90828463507885
p2etg,4,1584,2.110365380988687,0.0,49.90828463507885
p2etg,4,1602,2.110365380988687,0.0,49.90828463507885
p2etg,4,1620,2.110365380988687,0.0,49.90828463507885
p2etg,4,1638,2.110365380988687,0.0,49.90828463507885
p2etg,4,1656,2.110365380988687,0.0,49.90828463507885
p2etg,4,1674,2.110365380988687,0.0,49.90828463507885
p2etg,4,1692,2.110365380988687,0.0,49.90828463507885
p2etg,4,1710,2.110365380988687,0.0,49.90828463507885
p2etg,4,1728,2.110365380988687,0.0,49.90828463507885
p2etg,4,1746,2.110365380988687,0.0,49.90828463507885
p2etg,4,1764,2.110365380988687,0.0,49.90828463507885
p2etg,4,1782,2.110365380988687,0.0,49.90828463507885
p2etg,4,1800,2.110365380988687,0.0,49.90828463507885
p2etg,4,1818,2.110365380988687,0.0,49.90828463507885
p2etg,4,1836,2.110365380988687,0.0,49.90828463507885
p2etg,4,1854,2.110365380988687,0.0,49.90828463507885
p2etg,4,1872,2.110365380988687,0.0,49.90828463507885
p2etg,4,1890,2.110365380988687,0.0,49.90828463507885
p2etg,4,1908,2.110365380988687,0.0,49.90828463507885
p2etg,4,1926,2.110365380988687,0.0,49.90828463507885
p2etg,4,1944,2.110365380988687,0.0,49.90828463507885
p2etg,4,1962,2.110365380988687,0.0,49.90828463507885
p2etg,4,1980,2.110365380988687,0.0,49.90828463507885
p2etg,4,1998,2.110365380988687,0.0,49.90828463507885
p2etg,4,2016,2.110365380988687,0.0,49.90828463507885
p2etg,4,2034,2.110365380988687,0.0,49.90828463507885
p2etg,4,2052,2.110365380988687,0.0,49.90828463507885
p2etg,4,2070,2.110365380988687,0.0,49.90828463507885
p2etg,4,2088,2.110365380988687,0.0,49.90828463507885
p2etg,4,2106,2.110365380988687,0.0,49.90828463507885
p2etg,4,2124,2.110365380988687,0.0,49.90828463507885
p2etg,4,2142,2.110365380988687,0.0,49.90828463507885
p2etg,4,2160,2.110365380988687,0.0,49.90828463507885
p2etg,4,2178,2.110365380988687,0.0,49.90828463507885
p2etg,4,2196,2.110365380988687,0.0,49.90828463507885
p2etg,4,2214,2.110365380988687,0.0,49.90828463507885
p2etg,4,2232,2.110365380988687,0.0,49.90828463507885
p2etg,4,2250,2.110365380988687,0.0,49.90828463507885
p2etg,4,2268,2.110365380988687,0.0,49.90828463507885
p2etg,4,2286,2.110365380988687,0.0,49.90828463507885
p2etg,4,2304,2.110365380988687,0.0,49.90828463507885
p2etg,4,2322,2.110365380988687,0.0,49.90828463507885
p2etg,4,2340,2.110365380988687,0.0,49.90828463507885
p2etg,4,2358,2.110365380988687,0.0,49.90828463507885
p2etg,4,2376,2.110365380988687,0.0,49.90828463507885
p2etg,4,2394,2.110365380988687,0.0,49.90828463507885
p2etg,4,2412,2.110365380988687,0.0,49.90828463507885
p2etg,4,2430,2.110365380988687,0.0,49.90828463507885
p2etg,4,2448,2.110365380988687,0.0,49.90828463507885
p2etg,4,2466,2.110365380988687,0.0,49.90828463507885
p2etg,4,2484,2.110365380988687,0.0,49.90828463507885
p2etg,4,2502,2.110365380988687,0.0,49.90828463507885
p2etg,4,2520,2.110365380988687,0.0,49.90828463507885
p2etg,4,2538,2.110365380988687,0.0,49.90828463507885
p2etg,4,2556,2.110365380988687,0.0,49.90828463507885
p2etg,4,2574,2.110365380988687,0.0,49.90828463507885
p2etg,4,2592,2.110365380988687,0.0,49.90828463507885
p2etg,4,2610,2.110365380988687,0.0,49.90828463507885
p2etg,4,2628,2.110365380988687,0.0,49.90828463507885
p2etg,4,2646,2.110365380988687,0.0,49.90828463507885
p2etg,4,2664,2.110365380988687,0.0,49.90828463507885
p2etg,4,2682,2.110365380988687,0.0,49.90828463507885
p2etg,4,2700,2.110365380988687,0.0,49.90828463507885
p2etg,4,2718,2.110365380988687,0.0,49.90828463507885
p2etg,4,2736,2.110365380988687,0.0,49.90828463507885
p2etg,4,2754,2.110365380988687,0.0,49.90828463507885
p2etg,4,2772,2.110365380988687,0.0,49.90828463507885
p2etg,4,2790,2.110365380988687,0.0,49.90828463507885
p2etg,4,2808,2.110365380988687,0.0,49.90828463507885
p2etg,4,2826,2.110365380988687,0.0,49.90828463507885
p2etg,4,2844,2.110365380988687,0.0,49.90828463507885
p2etg,4,2862,2.110365380988687,0.0,49.90828463507885
p2etg,4,2880,2.110365380988687,0.0,49.90828463507885
p2etg,4,2898,2.110365380988687,0.0,49.90828463507885
p2etg,4,2916,2.110365380988687,0.0,49.90828463507885
p2etg,4,2934,2.110365380988687,0.0,49.90828463507885
p2etg,4,2952,2.110365380988687,0.0,49.90828463507885
p2etg,4,2970,2.110365380988687,0.0,49.90828463507885
p2etg,4,2988,2.110365380988687,0.0,49.90828463507885
p2etg,4,3006,2.110365380988687,0.0,49.90828463507885
p2etg,4,3024,2.110365380988687,0.0,49.90828463507885
p2etg,4,3042,2.110365380988687,0.0,49.90828463507885
p2etg,4,3060,2.110365380988687,0.0,49.90828463507885
p2etg,4,3078,2.110365380988687,0.0,49.90828463507885
p2etg,4,3096,2.110365380988687,0.0,49.90828463507885
p2etg,4,3114,2.110365380988687,0.0,49.90828463507885
p2etg,4,3132,2.110365380988687,0.0,49.90828463507885
p2etg,4,3150,2.110365380988687,0.0,49.90828463507885
p2etg,4,3168,2.110365380988687,0.0,49.90828463507885
p2etg,4,3186,2.110365380988687,0.0,49.90828463507885
p2etg,4,3204,2.110365380988687,0.0,49.90828463507885
p2etg,4,3222,2.110365380988687,0.0,49.90828463507885
p2etg,4,3240,2.110365380988687,0.0,49.90828463507885
p2etg,4,3258,2.110365380988687,0.0,49.90828463507885
p2etg,4,3276,2.110365380988687,0.0,49.90828463507885
p2etg,4,3294,2.110365380988687,0.0,49.90828463507885
p2etg,4,3312,2.110365380988687,0.0,49.90828463507885
p2etg,4,3330,2.110365380988687,0.0,49.90828463507885
p2etg,4,3348,2.110365380988687,0.0,49.90828463507885
p2etg,4,3366,2.110365380988687,0.0,49.90828463507885
p2etg,4,3384,2.110365380988687,0.0,49.90828463507885
p2etg,4,3402,2.110365380988687,0.0,49.90828463507885
p2etg,4,3420,2.110365380988687,0.0,49.90828463507885
p2etg,4,3438,2.110365380988687,0.0,49.90828463507885
p2etg,4,3456,2.110365380988687,0.0,49.90828463507885
p2etg,4,3474,2.110365380988687,0.0,49.90828463507885
p2etg,4,3492,2.110365380988687,0.0,49.90828463507885
p2etg,4,3510,2.110365380988687,0.0,49.90828463507885
p2etg,4,3528,2.110365380988687,0.0,49.90828463507885
p2etg,4,3546,2.110365380988687,0.0,49.90828463507885
p2etg,4,3564,2.110365380988687,0.0,49.90828463507885
p2etg,4,3582,2.110365380988687,0.0,49.90828463507885
p2etg,4,3600,2.110365380988687,0.0,49.90828463507885
p2etg,4,3618,2.110365380988687,0.0,49.90828463507885
p2etg,4,3636,2.110365380988687,0.0,49.90828463507885
p2etg,4,3654,2.110365380988687,0.0,49.90828463507885
p2etg,4,3672,2.110365380988687,0.0,49.90828463507885
p2etg,4,3690,2.110365380988687,0.0,49.90828463507885
p2etg,4,3708,2.110365380988687,0.0,49.90828463507885
p2etg,4,3726,2.110365380988687,0.0,49.90828463507885
p2etg,4,3744,2.110365380988687,0.0,49.90828463507885
p2etg,4,3762,2.110365380988687,0.0,49.90828463507885
p2etg,4,3780,2.110365380988687,0.0,49.90828463507885
p2etg,4,3798,2.110365380988687,0.0,49.90828463507885
p2etg,4,3816,2.110365380988687,0.0,49.90828463507885
p2etg,4,3834,2.110365380988687,0.0,49.90828463507885
p2etg,4,3852,2.110365380988687,0.0,49.90828463507885
p2etg,4,3870,2.110365380988687,0.0,49.90828463507885
p2etg,4,3888,2.110365380988687,0.0,49.90828463507885
p2etg,4,3906,2.110365380988687,0.0,49.90828463507885
p2etg,4,200000,2.110365380988687,0.0,49.90828463507885
p2etg,5,18,2.110365380988687,0.0,0.0
p2etg,5,36,1.5579439877841819,0.5524213932045052,4.971792538840547
p2etg,5,54,2.039085640086688,0.07127974090199896,10.585102745799084
p2etg,5,72,2.039085640086688,0.07127974090199896,11.868138082035065
p2etg,5,90,2.039085640086688,0.07127974090199896,13.151173418271046
p2etg,5,108,2.039085640086688,0.07127974090199896,14.434208754507027
p2etg,5,126,2.110365380988687,0.0,15.075726422625017
p2etg,5,144,2.110365380988687,0.0,15.075726422625017
p2etg,5,162,2.110365380988687,0.0,15.075726422625017
p2etg,5,180,2.110365380988687,0.0,15.075726422625017
p2etg,5,198,2.110365380988687,0.0,15.075726422625017
p2etg,5,216,2.110365380988687,0.0,15.075726422625017
p2etg,5,234,2.110365380988687,0.0,15.075726422625017
p2etg,5,252,2.110365380988687,0.0,15.075726422625017
p2etg,5,270,2.110365380988687,0.0,15.075726422625017
p2etg,5,288,2.110365380988687,0.0,15.075726422625017
p2etg,5,306,2.110365380988687,0.0,15.075726422625017
p2etg,5,324,2.110365380988687,0.0,15.075726422625017
p2etg,5,342,2.110365380988687,0.0,15.075726422625017
p2etg,5,360,2.110365380988687,0.0,15.075726422625017
p2etg,5,378,2.110365380988687,0.0,15.075726422625017
p2etg,5,396,2.110365380988687,0.0,15.075726422625017
p2etg,5,414,2.110365380988687,0.0,15.075726422625017
p2etg,5,432,2.110365380988687,0.0,15.075726422625017
p2etg,5,450,2.110365380988687,0.0,15.075726422625017
p2etg,5,468,2.110365380988687,0.0,15.075726422625017
p2etg,5,486,2.110365380988687,0.0,15.075726422625017
p2etg,5,504,2.110365380988687,0.0,15.075726422625017
p2etg,5,522,2.110365380988687,0.0,15.075726422625017
p2etg,5,540,2.110365380988687,0.0,15.075726422625017
p2etg,5,558,2.110365380988687,0.0,15.075726422625017
p2etg,5,576,2.110365380988687,0.0,15.075726422625017
p2etg,5,594,2.110365380988687,0.0,15.075726422625017
p2etg,5,612,2.110365380988687,0.0,15.075726422625017
p2etg,5,630,2.110365380988687,0.0,15.075726422625017
p2etg,5,648,2.110365380988687,0.0,15.075726422625017
p2etg,5,666,2.110365380988687,0.0,15.075726422625017
p2etg,5,684,2.110365380988687,0.0,15.075726422625017
p2etg,5,702,2.110365380988687,0.0,15.075726422625017
p2etg,5,720,2.110365380988687,0.0,15.075726422625017
p2etg,5,738,2.110365380988687,0.0,15.075726422625017
p2etg,5,756,2.110365380988687,0.0,15.075726422625017
p2etg,5,774,2.110365380988687,0.0,15.075726422625017
p2etg,5,792,2.110365380988687,0.0,15.075726422625017
p2etg,5,810,2.110365380988687,0.0,15.075726422625017
p2etg,5,828,2.110365380988687,0.0,15.075726422625017
p2etg,5,846,2.110365380988687,0.0,15.075726422625017
p2etg,5,864,2.110365380988687,0.0,15.075726422625017
p2etg,5,882,2.110365380988687,0.0,15.075726422625017
p2etg,5,900,2.110365380988687,0.0,15.075726422625017
p2etg,5,918,2.110365380988687,0.0,15.075726422625017
p2etg,5,936,2.110365380988687,0.0,15.075726422625017
p2etg,5,954,2.110365380988687,0.0,15.075726422625017
p2etg,5,972,2.110365380988687,0.0,15.075726422625017
p2etg,5,990,2.110365380988687,0.0,15.075726422625017
p2etg,5,1008,2.110365380988687,0.0,15.075726422625017
p2etg,5,1026,2.110365380988687,0.0,15.075726422625017
p2etg,5,1044,2.110365380988687,0.0,15.075726422625017
p2etg,5,1062,2.110365380988687,0.0,15.075726422625017
p2etg,5,1080,2.110365380988687,0.0,15.075726422625017
p2etg,5,1098,2.110365380988687,0.0,15.075726422625017
p2etg,5,1116,2.110365380988687,0.0,15.075726422625017
p2etg,5,1134,2.110365380988687,0.0,15.075726422625017
p2etg,5,1152,2.110365380988687,0.0,15.075726422625017
p2etg,5,1170,2.110365380988687,0.0,15.075726422625017
p2etg,5,1188,2.110365380988687,0.0,15.075726422625017
p2etg,5,1206,2.110365380988687,0.0,15.075726422625017
p2etg,5,1224,2.110365380988687,0.0,15.075726422625017
p2etg,5,1242,2.110365380988687,0.0,15.075726422625017
p2etg,5,1260,2.110365380988687,0.0,15.075726422625017
p2etg,5,1278,2.110365380988687,0.0,15.075726422625017
p2etg,5,1296,2.110365380988687,0.0,15.075726422625017
p2etg,5,1314,2.110365380988687,0.0,15.075726422625017
p2etg,5,1332,2.110365380988687,0.0,15.075726422625017
p2etg,5,1350,2.110365380988687,0.0,15.075726422625017
p2etg,5,1368,2.110365380988687,0.0,15.075726422625017
p2etg,5,1386,2.110365380988687,0.0,15.075726422625017
p2etg,5,1404,2.110365380988687,0.0,15.075726422625017
p2etg,5,1422,2.110365380988687,0.0,15.075726422625017
p2etg,5,1440,2.110365380988687,0.0,15.075726422625017
p2etg,5,1458,2.110365380988687,0.0,15.075726422625017
p2etg,5,1476,2.110365380988687,0.0,15.075726422625017
p2etg,5,1494,2.110365380988687,0.0,15.075726422625017
p2etg,5,1512,2.110365380988687,0.0,15.075726422625017
p2etg,5,1530,2.110365380988687,0.0,15.075726422625017
p2etg,5,1548,2.110365380988687,0.0,15.075726422625017
p2etg,5,1566,2.110365380988687,0.0,15.075726422625017
p2etg,5,1584,2.110365380988687,0.0,15.075726422625017
p2etg,5,1602,2.110365380988687,0.0,15.075726422625017
p2etg,5,1620,2.110365380988687,0.0,15.075726422625017
p2etg,5,1638,2.110365380988687,0.0,15.075726422625017
p2etg,5,1656,2.110365380988687,0.0,15.075726422625017
p2etg,5,1674,2.110365380988687,0.0,15.075726422625017
p2etg,5,1692,2.110365380988687,0.0,15.075726422625017
p2etg,5,1710,2.110365380988687,0.0,15.075726422625017
p2etg,5,1728,2.110365380988687,0.0,15.075726422625017
p2etg,5,1746,2.110365380988687,0.0,15.075726422625017
p2etg,5,1764,2.110365380988687,0.0,15.075726422625017
p2etg,5,1782,2.110365380988687,0.0,15.075726422625017
p2etg,5,1800,2.110365380988687,0.0,15.075726422625017
p2etg,5,1818,2.110365380988687,0.0,15.075726422625017
p2etg,5,1836,2.110365380988687,0.0,15.075726422625017
p2etg,5,1854,2.110365380988687,0.0,15.075726422625017
p2etg,5,1872,2.110365380988687,0.0,15.075726422625017
p2etg,5,1890,2.110365380988687,0.0,15.075726422625017
p2etg,5,1908,2.110365380988687,0.0,15.075726422625017
p2etg,5,1926,2.110365380988687,0.0,15.075726422625017
p2etg,5,1944,2.110365380988687,0.0,15.075726422625017
p2etg,5,1962,2.110365380988687,0.0,15.075726422625017
p2etg,5,1980,2.110365380988687,0.0,15.075726422625017
p2etg,5,1998,2.110365380988687,0.0,15.075726422625017
p2etg,5,2016,2.110365380988687,0.0,15.075726422625017
p2etg,5,2034,2.110365380988687,0.0,15.075726422625017
p2etg,5,2052,2.110365380988687,0.0,15.075726422625017
p2etg,5,2070,2.110365380988687,0.0,15.075726422625017
p2etg,5,2088,2.110365380988687,0.0,15.075726422625017
p2etg,5,2106,2.110365380988687,0.0,15.075726422625017
p2etg,5,2124,2.110365380988687,0.0,15.075726422625017
p2etg,5,2142,2.110365380988687,0.0,15.075726422625017
p2etg,5,2160,2.110365380988687,0.0,15.075726422625017
p2etg,5,2178,2.110365380988687,0.0,15.075726422625017
p2etg,5,2196,2.110365380988687,0.0,15.075726422625017
p2etg,5,2214,2.110365380988687,0.0,15.075726422625017
p2etg,5,2232,2.110365380988687,0.0,15.075726422625017
p2etg,5,2250,2.110365380988687,0.0,15.075726422625017
p2etg,5,2268,2.110365380988687,0.0,15.075726422625017
p2etg,5,2286,2.110365380988687,0.0,15.075726422625017
p2etg,5,2304,2.110365380988687,0.0,15.075726422625017
p2etg,5,2322,2.110365380988687,0.0,15.075726422625017
p2etg,5,2340,2.110365380988687,0.0,15.075726422625017
p2etg,5,2358,2.110365380988687,0.0,15.075726422625017
p2etg,5,2376,2.110365380988687,0.0,15.075726422625017
p2etg,5,2394,2.110365380988687,0.0,15.075726422625017
p2etg,5,2412,2.110365380988687,0.0,15.075726422625017
p2etg,5,2430,2.110365380988687,0.0,15.075726422625017
p2etg,5,2448,2.110365380988687,0.0,15.075726422625017
p2etg,5,2466,2.110365380988687,0.0,15.075726422625017
p2etg,5,2484,2.110365380988687,0.0,15.075726422625017
p2etg,5,2502,2.110365380988687,0.0,15.075726422625017
p2etg,5,2520,2.110365380988687,0.0,15.075726422625017
p2etg,5,2538,2.110365380988687,0.0,15.075726422625017
p2etg,5,2556,2.110365380988687,0.0,15.075726422625017
p2etg,5,2574,2.110365380988687,0.0,15.075726422625017
p2etg,5,2592,2.110365380988687,0.0,15.075726422625017
p2etg,5,2610,2.110365380988687,0.0,15.075726422625017
p2etg,5,2628,2.110365380988687,0.0,15.075726422625017
p2etg,5,2646,2.110365380988687,0.0,15.075726422625017
p2etg,5,2664,2.110365380988687,0.0,15.075726422625017
p2etg,5,2682,2.110365380988687,0.0,15.075726422625017
p2etg,5,2700,2.110365380988687,0.0,15.075726422625017
p2etg,5,2718,2.110365380988687,0.0,15.075726422625017
p2etg,5,2736,2.110365380988687,0.0,15.075726422625017
p2etg,5,2754,2.110365380988687,0.0,15.075726422625017
p2etg,5,2772,2.110365380988687,0.0,15.075726422625017
p2etg,5,2790,2.110365380988687,0.0,15.075726422625017
p2etg,5,2808,2.110365380988687,0.0,15.075726422625017
p2etg,5,2826,2.110365380988687,0.0,15.075726422625017
p2etg,5,2844,2.110365380988687,0.0,15.075726422625017
p2etg,5,2862,2.110365380988687,0.0,15.075726422625017
p2etg,5,2880,2.110365380988687,0.0,15.075726422625017
p2etg,5,2898,2.110365380988687,0.0,15.075726422625017
p2etg,5,2916,2.110365380988687,0.0,15.075726422625017
p2etg,5,2934,2.110365380988687,0.0,15.075726422625017
p2etg,5,2952,2.110365380988687,0.0,15.075726422625017
p2etg,5,2970,2.110365380988687,0.0,15.075726422625017
p2etg,5,2988,2.110365380988687,0.0,15.075726422625017
p2etg,5,3006,2.110365380988687,0.0,15.075726422625017
p2etg,5,3024,2.110365380988687,0.0,15.075726422625017
p2etg,5,3042,2.110365380988687,0.0,15.075726422625017
p2etg,5,3060,2.110365380988687,0.0,15.075726422625017
p2etg,5,3078,2.110365380988687,0.0,15.075726422625017
p2etg,5,3096,2.110365380988687,0.0,15.075726422625017
p2etg,5,3114,2.110365380988687,0.0,15.075726422625017
p2etg,5,3132,2.110365380988687,0.0,15.075726422625017
p2etg,5,3150,2.110365380988687,0.0,15.075726422625017
p2etg,5,3168,2.110365380988687,0.0,15.075726422625017
p2etg,5,3186,2.110365380988687,0.0,15.075726422625017
p2etg,5,3204,2.110365380988687,0.0,15.075726422625017
p2etg,5,3222,2.110365380988687,0.0,15.075726422625017
p2etg,5,3240,2.110365380988687,0.0,15.075726422625017
p2etg,5,3258,2.110365380988687,0.0,15.075726422625017
p2etg,5,3276,2.110365380988687,0.0,15.075726422625017
p2etg,5,3294,2.110365380988687,0.0,15.075726422625017
p2etg,5,3312,2.110365380988687,0.0,15.075726422625017
p2etg,5,3330,2.110365380988687,0.0,15.075726422625017
p2etg,5,3348,2.110365380988687,0.0,15.075726422625017
p2etg,5,3366,2.110365380988687,0.0,15.075726422625017
p2etg,5,3384,2.110365380988687,0.0,15.075726422625017
p2etg,5,3402,2.110365380988687,0.0,15.075726422625017
p2etg,5,3420,2.110365380988687,0.0,15.075726422625017
p2etg,5,3438,2.110365380988687,0.0,15.075726422625017
p2etg,5,3456,2.110365380988687,0.0,15.075726422625017
p2etg,5,3474,2.110365380988687,0.0,15.075726422625017
p2etg,5,3492,2.110365380988687,0.0,15.075726422625017
p2etg,5,3510,2.110365380988687,0.0,15.075726422625017
p2etg,5,3528,2.110365380988687,0.0,15.075726422625017
p2etg,5,3546,2.110365380988687,0.0,15.075726422625017
p2etg,5,3564,2.110365380988687,0.0,15.075726422625017
p2etg,5,3582,2.110365380988687,0.0,15.075726422625017
p2etg,5,3600,2.110365380988687,0.0,15.075726422625017
p2etg,5,3618,2.110365380988687,0.0,15.075726422625017
p2etg,5,3636,2.110365380988687,0.0,15.075726422625017
p2etg,5,3654,2.110365380988687,0.0,15.075726422625017
p2etg,5,3672,2.110365380988687,0.0,15.075726422625017
p2etg,5,3690,2.110365380988687,0.0,15.075726422625017
p2etg,5,3708,2.110365380988687,0.0,15.075726422625017
p2etg,5,3726,2.110365380988687,0.0,15.075726422625017
p2etg,5,3744,2.110365380988687,0.0,15.075726422625017
p2etg,5,3762,2.110365380988687,0.0,15.075726422625017
p2etg,5,200000,2.110365380988687,0.0,15.075726422625017
p2etg,6,18,2.039085640086688,0.07127974090199896,1.2830353362359812
p2etg,6,36,2.039085640086688,0.07127974090199896,2.5660706724719624
p2etg,6,54,2.039085640086688,0.07127974090199896,3.8491060087079436
p2etg,6,72,2.110365380988687,0.0,4.490623676825934
p2etg,6,90,2.039085640086688,0.07127974090199896,5.132141344943925
p2etg,6,108,2.110365380988687,0.0,5.773659013061915
p2etg,6,126,2.110365380988687,0.0,5.773659013061915
p2etg,6,144,2.110365380988687,0.0,5.773659013061915
p2etg,6,162,2.110365380988687,0.0,5.773659013061915
p2etg,6,180,1.7853722599912456,0.3249931209974415,8.698597102038889
p2etg,6,198,2.110365380988687,0.0,11.623535191015861
p2etg,6,216,2.110365380988687,0.0,11.623535191015861
p2etg,6,234,2.110365380988687,0.0,11.623535191015861
p2etg,6,252,2.110365380988687,0.0,11.623535191015861
p2etg,6,270,1.7853722599912456,0.3249931209974415,14.548473279992834
p2etg,6,288,1.7853722599912456,0.3249931209974415,20.39834945794678
p2etg,6,306,2.039085640086688,0.07127974090199896,23.964805215041743
p2etg,6,324,2.110365380988687,0.0,24.606322883159734
p2etg,6,342,2.039085640086688,0.07127974090199896,25.247840551277726
p2etg,6,360,2.110365380988687,0.0,25.889358219395717
p2etg,6,378,2.039085640086688,0.07127974090199896,26.53087588751371
p2etg,6,396,2.039085640086688,0.07127974090199896,27.81391122374969
p2etg,6,414,2.039085640086688,0.07127974090199896,29.096946559985675
p2etg,6,432,2.039085640086688,0.07127974090199896,30.379981896221658
p2etg,6,450,2.039085640086688,0.07127974090199896,31.66301723245764
p2etg,6,468,2.110365380988687,0.0,32.30453490057563
p2etg,6,486,2.110365380988687,0.0,32.30453490057563
p2etg,6,504,2.110365380988687,0.0,32.30453490057563
p2etg,6,522,2.110365380988687,0.0,32.30453490057563
p2etg,6,540,2.110365380988687,0.0,32.30453490057563
p2etg,6,558,2.110365380988687,0.0,32.30453490057563
p2etg,6,576,2.110365380988687,0.0,32.30453490057563
p2etg,6,594,2.110365380988687,0.0,32.30453490057563
p2etg,6,612,2.110365380988687,0.0,32.30453490057563
p2etg,6,630,2.110365380988687,0.0,32.30453490057563
p2etg,6,648,2.110365380988687,0.0,32.30453490057563
p2etg,6,666,2.110365380988687,0.0,32.30453490057563
p2etg,6,684,2.110365380988687,0.0,32.30453490057563
p2etg,6,702,2.110365380988687,0.0,32.30453490057563
p2etg,6,720,2.110365380988687,0.0,32.30453490057563
p2etg,6,738,2.110365380988687,0.0,32.30453490057563
p2etg,6,756,2.110365380988687,0.0,32.30453490057563
p2etg,6,774,2.110365380988687,0.0,32.30453490057563
p2etg,6,792,2.110365380988687,0.0,32.30453490057563
p2etg,6,810,2.110365380988687,0.0,32.30453490057563
p2etg,6,828,2.110365380988687,0.0,32.30453490057563
p2etg,6,846,2.110365380988687,0.0,32.30453490057563
p2etg,6,864,2.110365380988687,0.0,32.30453490057563
p2etg,6,882,2.110365380988687,0.0,32.30453490057563
p2etg,6,900,2.110365380988687,0.0,32.30453490057563
p2etg,6,918,2.110365380988687,0.0,32.30453490057563
p2etg,6,936,2.110365380988687,0.0,32.30453490057563
p2etg,6,954,2.110365380988687,0.0,32.30453490057563
p2etg,6,972,2.110365380988687,0.0,32.30453490057563
p2etg,6,990,2.110365380988687,0.0,32.30453490057563
p2etg,6,1008,2.110365380988687,0.0,32.30453490057563
p2etg,6,1026,2.110365380988687,0.0,32.30453490057563
p2etg,6,1044,2.110365380988687,0.0,32.30453490057563
p2etg,6,1062,2.110365380988687,0.0,32.30453490057563
p2etg,6,1080,2.110365380988687,0.0,32.30453490057563
p2etg,6,1098,2.110365380988687,0.0,32.30453490057563
p2etg,6,1116,2.110365380988687,0.0,32.30453490057563
p2etg,6,1134,2.110365380988687,0.0,32.30453490057563
p2etg,6,1152,2.110365380988687,0.0,32.30453490057563
p2etg,6,1170,2.110365380988687,0.0,32.30453490057563
p2etg,6,1188,2.110365380988687,0.0,32.30453490057563
p2etg,6,1206,2.110365380988687,0.0,32.30453490057563
p2etg,6,1224,2.110365380988687,0.0,32.30453490057563
p2etg,6,1242,2.110365380988687,0.0,32.30453490057563
p2etg,6,1260,2.110365380988687,0.0,32.30453490057563
p2etg,6,1278,2.110365380988687,0.0,32.30453490057563
p2etg,6,1296,2.110365380988687,0.0,32.30453490057563
p2etg,6,1314,2.110365380988687,0.0,32.30453490057563
p2etg,6,1332,2.110365380988687,0.0,32.30453490057563
p2etg,6,1350,2.110365380988687,0.0,32.30453490057563
p2etg,6,1368,2.110365380988687,0.0,32.30453490057563
p2etg,6,1386,2.110365380988687,0.0,32.30453490057563
p2etg,6,1404,2.110365380988687,0.0,32.30453490057563
p2etg,6,1422,2.110365380988687,0.0,32.30453490057563
p2etg,6,1440,2.110365380988687,0.0,32.30453490057563
p2etg,6,1458,2.110365380988687,0.0,32.30453490057563
p2etg,6,1476,2.110365380988687,0.0,32.30453490057563
p2etg,6,1494,2.110365380988687,0.0,32.30453490057563
p2etg,6,1512,2.110365380988687,0.0,32.30453490057563
p2etg,6,1530,2.110365380988687,0.0,32.30453490057563
p2etg,6,1548,2.110365380988687,0.0,32.30453490057563
p2etg,6,1566,2.110365380988687,0.0,32.30453490057563
p2etg,6,1584,2.110365380988687,0.0,32.30453490057563
p2etg,6,1602,2.110365380988687,0.0,32.30453490057563
p2etg,6,1620,2.110365380988687,0.0,32.30453490057563
p2etg,6,1638,2.110365380988687,0.0,32.30453490057563
p2etg,6,1656,2.110365380988687,0.0,32.30453490057563
p2etg,6,1674,2.110365380988687,0.0,32.30453490057563
p2etg,6,1692,2.110365380988687,0.0,32.30453490057563
p2etg,6,1710,2.110365380988687,0.0,32.30453490057563
p2etg,6,1728,2.110365380988687,0.0,32.30453490057563
p2etg,6,1746,2.110365380988687,0.0,32.30453490057563
p2etg,6,1764,2.110365380988687,0.0,32.30453490057563
p2etg,6,1782,2.110365380988687,0.0,32.30453490057563
p2etg,6,1800,2.110365380988687,0.0,32.30453490057563
p2etg,6,1818,2.110365380988687,0.0,32.30453490057563
p2etg,6,1836,2.110365380988687,0.0,32.30453490057563
p2etg,6,1854,2.110365380988687,0.0,32.30453490057563
p2etg,6,1872,2.110365380988687,0.0,32.30453490057563
p2etg,6,1890,2.110365380988687,0.0,32.30453490057563
p2etg,6,1908,2.110365380988687,0.0,32.30453490057563
p2etg,6,1926,2.110365380988687,0.0,32.30453490057563
p2etg,6,1944,2.110365380988687,0.0,32.30453490057563
p2etg,6,1962,2.110365380988687,0.0,32.30453490057563
p2etg,6,1980,2.110365380988687,0.0,32.30453490057563
p2etg,6,1998,2.110365380988687,0.0,32.30453490057563
p2etg,6,2016,2.110365380988687,0.0,32.30453490057563
p2etg,6,2034,2.110365380988687,0.0,32.30453490057563
p2etg,6,2052,2.110365380988687,0.0,32.30453490057563
p2etg,6,2070,2.110365380988687,0.0,32.30453490057563
p2etg,6,2088,2.110365380988687,0.0,32.30453490057563
p2etg,6,2106,2.110365380988687,0.0,32.30453490057563
p2etg,6,2124,2.110365380988687,0.0,32.30453490057563
p2etg,6,2142,2.110365380988687,0.0,32.30453490057563
p2etg,6,2160,2.110365380988687,0.0,32.30453490057563
p2etg,6,2178,2.110365380988687,0.0,32.30453490057563
p2etg,6,2196,2.110365380988687,0.0,32.30453490057563
p2etg,6,2214,2.110365380988687,0.0,32.30453490057563
p2etg,6,2232,2.110365380988687,0.0,32.30453490057563
p2etg,6,2250,2.110365380988687,0.0,32.30453490057563
p2etg,6,2268,2.110365380988687,0.0,32.30453490057563
p2etg,6,2286,2.110365380988687,0.0,32.30453490057563
p2etg,6,2304,2.110365380988687,0.0,32.30453490057563
p2etg,6,2322,2.110365380988687,0.0,32.30453490057563
p2etg,6,2340,2.110365380988687,0.0,32.30453490057563
p2etg,6,2358,2.110365380988687,0.0,32.30453490057563
p2etg,6,2376,2.110365380988687,0.0,32.30453490057563
p2etg,6,2394,2.110365380988687,0.0,32.30453490057563
p2etg,6,2412,2.110365380988687,0.0,32.30453490057563
p2etg,6,2430,2.110365380988687,0.0,32.30453490057563
p2etg,6,2448,2.110365380988687,0.0,32.30453490057563
p2etg,6,2466,2.110365380988687,0.0,32.30453490057563
p2etg,6,2484,2.110365380988687,0.0,32.30453490057563
p2etg,6,2502,2.110365380988687,0.0,32.30453490057563
p2etg,6,200000,2.110365380988687,0.0,32.30453490057563
p2etg,7,18,2.039085640086688,0.07127974090199896,1.2830353362359812
p2etg,7,36,2.039085640086688,0.07127974090199896,2.5660706724719624
p2etg,7,54,2.110365380988687,0.0,3.207588340589953
p2etg,7,72,2.110365380988687,0.0,3.207588340589953
p2etg,7,90,2.110365380988687,0.0,3.207588340589953
p2etg,7,108,2.110365380988687,0.0,3.207588340589953
p2etg,7,126,2.110365380988687,0.0,3.207588340589953
p2etg,7,144,2.110365380988687,0.0,3.207588340589953
p2etg,7,162,2.110365380988687,0.0,3.207588340589953
p2etg,7,180,2.110365380988687,0.0,3.207588340589953
p2etg,7,198,2.110365380988687,0.0,3.207588340589953
p2etg,7,216,2.110365380988687,0.0,3.207588340589953
p2etg,7,234,2.110365380988687,0.0,3.207588340589953
p2etg,7,252,2.110365380988687,0.0,3.207588340589953
p2etg,7,270,2.110365380988687,0.0,3.207588340589953
p2etg,7,288,2.039085640086688,0.07127974090199896,3.8491060087079436
p2etg,7,306,2.039085640086688,0.07127974090199896,5.132141344943925
p2etg,7,324,2.039085640086688,0.07127974090199896,6.415176681179906
p2etg,7,342,2.039085640086688,0.07127974090199896,7.698212017415887
p2etg,7,360,2.039085640086688,0.07127974090199896,8.981247353651868
p2etg,7,378,2.039085640086688,0.07127974090199896,10.26428268988785
p2etg,7,396,2.039085640086688,0.07127974090199896,11.54731802612383
p2etg,7,414,2.039085640086688,0.07127974090199896,12.830353362359812
p2etg,7,432,2.039085640086688,0.07127974090199896,14.113388698595793
p2etg,7,450,2.039085640086688,0.07127974090199896,15.396424034831774
p2etg,7,468,2.039085640086688,0.07127974090199896,16.679459371067757
p2etg,7,486,2.039085640086688,0.07127974090199896,17.96249470730374
p2etg,7,504,2.039085640086688,0.07127974090199896,19.245530043539723
p2etg,7,522,2.039085640086688,0.07127974090199896,20.528565379775706
p2etg,7,540,2.039085640086688,0.07127974090199896,21.81160071601169
p2etg,7,558,2.039085640086688,0.07127974090199896,23.094636052247672
p2etg,7,576,2.039085640086688,0.07127974090199896,24.377671388483655
p2etg,7,594,2.039085640086688,0.07127974090199896,25.66070672471964
p2etg,7,612,2.039085640086688,0.07127974090199896,26.94374206095562
p2etg,7,630,2.039085640086688,0.07127974090199896,28.226777397191604
p2etg,7,648,2.039085640086688,0.07127974090199896,29.509812733427587
p2etg,7,666,2.039085640086688,0.07127974090199896,30.79284806966357
p2etg,7,684,2.039085640086688,0.07127974090199896,32.07588340589955
p2etg,7,702,2.039085640086688,0.07127974090199896,33.358918742135536
p2etg,7,720,2.039085640086688,0.07127974090199896,34.64195407837152
p2etg,7,738,2.039085640086688,0.07127974090199896,35.9249894146075
p2etg,7,756,2.039085640086688,0.07127974090199896,37.208024750843485
p2etg,7,774,2.039085640086688,0.07127974090199896,38.49106008707947
p2etg,7,792,2.039085640086688,0.07127974090199896,39.77409542331545
p2etg,7,810,2.039085640086688,0.07127974090199896,41.057130759551434
p2etg,7,828,2.039085640086688,0.07127974090199896,42.34016609578742
p2etg,7,846,2.039085640086688,0.07127974090199896,43.6232014320234
p2etg,7,864,2.039085640086688,0.07127974090199896,44.90623676825938
p2etg,7,882,2.039085640086688,0.07127974090199896,46.189272104495366
p2etg,7,900,2.039085640086688,0.07127974090199896,47.47230744073135
p2etg,7,918,2.039085640086688,0.07127974090199896,48.75534277696733
p2etg,7,936,2.039085640086688,0.07127974090199896,50.038378113203315
p2etg,7,954,2.039085640086688,0.07127974090199896,51.3214134494393
p2etg,7,972,2.039085640086688,0.07127974090199896,52.60444878567528
p2etg,7,990,2.039085640086688,0.07127974090199896,53.887484121911264
p2etg,7,1008,2.039085640086688,0.07127974090199896,55.17051945814725
p2etg,7,1026,2.039085640086688,0.07127974090199896,56.45355479438323
p2etg,7,1044,2.039085640086688,0.07127974090199896,57.73659013061921
p2etg,7,1062,2.039085640086688,0.07127974090199896,59.019625466855196
p2etg,7,1080,2.039085640086688,0.07127974090199896,60.30266080309118
p2etg,7,1098,2.039085640086688,0.07127974090199896,61.58569613932716
p2etg,7,1116,2.039085640086688,0.07127974090199896,62.868731475563145
p2etg,7,1134,2.039085640086688,0.07127974090199896,64.15176681179912
p2etg,7,1152,2.039085640086688,0.07127974090199896,65.4348021480351
p2etg,7,1170,2.039085640086688,0.07127974090199896,66.71783748427109
p2etg,7,1188,2.039085640086688,0.07127974090199896,68.00087282050707
p2etg,7,1206,2.039085640086688,0.07127974090199896,69.28390815674305
p2etg,7,1224,2.039085640086688,0.07127974090199896,70.56694349297904
p2etg,7,1242,2.039085640086688,0.07127974090199896,71.84997882921502
p2etg,7,1260,2.039085640086688,0.07127974090199896,73.133014165451
p2etg,7,1278,2.039085640086688,0.07127974090199896,74.41604950168698
p2etg,7,1296,2.039085640086688,0.07127974090199896,75.69908483792297
p2etg,7,1314,2.039085640086688,0.07127974090199896,76.98212017415895
p2etg,7,1332,2.039085640086688,0.07127974090199896,78.26515551039493
p2etg,7,1350,2.039085640086688,0.07127974090199896,79.54819084663092
p2etg,7,1368,2.039085640086688,0.07127974090199896,80.8312261828669
p2etg,7,1386,2.039085640086688,0.07127974090199896,82.11426151910288
p2etg,7,1404,2.039085640086688,0.07127974090199896,83.39729685533887
p2etg,7,1422,2.039085640086688,0.07127974090199896,84.68033219157485
p2etg,7,1440,2.039085640086688,0.07127974090199896,85.96336752781083
p2etg,7,1458,2.039085640086688,0.07127974090199896,87.24640286404681
p2etg,7,1476,2.039085640086688,0.07127974090199896,88.5294382002828
p2etg,7,1494,2.039085640086688,0.07127974090199896,89.81247353651878
p2etg,7,1512,2.039085640086688,0.07127974090199896,91.09550887275476
p2etg,7,1530,2.039085640086688,0.07127974090199896,92.37854420899075
p2etg,7,1548,2.039085640086688,0.07127974090199896,93.66157954522673
p2etg,7,1566,2.039085640086688,0.07127974090199896,94.94461488146271
p2etg,7,1584,2.110365380988687,0.0,95.5861325495807
p2etg,7,1602,2.039085640086688,0.07127974090199896,96.22765021769868
p2etg,7,1620,2.039085640086688,0.07127974090199896,97.51068555393466
p2etg,7,1638,2.110365380988687,0.0,98.15220322205265
p2etg,7,1656,2.110365380988687,0.0,98.15220322205265
p2etg,7,1674,2.110365380988687,0.0,98.15220322205265
p2etg,7,1692,2.110365380988687,0.0,98.15220322205265
p2etg,7,1710,2.110365380988687,0.0,98.15220322205265
p2etg,7,1728,2.110365380988687,0.0,98.15220322205265
p2etg,7,1746,2.110365380988687,0.0,98.15220322205265
p2etg,7,1764,2.110365380988687,0.0,98.15220322205265
p2etg,7,1782,2.110365380988687,0.0,98.15220322205265
p2etg,7,1800,2.110365380988687,0.0,98.15220322205265
p2etg,7,1818,2.110365380988687,0.0,98.15220322205265
p2etg,7,1836,2.110365380988687,0.0,98.15220322205265
p2etg,7,1854,2.110365380988687,0.0,98.15220322205265
p2etg,7,1872,2.110365380988687,0.0,98.15220322205265
p2etg,7,1890,2.110365380988687,0.0,98.15220322205265
p2etg,7,1908,2.110365380988687,0.0,98.15220322205265
p2etg,7,1926,2.110365380988687,0.0,98.15220322205265
p2etg,7,1944,2.110365380988687,0.0,98.15220322205265
p2etg,7,1962,2.110365380988687,0.0,98.15220322205265
p2etg,7,200000,2.110365380988687,0.0,98.15220322205265
p2etg,8,18,2.110365380988687,0.0,0.0
p2etg,8,36,2.110365380988687,0.0,0.0
p2etg,8,54,2.110365380988687,0.0,0.0
p2etg,8,72,2.110365380988687,0.0,0.0
p2etg,8,90,2.110365380988687,0.0,0.0
p2etg,8,108,2.110365380988687,0.0,0.0
p2etg,8,126,2.110365380988687,0.0,0.0
p2etg,8,144,2.110365380988687,0.0,0.0
p2etg,8,162,2.110365380988687,0.0,0.0
p2etg,8,180,2.110365380988687,0.0,0.0
p2etg,8,198,2.110365380988687,0.0,0.0
p2etg,8,216,2.110365380988687,0.0,0.0
p2etg,8,234,2.110365380988687,0.0,0.0
p2etg,8,252,2.110365380988687,0.0,0.0
p2etg,8,270,2.110365380988687,0.0,0.0
p2etg,8,288,2.039085640086688,0.07127974090199896,0.6415176681179906
p2etg,8,306,2.039085640086688,0.07127974090199896,1.9245530043539718
p2etg,8,324,2.110365380988687,0.0,2.5660706724719624
p2etg,8,342,2.110365380988687,0.0,2.5660706724719624
p2etg,8,360,2.110365380988687,0.0,2.5660706724719624
p2etg,8,378,2.110365380988687,0.0,2.5660706724719624
p2etg,8,396,2.110365380988687,0.0,2.5660706724719624
p2etg,8,414,2.039085640086688,0.07127974090199896,3.207588340589953
p2etg,8,432,2.039085640086688,0.07127974090199896,4.490623676825934
p2etg,8,450,2.039085640086688,0.07127974090199896,5.773659013061915
p2etg,8,468,2.039085640086688,0.07127974090199896,7.056694349297897
p2etg,8,486,2.039085640086688,0.07127974090199896,8.339729685533879
p2etg,8,504,2.039085640086688,0.07127974090199896,9.62276502176986
p2etg,8,522,2.039085640086688,0.07127974090199896,10.905800358005841
p2etg,8,540,2.039085640086688,0.07127974090199896,12.188835694241822
p2etg,8,558,2.039085640086688,0.07127974090199896,13.471871030477804
p2etg,8,576,2.039085640086688,0.07127974090199896,14.754906366713785
p2etg,8,594,2.039085640086688,0.07127974090199896,16.037941702949766
p2etg,8,612,2.039085640086688,0.07127974090199896,17.32097703918575
p2etg,8,630,2.039085640086688,0.07127974090199896,18.604012375421732
p2etg,8,648,2.039085640086688,0.07127974090199896,19.887047711657715
p2etg,8,666,2.039085640086688,0.07127974090199896,21.170083047893698
p2etg,8,684,2.039085640086688,0.07127974090199896,22.45311838412968
p2etg,8,702,2.039085640086688,0.07127974090199896,23.736153720365664
p2etg,8,720,2.039085640086688,0.07127974090199896,25.019189056601647
p2etg,8,738,2.110365380988687,0.0,25.66070672471964
p2etg,8,756,2.110365380988687,0.0,25.66070672471964
p2etg,8,774,2.110365380988687,0.0,25.66070672471964
p2etg,8,792,2.110365380988687,0.0,25.66070672471964
p2etg,8,810,2.110365380988687,0.0,25.66070672471964
p2etg,8,828,2.110365380988687,0.0,25.66070672471964
p2etg,8,846,2.110365380988687,0.0,25.66070672471964
p2etg,8,864,2.110365380988687,0.0,25.66070672471964
p2etg,8,882,2.110365380988687,0.0,25.66070672471964
p2etg,8,900,2.110365380988687,0.0,25.66070672471964
p2etg,8,918,2.110365380988687,0.0,25.66070672471964
p2etg,8,936,2.110365380988687,0.0,25.66070672471964
p2etg,8,954,2.110365380988687,0.0,25.66070672471964
p2etg,8,972,2.110365380988687,0.0,25.66070672471964
p2etg,8,990,2.110365380988687,0.0,25.66070672471964
p2etg,8,1008,2.110365380988687,0.0,25.66070672471964
p2etg,8,1026,2.110365380988687,0.0,25.66070672471964
p2etg,8,1044,2.110365380988687,0.0,25.66070672471964
p2etg,8,1062,2.110365380988687,0.0,25.66070672471964
p2etg,8,1080,2.110365380988687,0.0,25.66070672471964
p2etg,8,1098,2.110365380988687,0.0,25.66070672471964
p2etg,8,1116,2.110365380988687,0.0,25.66070672471964
p2etg,8,1134,2.110365380988687,0.0,25.66070672471964
p2etg,8,1152,2.110365380988687,0.0,25.66070672471964
p2etg,8,1170,2.110365380988687,0.0,25.66070672471964
p2etg,8,1188,2.110365380988687,0.0,25.66070672471964
p2etg,8,1206,2.110365380988687,0.0,25.66070672471964
p2etg,8,1224,2.110365380988687,0.0,25.66070672471964
p2etg,8,1242,2.110365380988687,0.0,25.66070672471964
p2etg,8,1260,2.110365380988687,0.0,25.66070672471964
p2etg,8,1278,2.110365380988687,0.0,25.66070672471964
p2etg,8,1296,2.110365380988687,0.0,25.66070672471964
p2etg,8,1314,2.110365380988687,0.0,25.66070672471964
p2etg,8,1332,2.110365380988687,0.0,25.66070672471964
p2etg,8,1350,2.110365380988687,0.0,25.66070672471964
p2etg,8,1368,2.110365380988687,0.0,25.66070672471964
p2etg,8,1386,2.110365380988687,0.0,25.66070672471964
p2etg,8,1404,2.110365380988687,0.0,25.66070672471964
p2etg,8,1422,2.110365380988687,0.0,25.66070672471964
p2etg,8,1440,2.110365380988687,0.0,25.66070672471964
p2etg,8,1458,2.110365380988687,0.0,25.66070672471964
p2etg,8,1476,2.110365380988687,0.0,25.66070672471964
p2etg,8,1494,2.110365380988687,0.0,25.66070672471964
p2etg,8,1512,2.110365380988687,0.0,25.66070672471964
p2etg,8,1530,2.110365380988687,0.0,25.66070672471964
p2etg,8,1548,2.110365380988687,0.0,25.66070672471964
p2etg,8,1566,2.110365380988687,0.0,25.66070672471964
p2etg,8,1584,2.110365380988687,0.0,25.66070672471964
p2etg,8,1602,2.110365380988687,0.0,25.66070672471964
p2etg,8,1620,2.110365380988687,0.0,25.66070672471964
p2etg,8,1638,2.110365380988687,0.0,25.66070672471964
p2etg,8,1656,2.110365380988687,0.0,25.66070672471964
p2etg,8,1674,2.110365380988687,0.0,25.66070672471964
p2etg,8,1692,2.110365380988687,0.0,25.66070672471964
p2etg,8,1710,2.110365380988687,0.0,25.66070672471964
p2etg,8,1728,2.110365380988687,0.0,25.66070672471964
p2etg,8,1746,2.110365380988687,0.0,25.66070672471964
p2etg,8,1764,2.110365380988687,0.0,25.66070672471964
p2etg,8,1782,2.110365380988687,0.0,25.66070672471964
p2etg,8,1800,2.110365380988687,0.0,25.66070672471964
p2etg,8,1818,2.110365380988687,0.0,25.66070672471964
p2etg,8,1836,2.110365380988687,0.0,25.66070672471964
p2etg,8,1854,2.110365380988687,0.0,25.66070672471964
p2etg,8,1872,2.110365380988687,0.0,25.66070672471964
p2etg,8,1890,2.110365380988687,0.0,25.66070672471964
p2etg,8,1908,2.110365380988687,0.0,25.66070672471964
p2etg,8,1926,2.110365380988687,0.0,25.66070672471964
p2etg,8,1944,2.110365380988687,0.0,25.66070672471964
p2etg,8,1962,2.110365380988687,0.0,25.66070672471964
p2etg,8,1980,2.110365380988687,0.0,25.66070672471964
p2etg,8,1998,2.110365380988687,0.0,25.66070672471964
p2etg,8,2016,2.110365380988687,0.0,25.66070672471964
p2etg,8,2034,2.110365380988687,0.0,25.66070672471964
p2etg,8,2052,2.110365380988687,0.0,25.66070672471964
p2etg,8,2070,2.110365380988687,0.0,25.66070672471964
p2etg,8,2088,2.110365380988687,0.0,25.66070672471964
p2etg,8,2106,2.110365380988687,0.0,25.66070672471964
p2etg,8,2124,2.110365380988687,0.0,25.66070672471964
p2etg,8,2142,2.110365380988687,0.0,25.66070672471964
p2etg,8,2160,2.110365380988687,0.0,25.66070672471964
p2etg,8,2178,2.110365380988687,0.0,25.66070672471964
p2etg,8,2196,2.110365380988687,0.0,25.66070672471964
p2etg,8,2214,2.110365380988687,0.0,25.66070672471964
p2etg,8,2232,2.110365380988687,0.0,25.66070672471964
p2etg,8,2250,2.110365380988687,0.0,25.66070672471964
p2etg,8,2268,2.110365380988687,0.0,25.66070672471964
p2etg,8,2286,2.110365380988687,0.0,25.66070672471964
p2etg,8,2304,2.110365380988687,0.0,25.66070672471964
p2etg,8,2322,2.110365380988687,0.0,25.66070672471964
p2etg,8,2340,2.110365380988687,0.0,25.66070672471964
p2etg,8,2358,2.110365380988687,0.0,25.66070672471964
p2etg,8,2376,2.110365380988687,0.0,25.66070672471964
p2etg,8,2394,2.110365380988687,0.0,25.66070672471964
p2etg,8,2412,2.110365380988687,0.0,25.66070672471964
p2etg,8,2430,2.110365380988687,0.0,25.66070672471964
p2etg,8,2448,2.110365380988687,0.0,25.66070672471964
p2etg,8,2466,2.110365380988687,0.0,25.66070672471964
p2etg,8,2484,2.110365380988687,0.0,25.66070672471964
p2etg,8,2502,2.110365380988687,0.0,25.66070672471964
p2etg,8,2520,2.110365380988687,0.0,25.66070672471964
p2etg,8,2538,2.110365380988687,0.0,25.66070672471964
p2etg,8,2556,2.110365380988687,0.0,25.66070672471964
p2etg,8,2574,2.110365380988687,0.0,25.66070672471964
p2etg,8,2592,2.110365380988687,0.0,25.66070672471964
p2etg,8,2610,2.110365380988687,0.0,25.66070672471964
p2etg,8,2628,2.110365380988687,0.0,25.66070672471964
p2etg,8,2646,2.110365380988687,0.0,25.66070672471964
p2etg,8,2664,2.110365380988687,0.0,25.66070672471964
p2etg,8,2682,2.110365380988687,0.0,25.66070672471964
p2etg,8,2700,2.110365380988687,0.0,25.66070672471964
p2etg,8,2718,2.110365380988687,0.0,25.66070672471964
p2etg,8,2736,2.110365380988687,0.0,25.66070672471964
p2etg,8,2754,2.110365380988687,0.0,25.66070672471964
p2etg,8,2772,2.110365380988687,0.0,25.66070672471964
p2etg,8,2790,2.110365380988687,0.0,25.66070672471964
p2etg,8,2808,2.110365380988687,0.0,25.66070672471964
p2etg,8,2826,2.110365380988687,0.0,25.66070672471964
p2etg,8,2844,2.110365380988687,0.0,25.66070672471964
p2etg,8,2862,2.110365380988687,0.0,25.66070672471964
p2etg,8,2880,2.110365380988687,0.0,25.66070672471964
p2etg,8,2898,2.110365380988687,0.0,25.66070672471964
p2etg,8,2916,2.110365380988687,0.0,25.66070672471964
p2etg,8,2934,2.110365380988687,0.0,25.66070672471964
p2etg,8,2952,2.110365380988687,0.0,25.66070672471964
p2etg,8,2970,2.110365380988687,0.0,25.66070672471964
p2etg,8,2988,2.110365380988687,0.0,25.66070672471964
p2etg,8,3006,2.110365380988687,0.0,25.66070672471964
p2etg,8,3024,2.110365380988687,0.0,25.66070672471964
p2etg,8,3042,2.110365380988687,0.0,25.66070672471964
p2etg,8,3060,2.110365380988687,0.0,25.66070672471964
p2etg,8,3078,2.110365380988687,0.0,25.66070672471964
p2etg,8,3096,2.110365380988687,0.0,25.66070672471964
p2etg,8,3114,2.110365380988687,0.0,25.66070672471964
p2etg,8,3132,2.110365380988687,0.0,25.66070672471964
p2etg,8,3150,2.110365380988687,0.0,25.66070672471964
p2etg,8,3168,2.110365380988687,0.0,25.66070672471964
p2etg,8,3186,2.110365380988687,0.0,25.66070672471964
p2etg,8,3204,2.110365380988687,0.0,25.66070672471964
p2etg,8,3222,2.110365380988687,0.0,25.66070672471964
p2etg,8,3240,2.110365380988687,0.0,25.66070672471964
p2etg,8,3258,2.110365380988687,0.0,25.66070672471964
p2etg,8,200000,2.110365380988687,0.0,25.66070672471964
p2etg,9,18,2.110365380988687,0.0,0.0
p2etg,9,36,2.110365380988687,0.0,0.0
p2etg,9,54,2.110365380988687,0.0,0.0
p2etg,9,72,2.110365380988687,0.0,0.0
p2etg,9,90,2.039085640086688,0.07127974090199896,0.6415176681179906
p2etg,9,108,2.039085640086688,0.07127974090199896,1.9245530043539718
p2etg,9,126,2.110365380988687,0.0,2.5660706724719624
p2etg,9,144,2.110365380988687,0.0,2.5660706724719624
p2etg,9,162,2.110365380988687,0.0,2.5660706724719624
p2etg,9,180,2.110365380988687,0.0,2.5660706724719624
p2etg,9,198,2.110365380988687,0.0,2.5660706724719624
p2etg,9,216,2.110365380988687,0.0,2.5660706724719624
p2etg,9,234,2.110365380988687,0.0,2.5660706724719624
p2etg,9,252,2.110365380988687,0.0,2.5660706724719624
p2etg,9,270,2.110365380988687,0.0,2.5660706724719624
p2etg,9,288,2.110365380988687,0.0,2.5660706724719624
p2etg,9,306,2.110365380988687,0.0,2.5660706724719624
p2etg,9,324,2.110365380988687,0.0,2.5660706724719624
p2etg,9,342,2.110365380988687,0.0,2.5660706724719624
p2etg,9,360,2.110365380988687,0.0,2.5660706724719624
p2etg,9,378,2.110365380988687,0.0,2.5660706724719624
p2etg,9,396,2.110365380988687,0.0,2.5660706724719624
p2etg,9,414,2.110365380988687,0.0,2.5660706724719624
p2etg,9,432,2.110365380988687,0.0,2.5660706724719624
p2etg,9,450,2.110365380988687,0.0,2.5660706724719624
p2etg,9,468,2.110365380988687,0.0,2.5660706724719624
p2etg,9,486,2.110365380988687,0.0,2.5660706724719624
p2etg,9,504,2.110365380988687,0.0,2.5660706724719624
p2etg,9,522,2.110365380988687,0.0,2.5660706724719624
p2etg,9,540,2.110365380988687,0.0,2.5660706724719624
p2etg,9,558,2.110365380988687,0.0,2.5660706724719624
p2etg,9,576,2.110365380988687,0.0,2.5660706724719624
p2etg,9,594,2.110365380988687,0.0,2.5660706724719624
p2etg,9,612,2.110365380988687,0.0,2.5660706724719624
p2etg,9,630,2.110365380988687,0.0,2.5660706724719624
p2etg,9,648,2.110365380988687,0.0,2.5660706724719624
p2etg,9,666,2.110365380988687,0.0,2.5660706724719624
p2etg,9,684,2.110365380988687,0.0,2.5660706724719624
p2etg,9,702,2.110365380988687,0.0,2.5660706724719624
p2etg,9,720,2.110365380988687,0.0,2.5660706724719624
p2etg,9,738,2.110365380988687,0.0,2.5660706724719624
p2etg,9,756,2.110365380988687,0.0,2.5660706724719624
p2etg,9,774,2.110365380988687,0.0,2.5660706724719624
p2etg,9,792,2.110365380988687,0.0,2.5660706724719624
p2etg,9,810,2.110365380988687,0.0,2.5660706724719624
p2etg,9,828,2.110365380988687,0.0,2.5660706724719624
p2etg,9,846,2.110365380988687,0.0,2.5660706724719624
p2etg,9,864,2.110365380988687,0.0,2.5660706724719624
p2etg,9,882,2.110365380988687,0.0,2.5660706724719624
p2etg,9,900,2.110365380988687,0.0,2.5660706724719624
p2etg,9,918,2.110365380988687,0.0,2.5660706724719624
p2etg,9,936,2.110365380988687,0.0,2.5660706724719624
p2etg,9,954,2.110365380988687,0.0,2.5660706724719624
p2etg,9,972,2.110365380988687,0.0,2.5660706724719624
p2etg,9,990,2.110365380988687,0.0,2.5660706724719624
p2etg,9,1008,2.110365380988687,0.0,2.5660706724719624
p2etg,9,1026,2.110365380988687,0.0,2.5660706724719624
p2etg,9,1044,2.110365380988687,0.0,2.5660706724719624
p2etg,9,1062,2.110365380988687,0.0,2.5660706724719624
p2etg,9,1080,2.110365380988687,0.0,2.5660706724719624
p2etg,9,1098,2.110365380988687,0.0,2.5660706724719624
p2etg,9,1116,2.110365380988687,0.0,2.5660706724719624
p2etg,9,1134,2.110365380988687,0.0,2.5660706724719624
p2etg,9,1152,2.110365380988687,0.0,2.5660706724719624
p2etg,9,1170,2.110365380988687,0.0,2.5660706724719624
p2etg,9,1188,2.110365380988687,0.0,2.5660706724719624
p2etg,9,1206,2.110365380988687,0.0,2.5660706724719624
p2etg,9,1224,2.110365380988687,0.0,2.5660706724719624
p2etg,9,1242,2.110365380988687,0.0,2.5660706724719624
p2etg,9,1260,2.110365380988687,0.0,2.5660706724719624
p2etg,9,1278,2.110365380988687,0.0,2.5660706724719624
p2etg,9,1296,2.110365380988687,0.0,2.5660706724719624
p2etg,9,1314,2.110365380988687,0.0,2.5660706724719624
p2etg,9,1332,2.110365380988687,0.0,2.5660706724719624
p2etg,9,1350,2.110365380988687,0.0,2.5660706724719624
p2etg,9,1368,2.110365380988687,0.0,2.5660706724719624
p2etg,9,1386,2.110365380988687,0.0,2.5660706724719624
p2etg,9,1404,2.110365380988687,0.0,2.5660706724719624
p2etg,9,1422,2.110365380988687,0.0,2.5660706724719624
p2etg,9,1440,2.110365380988687,0.0,2.5660706724719624
p2etg,9,1458,2.110365380988687,0.0,2.5660706724719624
p2etg,9,1476,2.110365380988687,0.0,2.5660706724719624
p2etg,9,1494,2.110365380988687,0.0,2.5660706724719624
p2etg,9,1512,2.110365380988687,0.0,2.5660706724719624
p2etg,9,1530,2.110365380988687,0.0,2.5660706724719624
p2etg,9,1548,2.110365380988687,0.0,2.5660706724719624
p2etg,9,1566,2.110365380988687,0.0,2.5660706724719624
p2etg,9,1584,2.110365380988687,0.0,2.5660706724719624
p2etg,9,1602,2.110365380988687,0.0,2.5660706724719624
p2etg,9,1620,2.110365380988687,0.0,2.5660706724719624
p2etg,9,1638,2.110365380988687,0.0,2.5660706724719624
p2etg,9,1656,2.110365380988687,0.0,2.5660706724719624
p2etg,9,1674,2.110365380988687,0.0,2.5660706724719624
p2etg,9,1692,2.110365380988687,0.0,2.5660706724719624
p2etg,9,1710,2.110365380988687,0.0,2.5660706724719624
p2etg,9,1728,2.110365380988687,0.0,2.5660706724719624
p2etg,9,1746,2.110365380988687,0.0,2.5660706724719624
p2etg,9,1764,2.110365380988687,0.0,2.5660706724719624
p2etg,9,1782,2.110365380988687,0.0,2.5660706724719624
p2etg,9,1800,2.110365380988687,0.0,2.5660706724719624
p2etg,9,1818,2.110365380988687,0.0,2.5660706724719624
p2etg,9,1836,2.110365380988687,0.0,2.5660706724719624
p2etg,9,1854,2.110365380988687,0.0,2.5660706724719624
p2etg,9,1872,2.110365380988687,0.0,2.5660706724719624
p2etg,9,1890,2.110365380988687,0.0,2.5660706724719624
p2etg,9,1908,2.110365380988687,0.0,2.5660706724719624
p2etg,9,200000,2.110365380988687,0.0,2.5660706724719624
preflid,0,3,1.5740346865156942,0.5363306944729929,1.6089920834189786
preflid,0,6,1.5740346865156942,0.5363306944729929,3.217984166837957
preflid,0,9,1.5740346865156942,0.5363306944729929,4.826976250256935
preflid,0,12,1.7853722599912456,0.3249931209974415,6.118961973462587
preflid,0,15,2.110365380988687,0.0,6.606451654958748
preflid,0,18,2.110365380988687,0.0,6.606451654958748
preflid,0,21,2.110365380988687,0.0,6.606451654958748
preflid,0,24,2.110365380988687,0.0,6.606451654958748
preflid,0,27,2.110365380988687,0.0,6.606451654958748
preflid,0,30,2.110365380988687,0.0,6.606451654958748
preflid,0,33,2.110365380988687,0.0,6.606451654958748
preflid,0,36,2.110365380988687,0.0,6.606451654958748
preflid,0,39,2.110365380988687,0.0,6.606451654958748
preflid,0,42,2.110365380988687,0.0,6.606451654958748
preflid,0,45,2.110365380988687,0.0,6.606451654958748
preflid,0,48,2.110365380988687,0.0,6.606451654958748
preflid,0,51,2.110365380988687,0.0,6.606451654958748
preflid,0,54,2.110365380988687,0.0,6.606451654958748
preflid,0,57,2.110365380988687,0.0,6.606451654958748
preflid,0,60,2.110365380988687,0.0,6.606451654958748
preflid,0,63,2.110365380988687,0.0,6.606451654958748
preflid,0,66,2.110365380988687,0.0,6.606451654958748
preflid,0,69,2.110365380988687,0.0,6.606451654958748
preflid,0,72,2.110365380988687,0.0,6.606451654958748
preflid,0,75,2.110365380988687,0.0,6.606451654958748
preflid,0,78,2.110365380988687,0.0,6.606451654958748
preflid,0,81,2.110365380988687,0.0,6.606451654958748
preflid,0,84,2.110365380988687,0.0,6.606451654958748
preflid,0,87,2.110365380988687,0.0,6.606451654958748
preflid,0,90,2.110365380988687,0.0,6.606451654958748
preflid,0,93,2.110365380988687,0.0,6.606451654958748
preflid,0,96,2.110365380988687,0.0,6.606451654958748
preflid,0,99,2.110365380988687,0.0,6.606451654958748
preflid,0,102,2.110365380988687,0.0,6.606451654958748
preflid,0,105,2.110365380988687,0.0,6.606451654958748
preflid,0,108,2.110365380988687,0.0,6.606451654958748
preflid,0,111,2.110365380988687,0.0,6.606451654958748
preflid,0,114,2.110365380988687,0.0,6.606451654958748
preflid,0,117,2.110365380988687,0.0,6.606451654958748
preflid,0,120,2.110365380988687,0.0,6.606451654958748
preflid,0,123,2.110365380988687,0.0,6.606451654958748
preflid,0,126,2.110365380988687,0.0,6.606451654958748
preflid,0,129,2.110365380988687,0.0,6.606451654958748
preflid,0,132,2.110365380988687,0.0,6.606451654958748
preflid,0,135,2.110365380988687,0.0,6.606451654958748
preflid,0,138,2.110365380988687,0.0,6.606451654958748
preflid,0,141,2.110365380988687,0.0,6.606451654958748
preflid,0,144,2.110365380988687,0.0,6.606451654958748
preflid,0,147,2.110365380988687,0.0,6.606451654958748
preflid,0,150,2.110365380988687,0.0,6.606451654958748
preflid,0,153,2.110365380988687,0.0,6.606451654958748
preflid,0,156,2.110365380988687,0.0,6.606451654958748
preflid,0,159,2.110365380988687,0.0,6.606451654958748
preflid,0,162,2.110365380988687,0.0,6.606451654958748
preflid,0,165,2.110365380988687,0.0,6.606451654958748
preflid,0,168,2.110365380988687,0.0,6.606451654958748
preflid,0,171,2.110365380988687,0.0,6.606451654958748
preflid,0,174,2.110365380988687,0.0,6.606451654958748
preflid,0,177,2.110365380988687,0.0,6.606451654958748
preflid,0,180,2.110365380988687,0.0,6.606451654958748
preflid,0,183,2.110365380988687,0.0,6.606451654958748
preflid,0,186,2.110365380988687,0.0,6.606451654958748
preflid,0,189,2.110365380988687,0.0,6.606451654958748
preflid,0,192,2.110365380988687,0.0,6.606451654958748
preflid,0,195,2.110365380988687,0.0,6.606451654958748
preflid,0,198,2.110365380988687,0.0,6.606451654958748
preflid,0,201,2.110365380988687,0.0,6.606451654958748
preflid,0,204,2.110365380988687,0.0,6.606451654958748
preflid,0,207,2.110365380988687,0.0,6.606451654958748
preflid,0,210,2.110365380988687,0.0,6.606451654958748
preflid,0,213,2.110365380988687,0.0,6.606451654958748
preflid,0,216,2.110365380988687,0.0,6.606451654958748
preflid,0,219,2.110365380988687,0.0,6.606451654958748
preflid,0,222,2.110365380988687,0.0,6.606451654958748
preflid,0,225,2.110365380988687,0.0,6.606451654958748
preflid,0,228,2.110365380988687,0.0,6.606451654958748
preflid,0,231,2.110365380988687,0.0,6.606451654958748
preflid,0,234,2.110365380988687,0.0,6.606451654958748
preflid,0,237,2.110365380988687,0.0,6.606451654958748
preflid,0,240,2.110365380988687,0.0,6.606451654958748
preflid,0,243,2.110365380988687,0.0,6.606451654958748
preflid,0,246,2.110365380988687,0.0,6.606451654958748
preflid,0,249,2.110365380988687,0.0,6.606451654958748
preflid,0,252,2.110365380988687,0.0,6.606451654958748
preflid,0,255,2.110365380988687,0.0,6.606451654958748
preflid,0,258,2.110365380988687,0.0,6.606451654958748
preflid,0,261,2.110365380988687,0.0,6.606451654958748
preflid,0,264,2.110365380988687,0.0,6.606451654958748
preflid,0,267,2.110365380988687,0.0,6.606451654958748
preflid,0,270,2.110365380988687,0.0,6.606451654958748
preflid,0,273,2.110365380988687,0.0,6.606451654958748
preflid,0,276,2.110365380988687,0.0,6.606451654958748
preflid,0,279,2.110365380988687,0.0,6.606451654958748
preflid,0,282,2.110365380988687,0.0,6.606451654958748
preflid,0,285,2.110365380988687,0.0,6.606451654958748
preflid,0,288,2.110365380988687,0.0,6.606451654958748
preflid,0,291,2.110365380988687,0.0,6.606451654958748
preflid,0,294,2.110365380988687,0.0,6.606451654958748
preflid,0,297,2.110365380988687,0.0,6.606451654958748
preflid,0,300,2.110365380988687,0.0,6.606451654958748
preflid,0,303,2.110365380988687,0.0,6.606451654958748
preflid,0,306,2.110365380988687,0.0,6.606451654958748
preflid,0,309,2.110365380988687,0.0,6.606451654958748
preflid,0,312,2.110365380988687,0.0,6.606451654958748
preflid,0,315,2.110365380988687,0.0,6.606451654958748
preflid,0,318,2.110365380988687,0.0,6.606451654958748
preflid,0,321,2.110365380988687,0.0,6.606451654958748
preflid,0,324,2.110365380988687,0.0,6.606451654958748
preflid,0,327,2.110365380988687,0.0,6.606451654958748
preflid,0,330,2.110365380988687,0.0,6.606451654958748
preflid,0,333,2.110365380988687,0.0,6.606451654958748
preflid,0,336,2.110365380988687,0.0,6.606451654958748
preflid,0,339,2.110365380988687,0.0,6.606451654958748
preflid,0,342,2.110365380988687,0.0,6.606451654958748
preflid,0,345,2.110365380988687,0.0,6.606451654958748
preflid,0,348,2.110365380988687,0.0,6.606451654958748
preflid,0,351,2.110365380988687,0.0,6.606451654958748
preflid,0,354,2.110365380988687,0.0,6.606451654958748
preflid,0,357,2.110365380988687,0.0,6.606451654958748
preflid,0,360,2.110365380988687,0.0,6.606451654958748
preflid,0,363,2.110365380988687,0.0,6.606451654958748
preflid,0,366,2.110365380988687,0.0,6.606451654958748
preflid,0,369,2.110365380988687,0.0,6.606451654958748
preflid,0,372,2.110365380988687,0.0,6.606451654958748
preflid,0,375,2.110365380988687,0.0,6.606451654958748
preflid,0,378,2.110365380988687,0.0,6.606451654958748
preflid,0,381,2.110365380988687,0.0,6.606451654958748
preflid,0,384,2.110365380988687,0.0,6.606451654958748
preflid,0,387,2.110365380988687,0.0,6.606451654958748
preflid,0,390,2.110365380988687,0.0,6.606451654958748
preflid,0,393,2.110365380988687,0.0,6.606451654958748
preflid,0,396,2.110365380988687,0.0,6.606451654958748
preflid,0,399,2.110365380988687,0.0,6.606451654958748
preflid,0,200000,2.110365380988687,0.0,6.606451654958748
preflid,1,3,2.039085640086688,0.07127974090199896,0.21383922270599687
preflid,1,6,2.039085640086688,0.07127974090199896,0.42767844541199374
preflid,1,9,1.5740346865156942,0.5363306944729929,1.3390940984744815
preflid,1,12,1.5740346865156942,0.5363306944729929,2.9480861818934603
preflid,1,15,1.5740346865156942,0.5363306944729929,4.557078265312439
preflid,1,18,1.5740346865156942,0.5363306944729929,6.166070348731418
preflid,1,21,1.5740346865156942,0.5363306944729929,7.775062432150397
preflid,1,24,1.5740346865156942,0.5363306944729929,9.384054515569376
preflid,1,27,1.5740346865156942,0.5363306944729929,10.993046598988355
preflid,1,30,1.5740346865156942,0.5363306944729929,12.602038682407334
preflid,1,33,1.5740346865156942,0.5363306944729929,14.211030765826314
preflid,1,36,1.5740346865156942,0.5363306944729929,15.820022849245293
preflid,1,39,1.5740346865156942,0.5363306944729929,17.42901493266427
preflid,1,42,2.110365380988687,0.0,18.233510974373758
preflid,1,45,2.110365380988687,0.0,18.233510974373758
preflid,1,48,1.5740346865156942,0.5363306944729929,19.038007016083245
preflid,1,51,1.5740346865156942,0.5363306944729929,20.646999099502224
preflid,1,54,1.5740346865156942,0.5363306944729929,22.255991182921203
preflid,1,57,1.5740346865156942,0.5363306944729929,23.864983266340182
preflid,1,60,1.5740346865156942,0.5363306944729929,25.47397534975916
preflid,1,63,1.5740346865156942,0.5363306944729929,27.08296743317814
preflid,1,66,1.5740346865156942,0.5363306944729929,28.69195951659712
preflid,1,69,1.5740346865156942,0.5363306944729929,30.3009516000161
preflid,1,72,1.5740346865156942,0.5363306944729929,31.909943683435078
preflid,1,75,1.5740346865156942,0.5363306944729929,33.51893576685406
preflid,1,78,1.5740346865156942,0.5363306944729929,35.12792785027303
preflid,1,81,1.5740346865156942,0.5363306944729929,36.73691993369201
preflid,1,84,1.5740346865156942,0.5363306944729929,38.34591201711098
preflid,1,87,1.5740346865156942,0.5363306944729929,39.95490410052996
preflid,1,90,2.039085640086688,0.07127974090199896,40.86631975359245
preflid,1,93,2.039085640086688,0.07127974090199896,41.08015897629845
preflid,1,96,2.039085640086688,0.07127974090199896,41.29399819900445
preflid,1,99,2.039085640086688,0.07127974090199896,41.50783742171045
preflid,1,102,2.039085640086688,0.07127974090199896,41.72167664441645
preflid,1,105,2.039085640086688,0.07127974090199896,41.93551586712245
preflid,1,108,2.039085640086688,0.07127974090199896,42.14935508982845
preflid,1,111,2.039085640086688,0.07127974090199896,42.363194312534446
preflid,1,114,2.039085640086688,0.07127974090199896,42.577033535240446
preflid,1,117,2.039085640086688,0.07127974090199896,42.790872757946445
preflid,1,120,2.039085640086688,0.07127974090199896,43.004711980652445
preflid,1,123,2.039085640086688,0.07127974090199896,43.218551203358444
preflid,1,126,2.039085640086688,0.07127974090199896,43.432390426064444
preflid,1,129,2.039085640086688,0.07127974090199896,43.64622964877044
preflid,1,132,2.039085640086688,0.07127974090199896,43.86006887147644
preflid,1,135,2.039085640086688,0.07127974090199896,44.07390809418244
preflid,1,138,2.039085640086688,0.07127974090199896,44.28774731688844
preflid,1,141,2.039085640086688,0.07127974090199896,44.50158653959444
preflid,1,144,2.039085640086688,0.07127974090199896,44.71542576230044
preflid,1,147,2.039085640086688,0.07127974090199896,44.92926498500644
preflid,1,150,2.039085640086688,0.07127974090199896,45.14310420771244
preflid,1,153,2.039085640086688,0.07127974090199896,45.35694343041844
preflid,1,156,2.039085640086688,0.07127974090199896,45.57078265312444
preflid,1,159,2.039085640086688,0.07127974090199896,45.78462187583044
preflid,1,162,2.039085640086688,0.07127974090199896,45.99846109853644
preflid,1,165,2.039085640086688,0.07127974090199896,46.21230032124244
preflid,1,168,2.039085640086688,0.07127974090199896,46.42613954394844
preflid,1,171,2.039085640086688,0.07127974090199896,46.63997876665444
preflid,1,174,2.039085640086688,0.07127974090199896,46.85381798936044
preflid,1,177,2.039085640086688,0.07127974090199896,47.067657212066436
preflid,1,180,2.039085640086688,0.07127974090199896,47.281496434772436
preflid,1,183,2.039085640086688,0.07127974090199896,47.495335657478435
preflid,1,186,2.039085640086688,0.07127974090199896,47.709174880184435
preflid,1,189,2.039085640086688,0.07127974090199896,47.923014102890434
preflid,1,192,2.039085640086688,0.07127974090199896,48.136853325596434
preflid,1,195,2.039085640086688,0.07127974090199896,48.35069254830243
preflid,1,198,2.039085640086688,0.07127974090199896,48.56453177100843
preflid,1,201,2.039085640086688,0.07127974090199896,48.77837099371443
preflid,1,204,2.039085640086688,0.07127974090199896,48.99221021642043
preflid,1,207,2.039085640086688,0.07127974090199896,49.20604943912643
preflid,1,210,2.039085640086688,0.07127974090199896,49.41988866183243
preflid,1,213,2.039085640086688,0.07127974090199896,49.63372788453843
preflid,1,216,2.039085640086688,0.07127974090199896,49.84756710724443
preflid,1,219,2.039085640086688,0.07127974090199896,50.06140632995043
preflid,1,222,2.039085640086688,0.07127974090199896,50.27524555265643
preflid,1,225,2.039085640086688,0.07127974090199896,50.48908477536243
preflid,1,228,2.039085640086688,0.07127974090199896,50.70292399806843
preflid,1,231,2.039085640086688,0.07127974090199896,50.91676322077443
preflid,1,234,2.039085640086688,0.07127974090199896,51.13060244348043
preflid,1,237,2.039085640086688,0.07127974090199896,51.34444166618643
preflid,1,240,2.039085640086688,0.07127974090199896,51.558280888892426
preflid,1,243,2.039085640086688,0.07127974090199896,51.772120111598426
preflid,1,246,2.039085640086688,0.07127974090199896,51.985959334304425
preflid,1,249,2.039085640086688,0.07127974090199896,52.199798557010425
preflid,1,252,2.039085640086688,0.07127974090199896,52.413637779716424
preflid,1,255,2.039085640086688,0.07127974090199896,52.627477002422424
preflid,1,258,2.039085640086688,0.07127974090199896,52.84131622512842
preflid,1,261,2.039085640086688,0.07127974090199896,53.05515544783442
preflid,1,264,2.039085640086688,0.07127974090199896,53.26899467054042
preflid,1,267,2.039085640086688,0.07127974090199896,53.48283389324642
preflid,1,270,2.039085640086688,0.07127974090199896,53.69667311595242
preflid,1,273,2.039085640086688,0.07127974090199896,53.91051233865842
preflid,1,276,2.039085640086688,0.07127974090199896,54.12435156136442
preflid,1,279,2.039085640086688,0.07127974090199896,54.33819078407042
preflid,1,282,2.039085640086688,0.07127974090199896,54.55203000677642
preflid,1,285,2.039085640086688,0.07127974090199896,54.76586922948242
preflid,1,288,2.039085640086688,0.07127974090199896,54.97970845218842
preflid,1,291,2.039085640086688,0.07127974090199896,55.19354767489442
preflid,1,294,2.039085640086688,0.07127974090199896,55.40738689760042
preflid,1,297,2.039085640086688,0.07127974090199896,55.62122612030642
preflid,1,300,2.039085640086688,0.07127974090199896,55.83506534301242
preflid,1,303,2.039085640086688,0.07127974090199896,56.048904565718416
preflid,1,306,2.039085640086688,0.07127974090199896,56.262743788424416
preflid,1,309,2.039085640086688,0.07127974090199896,56.476583011130415
preflid,1,312,2.039085640086688,0.07127974090199896,56.690422233836415
preflid,1,315,2.039085640086688,0.07127974090199896,56.904261456542415
preflid,1,318,2.039085640086688,0.07127974090199896,57.118100679248414
preflid,1,321,2.039085640086688,0.07127974090199896,57.331939901954414
preflid,1,324,2.039085640086688,0.07127974090199896,57.54577912466041
preflid,1,327,2.039085640086688,0.07127974090199896,57.75961834736641
preflid,1,330,2.039085640086688,0.07127974090199896,57.97345757007241
preflid,1,333,2.039085640086688,0.07127974090199896,58.18729679277841
preflid,1,336,2.039085640086688,0.07127974090199896,58.40113601548441
preflid,1,339,2.039085640086688,0.07127974090199896,58.61497523819041
preflid,1,342,2.039085640086688,0.07127974090199896,58.82881446089641
preflid,1,345,2.039085640086688,0.07127974090199896,59.04265368360241
preflid,1,348,2.039085640086688,0.07127974090199896,59.25649290630841
preflid,1,351,2.039085640086688,0.07127974090199896,59.47033212901441
preflid,1,354,2.039085640086688,0.07127974090199896,59.68417135172041
preflid,1,357,2.039085640086688,0.07127974090199896,59.89801057442641
preflid,1,360,2.039085640086688,0.07127974090199896,60.11184979713241
preflid,1,363,2.039085640086688,0.07127974090199896,60.32568901983841
preflid,1,366,2.039085640086688,0.07127974090199896,60.53952824254441
preflid,1,369,2.039085640086688,0.07127974090199896,60.753367465250406
preflid,1,372,2.039085640086688,0.07127974090199896,60.967206687956406
preflid,1,375,2.039085640086688,0.07127974090199896,61.181045910662405
preflid,1,378,2.039085640086688,0.07127974090199896,61.394885133368405
preflid,1,381,2.039085640086688,0.07127974090199896,61.608724356074404
preflid,1,384,2.039085640086688,0.07127974090199896,61.822563578780404
preflid,1,387,2.039085640086688,0.07127974090199896,62.0364028014864
preflid,1,390,2.039085640086688,0.07127974090199896,62.2502420241924
preflid,1,393,2.039085640086688,0.07127974090199896,62.4640812468984
preflid,1,396,2.039085640086688,0.07127974090199896,62.6779204696044
preflid,1,399,2.039085640086688,0.07127974090199896,62.8917596923104
preflid,1,402,2.039085640086688,0.07127974090199896,63.1055989150164
preflid,1,405,2.039085640086688,0.07127974090199896,63.3194381377224
preflid,1,408,2.039085640086688,0.07127974090199896,63.5332773604284
preflid,1,411,2.039085640086688,0.07127974090199896,63.7471165831344
preflid,1,414,2.039085640086688,0.07127974090199896,63.9609558058404
preflid,1,417,2.039085640086688,0.07127974090199896,64.1747950285464
preflid,1,420,2.039085640086688,0.07127974090199896,64.3886342512524
preflid,1,423,2.039085640086688,0.07127974090199896,64.6024734739584
preflid,1,426,2.039085640086688,0.07127974090199896,64.8163126966644
preflid,1,429,2.110365380988687,0.0,64.92323230801739
preflid,1,432,2.110365380988687,0.0,64.92323230801739
preflid,1,435,2.110365380988687,0.0,64.92323230801739
preflid,1,438,2.110365380988687,0.0,64.92323230801739
preflid,1,441,2.110365380988687,0.0,64.92323230801739
preflid,1,444,2.110365380988687,0.0,64.92323230801739
preflid,1,447,2.110365380988687,0.0,64.92323230801739
preflid,1,450,2.110365380988687,0.0,64.92323230801739
preflid,1,453,2.110365380988687,0.0,64.92323230801739
preflid,1,456,2.110365380988687,0.0,64.92323230801739
preflid,1,459,2.039085640086688,0.07127974090199896,65.03015191937038
preflid,1,462,2.039085640086688,0.07127974090199896,65.24399114207638
preflid,1,465,2.039085640086688,0.07127974090199896,65.45783036478238
preflid,1,468,2.039085640086688,0.07127974090199896,65.67166958748838
preflid,1,471,2.039085640086688,0.07127974090199896,65.88550881019438
preflid,1,474,2.039085640086688,0.07127974090199896,66.09934803290038
preflid,1,477,2.039085640086688,0.07127974090199896,66.31318725560638
preflid,1,480,2.039085640086688,0.07127974090199896,66.52702647831238
preflid,1,483,2.039085640086688,0.07127974090199896,66.74086570101838
preflid,1,486,2.039085640086688,0.07127974090199896,66.95470492372438
preflid,1,489,2.039085640086688,0.07127974090199896,67.16854414643038
preflid,1,492,2.039085640086688,0.07127974090199896,67.38238336913638
preflid,1,495,2.039085640086688,0.07127974090199896,67.59622259184238
preflid,1,498,2.039085640086688,0.07127974090199896,67.81006181454838
preflid,1,501,2.039085640086688,0.07127974090199896,68.02390103725438
preflid,1,504,2.039085640086688,0.07127974090199896,68.23774025996038
preflid,1,507,2.039085640086688,0.07127974090199896,68.45157948266638
preflid,1,510,2.039085640086688,0.07127974090199896,68.66541870537237
preflid,1,513,2.039085640086688,0.07127974090199896,68.87925792807837
preflid,1,516,2.039085640086688,0.07127974090199896,69.09309715078437
preflid,1,519,2.039085640086688,0.07127974090199896,69.30693637349037
preflid,1,522,2.039085640086688,0.07127974090199896,69.52077559619637
preflid,1,525,2.039085640086688,0.07127974090199896,69.73461481890237
preflid,1,528,2.039085640086688,0.07127974090199896,69.94845404160837
preflid,1,531,2.039085640086688,0.07127974090199896,70.16229326431437
preflid,1,534,2.039085640086688,0.07127974090199896,70.37613248702037
preflid,1,537,2.039085640086688,0.07127974090199896,70.58997170972637
preflid,1,540,2.039085640086688,0.07127974090199896,70.80381093243237
preflid,1,543,2.039085640086688,0.07127974090199896,71.01765015513837
preflid,1,546,2.039085640086688,0.07127974090199896,71.23148937784437
preflid,1,549,2.039085640086688,0.07127974090199896,71.44532860055037
preflid,1,552,2.039085640086688,0.07127974090199896,71.65916782325637
preflid,1,555,2.039085640086688,0.07127974090199896,71.87300704596237
preflid,1,558,2.039085640086688,0.07127974090199896,72.08684626866837
preflid,1,561,2.039085640086688,0.07127974090199896,72.30068549137437
preflid,1,564,2.039085640086688,0.07127974090199896,72.51452471408037
preflid,1,567,2.039085640086688,0.07127974090199896,72.72836393678637
preflid,1,570,2.039085640086688,0.07127974090199896,72.94220315949237
preflid,1,573,2.039085640086688,0.07127974090199896,73.15604238219836
preflid,1,576,2.039085640086688,0.07127974090199896,73.36988160490436
preflid,1,579,2.039085640086688,0.07127974090199896,73.58372082761036
preflid,1,582,2.039085640086688,0.07127974090199896,73.79756005031636
preflid,1,585,2.039085640086688,0.07127974090199896,74.01139927302236
preflid,1,588,2.039085640086688,0.07127974090199896,74.22523849572836
preflid,1,591,2.039085640086688,0.07127974090199896,74.43907771843436
preflid,1,594,2.039085640086688,0.07127974090199896,74.65291694114036
preflid,1,597,2.039085640086688,0.07127974090199896,74.86675616384636
preflid,1,600,2.039085640086688,0.07127974090199896,75.08059538655236
preflid,1,603,2.039085640086688,0.07127974090199896,75.29443460925836
preflid,1,606,2.039085640086688,0.07127974090199896,75.50827383196436
preflid,1,609,2.039085640086688,0.07127974090199896,75.72211305467036
preflid,1,612,2.039085640086688,0.07127974090199896,75.93595227737636
preflid,1,615,2.039085640086688,0.07127974090199896,76.14979150008236
preflid,1,618,2.039085640086688,0.07127974090199896,76.36363072278836
preflid,1,621,2.039085640086688,0.07127974090199896,76.57746994549436
preflid,1,624,2.039085640086688,0.07127974090199896,76.79130916820036
preflid,1,627,2.039085640086688,0.07127974090199896,77.00514839090636
preflid,1,630,2.039085640086688,0.07127974090199896,77.21898761361236
preflid,1,633,2.039085640086688,0.07127974090199896,77.43282683631836
preflid,1,636,2.039085640086688,0.07127974090199896,77.64666605902435
preflid,1,639,2.039085640086688,0.07127974090199896,77.86050528173035
preflid,1,642,2.039085640086688,0.07127974090199896,78.07434450443635
preflid,1,645,2.039085640086688,0.07127974090199896,78.28818372714235
preflid,1,648,2.039085640086688,0.07127974090199896,78.50202294984835
preflid,1,651,2.039085640086688,0.07127974090199896,78.71586217255435
preflid,1,654,2.039085640086688,0.07127974090199896,78.92970139526035
preflid,1,657,2.039085640086688,0.07127974090199896,79.14354061796635
preflid,1,660,2.039085640086688,0.07127974090199896,79.35737984067235
preflid,1,663,2.039085640086688,0.07127974090199896,79.57121906337835
preflid,1,666,2.039085640086688,0.07127974090199896,79.78505828608435
preflid,1,669,2.039085640086688,0.07127974090199896,79.99889750879035
preflid,1,672,2.039085640086688,0.07127974090199896,80.21273673149635
preflid,1,675,2.039085640086688,0.07127974090199896,80.42657595420235
preflid,1,678,2.039085640086688,0.07127974090199896,80.64041517690835
preflid,1,681,2.039085640086688,0.07127974090199896,80.85425439961435
preflid,1,684,2.039085640086688,0.07127974090199896,81.06809362232035
preflid,1,687,2.039085640086688,0.07127974090199896,81.28193284502635
preflid,1,690,2.039085640086688,0.07127974090199896,81.49577206773235
preflid,1,693,2.039085640086688,0.07127974090199896,81.70961129043835
preflid,1,696,2.039085640086688,0.07127974090199896,81.92345051314435
preflid,1,699,2.039085640086688,0.07127974090199896,82.13728973585035
preflid,1,702,2.039085640086688,0.07127974090199896,82.35112895855634
preflid,1,705,2.039085640086688,0.07127974090199896,82.56496818126234
preflid,1,708,2.039085640086688,0.07127974090199896,82.77880740396834
preflid,1,711,2.039085640086688,0.07127974090199896,82.99264662667434
preflid,1,714,2.039085640086688,0.07127974090199896,83.20648584938034
preflid,1,717,2.039085640086688,0.07127974090199896,83.42032507208634
preflid,1,720,2.039085640086688,0.07127974090199896,83.63416429479234
preflid,1,723,2.039085640086688,0.07127974090199896,83.84800351749834
preflid,1,726,2.039085640086688,0.07127974090199896,84.06184274020434
preflid,1,729,2.039085640086688,0.07127974090199896,84.27568196291034
preflid,1,732,2.039085640086688,0.07127974090199896,84.48952118561634
preflid,1,735,2.039085640086688,0.07127974090199896,84.70336040832234
preflid,1,738,2.039085640086688,0.07127974090199896,84.91719963102834
preflid,1,741,2.039085640086688,0.07127974090199896,85.13103885373434
preflid,1,744,2.039085640086688,0.07127974090199896,85.34487807644034
preflid,1,747,2.039085640086688,0.07127974090199896,85.55871729914634
preflid,1,750,2.039085640086688,0.07127974090199896,85.77255652185234
preflid,1,753,2.110365380988687,0.0,85.87947613320533
preflid,1,200000,2.039085640086688,0.07127974090199896,14288.154011633791
preflid,2,3,2.039085640086688,0.07127974090199896,0.21383922270599687
preflid,2,6,2.039085640086688,0.07127974090199896,0.42767844541199374
preflid,2,9,1.5740346865156942,0.5363306944729929,1.3390940984744815
preflid,2,12,1.5740346865156942,0.5363306944729929,2.9480861818934603
preflid,2,15,1.5740346865156942,0.5363306944729929,4.557078265312439
preflid,2,18,1.5740346865156942,0.5363306944729929,6.166070348731418
preflid,2,21,1.5740346865156942,0.5363306944729929,7.775062432150397
preflid,2,24,2.110365380988687,0.0,8.579558473859887
preflid,2,27,2.110365380988687,0.0,8.579558473859887
preflid,2,30,2.110365380988687,0.0,8.579558473859887
preflid,2,33,2.110365380988687,0.0,8.579558473859887
preflid,2,36,2.110365380988687,0.0,8.579558473859887
preflid,2,39,2.110365380988687,0.0,8.579558473859887
preflid,2,42,2.110365380988687,0.0,8.579558473859887
preflid,2,45,2.110365380988687,0.0,8.579558473859887
preflid,2,48,2.110365380988687,0.0,8.579558473859887
preflid,2,51,2.110365380988687,0.0,8.579558473859887
preflid,2,54,2.110365380988687,0.0,8.579558473859887
preflid,2,57,2.110365380988687,0.0,8.579558473859887
preflid,2,60,2.110365380988687,0.0,8.579558473859887
preflid,2,63,2.110365380988687,0.0,8.579558473859887
preflid,2,66,2.110365380988687,0.0,8.579558473859887
preflid,2,69,2.110365380988687,0.0,8.579558473859887
preflid,2,72,2.110365380988687,0.0,8.579558473859887
preflid,2,75,2.110365380988687,0.0,8.579558473859887
preflid,2,78,2.110365380988687,0.0,8.579558473859887
preflid,2,81,2.110365380988687,0.0,8.579558473859887
preflid,2,84,2.110365380988687,0.0,8.579558473859887
preflid,2,87,2.110365380988687,0.0,8.579558473859887
preflid,2,90,2.110365380988687,0.0,8.579558473859887
preflid,2,93,2.110365380988687,0.0,8.579558473859887
preflid,2,96,2.110365380988687,0.0,8.579558473859887
preflid,2,99,2.110365380988687,0.0,8.579558473859887
preflid,2,102,2.110365380988687,0.0,8.579558473859887
preflid,2,105,2.110365380988687,0.0,8.579558473859887
preflid,2,108,2.110365380988687,0.0,8.579558473859887
preflid,2,111,2.110365380988687,0.0,8.579558473859887
preflid,2,114,2.110365380988687,0.0,8.579558473859887
preflid,2,117,2.110365380988687,0.0,8.579558473859887
preflid,2,120,2.110365380988687,0.0,8.579558473859887
preflid,2,123,2.110365380988687,0.0,8.579558473859887
preflid,2,126,2.110365380988687,0.0,8.579558473859887
preflid,2,129,2.110365380988687,0.0,8.579558473859887
preflid,2,132,2.110365380988687,0.0,8.579558473859887
preflid,2,135,2.110365380988687,0.0,8.579558473859887
preflid,2,138,2.110365380988687,0.0,8.579558473859887
preflid,2,141,2.110365380988687,0.0,8.579558473859887
preflid,2,144,2.110365380988687,0.0,8.579558473859887
preflid,2,147,2.110365380988687,0.0,8.579558473859887
preflid,2,150,2.110365380988687,0.0,8.579558473859887
preflid,2,153,2.110365380988687,0.0,8.579558473859887
preflid,2,156,2.110365380988687,0.0,8.579558473859887
preflid,2,159,2.110365380988687,0.0,8.579558473859887
preflid,2,162,2.110365380988687,0.0,8.579558473859887
preflid,2,165,2.110365380988687,0.0,8.579558473859887
preflid,2,168,2.110365380988687,0.0,8.579558473859887
preflid,2,171,2.110365380988687,0.0,8.579558473859887
preflid,2,174,2.110365380988687,0.0,8.579558473859887
preflid,2,177,2.110365380988687,0.0,8.579558473859887
preflid,2,180,2.110365380988687,0.0,8.579558473859887
preflid,2,183,2.110365380988687,0.0,8.579558473859887
preflid,2,186,2.110365380988687,0.0,8.579558473859887
preflid,2,189,2.110365380988687,0.0,8.579558473859887
preflid,2,192,2.110365380988687,0.0,8.579558473859887
preflid,2,195,2.110365380988687,0.0,8.579558473859887
preflid,2,198,2.110365380988687,0.0,8.579558473859887
preflid,2,201,2.039085640086688,0.07127974090199896,8.686478085212885
preflid,2,204,2.039085640086688,0.07127974090199896,8.900317307918883
preflid,2,207,2.039085640086688,0.07127974090199896,9.114156530624879
preflid,2,210,2.110365380988687,0.0,9.221076141977877
preflid,2,213,2.110365380988687,0.0,9.221076141977877
preflid,2,216,2.110365380988687,0.0,9.221076141977877
preflid,2,219,2.110365380988687,0.0,9.221076141977877
preflid,2,222,2.110365380988687,0.0,9.221076141977877
preflid,2,225,2.110365380988687,0.0,9.221076141977877
preflid,2,228,2.110365380988687,0.0,9.221076141977877
preflid,2,231,2.110365380988687,0.0,9.221076141977877
preflid,2,234,2.110365380988687,0.0,9.221076141977877
preflid,2,237,2.110365380988687,0.0,9.221076141977877
preflid,2,240,2.110365380988687,0.0,9.221076141977877
preflid,2,243,2.110365380988687,0.0,9.221076141977877
preflid,2,246,2.110365380988687,0.0,9.221076141977877
preflid,2,249,2.110365380988687,0.0,9.221076141977877
preflid,2,252,2.110365380988687,0.0,9.221076141977877
preflid,2,255,2.039085640086688,0.07127974090199896,9.327995753330875
preflid,2,258,2.039085640086688,0.07127974090199896,9.54183497603687
preflid,2,261,2.039085640086688,0.07127974090199896,9.755674198742867
preflid,2,264,2.039085640086688,0.07127974090199896,9.969513421448863
preflid,2,267,2.110365380988687,0.0,10.07643303280186
preflid,2,270,2.110365380988687,0.0,10.07643303280186
preflid,2,273,2.110365380988687,0.0,10.07643303280186
preflid,2,276,2.110365380988687,0.0,10.07643303280186
preflid,2,279,2.110365380988687,0.0,10.07643303280186
preflid,2,282,2.110365380988687,0.0,10.07643303280186
preflid,2,285,2.110365380988687,0.0,10.07643303280186
preflid,2,288,2.110365380988687,0.0,10.07643303280186
preflid,2,291,2.110365380988687,0.0,10.07643303280186
preflid,2,294,2.110365380988687,0.0,10.07643303280186
preflid,2,297,2.110365380988687,0.0,10.07643303280186
preflid,2,300,2.110365380988687,0.0,10.07643303280186
preflid,2,303,2.110365380988687,0.0,10.07643303280186
preflid,2,306,2.110365380988687,0.0,10.07643303280186
preflid,2,309,2.110365380988687,0.0,10.07643303280186
preflid,2,312,2.110365380988687,0.0,10.07643303280186
preflid,2,315,2.110365380988687,0.0,10.07643303280186
preflid,2,318,2.110365380988687,0.0,10.07643303280186
preflid,2,321,2.110365380988687,0.0,10.07643303280186
preflid,2,324,2.110365380988687,0.0,10.07643303280186
preflid,2,327,2.110365380988687,0.0,10.07643303280186
preflid,2,330,2.110365380988687,0.0,10.07643303280186
preflid,2,333,2.110365380988687,0.0,10.07643303280186
preflid,2,336,2.110365380988687,0.0,10.07643303280186
preflid,2,339,2.110365380988687,0.0,10.07643303280186
preflid,2,342,2.110365380988687,0.0,10.07643303280186
preflid,2,345,2.110365380988687,0.0,10.07643303280186
preflid,2,348,2.110365380988687,0.0,10.07643303280186
preflid,2,200000,2.110365380988687,0.0,10.07643303280186
preflid,3,3,1.5740346865156942,0.5363306944729929,1.6089920834189786
preflid,3,6,1.5740346865156942,0.5363306944729929,3.217984166837957
preflid,3,9,1.5740346865156942,0.5363306944729929,4.826976250256935
preflid,3,12,1.5740346865156942,0.5363306944729929,6.435968333675914
preflid,3,15,2.039085640086688,0.07127974090199896,7.347383986738402
preflid,3,18,2.039085640086688,0.07127974090199896,7.561223209444399
preflid,3,21,2.039085640086688,0.07127974090199896,7.775062432150396
preflid,3,24,2.039085640086688,0.07127974090199896,7.9889016548563925
preflid,3,27,2.039085640086688,0.07127974090199896,8.20274087756239
preflid,3,30,2.039085640086688,0.07127974090199896,8.416580100268387
preflid,3,33,2.039085640086688,0.07127974090199896,8.630419322974383
preflid,3,36,2.039085640086688,0.07127974090199896,8.844258545680379
preflid,3,39,2.039085640086688,0.07127974090199896,9.058097768386375
preflid,3,42,2.039085640086688,0.07127974090199896,9.271936991092371
preflid,3,45,2.039085640086688,0.07127974090199896,9.485776213798367
preflid,3,48,2.039085640086688,0.07127974090199896,9.699615436504363
preflid,3,51,2.039085640086688,0.07127974090199896,9.913454659210359
preflid,3,54,2.039085640086688,0.07127974090199896,10.127293881916355
preflid,3,57,2.039085640086688,0.07127974090199896,10.341133104622351
preflid,3,60,2.039085640086688,0.07127974090199896,10.554972327328347
preflid,3,63,2.039085640086688,0.07127974090199896,10.768811550034343
preflid,3,66,2.039085640086688,0.07127974090199896,10.982650772740339
preflid,3,69,2.039085640086688,0.07127974090199896,11.196489995446335
preflid,3,72,2.039085640086688,0.07127974090199896,11.41032921815233
preflid,3,75,2.039085640086688,0.07127974090199896,11.624168440858327
preflid,3,78,2.039085640086688,0.07127974090199896,11.838007663564323
preflid,3,81,2.039085640086688,0.07127974090199896,12.051846886270319
preflid,3,84,2.039085640086688,0.07127974090199896,12.265686108976315
preflid,3,87,2.039085640086688,0.07127974090199896,12.47952533168231
preflid,3,90,2.039085640086688,0.07127974090199896,12.693364554388307
preflid,3,93,2.039085640086688,0.07127974090199896,12.907203777094303
preflid,3,96,2.039085640086688,0.07127974090199896,13.121042999800299
preflid,3,99,2.039085640086688,0.07127974090199896,13.334882222506295
preflid,3,102,2.039085640086688,0.07127974090199896,13.54872144521229
preflid,3,105,2.039085640086688,0.07127974090199896,13.762560667918287
preflid,3,108,2.039085640086688,0.07127974090199896,13.976399890624283
preflid,3,111,2.039085640086688,0.07127974090199896,14.190239113330279
preflid,3,114,2.039085640086688,0.07127974090199896,14.404078336036275
preflid,3,117,2.039085640086688,0.07127974090199896,14.61791755874227
preflid,3,120,2.039085640086688,0.07127974090199896,14.831756781448266
preflid,3,123,2.039085640086688,0.07127974090199896,15.045596004154262
preflid,3,126,2.039085640086688,0.07127974090199896,15.259435226860258
preflid,3,129,2.039085640086688,0.07127974090199896,15.473274449566254
preflid,3,132,2.039085640086688,0.07127974090199896,15.68711367227225
preflid,3,135,2.039085640086688,0.07127974090199896,15.900952894978246
preflid,3,138,2.039085640086688,0.07127974090199896,16.114792117684242
preflid,3,141,2.039085640086688,0.07127974090199896,16.32863134039024
preflid,3,144,2.039085640086688,0.07127974090199896,16.542470563096234
preflid,3,147,2.039085640086688,0.07127974090199896,16.75630978580223
preflid,3,150,2.039085640086688,0.07127974090199896,16.970149008508226
preflid,3,153,2.039085640086688,0.07127974090199896,17.183988231214222
preflid,3,156,2.039085640086688,0.07127974090199896,17.39782745392022
preflid,3,159,2.039085640086688,0.07127974090199896,17.611666676626214
preflid,3,162,2.039085640086688,0.07127974090199896,17.82550589933221
preflid,3,165,2.039085640086688,0.07127974090199896,18.039345122038206
preflid,3,168,1.5740346865156942,0.5363306944729929,18.950760775100694
preflid,3,171,1.5740346865156942,0.5363306944729929,20.559752858519673
preflid,3,174,1.5740346865156942,0.5363306944729929,22.16874494193865
preflid,3,177,1.5740346865156942,0.5363306944729929,23.77773702535763
preflid,3,180,1.5740346865156942,0.5363306944729929,25.38672910877661
preflid,3,183,1.5740346865156942,0.5363306944729929,26.99572119219559
preflid,3,186,1.5740346865156942,0.5363306944729929,28.604713275614568
preflid,3,189,1.5740346865156942,0.5363306944729929,30.213705359033547
preflid,3,192,1.5740346865156942,0.5363306944729929,31.822697442452526
preflid,3,195,1.5740346865156942,0.5363306944729929,33.431689525871505
preflid,3,198,1.5740346865156942,0.5363306944729929,35.04068160929048
preflid,3,201,1.5740346865156942,0.5363306944729929,36.649673692709456
preflid,3,204,2.039085640086688,0.07127974090199896,37.56108934577195
preflid,3,207,2.039085640086688,0.07127974090199896,37.77492856847795
preflid,3,210,2.039085640086688,0.07127974090199896,37.988767791183946
preflid,3,213,2.039085640086688,0.07127974090199896,38.202607013889946
preflid,3,216,2.039085640086688,0.07127974090199896,38.416446236595945
preflid,3,219,2.039085640086688,0.07127974090199896,38.630285459301945
preflid,3,222,2.039085640086688,0.07127974090199896,38.844124682007944
preflid,3,225,2.039085640086688,0.07127974090199896,39.057963904713944
preflid,3,228,2.039085640086688,0.07127974090199896,39.27180312741994
preflid,3,231,2.039085640086688,0.07127974090199896,39.48564235012594
preflid,3,234,2.039085640086688,0.07127974090199896,39.69948157283194
preflid,3,237,2.039085640086688,0.07127974090199896,39.91332079553794
preflid,3,240,2.039085640086688,0.07127974090199896,40.12716001824394
preflid,3,243,2.039085640086688,0.07127974090199896,40.34099924094994
preflid,3,200000,2.110365380988687,0.0,40.34099924094994
preflid,4,3,1.5740346865156942,0.5363306944729929,1.6089920834189786
preflid,4,6,1.5740346865156942,0.5363306944729929,3.217984166837957
preflid,4,9,1.5740346865156942,0.5363306944729929,4.826976250256935
preflid,4,12,1.5740346865156942,0.5363306944729929,6.435968333675914
preflid,4,15,1.5740346865156942,0.5363306944729929,8.044960417094893
preflid,4,18,1.5740346865156942,0.5363306944729929,9.653952500513872
preflid,4,21,1.5740346865156942,0.5363306944729929,11.262944583932851
preflid,4,24,2.110365380988687,0.0,12.067440625642341
preflid,4,27,2.110365380988687,0.0,12.067440625642341
preflid,4,30,2.110365380988687,0.0,12.067440625642341
preflid,4,33,2.110365380988687,0.0,12.067440625642341
preflid,4,36,2.110365380988687,0.0,12.067440625642341
preflid,4,39,1.5740346865156942,0.5363306944729929,12.87193666735183
preflid,4,42,1.5740346865156942,0.5363306944729929,14.48092875077081
preflid,4,45,1.5740346865156942,0.5363306944729929,16.089920834189787
preflid,4,48,1.5740346865156942,0.5363306944729929,17.698912917608766
preflid,4,51,1.5740346865156942,0.5363306944729929,19.307905001027745
preflid,4,54,1.5740346865156942,0.5363306944729929,20.916897084446724
preflid,4,57,1.5740346865156942,0.5363306944729929,22.525889167865703
preflid,4,60,1.5740346865156942,0.5363306944729929,24.134881251284682
preflid,4,63,1.5740346865156942,0.5363306944729929,25.74387333470366
preflid,4,66,1.5740346865156942,0.5363306944729929,27.35286541812264
preflid,4,69,1.5740346865156942,0.5363306944729929,28.96185750154162
preflid,4,72,1.5740346865156942,0.5363306944729929,30.570849584960598
preflid,4,75,1.5740346865156942,0.5363306944729929,32.179841668379574
preflid,4,78,1.5740346865156942,0.5363306944729929,33.78883375179855
preflid,4,81,1.5740346865156942,0.5363306944729929,35.397825835217525
preflid,4,84,1.5740346865156942,0.5363306944729929,37.0068179186365
preflid,4,87,1.5740346865156942,0.5363306944729929,38.615810002055476
preflid,4,90,1.5740346865156942,0.5363306944729929,40.22480208547445
preflid,4,93,1.5740346865156942,0.5363306944729929,41.83379416889343
preflid,4,96,1.5740346865156942,0.5363306944729929,43.4427862523124
preflid,4,99,1.5740346865156942,0.5363306944729929,45.05177833573138
preflid,4,102,1.5740346865156942,0.5363306944729929,46.66077041915035
preflid,4,105,1.5740346865156942,0.5363306944729929,48.26976250256933
preflid,4,108,1.5740346865156942,0.5363306944729929,49.878754585988304
preflid,4,111,1.5740346865156942,0.5363306944729929,51.48774666940728
preflid,4,114,1.5740346865156942,0.5363306944729929,53.096738752826255
preflid,4,117,2.039085640086688,0.07127974090199896,54.008154405888746
preflid,4,120,2.039085640086688,0.07127974090199896,54.221993628594745
preflid,4,123,2.039085640086688,0.07127974090199896,54.435832851300745
preflid,4,126,2.039085640086688,0.07127974090199896,54.649672074006745
preflid,4,129,2.039085640086688,0.07127974090199896,54.863511296712744
preflid,4,132,2.039085640086688,0.07127974090199896,55.077350519418744
preflid,4,135,2.039085640086688,0.07127974090199896,55.29118974212474
preflid,4,138,2.039085640086688,0.07127974090199896,55.50502896483074
preflid,4,141,2.039085640086688,0.07127974090199896,55.71886818753674
preflid,4,144,2.039085640086688,0.07127974090199896,55.93270741024274
preflid,4,147,2.110365380988687,0.0,56.03962702159574
preflid,4,150,2.110365380988687,0.0,56.03962702159574
preflid,4,153,2.110365380988687,0.0,56.03962702159574
preflid,4,156,2.110365380988687,0.0,56.03962702159574
preflid,4,159,2.110365380988687,0.0,56.03962702159574
preflid,4,162,2.110365380988687,0.0,56.03962702159574
preflid,4,165,2.110365380988687,0.0,56.03962702159574
preflid,4,168,2.110365380988687,0.0,56.03962702159574
preflid,4,171,2.110365380988687,0.0,56.03962702159574
preflid,4,174,2.110365380988687,0.0,56.03962702159574
preflid,4,177,2.110365380988687,0.0,56.03962702159574
preflid,4,180,2.110365380988687,0.0,56.03962702159574
preflid,4,183,2.110365380988687,0.0,56.03962702159574
preflid,4,186,2.110365380988687,0.0,56.03962702159574
preflid,4,189,2.110365380988687,0.0,56.03962702159574
preflid,4,192,2.110365380988687,0.0,56.03962702159574
preflid,4,195,2.110365380988687,0.0,56.03962702159574
preflid,4,198,2.110365380988687,0.0,56.03962702159574
preflid,4,201,2.110365380988687,0.0,56.03962702159574
preflid,4,204,2.110365380988687,0.0,56.03962702159574
preflid,4,207,2.110365380988687,0.0,56.03962702159574
preflid,4,210,2.110365380988687,0.0,56.03962702159574
preflid,4,213,2.110365380988687,0.0,56.03962702159574
preflid,4,216,2.110365380988687,0.0,56.03962702159574
preflid,4,219,2.110365380988687,0.0,56.03962702159574
preflid,4,222,2.110365380988687,0.0,56.03962702159574
preflid,4,225,2.110365380988687,0.0,56.03962702159574
preflid,4,228,2.110365380988687,0.0,56.03962702159574
preflid,4,231,2.110365380988687,0.0,56.03962702159574
preflid,4,234,2.110365380988687,0.0,56.03962702159574
preflid,4,237,2.110365380988687,0.0,56.03962702159574
preflid,4,240,2.110365380988687,0.0,56.03962702159574
preflid,4,243,2.110365380988687,0.0,56.03962702159574
preflid,4,246,2.110365380988687,0.0,56.03962702159574
preflid,4,249,2.110365380988687,0.0,56.03962702159574
preflid,4,252,2.110365380988687,0.0,56.03962702159574
preflid,4,255,2.110365380988687,0.0,56.03962702159574
preflid,4,258,2.110365380988687,0.0,56.03962702159574
preflid,4,261,2.110365380988687,0.0,56.03962702159574
preflid,4,264,2.110365380988687,0.0,56.03962702159574
preflid,4,267,2.110365380988687,0.0,56.03962702159574
preflid,4,270,2.110365380988687,0.0,56.03962702159574
preflid,4,273,2.110365380988687,0.0,56.03962702159574
preflid,4,276,2.110365380988687,0.0,56.03962702159574
preflid,4,279,2.110365380988687,0.0,56.03962702159574
preflid,4,282,2.110365380988687,0.0,56.03962702159574
preflid,4,285,2.110365380988687,0.0,56.03962702159574
preflid,4,288,2.110365380988687,0.0,56.03962702159574
preflid,4,291,2.110365380988687,0.0,56.03962702159574
preflid,4,294,2.110365380988687,0.0,56.03962702159574
preflid,4,297,2.110365380988687,0.0,56.03962702159574
preflid,4,300,2.110365380988687,0.0,56.03962702159574
preflid,4,303,2.110365380988687,0.0,56.03962702159574
preflid,4,306,2.110365380988687,0.0,56.03962702159574
preflid,4,309,2.110365380988687,0.0,56.03962702159574
preflid,4,312,2.110365380988687,0.0,56.03962702159574
preflid,4,315,2.110365380988687,0.0,56.03962702159574
preflid,4,318,2.110365380988687,0.0,56.03962702159574
preflid,4,321,2.110365380988687,0.0,56.03962702159574
preflid,4,324,2.110365380988687,0.0,56.03962702159574
preflid,4,327,2.110365380988687,0.0,56.03962702159574
preflid,4,330,2.110365380988687,0.0,56.03962702159574
preflid,4,333,2.110365380988687,0.0,56.03962702159574
preflid,4,336,2.110365380988687,0.0,56.03962702159574
preflid,4,339,2.110365380988687,0.0,56.03962702159574
preflid,4,342,2.110365380988687,0.0,56.03962702159574
preflid,4,345,2.110365380988687,0.0,56.03962702159574
preflid,4,348,2.110365380988687,0.0,56.03962702159574
preflid,4,351,2.110365380988687,0.0,56.03962702159574
preflid,4,354,2.110365380988687,0.0,56.03962702159574
preflid,4,357,2.110365380988687,0.0,56.03962702159574
preflid,4,360,2.110365380988687,0.0,56.03962702159574
preflid,4,363,2.110365380988687,0.0,56.03962702159574
preflid,4,366,2.110365380988687,0.0,56.03962702159574
preflid,4,369,2.110365380988687,0.0,56.03962702159574
preflid,4,372,2.110365380988687,0.0,56.03962702159574
preflid,4,375,2.110365380988687,0.0,56.03962702159574
preflid,4,378,2.110365380988687,0.0,56.03962702159574
preflid,4,381,2.110365380988687,0.0,56.03962702159574
preflid,4,384,2.110365380988687,0.0,56.03962702159574
preflid,4,387,2.110365380988687,0.0,56.03962702159574
preflid,4,390,2.110365380988687,0.0,56.03962702159574
preflid,4,393,2.110365380988687,0.0,56.03962702159574
preflid,4,396,2.110365380988687,0.0,56.03962702159574
preflid,4,399,2.110365380988687,0.0,56.03962702159574
preflid,4,402,2.110365380988687,0.0,56.03962702159574
preflid,4,405,2.110365380988687,0.0,56.03962702159574
preflid,4,408,2.110365380988687,0.0,56.03962702159574
preflid,4,411,2.110365380988687,0.0,56.03962702159574
preflid,4,414,2.110365380988687,0.0,56.03962702159574
preflid,4,417,2.110365380988687,0.0,56.03962702159574
preflid,4,420,2.110365380988687,0.0,56.03962702159574
preflid,4,423,2.110365380988687,0.0,56.03962702159574
preflid,4,426,2.110365380988687,0.0,56.03962702159574
preflid,4,429,2.110365380988687,0.0,56.03962702159574
preflid,4,432,2.110365380988687,0.0,56.03962702159574
preflid,4,435,2.110365380988687,0.0,56.03962702159574
preflid,4,438,2.110365380988687,0.0,56.03962702159574
preflid,4,441,2.110365380988687,0.0,56.03962702159574
preflid,4,444,2.110365380988687,0.0,56.03962702159574
preflid,4,447,2.110365380988687,0.0,56.03962702159574
preflid,4,450,2.110365380988687,0.0,56.03962702159574
preflid,4,200000,2.110365380988687,0.0,56.03962702159574
preflid,5,3,1.7853722599912456,0.3249931209974415,0.9749793629923245
preflid,5,6,1.7853722599912456,0.3249931209974415,1.949958725984649
preflid,5,9,1.7853722599912456,0.3249931209974415,2.9249380889769734
preflid,5,12,1.7853722599912456,0.3249931209974415,3.899917451969298
preflid,5,15,1.7853722599912456,0.3249931209974415,4.874896814961622
preflid,5,18,1.7853722599912456,0.3249931209974415,5.849876177953947
preflid,5,21,1.7853722599912456,0.3249931209974415,6.824855540946271
preflid,5,24,2.110365380988687,0.0,7.312345222442433
preflid,5,27,1.7853722599912456,0.3249931209974415,7.799834903938596
preflid,5,30,2.110365380988687,0.0,8.287324585434758
preflid,5,33,2.110365380988687,0.0,8.287324585434758
preflid,5,36,2.110365380988687,0.0,8.287324585434758
preflid,5,39,2.110365380988687,0.0,8.287324585434758
preflid,5,42,2.110365380988687,0.0,8.287324585434758
preflid,5,45,2.110365380988687,0.0,8.287324585434758
preflid,5,48,2.110365380988687,0.0,8.287324585434758
preflid,5,51,2.110365380988687,0.0,8.287324585434758
preflid,5,54,2.110365380988687,0.0,8.287324585434758
preflid,5,57,2.110365380988687,0.0,8.287324585434758
preflid,5,60,2.110365380988687,0.0,8.287324585434758
preflid,5,63,2.110365380988687,0.0,8.287324585434758
preflid,5,66,2.110365380988687,0.0,8.287324585434758
preflid,5,69,2.110365380988687,0.0,8.287324585434758
preflid,5,72,2.110365380988687,0.0,8.287324585434758
preflid,5,75,2.110365380988687,0.0,8.287324585434758
preflid,5,78,2.110365380988687,0.0,8.287324585434758
preflid,5,81,2.110365380988687,0.0,8.287324585434758
preflid,5,84,2.110365380988687,0.0,8.287324585434758
preflid,5,87,2.110365380988687,0.0,8.287324585434758
preflid,5,90,2.110365380988687,0.0,8.287324585434758
preflid,5,93,2.110365380988687,0.0,8.287324585434758
preflid,5,96,2.110365380988687,0.0,8.287324585434758
preflid,5,99,2.110365380988687,0.0,8.287324585434758
preflid,5,102,2.110365380988687,0.0,8.287324585434758
preflid,5,105,2.110365380988687,0.0,8.287324585434758
preflid,5,108,2.110365380988687,0.0,8.287324585434758
preflid,5,111,2.110365380988687,0.0,8.287324585434758
preflid,5,114,2.110365380988687,0.0,8.287324585434758
preflid,5,117,2.110365380988687,0.0,8.287324585434758
preflid,5,120,2.110365380988687,0.0,8.287324585434758
preflid,5,123,2.110365380988687,0.0,8.287324585434758
preflid,5,126,2.110365380988687,0.0,8.287324585434758
preflid,5,129,2.110365380988687,0.0,8.287324585434758
preflid,5,132,2.110365380988687,0.0,8.287324585434758
preflid,5,135,2.110365380988687,0.0,8.287324585434758
preflid,5,138,2.110365380988687,0.0,8.287324585434758
preflid,5,141,2.110365380988687,0.0,8.287324585434758
preflid,5,144,2.110365380988687,0.0,8.287324585434758
preflid,5,147,2.110365380988687,0.0,8.287324585434758
preflid,5,150,2.110365380988687,0.0,8.287324585434758
preflid,5,153,2.110365380988687,0.0,8.287324585434758
preflid,5,156,2.110365380988687,0.0,8.287324585434758
preflid,5,159,2.110365380988687,0.0,8.287324585434758
preflid,5,162,2.110365380988687,0.0,8.287324585434758
preflid,5,165,2.110365380988687,0.0,8.287324585434758
preflid,5,168,2.110365380988687,0.0,8.287324585434758
preflid,5,171,2.110365380988687,0.0,8.287324585434758
preflid,5,174,2.110365380988687,0.0,8.287324585434758
preflid,5,177,2.110365380988687,0.0,8.287324585434758
preflid,5,180,2.110365380988687,0.0,8.287324585434758
preflid,5,183,2.110365380988687,0.0,8.287324585434758
preflid,5,186,2.110365380988687,0.0,8.287324585434758
preflid,5,189,2.110365380988687,0.0,8.287324585434758
preflid,5,192,2.110365380988687,0.0,8.287324585434758
preflid,5,195,2.110365380988687,0.0,8.287324585434758
preflid,5,198,2.110365380988687,0.0,8.287324585434758
preflid,5,201,2.110365380988687,0.0,8.287324585434758
preflid,5,204,2.110365380988687,0.0,8.287324585434758
preflid,5,207,2.110365380988687,0.0,8.287324585434758
preflid,5,210,2.110365380988687,0.0,8.287324585434758
preflid,5,213,2.110365380988687,0.0,8.287324585434758
preflid,5,216,2.110365380988687,0.0,8.287324585434758
preflid,5,219,2.110365380988687,0.0,8.287324585434758
preflid,5,222,2.110365380988687,0.0,8.287324585434758
preflid,5,225,2.110365380988687,0.0,8.287324585434758
preflid,5,228,2.110365380988687,0.0,8.287324585434758
preflid,5,231,2.110365380988687,0.0,8.287324585434758
preflid,5,234,2.110365380988687,0.0,8.287324585434758
preflid,5,237,2.110365380988687,0.0,8.287324585434758
preflid,5,240,2.110365380988687,0.0,8.287324585434758
preflid,5,243,2.110365380988687,0.0,8.287324585434758
preflid,5,246,2.110365380988687,0.0,8.287324585434758
preflid,5,249,2.110365380988687,0.0,8.287324585434758
preflid,5,252,2.110365380988687,0.0,8.287324585434758
preflid,5,255,2.110365380988687,0.0,8.287324585434758
preflid,5,258,2.110365380988687,0.0,8.287324585434758
preflid,5,261,2.110365380988687,0.0,8.287324585434758
preflid,5,264,2.110365380988687,0.0,8.287324585434758
preflid,5,267,2.110365380988687,0.0,8.287324585434758
preflid,5,270,2.110365380988687,0.0,8.287324585434758
preflid,5,273,2.110365380988687,0.0,8.287324585434758
preflid,5,276,2.110365380988687,0.0,8.287324585434758
preflid,5,279,2.110365380988687,0.0,8.287324585434758
preflid,5,282,2.110365380988687,0.0,8.287324585434758
preflid,5,285,2.110365380988687,0.0,8.287324585434758
preflid,5,288,2.110365380988687,0.0,8.287324585434758
preflid,5,291,2.110365380988687,0.0,8.287324585434758
preflid,5,294,2.110365380988687,0.0,8.287324585434758
preflid,5,297,2.110365380988687,0.0,8.287324585434758
preflid,5,300,2.110365380988687,0.0,8.287324585434758
preflid,5,303,2.110365380988687,0.0,8.287324585434758
preflid,5,306,2.110365380988687,0.0,8.287324585434758
preflid,5,309,2.110365380988687,0.0,8.287324585434758
preflid,5,312,2.110365380988687,0.0,8.287324585434758
preflid,5,315,2.110365380988687,0.0,8.287324585434758
preflid,5,318,2.110365380988687,0.0,8.287324585434758
preflid,5,321,2.110365380988687,0.0,8.287324585434758
preflid,5,324,2.110365380988687,0.0,8.287324585434758
preflid,5,327,2.110365380988687,0.0,8.287324585434758
preflid,5,330,2.110365380988687,0.0,8.287324585434758
preflid,5,333,2.110365380988687,0.0,8.287324585434758
preflid,5,336,2.110365380988687,0.0,8.287324585434758
preflid,5,339,2.110365380988687,0.0,8.287324585434758
preflid,5,342,2.110365380988687,0.0,8.287324585434758
preflid,5,345,2.110365380988687,0.0,8.287324585434758
preflid,5,348,2.110365380988687,0.0,8.287324585434758
preflid,5,351,2.110365380988687,0.0,8.287324585434758
preflid,5,354,2.110365380988687,0.0,8.287324585434758
preflid,5,357,2.110365380988687,0.0,8.287324585434758
preflid,5,360,2.110365380988687,0.0,8.287324585434758
preflid,5,363,2.110365380988687,0.0,8.287324585434758
preflid,5,366,2.110365380988687,0.0,8.287324585434758
preflid,5,369,2.110365380988687,0.0,8.287324585434758
preflid,5,372,2.110365380988687,0.0,8.287324585434758
preflid,5,375,2.110365380988687,0.0,8.287324585434758
preflid,5,378,2.110365380988687,0.0,8.287324585434758
preflid,5,381,2.110365380988687,0.0,8.287324585434758
preflid,5,384,2.110365380988687,0.0,8.287324585434758
preflid,5,387,2.110365380988687,0.0,8.287324585434758
preflid,5,390,2.110365380988687,0.0,8.287324585434758
preflid,5,393,2.110365380988687,0.0,8.287324585434758
preflid,5,396,2.110365380988687,0.0,8.287324585434758
preflid,5,399,2.110365380988687,0.0,8.287324585434758
preflid,5,402,2.110365380988687,0.0,8.287324585434758
preflid,5,405,2.110365380988687,0.0,8.287324585434758
preflid,5,408,2.110365380988687,0.0,8.287324585434758
preflid,5,411,2.110365380988687,0.0,8.287324585434758
preflid,5,414,2.110365380988687,0.0,8.287324585434758
preflid,5,417,2.110365380988687,0.0,8.287324585434758
preflid,5,420,2.110365380988687,0.0,8.287324585434758
preflid,5,423,2.110365380988687,0.0,8.287324585434758
preflid,5,426,2.110365380988687,0.0,8.287324585434758
preflid,5,429,2.110365380988687,0.0,8.287324585434758
preflid,5,432,2.110365380988687,0.0,8.287324585434758
preflid,5,435,2.110365380988687,0.0,8.287324585434758
preflid,5,438,2.110365380988687,0.0,8.287324585434758
preflid,5,441,2.110365380988687,0.0,8.287324585434758
preflid,5,444,2.110365380988687,0.0,8.287324585434758
preflid,5,447,2.110365380988687,0.0,8.287324585434758
preflid,5,450,2.110365380988687,0.0,8.287324585434758
preflid,5,453,2.110365380988687,0.0,8.287324585434758
preflid,5,456,2.110365380988687,0.0,8.287324585434758
preflid,5,459,2.110365380988687,0.0,8.287324585434758
preflid,5,462,2.110365380988687,0.0,8.287324585434758
preflid,5,465,2.110365380988687,0.0,8.287324585434758
preflid,5,468,2.110365380988687,0.0,8.287324585434758
preflid,5,471,2.110365380988687,0.0,8.287324585434758
preflid,5,474,2.110365380988687,0.0,8.287324585434758
preflid,5,477,2.110365380988687,0.0,8.287324585434758
preflid,5,480,2.110365380988687,0.0,8.287324585434758
preflid,5,483,2.110365380988687,0.0,8.287324585434758
preflid,5,486,2.110365380988687,0.0,8.287324585434758
preflid,5,489,2.110365380988687,0.0,8.287324585434758
preflid,5,492,2.110365380988687,0.0,8.287324585434758
preflid,5,495,2.110365380988687,0.0,8.287324585434758
preflid,5,498,2.110365380988687,0.0,8.287324585434758
preflid,5,501,2.110365380988687,0.0,8.287324585434758
preflid,5,504,2.110365380988687,0.0,8.287324585434758
preflid,5,507,2.110365380988687,0.0,8.287324585434758
preflid,5,510,2.110365380988687,0.0,8.287324585434758
preflid,5,513,2.110365380988687,0.0,8.287324585434758
preflid,5,516,2.110365380988687,0.0,8.287324585434758
preflid,5,519,2.110365380988687,0.0,8.287324585434758
preflid,5,522,2.110365380988687,0.0,8.287324585434758
preflid,5,525,2.110365380988687,0.0,8.287324585434758
preflid,5,528,2.110365380988687,0.0,8.287324585434758
preflid,5,531,2.110365380988687,0.0,8.287324585434758
preflid,5,534,2.110365380988687,0.0,8.287324585434758
preflid,5,537,2.110365380988687,0.0,8.287324585434758
preflid,5,540,2.110365380988687,0.0,8.287324585434758
preflid,5,543,2.110365380988687,0.0,8.287324585434758
preflid,5,546,2.110365380988687,0.0,8.287324585434758
preflid,5,549,2.110365380988687,0.0,8.287324585434758
preflid,5,552,2.110365380988687,0.0,8.287324585434758
preflid,5,555,2.110365380988687,0.0,8.287324585434758
preflid,5,200000,2.110365380988687,0.0,8.287324585434758
preflid,6,3,2.039085640086688,0.07127974090199896,0.21383922270599687
preflid,6,6,2.039085640086688,0.07127974090199896,0.42767844541199374
preflid,6,9,1.7853722599912456,0.3249931209974415,1.0220877382611544
preflid,6,12,1.7853722599912456,0.3249931209974415,1.9970671012534789
preflid,6,15,1.7853722599912456,0.3249931209974415,2.9720464642458033
preflid,6,18,1.7853722599912456,0.3249931209974415,3.947025827238128
preflid,6,21,1.7853722599912456,0.3249931209974415,4.922005190230452
preflid,6,24,1.7853722599912456,0.3249931209974415,5.896984553222777
preflid,6,27,2.110365380988687,0.0,6.3844742347189385
preflid,6,30,2.110365380988687,0.0,6.3844742347189385
preflid,6,33,2.110365380988687,0.0,6.3844742347189385
preflid,6,36,2.110365380988687,0.0,6.3844742347189385
preflid,6,39,2.110365380988687,0.0,6.3844742347189385
preflid,6,42,2.110365380988687,0.0,6.3844742347189385
preflid,6,45,2.110365380988687,0.0,6.3844742347189385
preflid,6,48,2.110365380988687,0.0,6.3844742347189385
preflid,6,51,2.110365380988687,0.0,6.3844742347189385
preflid,6,54,2.110365380988687,0.0,6.3844742347189385
preflid,6,57,2.110365380988687,0.0,6.3844742347189385
preflid,6,60,2.110365380988687,0.0,6.3844742347189385
preflid,6,63,2.110365380988687,0.0,6.3844742347189385
preflid,6,66,2.110365380988687,0.0,6.3844742347189385
preflid,6,69,2.110365380988687,0.0,6.3844742347189385
preflid,6,72,2.110365380988687,0.0,6.3844742347189385
preflid,6,75,2.110365380988687,0.0,6.3844742347189385
preflid,6,78,2.110365380988687,0.0,6.3844742347189385
preflid,6,81,2.110365380988687,0.0,6.3844742347189385
preflid,6,84,2.110365380988687,0.0,6.3844742347189385
preflid,6,87,2.110365380988687,0.0,6.3844742347189385
preflid,6,90,2.110365380988687,0.0,6.3844742347189385
preflid,6,93,2.110365380988687,0.0,6.3844742347189385
preflid,6,96,2.110365380988687,0.0,6.3844742347189385
preflid,6,99,2.110365380988687,0.0,6.3844742347189385
preflid,6,102,2.110365380988687,0.0,6.3844742347189385
preflid,6,105,2.110365380988687,0.0,6.3844742347189385
preflid,6,108,2.110365380988687,0.0,6.3844742347189385
preflid,6,111,2.110365380988687,0.0,6.3844742347189385
preflid,6,114,2.110365380988687,0.0,6.3844742347189385
preflid,6,117,2.110365380988687,0.0,6.3844742347189385
preflid,6,120,2.110365380988687,0.0,6.3844742347189385
preflid,6,123,2.110365380988687,0.0,6.3844742347189385
preflid,6,126,2.110365380988687,0.0,6.3844742347189385
preflid,6,129,2.110365380988687,0.0,6.3844742347189385
preflid,6,132,2.110365380988687,0.0,6.3844742347189385
preflid,6,135,2.110365380988687,0.0,6.3844742347189385
preflid,6,138,2.110365380988687,0.0,6.3844742347189385
preflid,6,141,2.110365380988687,0.0,6.3844742347189385
preflid,6,144,2.110365380988687,0.0,6.3844742347189385
preflid,6,147,2.110365380988687,0.0,6.3844742347189385
preflid,6,150,2.110365380988687,0.0,6.3844742347189385
preflid,6,153,2.110365380988687,0.0,6.3844742347189385
preflid,6,156,2.110365380988687,0.0,6.3844742347189385
preflid,6,159,2.110365380988687,0.0,6.3844742347189385
preflid,6,162,2.110365380988687,0.0,6.3844742347189385
preflid,6,165,2.110365380988687,0.0,6.3844742347189385
preflid,6,168,2.110365380988687,0.0,6.3844742347189385
preflid,6,171,2.110365380988687,0.0,6.3844742347189385
preflid,6,174,2.110365380988687,0.0,6.3844742347189385
preflid,6,177,2.110365380988687,0.0,6.3844742347189385
preflid,6,180,2.110365380988687,0.0,6.3844742347189385
preflid,6,183,2.110365380988687,0.0,6.3844742347189385
preflid,6,186,2.110365380988687,0.0,6.3844742347189385
preflid,6,189,2.110365380988687,0.0,6.3844742347189385
preflid,6,192,2.110365380988687,0.0,6.3844742347189385
preflid,6,195,2.110365380988687,0.0,6.3844742347189385
preflid,6,198,2.110365380988687,0.0,6.3844742347189385
preflid,6,201,2.110365380988687,0.0,6.3844742347189385
preflid,6,204,2.110365380988687,0.0,6.3844742347189385
preflid,6,207,2.110365380988687,0.0,6.3844742347189385
preflid,6,210,2.110365380988687,0.0,6.3844742347189385
preflid,6,213,2.110365380988687,0.0,6.3844742347189385
preflid,6,216,2.110365380988687,0.0,6.3844742347189385
preflid,6,219,2.039085640086688,0.07127974090199896,6.4913938460719365
preflid,6,222,2.039085640086688,0.07127974090199896,6.705233068777933
preflid,6,225,2.039085640086688,0.07127974090199896,6.91907229148393
preflid,6,228,2.039085640086688,0.07127974090199896,7.132911514189927
preflid,6,231,2.039085640086688,0.07127974090199896,7.346750736895924
preflid,6,234,2.039085640086688,0.07127974090199896,7.560589959601921
preflid,6,237,2.039085640086688,0.07127974090199896,7.774429182307918
preflid,6,240,2.039085640086688,0.07127974090199896,7.9882684050139146
preflid,6,243,2.039085640086688,0.07127974090199896,8.202107627719911
preflid,6,246,2.039085640086688,0.07127974090199896,8.415946850425907
preflid,6,249,2.039085640086688,0.07127974090199896,8.629786073131903
preflid,6,252,2.039085640086688,0.07127974090199896,8.8436252958379
preflid,6,255,2.039085640086688,0.07127974090199896,9.057464518543895
preflid,6,258,2.039085640086688,0.07127974090199896,9.271303741249891
preflid,6,261,2.039085640086688,0.07127974090199896,9.485142963955887
preflid,6,264,2.039085640086688,0.07127974090199896,9.698982186661883
preflid,6,267,2.039085640086688,0.07127974090199896,9.91282140936788
preflid,6,270,2.039085640086688,0.07127974090199896,10.126660632073875
preflid,6,273,2.039085640086688,0.07127974090199896,10.340499854779871
preflid,6,276,2.039085640086688,0.07127974090199896,10.554339077485867
preflid,6,279,2.039085640086688,0.07127974090199896,10.768178300191863
preflid,6,282,2.039085640086688,0.07127974090199896,10.98201752289786
preflid,6,285,2.039085640086688,0.07127974090199896,11.195856745603855
preflid,6,288,2.039085640086688,0.07127974090199896,11.409695968309851
preflid,6,291,2.039085640086688,0.07127974090199896,11.623535191015847
preflid,6,294,2.039085640086688,0.07127974090199896,11.837374413721843
preflid,6,297,2.039085640086688,0.07127974090199896,12.051213636427839
preflid,6,300,2.039085640086688,0.07127974090199896,12.265052859133835
preflid,6,303,2.039085640086688,0.07127974090199896,12.478892081839831
preflid,6,306,2.110365380988687,0.0,12.585811693192829
preflid,6,309,2.110365380988687,0.0,12.585811693192829
preflid,6,312,2.110365380988687,0.0,12.585811693192829
preflid,6,315,2.110365380988687,0.0,12.585811693192829
preflid,6,318,2.110365380988687,0.0,12.585811693192829
preflid,6,321,2.110365380988687,0.0,12.585811693192829
preflid,6,324,2.110365380988687,0.0,12.585811693192829
preflid,6,327,2.110365380988687,0.0,12.585811693192829
preflid,6,330,2.110365380988687,0.0,12.585811693192829
preflid,6,333,2.110365380988687,0.0,12.585811693192829
preflid,6,336,2.110365380988687,0.0,12.585811693192829
preflid,6,339,2.110365380988687,0.0,12.585811693192829
preflid,6,342,2.110365380988687,0.0,12.585811693192829
preflid,6,345,2.110365380988687,0.0,12.585811693192829
preflid,6,348,2.110365380988687,0.0,12.585811693192829
preflid,6,351,2.110365380988687,0.0,12.585811693192829
preflid,6,354,2.110365380988687,0.0,12.585811693192829
preflid,6,357,2.110365380988687,0.0,12.585811693192829
preflid,6,360,2.110365380988687,0.0,12.585811693192829
preflid,6,363,2.110365380988687,0.0,12.585811693192829
preflid,6,366,2.110365380988687,0.0,12.585811693192829
preflid,6,369,2.110365380988687,0.0,12.585811693192829
preflid,6,372,2.110365380988687,0.0,12.585811693192829
preflid,6,375,2.110365380988687,0.0,12.585811693192829
preflid,6,378,2.110365380988687,0.0,12.585811693192829
preflid,6,381,2.110365380988687,0.0,12.585811693192829
preflid,6,384,2.110365380988687,0.0,12.585811693192829
preflid,6,387,2.110365380988687,0.0,12.585811693192829
preflid,6,390,2.110365380988687,0.0,12.585811693192829
preflid,6,393,2.110365380988687,0.0,12.585811693192829
preflid,6,396,2.110365380988687,0.0,12.585811693192829
preflid,6,399,2.110365380988687,0.0,12.585811693192829
preflid,6,402,2.110365380988687,0.0,12.585811693192829
preflid,6,405,2.110365380988687,0.0,12.585811693192829
preflid,6,408,2.110365380988687,0.0,12.585811693192829
preflid,6,411,2.110365380988687,0.0,12.585811693192829
preflid,6,414,2.110365380988687,0.0,12.585811693192829
preflid,6,417,2.110365380988687,0.0,12.585811693192829
preflid,6,420,2.110365380988687,0.0,12.585811693192829
preflid,6,423,2.110365380988687,0.0,12.585811693192829
preflid,6,426,2.110365380988687,0.0,12.585811693192829
preflid,6,429,2.110365380988687,0.0,12.585811693192829
preflid,6,432,2.110365380988687,0.0,12.585811693192829
preflid,6,435,2.110365380988687,0.0,12.585811693192829
preflid,6,438,2.110365380988687,0.0,12.585811693192829
preflid,6,441,2.110365380988687,0.0,12.585811693192829
preflid,6,444,2.110365380988687,0.0,12.585811693192829
preflid,6,447,2.110365380988687,0.0,12.585811693192829
preflid,6,450,2.110365380988687,0.0,12.585811693192829
preflid,6,453,2.110365380988687,0.0,12.585811693192829
preflid,6,456,2.110365380988687,0.0,12.585811693192829
preflid,6,459,2.110365380988687,0.0,12.585811693192829
preflid,6,462,2.110365380988687,0.0,12.585811693192829
preflid,6,465,2.110365380988687,0.0,12.585811693192829
preflid,6,200000,2.110365380988687,0.0,12.585811693192829
preflid,7,3,1.5740346865156942,0.5363306944729929,1.6089920834189786
preflid,7,6,1.7853722599912456,0.3249931209974415,2.9009778066246303
preflid,7,9,1.7853722599912456,0.3249931209974415,3.875957169616955
preflid,7,12,1.7853722599912456,0.3249931209974415,4.850936532609279
preflid,7,15,1.7853722599912456,0.3249931209974415,5.825915895601604
preflid,7,18,1.7853722599912456,0.3249931209974415,6.800895258593928
preflid,7,21,1.5740346865156942,0.5363306944729929,8.09288098179958
preflid,7,24,1.5740346865156942,0.5363306944729929,9.701873065218559
preflid,7,27,1.5740346865156942,0.5363306944729929,11.310865148637538
preflid,7,30,1.5740346865156942,0.5363306944729929,12.919857232056517
preflid,7,33,1.5740346865156942,0.5363306944729929,14.528849315475496
preflid,7,36,1.5740346865156942,0.5363306944729929,16.137841398894473
preflid,7,39,1.5740346865156942,0.5363306944729929,17.746833482313452
preflid,7,42,2.110365380988687,0.0,18.55132952402294
preflid,7,45,2.110365380988687,0.0,18.55132952402294
preflid,7,48,2.110365380988687,0.0,18.55132952402294
preflid,7,51,2.110365380988687,0.0,18.55132952402294
preflid,7,54,2.110365380988687,0.0,18.55132952402294
preflid,7,57,2.110365380988687,0.0,18.55132952402294
preflid,7,60,2.110365380988687,0.0,18.55132952402294
preflid,7,63,2.110365380988687,0.0,18.55132952402294
preflid,7,66,2.110365380988687,0.0,18.55132952402294
preflid,7,69,2.110365380988687,0.0,18.55132952402294
preflid,7,72,2.110365380988687,0.0,18.55132952402294
preflid,7,75,2.110365380988687,0.0,18.55132952402294
preflid,7,78,2.110365380988687,0.0,18.55132952402294
preflid,7,81,2.110365380988687,0.0,18.55132952402294
preflid,7,84,2.110365380988687,0.0,18.55132952402294
preflid,7,87,2.110365380988687,0.0,18.55132952402294
preflid,7,90,2.110365380988687,0.0,18.55132952402294
preflid,7,93,2.110365380988687,0.0,18.55132952402294
preflid,7,96,2.110365380988687,0.0,18.55132952402294
preflid,7,99,2.110365380988687,0.0,18.55132952402294
preflid,7,102,2.110365380988687,0.0,18.55132952402294
preflid,7,105,2.110365380988687,0.0,18.55132952402294
preflid,7,108,2.110365380988687,0.0,18.55132952402294
preflid,7,111,2.110365380988687,0.0,18.55132952402294
preflid,7,114,2.110365380988687,0.0,18.55132952402294
preflid,7,117,2.110365380988687,0.0,18.55132952402294
preflid,7,120,2.110365380988687,0.0,18.55132952402294
preflid,7,123,2.110365380988687,0.0,18.55132952402294
preflid,7,126,2.110365380988687,0.0,18.55132952402294
preflid,7,129,2.110365380988687,0.0,18.55132952402294
preflid,7,132,2.110365380988687,0.0,18.55132952402294
preflid,7,135,2.110365380988687,0.0,18.55132952402294
preflid,7,138,2.110365380988687,0.0,18.55132952402294
preflid,7,141,2.110365380988687,0.0,18.55132952402294
preflid,7,144,2.110365380988687,0.0,18.55132952402294
preflid,7,147,2.110365380988687,0.0,18.55132952402294
preflid,7,150,2.110365380988687,0.0,18.55132952402294
preflid,7,153,2.110365380988687,0.0,18.55132952402294
preflid,7,156,2.110365380988687,0.0,18.55132952402294
preflid,7,159,2.110365380988687,0.0,18.55132952402294
preflid,7,162,2.110365380988687,0.0,18.55132952402294
preflid,7,165,2.110365380988687,0.0,18.55132952402294
preflid,7,168,2.110365380988687,0.0,18.55132952402294
preflid,7,171,2.110365380988687,0.0,18.55132952402294
preflid,7,174,2.110365380988687,0.0,18.55132952402294
preflid,7,177,2.110365380988687,0.0,18.55132952402294
preflid,7,180,2.110365380988687,0.0,18.55132952402294
preflid,7,183,2.110365380988687,0.0,18.55132952402294
preflid,7,200000,2.110365380988687,0.0,18.55132952402294
preflid,8,3,2.039085640086688,0.07127974090199896,0.21383922270599687
preflid,8,6,1.7853722599912456,0.3249931209974415,0.8082485155551575
preflid,8,9,1.7853722599912456,0.3249931209974415,1.783227878547482
preflid,8,12,1.7853722599912456,0.3249931209974415,2.7582072415398065
preflid,8,15,2.110365380988687,0.0,3.2456969230359687
preflid,8,18,2.110365380988687,0.0,3.2456969230359687
preflid,8,21,2.110365380988687,0.0,3.2456969230359687
preflid,8,24,2.110365380988687,0.0,3.2456969230359687
preflid,8,27,2.110365380988687,0.0,3.2456969230359687
preflid,8,30,2.110365380988687,0.0,3.2456969230359687
preflid,8,33,2.110365380988687,0.0,3.2456969230359687
preflid,8,36,2.110365380988687,0.0,3.2456969230359687
preflid,8,39,2.110365380988687,0.0,3.2456969230359687
preflid,8,42,2.110365380988687,0.0,3.2456969230359687
preflid,8,45,2.110365380988687,0.0,3.2456969230359687
preflid,8,48,2.110365380988687,0.0,3.2456969230359687
preflid,8,51,2.110365380988687,0.0,3.2456969230359687
preflid,8,54,2.110365380988687,0.0,3.2456969230359687
preflid,8,57,2.110365380988687,0.0,3.2456969230359687
preflid,8,60,2.110365380988687,0.0,3.2456969230359687
preflid,8,63,2.110365380988687,0.0,3.2456969230359687
preflid,8,66,2.110365380988687,0.0,3.2456969230359687
preflid,8,69,2.110365380988687,0.0,3.2456969230359687
preflid,8,72,2.110365380988687,0.0,3.2456969230359687
preflid,8,75,2.110365380988687,0.0,3.2456969230359687
preflid,8,78,2.110365380988687,0.0,3.2456969230359687
preflid,8,81,2.110365380988687,0.0,3.2456969230359687
preflid,8,84,2.110365380988687,0.0,3.2456969230359687
preflid,8,87,2.110365380988687,0.0,3.2456969230359687
preflid,8,90,2.039085640086688,0.07127974090199896,3.352616534388967
preflid,8,93,2.039085640086688,0.07127974090199896,3.566455757094964
preflid,8,96,2.110365380988687,0.0,3.6733753684479624
preflid,8,99,2.110365380988687,0.0,3.6733753684479624
preflid,8,102,2.110365380988687,0.0,3.6733753684479624
preflid,8,105,2.110365380988687,0.0,3.6733753684479624
preflid,8,108,2.110365380988687,0.0,3.6733753684479624
preflid,8,111,2.110365380988687,0.0,3.6733753684479624
preflid,8,114,2.110365380988687,0.0,3.6733753684479624
preflid,8,117,2.110365380988687,0.0,3.6733753684479624
preflid,8,120,2.110365380988687,0.0,3.6733753684479624
preflid,8,123,2.110365380988687,0.0,3.6733753684479624
preflid,8,126,2.110365380988687,0.0,3.6733753684479624
preflid,8,129,2.039085640086688,0.07127974090199896,3.780294979800961
preflid,8,132,2.039085640086688,0.07127974090199896,3.9941342025069577
preflid,8,135,2.039085640086688,0.07127974090199896,4.207973425212955
preflid,8,138,2.039085640086688,0.07127974090199896,4.4218126479189515
preflid,8,141,2.039085640086688,0.07127974090199896,4.635651870624948
preflid,8,144,2.039085640086688,0.07127974090199896,4.849491093330945
preflid,8,147,2.039085640086688,0.07127974090199896,5.063330316036942
preflid,8,150,2.039085640086688,0.07127974090199896,5.277169538742939
preflid,8,153,2.039085640086688,0.07127974090199896,5.491008761448936
preflid,8,156,2.039085640086688,0.07127974090199896,5.704847984154933
preflid,8,159,2.039085640086688,0.07127974090199896,5.9186872068609295
preflid,8,162,2.039085640086688,0.07127974090199896,6.132526429566926
preflid,8,165,2.039085640086688,0.07127974090199896,6.346365652272923
preflid,8,168,2.039085640086688,0.07127974090199896,6.56020487497892
preflid,8,171,2.039085640086688,0.07127974090199896,6.774044097684917
preflid,8,174,2.039085640086688,0.07127974090199896,6.987883320390914
preflid,8,177,2.039085640086688,0.07127974090199896,7.201722543096911
preflid,8,180,2.039085640086688,0.07127974090199896,7.415561765802908
preflid,8,183,2.039085640086688,0.07127974090199896,7.6294009885089045
preflid,8,186,2.039085640086688,0.07127974090199896,7.843240211214901
preflid,8,189,2.039085640086688,0.07127974090199896,8.057079433920897
preflid,8,192,2.039085640086688,0.07127974090199896,8.270918656626893
preflid,8,195,2.039085640086688,0.07127974090199896,8.48475787933289
preflid,8,198,2.039085640086688,0.07127974090199896,8.698597102038885
preflid,8,201,2.039085640086688,0.07127974090199896,8.912436324744881
preflid,8,204,2.039085640086688,0.07127974090199896,9.126275547450877
preflid,8,207,2.039085640086688,0.07127974090199896,9.340114770156873
preflid,8,210,2.039085640086688,0.07127974090199896,9.55395399286287
preflid,8,213,2.039085640086688,0.07127974090199896,9.767793215568865
preflid,8,216,2.039085640086688,0.07127974090199896,9.981632438274861
preflid,8,219,2.039085640086688,0.07127974090199896,10.195471660980857
preflid,8,222,2.039085640086688,0.07127974090199896,10.409310883686853
preflid,8,225,2.039085640086688,0.07127974090199896,10.623150106392849
preflid,8,228,2.039085640086688,0.07127974090199896,10.836989329098845
preflid,8,231,2.039085640086688,0.07127974090199896,11.050828551804841
preflid,8,234,2.039085640086688,0.07127974090199896,11.264667774510837
preflid,8,237,2.039085640086688,0.07127974090199896,11.478506997216833
preflid,8,240,2.039085640086688,0.07127974090199896,11.692346219922829
preflid,8,243,2.039085640086688,0.07127974090199896,11.906185442628825
preflid,8,246,2.039085640086688,0.07127974090199896,12.120024665334821
preflid,8,249,2.039085640086688,0.07127974090199896,12.333863888040817
preflid,8,252,2.039085640086688,0.07127974090199896,12.547703110746813
preflid,8,255,2.039085640086688,0.07127974090199896,12.761542333452809
preflid,8,258,2.039085640086688,0.07127974090199896,12.975381556158805
preflid,8,261,2.039085640086688,0.07127974090199896,13.1892207788648
preflid,8,264,2.039085640086688,0.07127974090199896,13.403060001570797
preflid,8,267,2.039085640086688,0.07127974090199896,13.616899224276793
preflid,8,270,2.039085640086688,0.07127974090199896,13.830738446982789
preflid,8,273,2.039085640086688,0.07127974090199896,14.044577669688785
preflid,8,276,2.039085640086688,0.07127974090199896,14.25841689239478
preflid,8,279,2.039085640086688,0.07127974090199896,14.472256115100777
preflid,8,282,2.039085640086688,0.07127974090199896,14.686095337806773
preflid,8,285,2.039085640086688,0.07127974090199896,14.899934560512769
preflid,8,288,2.039085640086688,0.07127974090199896,15.113773783218765
preflid,8,291,2.039085640086688,0.07127974090199896,15.32761300592476
preflid,8,294,2.039085640086688,0.07127974090199896,15.541452228630757
preflid,8,297,2.039085640086688,0.07127974090199896,15.755291451336753
preflid,8,300,2.039085640086688,0.07127974090199896,15.969130674042749
preflid,8,303,2.039085640086688,0.07127974090199896,16.182969896748745
preflid,8,306,2.039085640086688,0.07127974090199896,16.39680911945474
preflid,8,309,2.039085640086688,0.07127974090199896,16.610648342160736
preflid,8,312,2.039085640086688,0.07127974090199896,16.824487564866732
preflid,8,315,2.039085640086688,0.07127974090199896,17.03832678757273
preflid,8,318,2.039085640086688,0.07127974090199896,17.252166010278724
preflid,8,321,2.110365380988687,0.0,17.359085621631724
preflid,8,324,2.110365380988687,0.0,17.359085621631724
preflid,8,327,2.110365380988687,0.0,17.359085621631724
preflid,8,330,2.110365380988687,0.0,17.359085621631724
preflid,8,333,2.110365380988687,0.0,17.359085621631724
preflid,8,336,2.110365380988687,0.0,17.359085621631724
preflid,8,339,2.110365380988687,0.0,17.359085621631724
preflid,8,342,2.110365380988687,0.0,17.359085621631724
preflid,8,345,2.110365380988687,0.0,17.359085621631724
preflid,8,348,2.110365380988687,0.0,17.359085621631724
preflid,8,351,2.110365380988687,0.0,17.359085621631724
preflid,8,354,2.110365380988687,0.0,17.359085621631724
preflid,8,357,2.110365380988687,0.0,17.359085621631724
preflid,8,360,2.110365380988687,0.0,17.359085621631724
preflid,8,363,2.110365380988687,0.0,17.359085621631724
preflid,8,366,2.110365380988687,0.0,17.359085621631724
preflid,8,369,2.110365380988687,0.0,17.359085621631724
preflid,8,372,2.110365380988687,0.0,17.359085621631724
preflid,8,375,2.110365380988687,0.0,17.359085621631724
preflid,8,378,2.110365380988687,0.0,17.359085621631724
preflid,8,381,2.110365380988687,0.0,17.359085621631724
preflid,8,384,2.110365380988687,0.0,17.359085621631724
preflid,8,387,2.110365380988687,0.0,17.359085621631724
preflid,8,390,2.110365380988687,0.0,17.359085621631724
preflid,8,393,2.110365380988687,0.0,17.359085621631724
preflid,8,396,2.110365380988687,0.0,17.359085621631724
preflid,8,399,2.110365380988687,0.0,17.359085621631724
preflid,8,402,2.110365380988687,0.0,17.359085621631724
preflid,8,405,2.110365380988687,0.0,17.359085621631724
preflid,8,408,2.110365380988687,0.0,17.359085621631724
preflid,8,411,2.110365380988687,0.0,17.359085621631724
preflid,8,414,2.110365380988687,0.0,17.359085621631724
preflid,8,417,2.110365380988687,0.0,17.359085621631724
preflid,8,420,2.110365380988687,0.0,17.359085621631724
preflid,8,423,2.110365380988687,0.0,17.359085621631724
preflid,8,426,2.110365380988687,0.0,17.359085621631724
preflid,8,429,2.110365380988687,0.0,17.359085621631724
preflid,8,432,2.110365380988687,0.0,17.359085621631724
preflid,8,435,2.110365380988687,0.0,17.359085621631724
preflid,8,438,2.110365380988687,0.0,17.359085621631724
preflid,8,441,2.110365380988687,0.0,17.359085621631724
preflid,8,444,2.110365380988687,0.0,17.359085621631724
preflid,8,447,2.110365380988687,0.0,17.359085621631724
preflid,8,450,2.110365380988687,0.0,17.359085621631724
preflid,8,453,2.110365380988687,0.0,17.359085621631724
preflid,8,456,2.110365380988687,0.0,17.359085621631724
preflid,8,459,2.110365380988687,0.0,17.359085621631724
preflid,8,462,2.110365380988687,0.0,17.359085621631724
preflid,8,465,2.110365380988687,0.0,17.359085621631724
preflid,8,468,2.110365380988687,0.0,17.359085621631724
preflid,8,471,2.110365380988687,0.0,17.359085621631724
preflid,8,474,2.110365380988687,0.0,17.359085621631724
preflid,8,477,2.110365380988687,0.0,17.359085621631724
preflid,8,480,2.110365380988687,0.0,17.359085621631724
preflid,8,483,2.110365380988687,0.0,17.359085621631724
preflid,8,486,2.110365380988687,0.0,17.359085621631724
preflid,8,489,2.110365380988687,0.0,17.359085621631724
preflid,8,492,2.110365380988687,0.0,17.359085621631724
preflid,8,495,2.110365380988687,0.0,17.359085621631724
preflid,8,498,2.110365380988687,0.0,17.359085621631724
preflid,8,501,2.110365380988687,0.0,17.359085621631724
preflid,8,504,2.110365380988687,0.0,17.359085621631724
preflid,8,507,2.110365380988687,0.0,17.359085621631724
preflid,8,510,2.110365380988687,0.0,17.359085621631724
preflid,8,513,2.110365380988687,0.0,17.359085621631724
preflid,8,516,2.110365380988687,0.0,17.359085621631724
preflid,8,519,2.110365380988687,0.0,17.359085621631724
preflid,8,522,2.110365380988687,0.0,17.359085621631724
preflid,8,525,2.110365380988687,0.0,17.359085621631724
preflid,8,528,2.110365380988687,0.0,17.359085621631724
preflid,8,531,2.110365380988687,0.0,17.359085621631724
preflid,8,534,2.110365380988687,0.0,17.359085621631724
preflid,8,537,2.110365380988687,0.0,17.359085621631724
preflid,8,540,2.110365380988687,0.0,17.359085621631724
preflid,8,543,2.110365380988687,0.0,17.359085621631724
preflid,8,546,2.110365380988687,0.0,17.359085621631724
preflid,8,549,2.110365380988687,0.0,17.359085621631724
preflid,8,552,2.110365380988687,0.0,17.359085621631724
preflid,8,555,2.110365380988687,0.0,17.359085621631724
preflid,8,558,2.110365380988687,0.0,17.359085621631724
preflid,8,561,2.110365380988687,0.0,17.359085621631724
preflid,8,564,2.110365380988687,0.0,17.359085621631724
preflid,8,567,2.110365380988687,0.0,17.359085621631724
preflid,8,570,2.110365380988687,0.0,17.359085621631724
preflid,8,573,2.110365380988687,0.0,17.359085621631724
preflid,8,576,2.110365380988687,0.0,17.359085621631724
preflid,8,579,2.110365380988687,0.0,17.359085621631724
preflid,8,582,2.110365380988687,0.0,17.359085621631724
preflid,8,585,2.110365380988687,0.0,17.359085621631724
preflid,8,588,2.110365380988687,0.0,17.359085621631724
preflid,8,591,2.110365380988687,0.0,17.359085621631724
preflid,8,594,2.110365380988687,0.0,17.359085621631724
preflid,8,597,2.110365380988687,0.0,17.359085621631724
preflid,8,600,2.110365380988687,0.0,17.359085621631724
preflid,8,603,2.110365380988687,0.0,17.359085621631724
preflid,8,606,2.110365380988687,0.0,17.359085621631724
preflid,8,609,2.110365380988687,0.0,17.359085621631724
preflid,8,612,2.110365380988687,0.0,17.359085621631724
preflid,8,615,2.110365380988687,0.0,17.359085621631724
preflid,8,618,2.110365380988687,0.0,17.359085621631724
preflid,8,621,2.110365380988687,0.0,17.359085621631724
preflid,8,624,2.110365380988687,0.0,17.359085621631724
preflid,8,627,2.110365380988687,0.0,17.359085621631724
preflid,8,630,2.110365380988687,0.0,17.359085621631724
preflid,8,633,2.110365380988687,0.0,17.359085621631724
preflid,8,636,2.110365380988687,0.0,17.359085621631724
preflid,8,639,2.110365380988687,0.0,17.359085621631724
preflid,8,642,2.110365380988687,0.0,17.359085621631724
preflid,8,645,2.110365380988687,0.0,17.359085621631724
preflid,8,648,2.110365380988687,0.0,17.359085621631724
preflid,8,651,2.110365380988687,0.0,17.359085621631724
preflid,8,200000,2.110365380988687,0.0,17.359085621631724
preflid,9,3,1.5740346865156942,0.5363306944729929,1.6089920834189786
preflid,9,6,1.5740346865156942,0.5363306944729929,3.217984166837957
preflid,9,9,1.5740346865156942,0.5363306944729929,4.826976250256935
preflid,9,12,2.110365380988687,0.0,5.631472291966425
preflid,9,15,1.5740346865156942,0.5363306944729929,6.435968333675914
preflid,9,18,1.5740346865156942,0.5363306944729929,8.044960417094893
preflid,9,21,2.039085640086688,0.07127974090199896,8.956376070157381
preflid,9,24,2.039085640086688,0.07127974090199896,9.170215292863379
preflid,9,27,2.039085640086688,0.07127974090199896,9.384054515569375
preflid,9,30,2.039085640086688,0.07127974090199896,9.59789373827537
preflid,9,33,2.039085640086688,0.07127974090199896,9.811732960981367
preflid,9,36,2.039085640086688,0.07127974090199896,10.025572183687363
preflid,9,39,2.039085640086688,0.07127974090199896,10.239411406393359
preflid,9,42,2.039085640086688,0.07127974090199896,10.453250629099355
preflid,9,45,2.039085640086688,0.07127974090199896,10.66708985180535
preflid,9,48,2.039085640086688,0.07127974090199896,10.880929074511346
preflid,9,51,2.039085640086688,0.07127974090199896,11.094768297217342
preflid,9,54,2.039085640086688,0.07127974090199896,11.308607519923338
preflid,9,57,2.039085640086688,0.07127974090199896,11.522446742629334
preflid,9,60,2.039085640086688,0.07127974090199896,11.73628596533533
preflid,9,63,2.039085640086688,0.07127974090199896,11.950125188041326
preflid,9,66,2.039085640086688,0.07127974090199896,12.163964410747322
preflid,9,69,2.039085640086688,0.07127974090199896,12.377803633453318
preflid,9,72,2.110365380988687,0.0,12.484723244806316
preflid,9,75,2.110365380988687,0.0,12.484723244806316
preflid,9,78,2.110365380988687,0.0,12.484723244806316
preflid,9,81,2.039085640086688,0.07127974090199896,12.591642856159314
preflid,9,84,2.039085640086688,0.07127974090199896,12.80548207886531
preflid,9,87,2.039085640086688,0.07127974090199896,13.019321301571306
preflid,9,90,2.039085640086688,0.07127974090199896,13.233160524277302
preflid,9,93,2.039085640086688,0.07127974090199896,13.446999746983298
preflid,9,96,2.039085640086688,0.07127974090199896,13.660838969689294
preflid,9,99,2.039085640086688,0.07127974090199896,13.87467819239529
preflid,9,102,2.039085640086688,0.07127974090199896,14.088517415101286
preflid,9,105,2.039085640086688,0.07127974090199896,14.302356637807282
preflid,9,108,2.039085640086688,0.07127974090199896,14.516195860513278
preflid,9,111,2.039085640086688,0.07127974090199896,14.730035083219274
preflid,9,114,2.039085640086688,0.07127974090199896,14.94387430592527
preflid,9,117,2.039085640086688,0.07127974090199896,15.157713528631266
preflid,9,120,2.039085640086688,0.07127974090199896,15.371552751337262
preflid,9,123,2.039085640086688,0.07127974090199896,15.585391974043258
preflid,9,126,2.039085640086688,0.07127974090199896,15.799231196749254
preflid,9,129,2.039085640086688,0.07127974090199896,16.01307041945525
preflid,9,132,2.039085640086688,0.07127974090199896,16.226909642161246
preflid,9,135,2.039085640086688,0.07127974090199896,16.440748864867242
preflid,9,138,2.039085640086688,0.07127974090199896,16.654588087573238
preflid,9,141,2.039085640086688,0.07127974090199896,16.868427310279234
preflid,9,144,2.039085640086688,0.07127974090199896,17.08226653298523
preflid,9,147,2.039085640086688,0.07127974090199896,17.296105755691226
preflid,9,150,2.039085640086688,0.07127974090199896,17.509944978397222
preflid,9,153,2.110365380988687,0.0,17.61686458975022
preflid,9,156,2.110365380988687,0.0,17.61686458975022
preflid,9,159,2.110365380988687,0.0,17.61686458975022
preflid,9,162,2.110365380988687,0.0,17.61686458975022
preflid,9,165,2.110365380988687,0.0,17.61686458975022
preflid,9,168,2.110365380988687,0.0,17.61686458975022
preflid,9,171,2.110365380988687,0.0,17.61686458975022
preflid,9,174,2.110365380988687,0.0,17.61686458975022
preflid,9,177,2.110365380988687,0.0,17.61686458975022
preflid,9,180,2.110365380988687,0.0,17.61686458975022
preflid,9,183,2.110365380988687,0.0,17.61686458975022
preflid,9,186,2.110365380988687,0.0,17.61686458975022
preflid,9,189,2.110365380988687,0.0,17.61686458975022
preflid,9,192,2.110365380988687,0.0,17.61686458975022
preflid,9,195,2.110365380988687,0.0,17.61686458975022
preflid,9,198,2.110365380988687,0.0,17.61686458975022
preflid,9,201,2.110365380988687,0.0,17.61686458975022
preflid,9,204,2.110365380988687,0.0,17.61686458975022
preflid,9,207,2.110365380988687,0.0,17.61686458975022
preflid,9,210,2.110365380988687,0.0,17.61686458975022
preflid,9,213,2.110365380988687,0.0,17.61686458975022
preflid,9,216,2.110365380988687,0.0,17.61686458975022
preflid,9,219,2.110365380988687,0.0,17.61686458975022
preflid,9,222,2.110365380988687,0.0,17.61686458975022
preflid,9,225,2.110365380988687,0.0,17.61686458975022
preflid,9,228,2.110365380988687,0.0,17.61686458975022
preflid,9,231,2.110365380988687,0.0,17.61686458975022
preflid,9,234,2.110365380988687,0.0,17.61686458975022
preflid,9,237,2.110365380988687,0.0,17.61686458975022
preflid,9,240,2.110365380988687,0.0,17.61686458975022
preflid,9,243,2.110365380988687,0.0,17.61686458975022
preflid,9,246,2.110365380988687,0.0,17.61686458975022
preflid,9,249,2.110365380988687,0.0,17.61686458975022
preflid,9,252,2.110365380988687,0.0,17.61686458975022
preflid,9,255,2.110365380988687,0.0,17.61686458975022
preflid,9,258,2.110365380988687,0.0,17.61686458975022
preflid,9,261,2.110365380988687,0.0,17.61686458975022
preflid,9,264,2.110365380988687,0.0,17.61686458975022
preflid,9,267,2.110365380988687,0.0,17.61686458975022
preflid,9,270,2.110365380988687,0.0,17.61686458975022
preflid,9,273,2.110365380988687,0.0,17.61686458975022
preflid,9,276,2.110365380988687,0.0,17.61686458975022
preflid,9,279,2.110365380988687,0.0,17.61686458975022
preflid,9,282,2.110365380988687,0.0,17.61686458975022
preflid,9,285,2.110365380988687,0.0,17.61686458975022
preflid,9,288,2.110365380988687,0.0,17.61686458975022
preflid,9,291,2.110365380988687,0.0,17.61686458975022
preflid,9,294,2.110365380988687,0.0,17.61686458975022
preflid,9,297,2.110365380988687,0.0,17.61686458975022
preflid,9,300,2.110365380988687,0.0,17.61686458975022
preflid,9,303,2.110365380988687,0.0,17.61686458975022
preflid,9,306,2.110365380988687,0.0,17.61686458975022
preflid,9,309,2.110365380988687,0.0,17.61686458975022
preflid,9,312,2.110365380988687,0.0,17.61686458975022
preflid,9,315,2.110365380988687,0.0,17.61686458975022
preflid,9,318,2.110365380988687,0.0,17.61686458975022
preflid,9,321,2.110365380988687,0.0,17.61686458975022
preflid,9,324,2.110365380988687,0.0,17.61686458975022
preflid,9,327,2.110365380988687,0.0,17.61686458975022
preflid,9,330,2.110365380988687,0.0,17.61686458975022
preflid,9,333,2.110365380988687,0.0,17.61686458975022
preflid,9,336,2.110365380988687,0.0,17.61686458975022
preflid,9,339,2.110365380988687,0.0,17.61686458975022
preflid,9,342,2.110365380988687,0.0,17.61686458975022
preflid,9,345,2.110365380988687,0.0,17.61686458975022
preflid,9,348,2.110365380988687,0.0,17.61686458975022
preflid,9,351,2.110365380988687,0.0,17.61686458975022
preflid,9,354,2.110365380988687,0.0,17.61686458975022
preflid,9,357,2.110365380988687,0.0,17.61686458975022
preflid,9,360,2.110365380988687,0.0,17.61686458975022
preflid,9,363,2.110365380988687,0.0,17.61686458975022
preflid,9,366,2.110365380988687,0.0,17.61686458975022
preflid,9,369,2.110365380988687,0.0,17.61686458975022
preflid,9,372,2.110365380988687,0.0,17.61686458975022
preflid,9,375,2.110365380988687,0.0,17.61686458975022
preflid,9,378,2.110365380988687,0.0,17.61686458975022
preflid,9,381,2.110365380988687,0.0,17.61686458975022
preflid,9,384,2.110365380988687,0.0,17.61686458975022
preflid,9,387,2.110365380988687,0.0,17.61686458975022
preflid,9,390,2.110365380988687,0.0,17.61686458975022
preflid,9,393,2.110365380988687,0.0,17.61686458975022
preflid,9,396,2.110365380988687,0.0,17.61686458975022
preflid,9,399,2.110365380988687,0.0,17.61686458975022
preflid,9,402,2.110365380988687,0.0,17.61686458975022
preflid,9,405,2.110365380988687,0.0,17.61686458975022
preflid,9,408,2.110365380988687,0.0,17.61686458975022
preflid,9,411,2.110365380988687,0.0,17.61686458975022
preflid,9,414,2.110365380988687,0.0,17.61686458975022
preflid,9,417,2.110365380988687,0.0,17.61686458975022
preflid,9,420,2.110365380988687,0.0,17.61686458975022
preflid,9,423,2.110365380988687,0.0,17.61686458975022
preflid,9,426,2.110365380988687,0.0,17.61686458975022
preflid,9,429,2.110365380988687,0.0,17.61686458975022
preflid,9,432,2.110365380988687,0.0,17.61686458975022
preflid,9,435,2.110365380988687,0.0,17.61686458975022
preflid,9,438,2.110365380988687,0.0,17.61686458975022
preflid,9,441,2.110365380988687,0.0,17.61686458975022
preflid,9,200000,2.110365380988687,0.0,17.61686458975022
