replicate,task,model
0,mmlupro,Llama-3.1-8B-Instruct
0,medqa,Llama-3.1-8B-UltraMedical
0,bbh,DeepSeek-R1-0528-Qwen3-8B
0,korbench,Qwen2.5-Coder-7B-Instruct
0,meld,gemma-2-9b-it
0,livecodebench,Qwen3-8B
0,math500,NVIDIA-Nemotron-Nano-9B-v2
0,finqa,Fin-R1
1,mmlupro,Llama-3.1-8B-Instruct
1,medqa,Llama-3.1-8B-UltraMedical
1,bbh,DeepSeek-R1-0528-Qwen3-8B
1,korbench,Qwen2.5-Coder-7B-Instruct
1,meld,gemma-2-9b-it
1,livecodebench,Qwen3-8B
1,math500,NVIDIA-Nemotron-Nano-9B-v2
1,finqa,Fin-R1
2,meld,Qwen2.5-Coder-7B-Instruct
2,bbh,NVIDIA-Nemotron-Nano-9B-v2
2,medqa,Llama-3.1-8B-UltraMedical
2,mmlupro,gemma-2-9b-it
2,korbench,Llama-3.1-8B-Instruct
2,livecodebench,Qwen3-8B
2,finqa,Fin-R1
2,math500,DeepSeek-R1-0528-Qwen3-8B
3,meld,Qwen2.5-Coder-7B-Instruct
3,bbh,NVIDIA-Nemotron-Nano-9B-v2
3,medqa,Llama-3.1-8B-Instruct
3,mmlupro,gemma-2-9b-it
3,korbench,Llama-3.1-8B-UltraMedical
3,livecodebench,Qwen3-8B
3,finqa,Fin-R1
3,math500,DeepSeek-R1-0528-Qwen3-8B
4,medqa,Llama-3.1-8B-Instruct
4,bbh,DeepSeek-R1-0528-Qwen3-8B
4,korbench,Qwen2.5-Coder-7B-Instruct
4,meld,gemma-2-9b-it
4,livecodebench,Qwen3-8B
4,math500,NVIDIA-Nemotron-Nano-9B-v2
4,finqa,Fin-R1
4,mmlupro,Llama-3.1-8B-UltraMedical
5,mmlupro,Llama-3.1-8B-Instruct
5,bbh,NVIDIA-Nemotron-Nano-9B-v2
5,medqa,Llama-3.1-8B-UltraMedical
5,korbench,Qwen2.5-Coder-7B-Instruct
5,meld,gemma-2-9b-it
5,livecodebench,Qwen3-8B
5,finqa,Fin-R1
5,math500,DeepSeek-R1-0528-Qwen3-8B
6,medqa,Llama-3.1-8B-Instruct
6,bbh,DeepSeek-R1-0528-Qwen3-8B
6,korbench,Qwen2.5-Coder-7B-Instruct
6,meld,gemma-2-9b-it
6,livecodebench,Qwen3-8B
6,math500,NVIDIA-Nemotron-Nano-9B-v2
6,finqa,Fin-R1
6,mmlupro,Llama-3.1-8B-UltraMedical
7,mmlupro,Llama-3.1-8B-Instruct
7,bbh,NVIDIA-Nemotron-Nano-9B-v2
7,medqa,Llama-3.1-8B-UltraMedical
7,korbench,Qwen2.5-Coder-7B-Instruct
7,meld,gemma-2-9b-it
7,livecodebench,Qwen3-8B
7,finqa,Fin-R1
7,math500,DeepSeek-R1-0528-Qwen3-8B
8,bbh,NVIDIA-Nemotron-Nano-9B-v2
8,medqa,Llama-3.1-8B-Instruct
8,korbench,Qwen2.5-Coder-7B-Instruct
8,meld,gemma-2-9b-it
8,livecodebench,Qwen3-8B
8,finqa,Fin-R1
8,mmlupro,Llama-3.1-8B-UltraMedical
8,math500,DeepSeek-R1-0528-Qwen3-8B
9,bbh,NVIDIA-Nemotron-Nano-9B-v2
9,medqa,Llama-3.1-8B-Instruct
9,korbench,Qwen2.5-Coder-7B-Instruct
9,meld,gemma-2-9b-it
9,livecodebench,Qwen3-8B
9,finqa,Fin-R1
9,mmlupro,Llama-3.1-8B-UltraMedical
9,math500,DeepSeek-R1-0528-Qwen3-8B
10,meld,Qwen2.5-Coder-7B-Instruct
10,medqa,Llama-3.1-8B-UltraMedical
10,mmlupro,gemma-2-9b-it
10,bbh,DeepSeek-R1-0528-Qwen3-8B
10,korbench,Llama-3.1-8B-Instruct
10,livecodebench,Qwen3-8B
10,math500,NVIDIA-Nemotron-Nano-9B-v2
10,finqa,Fin-R1
11,mmlupro,Llama-3.1-8B-Instruct
11,medqa,Llama-3.1-8B-UltraMedical
11,korbench,Qwen2.5-Coder-7B-Instruct
11,meld,gemma-2-9b-it
11,livecodebench,NVIDIA-Nemotron-Nano-9B-v2
11,finqa,Fin-R1
11,math500,DeepSeek-R1-0528-Qwen3-8B
11,bbh,Qwen3-8B
12,medqa,Llama-3.1-8B-Instruct
12,bbh,DeepSeek-R1-0528-Qwen3-8B
12,korbench,Qwen2.5-Coder-7B-Instruct
12,meld,gemma-2-9b-it
12,livecodebench,Qwen3-8B
12,math500,NVIDIA-Nemotron-Nano-9B-v2
12,finqa,Fin-R1
12,mmlupro,Llama-3.1-8B-UltraMedical
13,mmlupro,Llama-3.1-8B-Instruct
13,bbh,NVIDIA-Nemotron-Nano-9B-v2
13,medqa,Llama-3.1-8B-UltraMedical
13,korbench,Qwen2.5-Coder-7B-Instruct
13,meld,gemma-2-9b-it
13,livecodebench,Qwen3-8B
13,finqa,Fin-R1
13,math500,DeepSeek-R1-0528-Qwen3-8B
14,meld,Qwen2.5-Coder-7B-Instruct
14,bbh,NVIDIA-Nemotron-Nano-9B-v2
14,medqa,Llama-3.1-8B-UltraMedical
14,mmlupro,gemma-2-9b-it
14,korbench,Llama-3.1-8B-Instruct
14,livecodebench,Qwen3-8B
14,finqa,Fin-R1
14,math500,DeepSeek-R1-0528-Qwen3-8B
15,medqa,Llama-3.1-8B-Instruct
15,bbh,DeepSeek-R1-0528-Qwen3-8B
15,korbench,Qwen2.5-Coder-7B-Instruct
15,meld,gemma-2-9b-it
15,livecodebench,Qwen3-8B
15,math500,NVIDIA-Nemotron-Nano-9B-v2
15,finqa,Fin-R1
15,mmlupro,Llama-3.1-8B-UltraMedical
16,meld,Qwen2.5-Coder-7B-Instruct
16,medqa,Llama-3.1-8B-UltraMedical
16,mmlupro,gemma-2-9b-it
16,bbh,DeepSeek-R1-0528-Qwen3-8B
16,korbench,Llama-3.1-8B-Instruct
16,livecodebench,Qwen3-8B
16,math500,NVIDIA-Nemotron-Nano-9B-v2
16,finqa,Fin-R1
17,bbh,NVIDIA-Nemotron-Nano-9B-v2
17,medqa,Llama-3.1-8B-Instruct
17,korbench,Qwen2.5-Coder-7B-Instruct
17,meld,gemma-2-9b-it
17,livecodebench,Qwen3-8B
17,finqa,Fin-R1
17,mmlupro,Llama-3.1-8B-UltraMedical
17,math500,DeepSeek-R1-0528-Qwen3-8B
18,mmlupro,Llama-3.1-8B-Instruct
18,medqa,Llama-3.1-8B-UltraMedical
18,bbh,DeepSeek-R1-0528-Qwen3-8B
18,korbench,Qwen2.5-Coder-7B-Instruct
18,meld,gemma-2-9b-it
18,livecodebench,Qwen3-8B
18,math500,NVIDIA-Nemotron-Nano-9B-v2
18,finqa,Fin-R1
19,bbh,NVIDIA-Nemotron-Nano-9B-v2
19,medqa,Llama-3.1-8B-Instruct
19,korbench,Qwen2.5-Coder-7B-Instruct
19,meld,gemma-2-9b-it
19,livecodebench,Qwen3-8B
19,finqa,Fin-R1
19,mmlupro,Llama-3.1-8B-UltraMedical
19,math500,DeepSeek-R1-0528-Qwen3-8B
20,medqa,Llama-3.1-8B-Instruct
20,bbh,DeepSeek-R1-0528-Qwen3-8B
20,korbench,Qwen2.5-Coder-7B-Instruct
20,meld,gemma-2-9b-it
20,livecodebench,Qwen3-8B
20,math500,NVIDIA-Nemotron-Nano-9B-v2
20,finqa,Fin-R1
20,mmlupro,Llama-3.1-8B-UltraMedical
21,bbh,NVIDIA-Nemotron-Nano-9B-v2
21,medqa,Llama-3.1-8B-Instruct
21,korbench,Qwen2.5-Coder-7B-Instruct
21,meld,gemma-2-9b-it
21,livecodebench,Qwen3-8B
21,finqa,Fin-R1
21,mmlupro,Llama-3.1-8B-UltraMedical
21,math500,DeepSeek-R1-0528-Qwen3-8B
22,medqa,Llama-3.1-8B-Instruct
22,bbh,Qwen3-8B
22,korbench,Qwen2.5-Coder-7B-Instruct
22,meld,gemma-2-9b-it
22,livecodebench,NVIDIA-Nemotron-Nano-9B-v2
22,finqa,Fin-R1
22,mmlupro,Llama-3.1-8B-UltraMedical
22,math500,DeepSeek-R1-0528-Qwen3-8B
23,meld,Qwen2.5-Coder-7B-Instruct
23,medqa,Llama-3.1-8B-UltraMedical
23,mmlupro,gemma-2-9b-it
23,bbh,DeepSeek-R1-0528-Qwen3-8B
23,korbench,Llama-3.1-8B-Instruct
23,livecodebench,Qwen3-8B
23,math500,NVIDIA-Nemotron-Nano-9B-v2
23,finqa,Fin-R1
24,mmlupro,Llama-3.1-8B-Instruct
24,bbh,NVIDIA-Nemotron-Nano-9B-v2
24,medqa,Llama-3.1-8B-UltraMedical
24,korbench,Qwen2.5-Coder-7B-Instruct
24,meld,gemma-2-9b-it
24,livecodebench,Qwen3-8B
24,finqa,Fin-R1
24,math500,DeepSeek-R1-0528-Qwen3-8B
25,meld,Qwen2.5-Coder-7B-Instruct
25,medqa,Llama-3.1-8B-UltraMedical
25,mmlupro,gemma-2-9b-it
25,bbh,DeepSeek-R1-0528-Qwen3-8B
25,korbench,Llama-3.1-8B-Instruct
25,livecodebench,Qwen3-8B
25,math500,NVIDIA-Nemotron-Nano-9B-v2
25,finqa,Fin-R1
26,meld,Qwen2.5-Coder-7B-Instruct
26,bbh,NVIDIA-Nemotron-Nano-9B-v2
26,medqa,Llama-3.1-8B-Instruct
26,mmlupro,gemma-2-9b-it
26,korbench,Llama-3.1-8B-UltraMedical
26,livecodebench,Qwen3-8B
26,finqa,Fin-R1
26,math500,DeepSeek-R1-0528-Qwen3-8B
27,mmlupro,Llama-3.1-8B-Instruct
27,medqa,Llama-3.1-8B-UltraMedical
27,bbh,DeepSeek-R1-0528-Qwen3-8B
27,korbench,Qwen2.5-Coder-7B-Instruct
27,meld,gemma-2-9b-it
27,livecodebench,Qwen3-8B
27,math500,NVIDIA-Nemotron-Nano-9B-v2
27,finqa,Fin-R1
28,medqa,Llama-3.1-8B-Instruct
28,meld,gemma-2-9b-it
28,bbh,Qwen2.5-Coder-7B-Instruct
28,livecodebench,Qwen3-8B
28,finqa,Fin-R1
28,mmlupro,Llama-3.1-8B-UltraMedical
28,korbench,NVIDIA-Nemotron-Nano-9B-v2
28,math500,DeepSeek-R1-0528-Qwen3-8B
29,mmlupro,Llama-3.1-8B-Instruct
29,bbh,NVIDIA-Nemotron-Nano-9B-v2
29,medqa,Llama-3.1-8B-UltraMedical
29,finqa,Qwen2.5-Coder-7B-Instruct
29,meld,gemma-2-9b-it
29,livecodebench,Qwen3-8B
29,korbench,Fin-R1
29,math500,DeepSeek-R1-0528-Qwen3-8B
30,meld,Qwen2.5-Coder-7B-Instruct
30,medqa,Llama-3.1-8B-Instruct
30,mmlupro,gemma-2-9b-it
30,bbh,DeepSeek-R1-0528-Qwen3-8B
30,korbench,Llama-3.1-8B-UltraMedical
30,livecodebench,Qwen3-8B
30,math500,NVIDIA-Nemotron-Nano-9B-v2
30,finqa,Fin-R1
31,meld,Qwen2.5-Coder-7B-Instruct
31,medqa,Llama-3.1-8B-Instruct
31,mmlupro,gemma-2-9b-it
31,bbh,Llama-3.1-8B-UltraMedical
31,livecodebench,Qwen3-8B
31,finqa,Fin-R1
31,math500,DeepSeek-R1-0528-Qwen3-8B
31,korbench,NVIDIA-Nemotron-Nano-9B-v2
32,mmlupro,Qwen2.5-Coder-7B-Instruct
32,medqa,Llama-3.1-8B-UltraMedical
32,meld,gemma-2-9b-it
32,livecodebench,Qwen3-8B
32,bbh,Llama-3.1-8B-Instruct
32,finqa,Fin-R1
32,math500,DeepSeek-R1-0528-Qwen3-8B
32,korbench,NVIDIA-Nemotron-Nano-9B-v2
33,mmlupro,Llama-3.1-8B-Instruct
33,bbh,NVIDIA-Nemotron-Nano-9B-v2
33,medqa,Llama-3.1-8B-UltraMedical
33,korbench,Qwen2.5-Coder-7B-Instruct
33,meld,gemma-2-9b-it
33,livecodebench,Qwen3-8B
33,finqa,Fin-R1
33,math500,DeepSeek-R1-0528-Qwen3-8B
34,mmlupro,Llama-3.1-8B-Instruct
34,meld,Qwen2.5-Coder-7B-Instruct
34,bbh,NVIDIA-Nemotron-Nano-9B-v2
34,medqa,Llama-3.1-8B-UltraMedical
34,livecodebench,Qwen3-8B
34,finqa,Fin-R1
34,korbench,gemma-2-9b-it
34,math500,DeepSeek-R1-0528-Qwen3-8B
35,mmlupro,Llama-3.1-8B-Instruct
35,bbh,NVIDIA-Nemotron-Nano-9B-v2
35,medqa,Llama-3.1-8B-UltraMedical
35,korbench,Qwen2.5-Coder-7B-Instruct
35,meld,gemma-2-9b-it
35,livecodebench,Qwen3-8B
35,finqa,Fin-R1
35,math500,DeepSeek-R1-0528-Qwen3-8B
36,meld,Qwen2.5-Coder-7B-Instruct
36,bbh,NVIDIA-Nemotron-Nano-9B-v2
36,medqa,Llama-3.1-8B-Instruct
36,mmlupro,gemma-2-9b-it
36,korbench,Llama-3.1-8B-UltraMedical
36,livecodebench,Qwen3-8B
36,finqa,Fin-R1
36,math500,DeepSeek-R1-0528-Qwen3-8B
37,mmlupro,Llama-3.1-8B-Instruct
37,meld,Qwen2.5-Coder-7B-Instruct
37,medqa,Llama-3.1-8B-UltraMedical
37,bbh,DeepSeek-R1-0528-Qwen3-8B
37,livecodebench,Qwen3-8B
37,math500,NVIDIA-Nemotron-Nano-9B-v2
37,finqa,Fin-R1
37,korbench,gemma-2-9b-it
38,mmlupro,Llama-3.1-8B-Instruct
38,bbh,NVIDIA-Nemotron-Nano-9B-v2
38,medqa,Llama-3.1-8B-UltraMedical
38,korbench,Qwen2.5-Coder-7B-Instruct
38,meld,gemma-2-9b-it
38,livecodebench,Qwen3-8B
38,finqa,Fin-R1
38,math500,DeepSeek-R1-0528-Qwen3-8B
39,bbh,NVIDIA-Nemotron-Nano-9B-v2
39,medqa,Llama-3.1-8B-Instruct
39,korbench,Qwen2.5-Coder-7B-Instruct
39,meld,gemma-2-9b-it
39,livecodebench,Qwen3-8B
39,finqa,Fin-R1
39,mmlupro,Llama-3.1-8B-UltraMedical
39,math500,DeepSeek-R1-0528-Qwen3-8B
40,mmlupro,Llama-3.1-8B-Instruct
40,bbh,NVIDIA-Nemotron-Nano-9B-v2
40,medqa,Llama-3.1-8B-UltraMedical
40,korbench,Qwen2.5-Coder-7B-Instruct
40,meld,gemma-2-9b-it
40,livecodebench,Qwen3-8B
40,finqa,Fin-R1
40,math500,DeepSeek-R1-0528-Qwen3-8B
41,medqa,Llama-3.1-8B-Instruct
41,bbh,DeepSeek-R1-0528-Qwen3-8B
41,korbench,Qwen2.5-Coder-7B-Instruct
41,meld,gemma-2-9b-it
41,livecodebench,Qwen3-8B
41,math500,NVIDIA-Nemotron-Nano-9B-v2
41,finqa,Fin-R1
41,mmlupro,Llama-3.1-8B-UltraMedical
42,meld,Qwen2.5-Coder-7B-Instruct
42,medqa,Llama-3.1-8B-UltraMedical
42,mmlupro,gemma-2-9b-it
42,bbh,DeepSeek-R1-0528-Qwen3-8B
42,korbench,Llama-3.1-8B-Instruct
42,livecodebench,Qwen3-8B
42,math500,NVIDIA-Nemotron-Nano-9B-v2
42,finqa,Fin-R1
43,mmlupro,Llama-3.1-8B-Instruct
43,bbh,NVIDIA-Nemotron-Nano-9B-v2
43,medqa,Llama-3.1-8B-UltraMedical
43,korbench,Qwen2.5-Coder-7B-Instruct
43,meld,gemma-2-9b-it
43,livecodebench,Qwen3-8B
43,finqa,Fin-R1
43,math500,DeepSeek-R1-0528-Qwen3-8B
44,medqa,Llama-3.1-8B-Instruct
44,meld,gemma-2-9b-it
44,bbh,Qwen2.5-Coder-7B-Instruct
44,livecodebench,Qwen3-8B
44,finqa,Fin-R1
44,mmlupro,Llama-3.1-8B-UltraMedical
44,korbench,NVIDIA-Nemotron-Nano-9B-v2
44,math500,DeepSeek-R1-0528-Qwen3-8B
45,bbh,NVIDIA-Nemotron-Nano-9B-v2
45,medqa,Llama-3.1-8B-Instruct
45,korbench,Qwen2.5-Coder-7B-Instruct
45,meld,gemma-2-9b-it
45,livecodebench,Qwen3-8B
45,finqa,Fin-R1
45,mmlupro,Llama-3.1-8B-UltraMedical
45,math500,DeepSeek-R1-0528-Qwen3-8B
46,meld,Qwen2.5-Coder-7B-Instruct
46,medqa,Llama-3.1-8B-Instruct
46,mmlupro,gemma-2-9b-it
46,bbh,DeepSeek-R1-0528-Qwen3-8B
46,korbench,Llama-3.1-8B-UltraMedical
46,livecodebench,Qwen3-8B
46,math500,NVIDIA-Nemotron-Nano-9B-v2
46,finqa,Fin-R1
47,mmlupro,Llama-3.1-8B-Instruct
47,bbh,NVIDIA-Nemotron-Nano-9B-v2
47,medqa,Llama-3.1-8B-UltraMedical
47,korbench,Qwen2.5-Coder-7B-Instruct
47,meld,gemma-2-9b-it
47,livecodebench,Qwen3-8B
47,finqa,Fin-R1
47,math500,DeepSeek-R1-0528-Qwen3-8B
48,mmlupro,Llama-3.1-8B-Instruct
48,medqa,Llama-3.1-8B-UltraMedical
48,bbh,DeepSeek-R1-0528-Qwen3-8B
48,korbench,Qwen2.5-Coder-7B-Instruct
48,meld,gemma-2-9b-it
48,livecodebench,Qwen3-8B
48,math500,NVIDIA-Nemotron-Nano-9B-v2
48,finqa,Fin-R1
49,mmlupro,Llama-3.1-8B-Instruct
49,medqa,Llama-3.1-8B-UltraMedical
49,bbh,DeepSeek-R1-0528-Qwen3-8B
49,korbench,Qwen2.5-Coder-7B-Instruct
49,meld,gemma-2-9b-it
49,livecodebench,Qwen3-8B
49,math500,NVIDIA-Nemotron-Nano-9B-v2
49,finqa,Fin-R1
50,meld,Qwen2.5-Coder-7B-Instruct
50,medqa,Llama-3.1-8B-Instruct
50,mmlupro,gemma-2-9b-it
50,bbh,DeepSeek-R1-0528-Qwen3-8B
50,korbench,Llama-3.1-8B-UltraMedical
50,livecodebench,Qwen3-8B
50,math500,NVIDIA-Nemotron-Nano-9B-v2
50,finqa,Fin-R1
51,mmlupro,Llama-3.1-8B-Instruct
51,medqa,Llama-3.1-8B-UltraMedical
51,bbh,DeepSeek-R1-0528-Qwen3-8B
51,korbench,Qwen2.5-Coder-7B-Instruct
51,meld,gemma-2-9b-it
51,livecodebench,Qwen3-8B
51,math500,NVIDIA-Nemotron-Nano-9B-v2
51,finqa,Fin-R1
52,meld,Qwen2.5-Coder-7B-Instruct
52,medqa,Llama-3.1-8B-Instruct
52,mmlupro,gemma-2-9b-it
52,bbh,DeepSeek-R1-0528-Qwen3-8B
52,korbench,Llama-3.1-8B-UltraMedical
52,livecodebench,Qwen3-8B
52,math500,NVIDIA-Nemotron-Nano-9B-v2
52,finqa,Fin-R1
53,medqa,Llama-3.1-8B-Instruct
53,bbh,Qwen3-8B
53,korbench,Qwen2.5-Coder-7B-Instruct
53,meld,gemma-2-9b-it
53,livecodebench,NVIDIA-Nemotron-Nano-9B-v2
53,finqa,Fin-R1
53,mmlupro,Llama-3.1-8B-UltraMedical
53,math500,DeepSeek-R1-0528-Qwen3-8B
54,medqa,Llama-3.1-8B-Instruct
54,bbh,DeepSeek-R1-0528-Qwen3-8B
54,korbench,Qwen2.5-Coder-7B-Instruct
54,meld,gemma-2-9b-it
54,livecodebench,Qwen3-8B
54,math500,NVIDIA-Nemotron-Nano-9B-v2
54,finqa,Fin-R1
54,mmlupro,Llama-3.1-8B-UltraMedical
55,medqa,Llama-3.1-8B-Instruct
55,bbh,DeepSeek-R1-0528-Qwen3-8B
55,math500,Qwen3-8B
55,korbench,Qwen2.5-Coder-7B-Instruct
55,meld,gemma-2-9b-it
55,livecodebench,NVIDIA-Nemotron-Nano-9B-v2
55,finqa,Fin-R1
55,mmlupro,Llama-3.1-8B-UltraMedical
56,meld,Qwen2.5-Coder-7B-Instruct
56,bbh,NVIDIA-Nemotron-Nano-9B-v2
56,medqa,Llama-3.1-8B-UltraMedical
56,mmlupro,gemma-2-9b-it
56,korbench,Llama-3.1-8B-Instruct
56,livecodebench,Qwen3-8B
56,finqa,Fin-R1
56,math500,DeepSeek-R1-0528-Qwen3-8B
57,medqa,Llama-3.1-8B-Instruct
57,bbh,DeepSeek-R1-0528-Qwen3-8B
57,korbench,Qwen2.5-Coder-7B-Instruct
57,meld,gemma-2-9b-it
57,livecodebench,Qwen3-8B
57,math500,NVIDIA-Nemotron-Nano-9B-v2
57,finqa,Fin-R1
57,mmlupro,Llama-3.1-8B-UltraMedical
58,meld,Qwen2.5-Coder-7B-Instruct
58,bbh,NVIDIA-Nemotron-Nano-9B-v2
58,medqa,Llama-3.1-8B-UltraMedical
58,mmlupro,gemma-2-9b-it
58,korbench,Llama-3.1-8B-Instruct
58,livecodebench,Qwen3-8B
58,finqa,Fin-R1
58,math500,DeepSeek-R1-0528-Qwen3-8B
59,medqa,Llama-3.1-8B-Instruct
59,bbh,DeepSeek-R1-0528-Qwen3-8B
59,korbench,Qwen2.5-Coder-7B-Instruct
59,meld,gemma-2-9b-it
59,livecodebench,Qwen3-8B
59,math500,NVIDIA-Nemotron-Nano-9B-v2
59,finqa,Fin-R1
59,mmlupro,Llama-3.1-8B-UltraMedical
60,meld,Qwen2.5-Coder-7B-Instruct
60,bbh,NVIDIA-Nemotron-Nano-9B-v2
60,medqa,Llama-3.1-8B-Instruct
60,mmlupro,gemma-2-9b-it
60,korbench,Llama-3.1-8B-UltraMedical
60,livecodebench,Qwen3-8B
60,finqa,Fin-R1
60,math500,DeepSeek-R1-0528-Qwen3-8B
61,meld,Qwen2.5-Coder-7B-Instruct
61,bbh,NVIDIA-Nemotron-Nano-9B-v2
61,medqa,Llama-3.1-8B-UltraMedical
61,mmlupro,gemma-2-9b-it
61,korbench,Llama-3.1-8B-Instruct
61,livecodebench,Qwen3-8B
61,finqa,Fin-R1
61,math500,DeepSeek-R1-0528-Qwen3-8B
62,mmlupro,Llama-3.1-8B-Instruct
62,medqa,Llama-3.1-8B-UltraMedical
62,bbh,DeepSeek-R1-0528-Qwen3-8B
62,korbench,Qwen2.5-Coder-7B-Instruct
62,meld,gemma-2-9b-it
62,livecodebench,Qwen3-8B
62,math500,NVIDIA-Nemotron-Nano-9B-v2
62,finqa,Fin-R1
63,meld,Qwen2.5-Coder-7B-Instruct
63,medqa,Llama-3.1-8B-Instruct
63,mmlupro,gemma-2-9b-it
63,bbh,DeepSeek-R1-0528-Qwen3-8B
63,korbench,Llama-3.1-8B-UltraMedical
63,livecodebench,Qwen3-8B
63,math500,NVIDIA-Nemotron-Nano-9B-v2
63,finqa,Fin-R1
64,meld,Qwen2.5-Coder-7B-Instruct
64,medqa,Llama-3.1-8B-UltraMedical
64,mmlupro,gemma-2-9b-it
64,bbh,DeepSeek-R1-0528-Qwen3-8B
64,korbench,Llama-3.1-8B-Instruct
64,livecodebench,Qwen3-8B
64,math500,NVIDIA-Nemotron-Nano-9B-v2
64,finqa,Fin-R1
65,meld,Qwen2.5-Coder-7B-Instruct
65,bbh,NVIDIA-Nemotron-Nano-9B-v2
65,medqa,Llama-3.1-8B-Instruct
65,mmlupro,gemma-2-9b-it
65,korbench,Llama-3.1-8B-UltraMedical
65,livecodebench,Qwen3-8B
65,finqa,Fin-R1
65,math500,DeepSeek-R1-0528-Qwen3-8B
66,meld,Qwen2.5-Coder-7B-Instruct
66,medqa,Llama-3.1-8B-Instruct
66,mmlupro,gemma-2-9b-it
66,bbh,DeepSeek-R1-0528-Qwen3-8B
66,korbench,Llama-3.1-8B-UltraMedical
66,livecodebench,Qwen3-8B
66,math500,NVIDIA-Nemotron-Nano-9B-v2
66,finqa,Fin-R1
67,mmlupro,Llama-3.1-8B-Instruct
67,bbh,NVIDIA-Nemotron-Nano-9B-v2
67,medqa,Llama-3.1-8B-UltraMedical
67,korbench,Qwen2.5-Coder-7B-Instruct
67,meld,gemma-2-9b-it
67,livecodebench,Qwen3-8B
67,finqa,Fin-R1
67,math500,DeepSeek-R1-0528-Qwen3-8B
68,mmlupro,Qwen2.5-Coder-7B-Instruct
68,medqa,Llama-3.1-8B-Instruct
68,meld,gemma-2-9b-it
68,bbh,Llama-3.1-8B-UltraMedical
68,livecodebench,NVIDIA-Nemotron-Nano-9B-v2
68,finqa,Fin-R1
68,math500,DeepSeek-R1-0528-Qwen3-8B
68,korbench,Qwen3-8B
69,meld,Qwen2.5-Coder-7B-Instruct
69,medqa,Llama-3.1-8B-Instruct
69,mmlupro,gemma-2-9b-it
69,bbh,DeepSeek-R1-0528-Qwen3-8B
69,korbench,Llama-3.1-8B-UltraMedical
69,livecodebench,Qwen3-8B
69,math500,NVIDIA-Nemotron-Nano-9B-v2
69,finqa,Fin-R1
70,medqa,Llama-3.1-8B-Instruct
70,bbh,DeepSeek-R1-0528-Qwen3-8B
70,korbench,Qwen2.5-Coder-7B-Instruct
70,meld,gemma-2-9b-it
70,livecodebench,Qwen3-8B
70,math500,NVIDIA-Nemotron-Nano-9B-v2
70,finqa,Fin-R1
70,mmlupro,Llama-3.1-8B-UltraMedical
71,mmlupro,Llama-3.1-8B-Instruct
71,medqa,Llama-3.1-8B-UltraMedical
71,bbh,DeepSeek-R1-0528-Qwen3-8B
71,korbench,Qwen2.5-Coder-7B-Instruct
71,meld,gemma-2-9b-it
71,livecodebench,Qwen3-8B
71,math500,NVIDIA-Nemotron-Nano-9B-v2
71,finqa,Fin-R1
72,meld,Qwen2.5-Coder-7B-Instruct
72,medqa,Llama-3.1-8B-UltraMedical
72,mmlupro,gemma-2-9b-it
72,bbh,DeepSeek-R1-0528-Qwen3-8B
72,math500,Qwen3-8B
72,korbench,Llama-3.1-8B-Instruct
72,livecodebench,NVIDIA-Nemotron-Nano-9B-v2
72,finqa,Fin-R1
73,meld,Qwen2.5-Coder-7B-Instruct
73,medqa,Llama-3.1-8B-Instruct
73,mmlupro,gemma-2-9b-it
73,bbh,Llama-3.1-8B-UltraMedical
73,livecodebench,NVIDIA-Nemotron-Nano-9B-v2
73,finqa,Fin-R1
73,math500,DeepSeek-R1-0528-Qwen3-8B
73,korbench,Qwen3-8B
74,meld,Qwen2.5-Coder-7B-Instruct
74,bbh,NVIDIA-Nemotron-Nano-9B-v2
74,medqa,Llama-3.1-8B-UltraMedical
74,mmlupro,gemma-2-9b-it
74,korbench,Llama-3.1-8B-Instruct
74,livecodebench,Qwen3-8B
74,finqa,Fin-R1
74,math500,DeepSeek-R1-0528-Qwen3-8B
75,medqa,Llama-3.1-8B-Instruct
75,bbh,Qwen3-8B
75,korbench,Qwen2.5-Coder-7B-Instruct
75,meld,gemma-2-9b-it
75,livecodebench,NVIDIA-Nemotron-Nano-9B-v2
75,finqa,Fin-R1
75,mmlupro,Llama-3.1-8B-UltraMedical
75,math500,DeepSeek-R1-0528-Qwen3-8B
76,meld,Qwen2.5-Coder-7B-Instruct
76,medqa,Llama-3.1-8B-Instruct
76,mmlupro,gemma-2-9b-it
76,bbh,DeepSeek-R1-0528-Qwen3-8B
76,math500,Qwen3-8B
76,korbench,Llama-3.1-8B-UltraMedical
76,livecodebench,NVIDIA-Nemotron-Nano-9B-v2
76,finqa,Fin-R1
77,medqa,Llama-3.1-8B-Instruct
77,bbh,DeepSeek-R1-0528-Qwen3-8B
77,korbench,Qwen2.5-Coder-7B-Instruct
77,meld,gemma-2-9b-it
77,livecodebench,Qwen3-8B
77,math500,NVIDIA-Nemotron-Nano-9B-v2
77,finqa,Fin-R1
77,mmlupro,Llama-3.1-8B-UltraMedical
78,medqa,Llama-3.1-8B-Instruct
78,bbh,DeepSeek-R1-0528-Qwen3-8B
78,korbench,Qwen2.5-Coder-7B-Instruct
78,meld,gemma-2-9b-it
78,livecodebench,Qwen3-8B
78,math500,NVIDIA-Nemotron-Nano-9B-v2
78,finqa,Fin-R1
78,mmlupro,Llama-3.1-8B-UltraMedical
79,meld,Qwen2.5-Coder-7B-Instruct
79,medqa,Llama-3.1-8B-UltraMedical
79,mmlupro,gemma-2-9b-it
79,bbh,DeepSeek-R1-0528-Qwen3-8B
79,korbench,Llama-3.1-8B-Instruct
79,livecodebench,Qwen3-8B
79,math500,NVIDIA-Nemotron-Nano-9B-v2
79,finqa,Fin-R1
80,meld,Qwen2.5-Coder-7B-Instruct
80,bbh,NVIDIA-Nemotron-Nano-9B-v2
80,medqa,Llama-3.1-8B-UltraMedical
80,mmlupro,gemma-2-9b-it
80,korbench,Llama-3.1-8B-Instruct
80,livecodebench,Qwen3-8B
80,finqa,Fin-R1
80,math500,DeepSeek-R1-0528-Qwen3-8B
81,mmlupro,Llama-3.1-8B-Instruct
81,meld,Qwen2.5-Coder-7B-Instruct
81,medqa,Llama-3.1-8B-UltraMedical
81,bbh,DeepSeek-R1-0528-Qwen3-8B
81,livecodebench,Qwen3-8B
81,math500,NVIDIA-Nemotron-Nano-9B-v2
81,finqa,Fin-R1
81,korbench,gemma-2-9b-it
82,mmlupro,Llama-3.1-8B-Instruct
82,medqa,Llama-3.1-8B-UltraMedical
82,bbh,DeepSeek-R1-0528-Qwen3-8B
82,korbench,Qwen2.5-Coder-7B-Instruct
82,meld,gemma-2-9b-it
82,livecodebench,Qwen3-8B
82,math500,NVIDIA-Nemotron-Nano-9B-v2
82,finqa,Fin-R1
83,mmlupro,Llama-3.1-8B-Instruct
83,medqa,Llama-3.1-8B-UltraMedical
83,bbh,DeepSeek-R1-0528-Qwen3-8B
83,korbench,Qwen2.5-Coder-7B-Instruct
83,meld,gemma-2-9b-it
83,livecodebench,Qwen3-8B
83,math500,NVIDIA-Nemotron-Nano-9B-v2
83,finqa,Fin-R1
84,meld,Qwen2.5-Coder-7B-Instruct
84,medqa,Llama-3.1-8B-UltraMedical
84,mmlupro,gemma-2-9b-it
84,bbh,DeepSeek-R1-0528-Qwen3-8B
84,korbench,Llama-3.1-8B-Instruct
84,livecodebench,Qwen3-8B
84,math500,NVIDIA-Nemotron-Nano-9B-v2
84,finqa,Fin-R1
85,meld,Qwen2.5-Coder-7B-Instruct
85,medqa,Llama-3.1-8B-UltraMedical
85,mmlupro,gemma-2-9b-it
85,bbh,DeepSeek-R1-0528-Qwen3-8B
85,korbench,Llama-3.1-8B-Instruct
85,livecodebench,Qwen3-8B
85,math500,NVIDIA-Nemotron-Nano-9B-v2
85,finqa,Fin-R1
86,mmlupro,Llama-3.1-8B-Instruct
86,math500,Qwen2.5-Coder-7B-Instruct
86,medqa,Llama-3.1-8B-UltraMedical
86,bbh,DeepSeek-R1-0528-Qwen3-8B
86,meld,gemma-2-9b-it
86,livecodebench,Qwen3-8B
86,finqa,Fin-R1
86,korbench,NVIDIA-Nemotron-Nano-9B-v2
87,mmlupro,Llama-3.1-8B-Instruct
87,medqa,Llama-3.1-8B-UltraMedical
87,bbh,DeepSeek-R1-0528-Qwen3-8B
87,korbench,Qwen2.5-Coder-7B-Instruct
87,meld,gemma-2-9b-it
87,livecodebench,Qwen3-8B
87,math500,NVIDIA-Nemotron-Nano-9B-v2
87,finqa,Fin-R1
88,meld,Qwen2.5-Coder-7B-Instruct
88,medqa,Llama-3.1-8B-UltraMedical
88,mmlupro,gemma-2-9b-it
88,bbh,DeepSeek-R1-0528-Qwen3-8B
88,korbench,Llama-3.1-8B-Instruct
88,livecodebench,Qwen3-8B
88,math500,NVIDIA-Nemotron-Nano-9B-v2
88,finqa,Fin-R1
89,medqa,Llama-3.1-8B-Instruct
89,bbh,DeepSeek-R1-0528-Qwen3-8B
89,math500,Qwen3-8B
89,korbench,Qwen2.5-Coder-7B-Instruct
89,meld,gemma-2-9b-it
89,livecodebench,NVIDIA-Nemotron-Nano-9B-v2
89,finqa,Fin-R1
89,mmlupro,Llama-3.1-8B-UltraMedical
90,meld,Qwen2.5-Coder-7B-Instruct
90,bbh,NVIDIA-Nemotron-Nano-9B-v2
90,medqa,Llama-3.1-8B-Instruct
90,mmlupro,gemma-2-9b-it
90,korbench,Llama-3.1-8B-UltraMedical
90,livecodebench,Qwen3-8B
90,finqa,Fin-R1
90,math500,DeepSeek-R1-0528-Qwen3-8B
91,meld,Qwen2.5-Coder-7B-Instruct
91,bbh,NVIDIA-Nemotron-Nano-9B-v2
91,medqa,Llama-3.1-8B-Instruct
91,mmlupro,gemma-2-9b-it
91,korbench,Llama-3.1-8B-UltraMedical
91,livecodebench,Qwen3-8B
91,finqa,Fin-R1
91,math500,DeepSeek-R1-0528-Qwen3-8B
92,meld,Qwen2.5-Coder-7B-Instruct
92,medqa,Llama-3.1-8B-Instruct
92,bbh,DeepSeek-R1-0528-Qwen3-8B
92,math500,Fin-R1
92,livecodebench,Qwen3-8B
92,finqa,gemma-2-9b-it
92,mmlupro,Llama-3.1-8B-UltraMedical
92,korbench,NVIDIA-Nemotron-Nano-9B-v2
93,medqa,Llama-3.1-8B-Instruct
93,bbh,DeepSeek-R1-0528-Qwen3-8B
93,korbench,Qwen2.5-Coder-7B-Instruct
93,meld,gemma-2-9b-it
93,livecodebench,Qwen3-8B
93,math500,NVIDIA-Nemotron-Nano-9B-v2
93,finqa,Fin-R1
93,mmlupro,Llama-3.1-8B-UltraMedical
94,meld,Qwen2.5-Coder-7B-Instruct
94,medqa,Llama-3.1-8B-Instruct
94,mmlupro,gemma-2-9b-it
94,bbh,DeepSeek-R1-0528-Qwen3-8B
94,korbench,Llama-3.1-8B-UltraMedical
94,livecodebench,Qwen3-8B
94,math500,NVIDIA-Nemotron-Nano-9B-v2
94,finqa,Fin-R1
95,medqa,Llama-3.1-8B-Instruct
95,bbh,DeepSeek-R1-0528-Qwen3-8B
95,korbench,Qwen2.5-Coder-7B-Instruct
95,meld,gemma-2-9b-it
95,livecodebench,Qwen3-8B
95,math500,NVIDIA-Nemotron-Nano-9B-v2
95,finqa,Fin-R1
95,mmlupro,Llama-3.1-8B-UltraMedical
96,mmlupro,Llama-3.1-8B-Instruct
96,bbh,NVIDIA-Nemotron-Nano-9B-v2
96,medqa,Llama-3.1-8B-UltraMedical
96,korbench,Qwen2.5-Coder-7B-Instruct
96,meld,gemma-2-9b-it
96,livecodebench,Qwen3-8B
96,finqa,Fin-R1
96,math500,DeepSeek-R1-0528-Qwen3-8B
97,meld,Qwen2.5-Coder-7B-Instruct
97,medqa,Llama-3.1-8B-Instruct
97,mmlupro,gemma-2-9b-it
97,bbh,DeepSeek-R1-0528-Qwen3-8B
97,korbench,Llama-3.1-8B-UltraMedical
97,livecodebench,Qwen3-8B
97,math500,NVIDIA-Nemotron-Nano-9B-v2
97,finqa,Fin-R1
98,medqa,Llama-3.1-8B-Instruct
98,bbh,DeepSeek-R1-0528-Qwen3-8B
98,korbench,Qwen2.5-Coder-7B-Instruct
98,meld,gemma-2-9b-it
98,livecodebench,Qwen3-8B
98,math500,NVIDIA-Nemotron-Nano-9B-v2
98,finqa,Fin-R1
98,mmlupro,Llama-3.1-8B-UltraMedical
99,meld,Qwen2.5-Coder-7B-Instruct
99,medqa,Llama-3.1-8B-Instruct
99,mmlupro,gemma-2-9b-it
99,bbh,DeepSeek-R1-0528-Qwen3-8B
99,korbench,Llama-3.1-8B-UltraMedical
99,livecodebench,Qwen3-8B
99,math500,NVIDIA-Nemotron-Nano-9B-v2
99,finqa,Fin-R1
100,mmlupro,Llama-3.1-8B-Instruct
100,medqa,Llama-3.1-8B-UltraMedical
100,bbh,DeepSeek-R1-0528-Qwen3-8B
100,korbench,Qwen2.5-Coder-7B-Instruct
100,meld,gemma-2-9b-it
100,livecodebench,Qwen3-8B
100,math500,NVIDIA-Nemotron-Nano-9B-v2
100,finqa,Fin-R1
101,meld,Qwen2.5-Coder-7B-Instruct
101,medqa,Llama-3.1-8B-Instruct
101,mmlupro,gemma-2-9b-it
101,bbh,DeepSeek-R1-0528-Qwen3-8B
101,math500,Qwen3-8B
101,korbench,Llama-3.1-8B-UltraMedical
101,livecodebench,NVIDIA-Nemotron-Nano-9B-v2
101,finqa,Fin-R1
102,mmlupro,Llama-3.1-8B-Instruct
102,meld,Qwen2.5-Coder-7B-Instruct
102,medqa,Llama-3.1-8B-UltraMedical
102,livecodebench,NVIDIA-Nemotron-Nano-9B-v2
102,finqa,Fin-R1
102,korbench,gemma-2-9b-it
102,math500,DeepSeek-R1-0528-Qwen3-8B
102,bbh,Qwen3-8B
103,bbh,NVIDIA-Nemotron-Nano-9B-v2
103,medqa,Llama-3.1-8B-Instruct
103,korbench,Qwen2.5-Coder-7B-Instruct
103,meld,gemma-2-9b-it
103,livecodebench,Qwen3-8B
103,finqa,Fin-R1
103,mmlupro,Llama-3.1-8B-UltraMedical
103,math500,DeepSeek-R1-0528-Qwen3-8B
104,meld,Qwen2.5-Coder-7B-Instruct
104,medqa,Llama-3.1-8B-Instruct
104,mmlupro,gemma-2-9b-it
104,bbh,Llama-3.1-8B-UltraMedical
104,livecodebench,NVIDIA-Nemotron-Nano-9B-v2
104,finqa,Fin-R1
104,math500,DeepSeek-R1-0528-Qwen3-8B
104,korbench,Qwen3-8B
105,medqa,Llama-3.1-8B-Instruct
105,bbh,DeepSeek-R1-0528-Qwen3-8B
105,korbench,Qwen2.5-Coder-7B-Instruct
105,meld,gemma-2-9b-it
105,livecodebench,Qwen3-8B
105,math500,NVIDIA-Nemotron-Nano-9B-v2
105,finqa,Fin-R1
105,mmlupro,Llama-3.1-8B-UltraMedical
106,bbh,NVIDIA-Nemotron-Nano-9B-v2
106,medqa,Llama-3.1-8B-Instruct
106,korbench,Qwen2.5-Coder-7B-Instruct
106,meld,gemma-2-9b-it
106,livecodebench,Qwen3-8B
106,finqa,Fin-R1
106,mmlupro,Llama-3.1-8B-UltraMedical
106,math500,DeepSeek-R1-0528-Qwen3-8B
107,mmlupro,Llama-3.1-8B-Instruct
107,medqa,Llama-3.1-8B-UltraMedical
107,korbench,Qwen2.5-Coder-7B-Instruct
107,meld,gemma-2-9b-it
107,livecodebench,NVIDIA-Nemotron-Nano-9B-v2
107,finqa,Fin-R1
107,math500,DeepSeek-R1-0528-Qwen3-8B
107,bbh,Qwen3-8B
108,meld,Qwen2.5-Coder-7B-Instruct
108,medqa,Llama-3.1-8B-UltraMedical
108,mmlupro,gemma-2-9b-it
108,bbh,DeepSeek-R1-0528-Qwen3-8B
108,korbench,Llama-3.1-8B-Instruct
108,livecodebench,Qwen3-8B
108,math500,NVIDIA-Nemotron-Nano-9B-v2
108,finqa,Fin-R1
109,meld,Qwen2.5-Coder-7B-Instruct
109,bbh,NVIDIA-Nemotron-Nano-9B-v2
109,medqa,Llama-3.1-8B-Instruct
109,mmlupro,gemma-2-9b-it
109,korbench,Llama-3.1-8B-UltraMedical
109,livecodebench,Qwen3-8B
109,finqa,Fin-R1
109,math500,DeepSeek-R1-0528-Qwen3-8B
110,meld,Qwen2.5-Coder-7B-Instruct
110,medqa,Llama-3.1-8B-UltraMedical
110,mmlupro,gemma-2-9b-it
110,bbh,DeepSeek-R1-0528-Qwen3-8B
110,korbench,Llama-3.1-8B-Instruct
110,livecodebench,Qwen3-8B
110,math500,NVIDIA-Nemotron-Nano-9B-v2
110,finqa,Fin-R1
111,mmlupro,Llama-3.1-8B-Instruct
111,medqa,Llama-3.1-8B-UltraMedical
111,meld,gemma-2-9b-it
111,bbh,Qwen2.5-Coder-7B-Instruct
111,livecodebench,Qwen3-8B
111,finqa,Fin-R1
111,math500,DeepSeek-R1-0528-Qwen3-8B
111,korbench,NVIDIA-Nemotron-Nano-9B-v2
112,meld,Qwen2.5-Coder-7B-Instruct
112,bbh,NVIDIA-Nemotron-Nano-9B-v2
112,medqa,Llama-3.1-8B-UltraMedical
112,mmlupro,gemma-2-9b-it
112,korbench,Llama-3.1-8B-Instruct
112,livecodebench,Qwen3-8B
112,finqa,Fin-R1
112,math500,DeepSeek-R1-0528-Qwen3-8B
113,medqa,Llama-3.1-8B-Instruct
113,bbh,DeepSeek-R1-0528-Qwen3-8B
113,korbench,Qwen2.5-Coder-7B-Instruct
113,meld,gemma-2-9b-it
113,livecodebench,Qwen3-8B
113,math500,NVIDIA-Nemotron-Nano-9B-v2
113,finqa,Fin-R1
113,mmlupro,Llama-3.1-8B-UltraMedical
114,mmlupro,Llama-3.1-8B-Instruct
114,bbh,NVIDIA-Nemotron-Nano-9B-v2
114,medqa,Llama-3.1-8B-UltraMedical
114,korbench,Qwen2.5-Coder-7B-Instruct
114,meld,gemma-2-9b-it
114,livecodebench,Qwen3-8B
114,finqa,Fin-R1
114,math500,DeepSeek-R1-0528-Qwen3-8B
115,meld,Qwen2.5-Coder-7B-Instruct
115,medqa,Llama-3.1-8B-Instruct
115,mmlupro,gemma-2-9b-it
115,bbh,DeepSeek-R1-0528-Qwen3-8B
115,korbench,Llama-3.1-8B-UltraMedical
115,livecodebench,Qwen3-8B
115,math500,NVIDIA-Nemotron-Nano-9B-v2
115,finqa,Fin-R1
116,meld,Qwen2.5-Coder-7B-Instruct
116,bbh,NVIDIA-Nemotron-Nano-9B-v2
116,medqa,Llama-3.1-8B-Instruct
116,mmlupro,gemma-2-9b-it
116,korbench,Llama-3.1-8B-UltraMedical
116,livecodebench,Qwen3-8B
116,finqa,Fin-R1
116,math500,DeepSeek-R1-0528-Qwen3-8B
117,mmlupro,Llama-3.1-8B-Instruct
117,medqa,Llama-3.1-8B-UltraMedical
117,bbh,DeepSeek-R1-0528-Qwen3-8B
117,korbench,Qwen2.5-Coder-7B-Instruct
117,meld,gemma-2-9b-it
117,livecodebench,Qwen3-8B
117,math500,NVIDIA-Nemotron-Nano-9B-v2
117,finqa,Fin-R1
118,meld,Qwen2.5-Coder-7B-Instruct
118,bbh,NVIDIA-Nemotron-Nano-9B-v2
118,medqa,Llama-3.1-8B-Instruct
118,mmlupro,gemma-2-9b-it
118,korbench,Llama-3.1-8B-UltraMedical
118,livecodebench,Qwen3-8B
118,finqa,Fin-R1
118,math500,DeepSeek-R1-0528-Qwen3-8B
119,mmlupro,Llama-3.1-8B-Instruct
119,bbh,NVIDIA-Nemotron-Nano-9B-v2
119,medqa,Llama-3.1-8B-UltraMedical
119,korbench,Qwen2.5-Coder-7B-Instruct
119,meld,gemma-2-9b-it
119,livecodebench,Qwen3-8B
119,finqa,Fin-R1
119,math500,DeepSeek-R1-0528-Qwen3-8B
120,bbh,NVIDIA-Nemotron-Nano-9B-v2
120,medqa,Llama-3.1-8B-Instruct
120,korbench,Qwen2.5-Coder-7B-Instruct
120,meld,gemma-2-9b-it
120,livecodebench,Qwen3-8B
120,finqa,Fin-R1
120,mmlupro,Llama-3.1-8B-UltraMedical
120,math500,DeepSeek-R1-0528-Qwen3-8B
121,meld,Qwen2.5-Coder-7B-Instruct
121,medqa,Llama-3.1-8B-UltraMedical
121,mmlupro,gemma-2-9b-it
121,bbh,DeepSeek-R1-0528-Qwen3-8B
121,math500,Qwen3-8B
121,korbench,Llama-3.1-8B-Instruct
121,livecodebench,NVIDIA-Nemotron-Nano-9B-v2
121,finqa,Fin-R1
122,mmlupro,Llama-3.1-8B-Instruct
122,medqa,Llama-3.1-8B-UltraMedical
122,bbh,DeepSeek-R1-0528-Qwen3-8B
122,korbench,Qwen2.5-Coder-7B-Instruct
122,meld,gemma-2-9b-it
122,livecodebench,Qwen3-8B
122,math500,NVIDIA-Nemotron-Nano-9B-v2
122,finqa,Fin-R1
123,meld,Qwen2.5-Coder-7B-Instruct
123,medqa,Llama-3.1-8B-Instruct
123,mmlupro,gemma-2-9b-it
123,bbh,DeepSeek-R1-0528-Qwen3-8B
123,korbench,Llama-3.1-8B-UltraMedical
123,livecodebench,Qwen3-8B
123,math500,NVIDIA-Nemotron-Nano-9B-v2
123,finqa,Fin-R1
124,meld,Qwen2.5-Coder-7B-Instruct
124,bbh,NVIDIA-Nemotron-Nano-9B-v2
124,medqa,Llama-3.1-8B-Instruct
124,mmlupro,Llama-3.1-8B-UltraMedical
124,livecodebench,Qwen3-8B
124,finqa,Fin-R1
124,korbench,gemma-2-9b-it
124,math500,DeepSeek-R1-0528-Qwen3-8B
125,mmlupro,Qwen2.5-Coder-7B-Instruct
125,medqa,Llama-3.1-8B-Instruct
125,meld,gemma-2-9b-it
125,bbh,Llama-3.1-8B-UltraMedical
125,livecodebench,Qwen3-8B
125,finqa,Fin-R1
125,math500,DeepSeek-R1-0528-Qwen3-8B
125,korbench,NVIDIA-Nemotron-Nano-9B-v2
126,medqa,Llama-3.1-8B-Instruct
126,bbh,Qwen3-8B
126,korbench,Qwen2.5-Coder-7B-Instruct
126,meld,gemma-2-9b-it
126,livecodebench,NVIDIA-Nemotron-Nano-9B-v2
126,finqa,Fin-R1
126,mmlupro,Llama-3.1-8B-UltraMedical
126,math500,DeepSeek-R1-0528-Qwen3-8B
127,meld,Qwen2.5-Coder-7B-Instruct
127,medqa,Llama-3.1-8B-Instruct
127,mmlupro,gemma-2-9b-it
127,bbh,DeepSeek-R1-0528-Qwen3-8B
127,korbench,Llama-3.1-8B-UltraMedical
127,livecodebench,Qwen3-8B
127,math500,NVIDIA-Nemotron-Nano-9B-v2
127,finqa,Fin-R1
128,mmlupro,Llama-3.1-8B-Instruct
128,medqa,Llama-3.1-8B-UltraMedical
128,bbh,DeepSeek-R1-0528-Qwen3-8B
128,korbench,Qwen2.5-Coder-7B-Instruct
128,meld,gemma-2-9b-it
128,livecodebench,Qwen3-8B
128,math500,NVIDIA-Nemotron-Nano-9B-v2
128,finqa,Fin-R1
129,mmlupro,Llama-3.1-8B-Instruct
129,bbh,NVIDIA-Nemotron-Nano-9B-v2
129,medqa,Llama-3.1-8B-UltraMedical
129,korbench,Qwen2.5-Coder-7B-Instruct
129,meld,gemma-2-9b-it
129,livecodebench,Qwen3-8B
129,finqa,Fin-R1
129,math500,DeepSeek-R1-0528-Qwen3-8B
130,meld,Qwen2.5-Coder-7B-Instruct
130,medqa,Llama-3.1-8B-UltraMedical
130,mmlupro,gemma-2-9b-it
130,bbh,DeepSeek-R1-0528-Qwen3-8B
130,korbench,Llama-3.1-8B-Instruct
130,livecodebench,Qwen3-8B
130,math500,NVIDIA-Nemotron-Nano-9B-v2
130,finqa,Fin-R1
131,meld,Qwen2.5-Coder-7B-Instruct
131,medqa,Llama-3.1-8B-UltraMedical
131,mmlupro,gemma-2-9b-it
131,bbh,DeepSeek-R1-0528-Qwen3-8B
131,korbench,Llama-3.1-8B-Instruct
131,livecodebench,Qwen3-8B
131,math500,NVIDIA-Nemotron-Nano-9B-v2
131,finqa,Fin-R1
132,medqa,Llama-3.1-8B-Instruct
132,bbh,DeepSeek-R1-0528-Qwen3-8B
132,korbench,Qwen2.5-Coder-7B-Instruct
132,meld,gemma-2-9b-it
132,livecodebench,Qwen3-8B
132,math500,NVIDIA-Nemotron-Nano-9B-v2
132,finqa,Fin-R1
132,mmlupro,Llama-3.1-8B-UltraMedical
133,meld,Qwen2.5-Coder-7B-Instruct
133,medqa,Llama-3.1-8B-UltraMedical
133,mmlupro,gemma-2-9b-it
133,bbh,DeepSeek-R1-0528-Qwen3-8B
133,korbench,Llama-3.1-8B-Instruct
133,livecodebench,Qwen3-8B
133,math500,NVIDIA-Nemotron-Nano-9B-v2
133,finqa,Fin-R1
134,mmlupro,Llama-3.1-8B-Instruct
134,medqa,Llama-3.1-8B-UltraMedical
134,bbh,DeepSeek-R1-0528-Qwen3-8B
134,korbench,Qwen2.5-Coder-7B-Instruct
134,meld,gemma-2-9b-it
134,livecodebench,Qwen3-8B
134,math500,NVIDIA-Nemotron-Nano-9B-v2
134,finqa,Fin-R1
135,mmlupro,Qwen2.5-Coder-7B-Instruct
135,medqa,Llama-3.1-8B-UltraMedical
135,meld,gemma-2-9b-it
135,livecodebench,NVIDIA-Nemotron-Nano-9B-v2
135,bbh,Llama-3.1-8B-Instruct
135,finqa,Fin-R1
135,math500,DeepSeek-R1-0528-Qwen3-8B
135,korbench,Qwen3-8B
136,meld,Qwen2.5-Coder-7B-Instruct
136,medqa,Llama-3.1-8B-Instruct
136,mmlupro,gemma-2-9b-it
136,bbh,DeepSeek-R1-0528-Qwen3-8B
136,korbench,Llama-3.1-8B-UltraMedical
136,livecodebench,Qwen3-8B
136,math500,NVIDIA-Nemotron-Nano-9B-v2
136,finqa,Fin-R1
137,meld,Qwen2.5-Coder-7B-Instruct
137,medqa,Llama-3.1-8B-Instruct
137,mmlupro,gemma-2-9b-it
137,bbh,DeepSeek-R1-0528-Qwen3-8B
137,korbench,Llama-3.1-8B-UltraMedical
137,livecodebench,Qwen3-8B
137,math500,NVIDIA-Nemotron-Nano-9B-v2
137,finqa,Fin-R1
138,mmlupro,Llama-3.1-8B-Instruct
138,medqa,Llama-3.1-8B-UltraMedical
138,bbh,DeepSeek-R1-0528-Qwen3-8B
138,korbench,Qwen2.5-Coder-7B-Instruct
138,meld,gemma-2-9b-it
138,livecodebench,Qwen3-8B
138,math500,NVIDIA-Nemotron-Nano-9B-v2
138,finqa,Fin-R1
139,meld,Qwen2.5-Coder-7B-Instruct
139,medqa,Llama-3.1-8B-UltraMedical
139,mmlupro,gemma-2-9b-it
139,bbh,DeepSeek-R1-0528-Qwen3-8B
139,korbench,Llama-3.1-8B-Instruct
139,livecodebench,Qwen3-8B
139,math500,NVIDIA-Nemotron-Nano-9B-v2
139,finqa,Fin-R1
140,meld,Qwen2.5-Coder-7B-Instruct
140,medqa,Llama-3.1-8B-UltraMedical
140,mmlupro,gemma-2-9b-it
140,bbh,DeepSeek-R1-0528-Qwen3-8B
140,korbench,Llama-3.1-8B-Instruct
140,livecodebench,Qwen3-8B
140,math500,NVIDIA-Nemotron-Nano-9B-v2
140,finqa,Fin-R1
141,mmlupro,Llama-3.1-8B-Instruct
141,bbh,NVIDIA-Nemotron-Nano-9B-v2
141,medqa,Llama-3.1-8B-UltraMedical
141,korbench,Qwen2.5-Coder-7B-Instruct
141,meld,gemma-2-9b-it
141,livecodebench,Qwen3-8B
141,finqa,Fin-R1
141,math500,DeepSeek-R1-0528-Qwen3-8B
142,mmlupro,Qwen2.5-Coder-7B-Instruct
142,medqa,Llama-3.1-8B-UltraMedical
142,meld,gemma-2-9b-it
142,livecodebench,Qwen3-8B
142,bbh,Llama-3.1-8B-Instruct
142,finqa,Fin-R1
142,math500,DeepSeek-R1-0528-Qwen3-8B
142,korbench,NVIDIA-Nemotron-Nano-9B-v2
143,korbench,DeepSeek-R1-0528-Qwen3-8B
143,medqa,Llama-3.1-8B-Instruct
143,meld,gemma-2-9b-it
143,bbh,Qwen2.5-Coder-7B-Instruct
143,livecodebench,Qwen3-8B
143,math500,NVIDIA-Nemotron-Nano-9B-v2
143,finqa,Fin-R1
143,mmlupro,Llama-3.1-8B-UltraMedical
144,mmlupro,Llama-3.1-8B-Instruct
144,medqa,Llama-3.1-8B-UltraMedical
144,bbh,DeepSeek-R1-0528-Qwen3-8B
144,korbench,Qwen2.5-Coder-7B-Instruct
144,meld,gemma-2-9b-it
144,livecodebench,Qwen3-8B
144,math500,NVIDIA-Nemotron-Nano-9B-v2
144,finqa,Fin-R1
145,mmlupro,Llama-3.1-8B-Instruct
145,bbh,NVIDIA-Nemotron-Nano-9B-v2
145,medqa,Llama-3.1-8B-UltraMedical
145,korbench,Qwen2.5-Coder-7B-Instruct
145,meld,gemma-2-9b-it
145,livecodebench,Qwen3-8B
145,finqa,Fin-R1
145,math500,DeepSeek-R1-0528-Qwen3-8B
146,medqa,Llama-3.1-8B-Instruct
146,bbh,DeepSeek-R1-0528-Qwen3-8B
146,korbench,Qwen2.5-Coder-7B-Instruct
146,meld,gemma-2-9b-it
146,livecodebench,Qwen3-8B
146,math500,NVIDIA-Nemotron-Nano-9B-v2
146,finqa,Fin-R1
146,mmlupro,Llama-3.1-8B-UltraMedical
147,mmlupro,Llama-3.1-8B-Instruct
147,medqa,Llama-3.1-8B-UltraMedical
147,bbh,DeepSeek-R1-0528-Qwen3-8B
147,korbench,Qwen2.5-Coder-7B-Instruct
147,meld,gemma-2-9b-it
147,livecodebench,Qwen3-8B
147,math500,NVIDIA-Nemotron-Nano-9B-v2
147,finqa,Fin-R1
148,meld,Qwen2.5-Coder-7B-Instruct
148,medqa,Llama-3.1-8B-UltraMedical
148,mmlupro,gemma-2-9b-it
148,livecodebench,Qwen3-8B
148,bbh,Llama-3.1-8B-Instruct
148,finqa,Fin-R1
148,math500,DeepSeek-R1-0528-Qwen3-8B
148,korbench,NVIDIA-Nemotron-Nano-9B-v2
149,meld,Qwen2.5-Coder-7B-Instruct
149,bbh,NVIDIA-Nemotron-Nano-9B-v2
149,medqa,Llama-3.1-8B-Instruct
149,mmlupro,gemma-2-9b-it
149,korbench,Llama-3.1-8B-UltraMedical
149,livecodebench,Qwen3-8B
149,finqa,Fin-R1
149,math500,DeepSeek-R1-0528-Qwen3-8B
150,medqa,Llama-3.1-8B-Instruct
150,bbh,DeepSeek-R1-0528-Qwen3-8B
150,korbench,Qwen2.5-Coder-7B-Instruct
150,meld,gemma-2-9b-it
150,livecodebench,Qwen3-8B
150,math500,NVIDIA-Nemotron-Nano-9B-v2
150,finqa,Fin-R1
150,mmlupro,Llama-3.1-8B-UltraMedical
151,medqa,Llama-3.1-8B-Instruct
151,bbh,DeepSeek-R1-0528-Qwen3-8B
151,korbench,Qwen2.5-Coder-7B-Instruct
151,meld,gemma-2-9b-it
151,livecodebench,Qwen3-8B
151,math500,NVIDIA-Nemotron-Nano-9B-v2
151,finqa,Fin-R1
151,mmlupro,Llama-3.1-8B-UltraMedical
152,korbench,DeepSeek-R1-0528-Qwen3-8B
152,medqa,Llama-3.1-8B-UltraMedical
152,meld,gemma-2-9b-it
152,livecodebench,Qwen3-8B
152,math500,NVIDIA-Nemotron-Nano-9B-v2
152,bbh,Llama-3.1-8B-Instruct
152,finqa,Fin-R1
152,mmlupro,Qwen2.5-Coder-7B-Instruct
153,mmlupro,Llama-3.1-8B-Instruct
153,medqa,Llama-3.1-8B-UltraMedical
153,bbh,DeepSeek-R1-0528-Qwen3-8B
153,korbench,Qwen2.5-Coder-7B-Instruct
153,meld,gemma-2-9b-it
153,livecodebench,Qwen3-8B
153,math500,NVIDIA-Nemotron-Nano-9B-v2
153,finqa,Fin-R1
154,mmlupro,Llama-3.1-8B-Instruct
154,bbh,NVIDIA-Nemotron-Nano-9B-v2
154,medqa,Llama-3.1-8B-UltraMedical
154,korbench,Qwen2.5-Coder-7B-Instruct
154,meld,gemma-2-9b-it
154,livecodebench,Qwen3-8B
154,finqa,Fin-R1
154,math500,DeepSeek-R1-0528-Qwen3-8B
155,mmlupro,Llama-3.1-8B-Instruct
155,bbh,NVIDIA-Nemotron-Nano-9B-v2
155,medqa,Llama-3.1-8B-UltraMedical
155,korbench,Qwen2.5-Coder-7B-Instruct
155,meld,gemma-2-9b-it
155,livecodebench,Qwen3-8B
155,finqa,Fin-R1
155,math500,DeepSeek-R1-0528-Qwen3-8B
156,mmlupro,Llama-3.1-8B-Instruct
156,meld,Qwen2.5-Coder-7B-Instruct
156,bbh,NVIDIA-Nemotron-Nano-9B-v2
156,medqa,Llama-3.1-8B-UltraMedical
156,livecodebench,Qwen3-8B
156,finqa,Fin-R1
156,korbench,gemma-2-9b-it
156,math500,DeepSeek-R1-0528-Qwen3-8B
157,mmlupro,Qwen2.5-Coder-7B-Instruct
157,medqa,Llama-3.1-8B-UltraMedical
157,meld,gemma-2-9b-it
157,livecodebench,NVIDIA-Nemotron-Nano-9B-v2
157,bbh,Llama-3.1-8B-Instruct
157,finqa,Fin-R1
157,math500,DeepSeek-R1-0528-Qwen3-8B
157,korbench,Qwen3-8B
158,mmlupro,Llama-3.1-8B-Instruct
158,bbh,NVIDIA-Nemotron-Nano-9B-v2
158,medqa,Llama-3.1-8B-UltraMedical
158,korbench,Qwen2.5-Coder-7B-Instruct
158,meld,gemma-2-9b-it
158,livecodebench,Qwen3-8B
158,finqa,Fin-R1
158,math500,DeepSeek-R1-0528-Qwen3-8B
159,mmlupro,Llama-3.1-8B-Instruct
159,bbh,NVIDIA-Nemotron-Nano-9B-v2
159,medqa,Llama-3.1-8B-UltraMedical
159,korbench,Qwen2.5-Coder-7B-Instruct
159,meld,gemma-2-9b-it
159,livecodebench,Qwen3-8B
159,finqa,Fin-R1
159,math500,DeepSeek-R1-0528-Qwen3-8B
160,meld,Qwen2.5-Coder-7B-Instruct
160,medqa,Llama-3.1-8B-UltraMedical
160,mmlupro,gemma-2-9b-it
160,bbh,DeepSeek-R1-0528-Qwen3-8B
160,korbench,Llama-3.1-8B-Instruct
160,livecodebench,Qwen3-8B
160,math500,NVIDIA-Nemotron-Nano-9B-v2
160,finqa,Fin-R1
161,meld,Qwen2.5-Coder-7B-Instruct
161,medqa,Llama-3.1-8B-UltraMedical
161,mmlupro,gemma-2-9b-it
161,korbench,Llama-3.1-8B-Instruct
161,livecodebench,NVIDIA-Nemotron-Nano-9B-v2
161,finqa,Fin-R1
161,math500,DeepSeek-R1-0528-Qwen3-8B
161,bbh,Qwen3-8B
162,meld,Qwen2.5-Coder-7B-Instruct
162,medqa,Llama-3.1-8B-UltraMedical
162,mmlupro,gemma-2-9b-it
162,bbh,DeepSeek-R1-0528-Qwen3-8B
162,korbench,Llama-3.1-8B-Instruct
162,livecodebench,Qwen3-8B
162,math500,NVIDIA-Nemotron-Nano-9B-v2
162,finqa,Fin-R1
163,meld,Qwen2.5-Coder-7B-Instruct
163,bbh,NVIDIA-Nemotron-Nano-9B-v2
163,medqa,Llama-3.1-8B-Instruct
163,mmlupro,Llama-3.1-8B-UltraMedical
163,livecodebench,Qwen3-8B
163,finqa,Fin-R1
163,korbench,gemma-2-9b-it
163,math500,DeepSeek-R1-0528-Qwen3-8B
164,meld,Qwen2.5-Coder-7B-Instruct
164,medqa,Llama-3.1-8B-Instruct
164,mmlupro,gemma-2-9b-it
164,bbh,DeepSeek-R1-0528-Qwen3-8B
164,korbench,Llama-3.1-8B-UltraMedical
164,livecodebench,Qwen3-8B
164,math500,NVIDIA-Nemotron-Nano-9B-v2
164,finqa,Fin-R1
165,medqa,Llama-3.1-8B-Instruct
165,bbh,DeepSeek-R1-0528-Qwen3-8B
165,korbench,Qwen2.5-Coder-7B-Instruct
165,meld,gemma-2-9b-it
165,livecodebench,Qwen3-8B
165,math500,NVIDIA-Nemotron-Nano-9B-v2
165,finqa,Fin-R1
165,mmlupro,Llama-3.1-8B-UltraMedical
166,meld,Qwen2.5-Coder-7B-Instruct
166,medqa,Llama-3.1-8B-UltraMedical
166,mmlupro,gemma-2-9b-it
166,livecodebench,Qwen3-8B
166,bbh,Llama-3.1-8B-Instruct
166,finqa,Fin-R1
166,math500,DeepSeek-R1-0528-Qwen3-8B
166,korbench,NVIDIA-Nemotron-Nano-9B-v2
167,meld,Qwen2.5-Coder-7B-Instruct
167,medqa,Llama-3.1-8B-Instruct
167,mmlupro,gemma-2-9b-it
167,bbh,DeepSeek-R1-0528-Qwen3-8B
167,korbench,Llama-3.1-8B-UltraMedical
167,livecodebench,Qwen3-8B
167,math500,NVIDIA-Nemotron-Nano-9B-v2
167,finqa,Fin-R1
168,medqa,Llama-3.1-8B-Instruct
168,bbh,DeepSeek-R1-0528-Qwen3-8B
168,math500,Qwen3-8B
168,korbench,Qwen2.5-Coder-7B-Instruct
168,meld,gemma-2-9b-it
168,livecodebench,NVIDIA-Nemotron-Nano-9B-v2
168,finqa,Fin-R1
168,mmlupro,Llama-3.1-8B-UltraMedical
169,medqa,Llama-3.1-8B-Instruct
169,bbh,DeepSeek-R1-0528-Qwen3-8B
169,korbench,Qwen2.5-Coder-7B-Instruct
169,meld,gemma-2-9b-it
169,livecodebench,Qwen3-8B
169,math500,NVIDIA-Nemotron-Nano-9B-v2
169,finqa,Fin-R1
169,mmlupro,Llama-3.1-8B-UltraMedical
170,medqa,Llama-3.1-8B-Instruct
170,bbh,DeepSeek-R1-0528-Qwen3-8B
170,korbench,Qwen2.5-Coder-7B-Instruct
170,meld,gemma-2-9b-it
170,livecodebench,Qwen3-8B
170,math500,NVIDIA-Nemotron-Nano-9B-v2
170,finqa,Fin-R1
170,mmlupro,Llama-3.1-8B-UltraMedical
171,meld,Qwen2.5-Coder-7B-Instruct
171,medqa,Llama-3.1-8B-Instruct
171,mmlupro,gemma-2-9b-it
171,bbh,DeepSeek-R1-0528-Qwen3-8B
171,korbench,Llama-3.1-8B-UltraMedical
171,livecodebench,Qwen3-8B
171,math500,NVIDIA-Nemotron-Nano-9B-v2
171,finqa,Fin-R1
172,meld,Qwen2.5-Coder-7B-Instruct
172,medqa,Llama-3.1-8B-Instruct
172,bbh,DeepSeek-R1-0528-Qwen3-8B
172,livecodebench,Qwen3-8B
172,math500,NVIDIA-Nemotron-Nano-9B-v2
172,finqa,Fin-R1
172,korbench,gemma-2-9b-it
172,mmlupro,Llama-3.1-8B-UltraMedical
173,meld,Qwen2.5-Coder-7B-Instruct
173,medqa,Llama-3.1-8B-Instruct
173,bbh,DeepSeek-R1-0528-Qwen3-8B
173,livecodebench,Qwen3-8B
173,math500,NVIDIA-Nemotron-Nano-9B-v2
173,finqa,Fin-R1
173,korbench,gemma-2-9b-it
173,mmlupro,Llama-3.1-8B-UltraMedical
174,meld,Qwen2.5-Coder-7B-Instruct
174,bbh,NVIDIA-Nemotron-Nano-9B-v2
174,medqa,Llama-3.1-8B-Instruct
174,mmlupro,gemma-2-9b-it
174,korbench,Llama-3.1-8B-UltraMedical
174,livecodebench,Qwen3-8B
174,finqa,Fin-R1
174,math500,DeepSeek-R1-0528-Qwen3-8B
175,meld,Qwen2.5-Coder-7B-Instruct
175,bbh,NVIDIA-Nemotron-Nano-9B-v2
175,medqa,Llama-3.1-8B-UltraMedical
175,mmlupro,gemma-2-9b-it
175,korbench,Llama-3.1-8B-Instruct
175,livecodebench,Qwen3-8B
175,finqa,Fin-R1
175,math500,DeepSeek-R1-0528-Qwen3-8B
176,mmlupro,Llama-3.1-8B-Instruct
176,bbh,NVIDIA-Nemotron-Nano-9B-v2
176,medqa,Llama-3.1-8B-UltraMedical
176,korbench,Qwen2.5-Coder-7B-Instruct
176,meld,gemma-2-9b-it
176,livecodebench,Qwen3-8B
176,finqa,Fin-R1
176,math500,DeepSeek-R1-0528-Qwen3-8B
177,medqa,Llama-3.1-8B-Instruct
177,bbh,DeepSeek-R1-0528-Qwen3-8B
177,korbench,Qwen2.5-Coder-7B-Instruct
177,meld,gemma-2-9b-it
177,livecodebench,Qwen3-8B
177,math500,NVIDIA-Nemotron-Nano-9B-v2
177,finqa,Fin-R1
177,mmlupro,Llama-3.1-8B-UltraMedical
178,mmlupro,Llama-3.1-8B-Instruct
178,medqa,Llama-3.1-8B-UltraMedical
178,bbh,DeepSeek-R1-0528-Qwen3-8B
178,korbench,Qwen2.5-Coder-7B-Instruct
178,meld,gemma-2-9b-it
178,livecodebench,Qwen3-8B
178,math500,NVIDIA-Nemotron-Nano-9B-v2
178,finqa,Fin-R1
179,mmlupro,Llama-3.1-8B-Instruct
179,medqa,Llama-3.1-8B-UltraMedical
179,bbh,DeepSeek-R1-0528-Qwen3-8B
179,korbench,Qwen2.5-Coder-7B-Instruct
179,meld,gemma-2-9b-it
179,livecodebench,Qwen3-8B
179,math500,NVIDIA-Nemotron-Nano-9B-v2
179,finqa,Fin-R1
180,meld,Qwen2.5-Coder-7B-Instruct
180,bbh,NVIDIA-Nemotron-Nano-9B-v2
180,medqa,Llama-3.1-8B-Instruct
180,mmlupro,gemma-2-9b-it
180,korbench,Llama-3.1-8B-UltraMedical
180,livecodebench,Qwen3-8B
180,finqa,Fin-R1
180,math500,DeepSeek-R1-0528-Qwen3-8B
181,bbh,NVIDIA-Nemotron-Nano-9B-v2
181,medqa,Llama-3.1-8B-Instruct
181,korbench,Qwen2.5-Coder-7B-Instruct
181,meld,gemma-2-9b-it
181,livecodebench,Qwen3-8B
181,finqa,Fin-R1
181,mmlupro,Llama-3.1-8B-UltraMedical
181,math500,DeepSeek-R1-0528-Qwen3-8B
182,meld,Qwen2.5-Coder-7B-Instruct
182,medqa,Llama-3.1-8B-UltraMedical
182,mmlupro,gemma-2-9b-it
182,bbh,DeepSeek-R1-0528-Qwen3-8B
182,korbench,Llama-3.1-8B-Instruct
182,livecodebench,Qwen3-8B
182,math500,NVIDIA-Nemotron-Nano-9B-v2
182,finqa,Fin-R1
183,mmlupro,Llama-3.1-8B-Instruct
183,medqa,Llama-3.1-8B-UltraMedical
183,korbench,Qwen2.5-Coder-7B-Instruct
183,meld,gemma-2-9b-it
183,livecodebench,NVIDIA-Nemotron-Nano-9B-v2
183,finqa,Fin-R1
183,math500,DeepSeek-R1-0528-Qwen3-8B
183,bbh,Qwen3-8B
184,medqa,Llama-3.1-8B-Instruct
184,bbh,DeepSeek-R1-0528-Qwen3-8B
184,korbench,Qwen2.5-Coder-7B-Instruct
184,meld,gemma-2-9b-it
184,livecodebench,Qwen3-8B
184,math500,NVIDIA-Nemotron-Nano-9B-v2
184,finqa,Fin-R1
184,mmlupro,Llama-3.1-8B-UltraMedical
185,mmlupro,Llama-3.1-8B-Instruct
185,medqa,Llama-3.1-8B-UltraMedical
185,bbh,DeepSeek-R1-0528-Qwen3-8B
185,korbench,Qwen2.5-Coder-7B-Instruct
185,meld,gemma-2-9b-it
185,livecodebench,Qwen3-8B
185,math500,NVIDIA-Nemotron-Nano-9B-v2
185,finqa,Fin-R1
186,medqa,Llama-3.1-8B-Instruct
186,bbh,DeepSeek-R1-0528-Qwen3-8B
186,korbench,Qwen2.5-Coder-7B-Instruct
186,meld,gemma-2-9b-it
186,livecodebench,Qwen3-8B
186,math500,NVIDIA-Nemotron-Nano-9B-v2
186,finqa,Fin-R1
186,mmlupro,Llama-3.1-8B-UltraMedical
187,mmlupro,Llama-3.1-8B-Instruct
187,medqa,Llama-3.1-8B-UltraMedical
187,bbh,DeepSeek-R1-0528-Qwen3-8B
187,korbench,Qwen2.5-Coder-7B-Instruct
187,meld,gemma-2-9b-it
187,livecodebench,Qwen3-8B
187,math500,NVIDIA-Nemotron-Nano-9B-v2
187,finqa,Fin-R1
188,medqa,Llama-3.1-8B-Instruct
188,bbh,DeepSeek-R1-0528-Qwen3-8B
188,korbench,Qwen2.5-Coder-7B-Instruct
188,meld,gemma-2-9b-it
188,livecodebench,Qwen3-8B
188,math500,NVIDIA-Nemotron-Nano-9B-v2
188,finqa,Fin-R1
188,mmlupro,Llama-3.1-8B-UltraMedical
189,bbh,NVIDIA-Nemotron-Nano-9B-v2
189,medqa,Llama-3.1-8B-Instruct
189,korbench,Qwen2.5-Coder-7B-Instruct
189,meld,gemma-2-9b-it
189,livecodebench,Qwen3-8B
189,finqa,Fin-R1
189,mmlupro,Llama-3.1-8B-UltraMedical
189,math500,DeepSeek-R1-0528-Qwen3-8B
190,bbh,NVIDIA-Nemotron-Nano-9B-v2
190,medqa,Llama-3.1-8B-Instruct
190,korbench,Qwen2.5-Coder-7B-Instruct
190,meld,gemma-2-9b-it
190,livecodebench,Qwen3-8B
190,finqa,Fin-R1
190,mmlupro,Llama-3.1-8B-UltraMedical
190,math500,DeepSeek-R1-0528-Qwen3-8B
191,meld,Qwen2.5-Coder-7B-Instruct
191,medqa,Llama-3.1-8B-Instruct
191,mmlupro,gemma-2-9b-it
191,bbh,DeepSeek-R1-0528-Qwen3-8B
191,korbench,Llama-3.1-8B-UltraMedical
191,livecodebench,Qwen3-8B
191,math500,NVIDIA-Nemotron-Nano-9B-v2
191,finqa,Fin-R1
192,mmlupro,Llama-3.1-8B-Instruct
192,medqa,Llama-3.1-8B-UltraMedical
192,bbh,DeepSeek-R1-0528-Qwen3-8B
192,korbench,Qwen2.5-Coder-7B-Instruct
192,meld,gemma-2-9b-it
192,livecodebench,Qwen3-8B
192,math500,NVIDIA-Nemotron-Nano-9B-v2
192,finqa,Fin-R1
193,bbh,NVIDIA-Nemotron-Nano-9B-v2
193,medqa,Llama-3.1-8B-Instruct
193,korbench,Qwen2.5-Coder-7B-Instruct
193,meld,gemma-2-9b-it
193,livecodebench,Qwen3-8B
193,finqa,Fin-R1
193,mmlupro,Llama-3.1-8B-UltraMedical
193,math500,DeepSeek-R1-0528-Qwen3-8B
194,mmlupro,Llama-3.1-8B-Instruct
194,bbh,NVIDIA-Nemotron-Nano-9B-v2
194,medqa,Llama-3.1-8B-UltraMedical
194,korbench,Qwen2.5-Coder-7B-Instruct
194,meld,gemma-2-9b-it
194,livecodebench,Qwen3-8B
194,finqa,Fin-R1
194,math500,DeepSeek-R1-0528-Qwen3-8B
195,meld,Qwen2.5-Coder-7B-Instruct
195,bbh,NVIDIA-Nemotron-Nano-9B-v2
195,medqa,Llama-3.1-8B-Instruct
195,mmlupro,gemma-2-9b-it
195,korbench,Llama-3.1-8B-UltraMedical
195,livecodebench,Qwen3-8B
195,finqa,Fin-R1
195,math500,DeepSeek-R1-0528-Qwen3-8B
196,medqa,Llama-3.1-8B-Instruct
196,bbh,Qwen3-8B
196,korbench,Qwen2.5-Coder-7B-Instruct
196,meld,gemma-2-9b-it
196,livecodebench,NVIDIA-Nemotron-Nano-9B-v2
196,finqa,Fin-R1
196,mmlupro,Llama-3.1-8B-UltraMedical
196,math500,DeepSeek-R1-0528-Qwen3-8B
197,bbh,NVIDIA-Nemotron-Nano-9B-v2
197,medqa,Llama-3.1-8B-Instruct
197,korbench,Qwen2.5-Coder-7B-Instruct
197,meld,gemma-2-9b-it
197,livecodebench,Qwen3-8B
197,finqa,Fin-R1
197,mmlupro,Llama-3.1-8B-UltraMedical
197,math500,DeepSeek-R1-0528-Qwen3-8B
198,meld,Qwen2.5-Coder-7B-Instruct
198,medqa,Llama-3.1-8B-Instruct
198,mmlupro,gemma-2-9b-it
198,bbh,DeepSeek-R1-0528-Qwen3-8B
198,math500,Qwen3-8B
198,korbench,Llama-3.1-8B-UltraMedical
198,livecodebench,NVIDIA-Nemotron-Nano-9B-v2
198,finqa,Fin-R1
199,bbh,NVIDIA-Nemotron-Nano-9B-v2
199,medqa,Llama-3.1-8B-Instruct
199,korbench,Qwen2.5-Coder-7B-Instruct
199,meld,gemma-2-9b-it
199,livecodebench,Qwen3-8B
199,finqa,Fin-R1
199,mmlupro,Llama-3.1-8B-UltraMedical
199,math500,DeepSeek-R1-0528-Qwen3-8B
200,meld,Qwen2.5-Coder-7B-Instruct
200,bbh,NVIDIA-Nemotron-Nano-9B-v2
200,medqa,Llama-3.1-8B-Instruct
200,mmlupro,gemma-2-9b-it
200,korbench,Llama-3.1-8B-UltraMedical
200,livecodebench,Qwen3-8B
200,finqa,Fin-R1
200,math500,DeepSeek-R1-0528-Qwen3-8B
201,mmlupro,Llama-3.1-8B-Instruct
201,medqa,Llama-3.1-8B-UltraMedical
201,bbh,DeepSeek-R1-0528-Qwen3-8B
201,korbench,Qwen2.5-Coder-7B-Instruct
201,meld,gemma-2-9b-it
201,livecodebench,Qwen3-8B
201,math500,NVIDIA-Nemotron-Nano-9B-v2
201,finqa,Fin-R1
202,meld,Qwen2.5-Coder-7B-Instruct
202,medqa,Llama-3.1-8B-Instruct
202,mmlupro,gemma-2-9b-it
202,bbh,DeepSeek-R1-0528-Qwen3-8B
202,korbench,Llama-3.1-8B-UltraMedical
202,livecodebench,Qwen3-8B
202,math500,NVIDIA-Nemotron-Nano-9B-v2
202,finqa,Fin-R1
203,medqa,Llama-3.1-8B-Instruct
203,bbh,DeepSeek-R1-0528-Qwen3-8B
203,korbench,Qwen2.5-Coder-7B-Instruct
203,meld,gemma-2-9b-it
203,livecodebench,Qwen3-8B
203,math500,NVIDIA-Nemotron-Nano-9B-v2
203,finqa,Fin-R1
203,mmlupro,Llama-3.1-8B-UltraMedical
204,medqa,Llama-3.1-8B-Instruct
204,bbh,DeepSeek-R1-0528-Qwen3-8B
204,korbench,Qwen2.5-Coder-7B-Instruct
204,meld,gemma-2-9b-it
204,livecodebench,Qwen3-8B
204,math500,NVIDIA-Nemotron-Nano-9B-v2
204,finqa,Fin-R1
204,mmlupro,Llama-3.1-8B-UltraMedical
205,mmlupro,Llama-3.1-8B-Instruct
205,bbh,NVIDIA-Nemotron-Nano-9B-v2
205,medqa,Llama-3.1-8B-UltraMedical
205,korbench,Qwen2.5-Coder-7B-Instruct
205,meld,gemma-2-9b-it
205,livecodebench,Qwen3-8B
205,finqa,Fin-R1
205,math500,DeepSeek-R1-0528-Qwen3-8B
206,mmlupro,Llama-3.1-8B-Instruct
206,medqa,Llama-3.1-8B-UltraMedical
206,bbh,DeepSeek-R1-0528-Qwen3-8B
206,korbench,Qwen2.5-Coder-7B-Instruct
206,meld,gemma-2-9b-it
206,livecodebench,Qwen3-8B
206,math500,NVIDIA-Nemotron-Nano-9B-v2
206,finqa,Fin-R1
207,medqa,Llama-3.1-8B-Instruct
207,bbh,DeepSeek-R1-0528-Qwen3-8B
207,korbench,Qwen2.5-Coder-7B-Instruct
207,meld,gemma-2-9b-it
207,livecodebench,Qwen3-8B
207,math500,NVIDIA-Nemotron-Nano-9B-v2
207,finqa,Fin-R1
207,mmlupro,Llama-3.1-8B-UltraMedical
208,bbh,NVIDIA-Nemotron-Nano-9B-v2
208,medqa,Llama-3.1-8B-Instruct
208,korbench,Qwen2.5-Coder-7B-Instruct
208,meld,gemma-2-9b-it
208,livecodebench,Qwen3-8B
208,finqa,Fin-R1
208,mmlupro,Llama-3.1-8B-UltraMedical
208,math500,DeepSeek-R1-0528-Qwen3-8B
209,meld,Qwen2.5-Coder-7B-Instruct
209,medqa,Llama-3.1-8B-UltraMedical
209,mmlupro,gemma-2-9b-it
209,korbench,Llama-3.1-8B-Instruct
209,livecodebench,NVIDIA-Nemotron-Nano-9B-v2
209,finqa,Fin-R1
209,math500,DeepSeek-R1-0528-Qwen3-8B
209,bbh,Qwen3-8B
210,meld,Qwen2.5-Coder-7B-Instruct
210,bbh,NVIDIA-Nemotron-Nano-9B-v2
210,medqa,Llama-3.1-8B-Instruct
210,mmlupro,gemma-2-9b-it
210,korbench,Llama-3.1-8B-UltraMedical
210,livecodebench,Qwen3-8B
210,finqa,Fin-R1
210,math500,DeepSeek-R1-0528-Qwen3-8B
211,medqa,Llama-3.1-8B-Instruct
211,bbh,Qwen3-8B
211,korbench,Qwen2.5-Coder-7B-Instruct
211,meld,gemma-2-9b-it
211,livecodebench,NVIDIA-Nemotron-Nano-9B-v2
211,finqa,Fin-R1
211,mmlupro,Llama-3.1-8B-UltraMedical
211,math500,DeepSeek-R1-0528-Qwen3-8B
212,meld,Qwen2.5-Coder-7B-Instruct
212,medqa,Llama-3.1-8B-Instruct
212,mmlupro,gemma-2-9b-it
212,bbh,Llama-3.1-8B-UltraMedical
212,livecodebench,Qwen3-8B
212,finqa,Fin-R1
212,math500,DeepSeek-R1-0528-Qwen3-8B
212,korbench,NVIDIA-Nemotron-Nano-9B-v2
213,meld,Qwen2.5-Coder-7B-Instruct
213,medqa,Llama-3.1-8B-UltraMedical
213,mmlupro,gemma-2-9b-it
213,livecodebench,Qwen3-8B
213,bbh,Llama-3.1-8B-Instruct
213,finqa,Fin-R1
213,math500,DeepSeek-R1-0528-Qwen3-8B
213,korbench,NVIDIA-Nemotron-Nano-9B-v2
214,mmlupro,Llama-3.1-8B-Instruct
214,bbh,NVIDIA-Nemotron-Nano-9B-v2
214,medqa,Llama-3.1-8B-UltraMedical
214,korbench,Qwen2.5-Coder-7B-Instruct
214,meld,gemma-2-9b-it
214,livecodebench,Qwen3-8B
214,finqa,Fin-R1
214,math500,DeepSeek-R1-0528-Qwen3-8B
215,mmlupro,Qwen2.5-Coder-7B-Instruct
215,medqa,Llama-3.1-8B-UltraMedical
215,meld,gemma-2-9b-it
215,livecodebench,Qwen3-8B
215,bbh,Llama-3.1-8B-Instruct
215,finqa,Fin-R1
215,math500,DeepSeek-R1-0528-Qwen3-8B
215,korbench,NVIDIA-Nemotron-Nano-9B-v2
216,medqa,Llama-3.1-8B-Instruct
216,bbh,DeepSeek-R1-0528-Qwen3-8B
216,korbench,Qwen2.5-Coder-7B-Instruct
216,meld,gemma-2-9b-it
216,livecodebench,Qwen3-8B
216,math500,NVIDIA-Nemotron-Nano-9B-v2
216,finqa,Fin-R1
216,mmlupro,Llama-3.1-8B-UltraMedical
217,meld,Qwen2.5-Coder-7B-Instruct
217,medqa,Llama-3.1-8B-UltraMedical
217,mmlupro,gemma-2-9b-it
217,livecodebench,NVIDIA-Nemotron-Nano-9B-v2
217,bbh,Llama-3.1-8B-Instruct
217,finqa,Fin-R1
217,math500,DeepSeek-R1-0528-Qwen3-8B
217,korbench,Qwen3-8B
218,mmlupro,Llama-3.1-8B-Instruct
218,bbh,NVIDIA-Nemotron-Nano-9B-v2
218,medqa,Llama-3.1-8B-UltraMedical
218,korbench,Qwen2.5-Coder-7B-Instruct
218,meld,gemma-2-9b-it
218,livecodebench,Qwen3-8B
218,finqa,Fin-R1
218,math500,DeepSeek-R1-0528-Qwen3-8B
219,meld,Qwen2.5-Coder-7B-Instruct
219,bbh,NVIDIA-Nemotron-Nano-9B-v2
219,medqa,Llama-3.1-8B-Instruct
219,mmlupro,gemma-2-9b-it
219,korbench,Llama-3.1-8B-UltraMedical
219,livecodebench,Qwen3-8B
219,finqa,Fin-R1
219,math500,DeepSeek-R1-0528-Qwen3-8B
220,medqa,Llama-3.1-8B-Instruct
220,bbh,DeepSeek-R1-0528-Qwen3-8B
220,korbench,Qwen2.5-Coder-7B-Instruct
220,meld,gemma-2-9b-it
220,livecodebench,Qwen3-8B
220,math500,NVIDIA-Nemotron-Nano-9B-v2
220,finqa,Fin-R1
220,mmlupro,Llama-3.1-8B-UltraMedical
221,mmlupro,Llama-3.1-8B-Instruct
221,meld,Qwen2.5-Coder-7B-Instruct
221,medqa,Llama-3.1-8B-UltraMedical
221,livecodebench,NVIDIA-Nemotron-Nano-9B-v2
221,finqa,Fin-R1
221,korbench,gemma-2-9b-it
221,math500,DeepSeek-R1-0528-Qwen3-8B
221,bbh,Qwen3-8B
222,mmlupro,Llama-3.1-8B-Instruct
222,bbh,NVIDIA-Nemotron-Nano-9B-v2
222,medqa,Llama-3.1-8B-UltraMedical
222,korbench,Qwen2.5-Coder-7B-Instruct
222,meld,gemma-2-9b-it
222,livecodebench,Qwen3-8B
222,finqa,Fin-R1
222,math500,DeepSeek-R1-0528-Qwen3-8B
223,meld,Qwen2.5-Coder-7B-Instruct
223,medqa,Llama-3.1-8B-Instruct
223,mmlupro,gemma-2-9b-it
223,bbh,DeepSeek-R1-0528-Qwen3-8B
223,korbench,Llama-3.1-8B-UltraMedical
223,livecodebench,Qwen3-8B
223,math500,NVIDIA-Nemotron-Nano-9B-v2
223,finqa,Fin-R1
224,medqa,Llama-3.1-8B-Instruct
224,bbh,DeepSeek-R1-0528-Qwen3-8B
224,korbench,Qwen2.5-Coder-7B-Instruct
224,meld,gemma-2-9b-it
224,livecodebench,Qwen3-8B
224,math500,NVIDIA-Nemotron-Nano-9B-v2
224,finqa,Fin-R1
224,mmlupro,Llama-3.1-8B-UltraMedical
225,medqa,Llama-3.1-8B-Instruct
225,bbh,DeepSeek-R1-0528-Qwen3-8B
225,korbench,Qwen2.5-Coder-7B-Instruct
225,meld,gemma-2-9b-it
225,livecodebench,Qwen3-8B
225,math500,NVIDIA-Nemotron-Nano-9B-v2
225,finqa,Fin-R1
225,mmlupro,Llama-3.1-8B-UltraMedical
226,mmlupro,Llama-3.1-8B-Instruct
226,bbh,NVIDIA-Nemotron-Nano-9B-v2
226,medqa,Llama-3.1-8B-UltraMedical
226,korbench,Qwen2.5-Coder-7B-Instruct
226,meld,gemma-2-9b-it
226,livecodebench,Qwen3-8B
226,finqa,Fin-R1
226,math500,DeepSeek-R1-0528-Qwen3-8B
227,mmlupro,Llama-3.1-8B-Instruct
227,medqa,Llama-3.1-8B-UltraMedical
227,bbh,DeepSeek-R1-0528-Qwen3-8B
227,korbench,Qwen2.5-Coder-7B-Instruct
227,meld,gemma-2-9b-it
227,livecodebench,Qwen3-8B
227,math500,NVIDIA-Nemotron-Nano-9B-v2
227,finqa,Fin-R1
228,meld,Qwen2.5-Coder-7B-Instruct
228,medqa,Llama-3.1-8B-Instruct
228,mmlupro,gemma-2-9b-it
228,bbh,DeepSeek-R1-0528-Qwen3-8B
228,korbench,Llama-3.1-8B-UltraMedical
228,livecodebench,Qwen3-8B
228,math500,NVIDIA-Nemotron-Nano-9B-v2
228,finqa,Fin-R1
229,mmlupro,Llama-3.1-8B-Instruct
229,medqa,Llama-3.1-8B-UltraMedical
229,bbh,DeepSeek-R1-0528-Qwen3-8B
229,math500,Qwen3-8B
229,korbench,Qwen2.5-Coder-7B-Instruct
229,meld,gemma-2-9b-it
229,livecodebench,NVIDIA-Nemotron-Nano-9B-v2
229,finqa,Fin-R1
230,meld,Qwen2.5-Coder-7B-Instruct
230,medqa,Llama-3.1-8B-UltraMedical
230,mmlupro,gemma-2-9b-it
230,bbh,DeepSeek-R1-0528-Qwen3-8B
230,korbench,Llama-3.1-8B-Instruct
230,livecodebench,Qwen3-8B
230,math500,NVIDIA-Nemotron-Nano-9B-v2
230,finqa,Fin-R1
231,mmlupro,Llama-3.1-8B-Instruct
231,medqa,Llama-3.1-8B-UltraMedical
231,bbh,DeepSeek-R1-0528-Qwen3-8B
231,korbench,Qwen2.5-Coder-7B-Instruct
231,meld,gemma-2-9b-it
231,livecodebench,Qwen3-8B
231,math500,NVIDIA-Nemotron-Nano-9B-v2
231,finqa,Fin-R1
232,meld,Qwen2.5-Coder-7B-Instruct
232,medqa,Llama-3.1-8B-Instruct
232,mmlupro,gemma-2-9b-it
232,bbh,DeepSeek-R1-0528-Qwen3-8B
232,korbench,Llama-3.1-8B-UltraMedical
232,livecodebench,Qwen3-8B
232,math500,NVIDIA-Nemotron-Nano-9B-v2
232,finqa,Fin-R1
233,meld,Qwen2.5-Coder-7B-Instruct
233,bbh,NVIDIA-Nemotron-Nano-9B-v2
233,medqa,Llama-3.1-8B-UltraMedical
233,mmlupro,gemma-2-9b-it
233,korbench,Llama-3.1-8B-Instruct
233,livecodebench,Qwen3-8B
233,finqa,Fin-R1
233,math500,DeepSeek-R1-0528-Qwen3-8B
234,meld,Qwen2.5-Coder-7B-Instruct
234,bbh,NVIDIA-Nemotron-Nano-9B-v2
234,medqa,Llama-3.1-8B-Instruct
234,mmlupro,gemma-2-9b-it
234,korbench,Llama-3.1-8B-UltraMedical
234,livecodebench,Qwen3-8B
234,finqa,Fin-R1
234,math500,DeepSeek-R1-0528-Qwen3-8B
235,medqa,Llama-3.1-8B-Instruct
235,bbh,DeepSeek-R1-0528-Qwen3-8B
235,math500,Qwen3-8B
235,korbench,Qwen2.5-Coder-7B-Instruct
235,meld,gemma-2-9b-it
235,livecodebench,NVIDIA-Nemotron-Nano-9B-v2
235,finqa,Fin-R1
235,mmlupro,Llama-3.1-8B-UltraMedical
236,mmlupro,Llama-3.1-8B-Instruct
236,medqa,Llama-3.1-8B-UltraMedical
236,bbh,DeepSeek-R1-0528-Qwen3-8B
236,korbench,Qwen2.5-Coder-7B-Instruct
236,meld,gemma-2-9b-it
236,livecodebench,Qwen3-8B
236,math500,NVIDIA-Nemotron-Nano-9B-v2
236,finqa,Fin-R1
237,bbh,NVIDIA-Nemotron-Nano-9B-v2
237,medqa,Llama-3.1-8B-Instruct
237,korbench,Qwen2.5-Coder-7B-Instruct
237,meld,gemma-2-9b-it
237,livecodebench,Qwen3-8B
237,finqa,Fin-R1
237,mmlupro,Llama-3.1-8B-UltraMedical
237,math500,DeepSeek-R1-0528-Qwen3-8B
238,mmlupro,Qwen2.5-Coder-7B-Instruct
238,medqa,Llama-3.1-8B-Instruct
238,meld,gemma-2-9b-it
238,bbh,Llama-3.1-8B-UltraMedical
238,livecodebench,NVIDIA-Nemotron-Nano-9B-v2
238,finqa,Fin-R1
238,math500,DeepSeek-R1-0528-Qwen3-8B
238,korbench,Qwen3-8B
239,mmlupro,Llama-3.1-8B-Instruct
239,medqa,Llama-3.1-8B-UltraMedical
239,bbh,DeepSeek-R1-0528-Qwen3-8B
239,korbench,Qwen2.5-Coder-7B-Instruct
239,meld,gemma-2-9b-it
239,livecodebench,Qwen3-8B
239,math500,NVIDIA-Nemotron-Nano-9B-v2
239,finqa,Fin-R1
240,mmlupro,Llama-3.1-8B-Instruct
240,bbh,NVIDIA-Nemotron-Nano-9B-v2
240,medqa,Llama-3.1-8B-UltraMedical
240,korbench,Qwen2.5-Coder-7B-Instruct
240,meld,gemma-2-9b-it
240,livecodebench,Qwen3-8B
240,finqa,Fin-R1
240,math500,DeepSeek-R1-0528-Qwen3-8B
241,medqa,Llama-3.1-8B-Instruct
241,bbh,DeepSeek-R1-0528-Qwen3-8B
241,korbench,Qwen2.5-Coder-7B-Instruct
241,meld,gemma-2-9b-it
241,livecodebench,Qwen3-8B
241,math500,NVIDIA-Nemotron-Nano-9B-v2
241,finqa,Fin-R1
241,mmlupro,Llama-3.1-8B-UltraMedical
242,meld,Qwen2.5-Coder-7B-Instruct
242,medqa,Llama-3.1-8B-Instruct
242,mmlupro,gemma-2-9b-it
242,korbench,Llama-3.1-8B-UltraMedical
242,livecodebench,NVIDIA-Nemotron-Nano-9B-v2
242,finqa,Fin-R1
242,math500,DeepSeek-R1-0528-Qwen3-8B
242,bbh,Qwen3-8B
243,medqa,Llama-3.1-8B-Instruct
243,bbh,DeepSeek-R1-0528-Qwen3-8B
243,korbench,Qwen2.5-Coder-7B-Instruct
243,meld,gemma-2-9b-it
243,livecodebench,Qwen3-8B
243,math500,NVIDIA-Nemotron-Nano-9B-v2
243,finqa,Fin-R1
243,mmlupro,Llama-3.1-8B-UltraMedical
244,meld,Qwen2.5-Coder-7B-Instruct
244,medqa,Llama-3.1-8B-UltraMedical
244,mmlupro,gemma-2-9b-it
244,livecodebench,NVIDIA-Nemotron-Nano-9B-v2
244,bbh,Llama-3.1-8B-Instruct
244,finqa,Fin-R1
244,math500,DeepSeek-R1-0528-Qwen3-8B
244,korbench,Qwen3-8B
245,meld,Qwen2.5-Coder-7B-Instruct
245,bbh,NVIDIA-Nemotron-Nano-9B-v2
245,medqa,Llama-3.1-8B-UltraMedical
245,mmlupro,gemma-2-9b-it
245,korbench,Llama-3.1-8B-Instruct
245,livecodebench,Qwen3-8B
245,finqa,Fin-R1
245,math500,DeepSeek-R1-0528-Qwen3-8B
246,mmlupro,Llama-3.1-8B-Instruct
246,bbh,NVIDIA-Nemotron-Nano-9B-v2
246,medqa,Llama-3.1-8B-UltraMedical
246,korbench,Qwen2.5-Coder-7B-Instruct
246,meld,gemma-2-9b-it
246,livecodebench,Qwen3-8B
246,finqa,Fin-R1
246,math500,DeepSeek-R1-0528-Qwen3-8B
247,medqa,Llama-3.1-8B-Instruct
247,bbh,DeepSeek-R1-0528-Qwen3-8B
247,math500,Qwen3-8B
247,korbench,Qwen2.5-Coder-7B-Instruct
247,meld,gemma-2-9b-it
247,livecodebench,NVIDIA-Nemotron-Nano-9B-v2
247,finqa,Fin-R1
247,mmlupro,Llama-3.1-8B-UltraMedical
248,mmlupro,Llama-3.1-8B-Instruct
248,medqa,Llama-3.1-8B-UltraMedical
248,bbh,DeepSeek-R1-0528-Qwen3-8B
248,math500,Qwen3-8B
248,korbench,Qwen2.5-Coder-7B-Instruct
248,meld,gemma-2-9b-it
248,livecodebench,NVIDIA-Nemotron-Nano-9B-v2
248,finqa,Fin-R1
249,mmlupro,Llama-3.1-8B-Instruct
249,medqa,Llama-3.1-8B-UltraMedical
249,bbh,DeepSeek-R1-0528-Qwen3-8B
249,korbench,Qwen2.5-Coder-7B-Instruct
249,meld,gemma-2-9b-it
249,livecodebench,Qwen3-8B
249,math500,NVIDIA-Nemotron-Nano-9B-v2
249,finqa,Fin-R1
250,mmlupro,Llama-3.1-8B-Instruct
250,bbh,NVIDIA-Nemotron-Nano-9B-v2
250,medqa,Llama-3.1-8B-UltraMedical
250,korbench,Qwen2.5-Coder-7B-Instruct
250,meld,gemma-2-9b-it
250,livecodebench,Qwen3-8B
250,finqa,Fin-R1
250,math500,DeepSeek-R1-0528-Qwen3-8B
251,mmlupro,Llama-3.1-8B-Instruct
251,medqa,Llama-3.1-8B-UltraMedical
251,bbh,DeepSeek-R1-0528-Qwen3-8B
251,korbench,Qwen2.5-Coder-7B-Instruct
251,meld,gemma-2-9b-it
251,livecodebench,Qwen3-8B
251,math500,NVIDIA-Nemotron-Nano-9B-v2
251,finqa,Fin-R1
252,mmlupro,Llama-3.1-8B-Instruct
252,medqa,Llama-3.1-8B-UltraMedical
252,bbh,DeepSeek-R1-0528-Qwen3-8B
252,korbench,Qwen2.5-Coder-7B-Instruct
252,meld,gemma-2-9b-it
252,livecodebench,Qwen3-8B
252,math500,NVIDIA-Nemotron-Nano-9B-v2
252,finqa,Fin-R1
253,meld,Qwen2.5-Coder-7B-Instruct
253,medqa,Llama-3.1-8B-Instruct
253,bbh,DeepSeek-R1-0528-Qwen3-8B
253,livecodebench,Qwen3-8B
253,math500,NVIDIA-Nemotron-Nano-9B-v2
253,finqa,Fin-R1
253,korbench,gemma-2-9b-it
253,mmlupro,Llama-3.1-8B-UltraMedical
254,mmlupro,Llama-3.1-8B-Instruct
254,medqa,Llama-3.1-8B-UltraMedical
254,bbh,DeepSeek-R1-0528-Qwen3-8B
254,korbench,Qwen2.5-Coder-7B-Instruct
254,meld,gemma-2-9b-it
254,livecodebench,Qwen3-8B
254,math500,NVIDIA-Nemotron-Nano-9B-v2
254,finqa,Fin-R1
255,mmlupro,Llama-3.1-8B-Instruct
255,bbh,NVIDIA-Nemotron-Nano-9B-v2
255,medqa,Llama-3.1-8B-UltraMedical
255,korbench,Qwen2.5-Coder-7B-Instruct
255,meld,gemma-2-9b-it
255,livecodebench,Qwen3-8B
255,finqa,Fin-R1
255,math500,DeepSeek-R1-0528-Qwen3-8B
256,meld,Qwen2.5-Coder-7B-Instruct
256,medqa,Llama-3.1-8B-UltraMedical
256,mmlupro,gemma-2-9b-it
256,bbh,DeepSeek-R1-0528-Qwen3-8B
256,korbench,Llama-3.1-8B-Instruct
256,livecodebench,Qwen3-8B
256,math500,NVIDIA-Nemotron-Nano-9B-v2
256,finqa,Fin-R1
257,meld,Qwen2.5-Coder-7B-Instruct
257,medqa,Llama-3.1-8B-Instruct
257,mmlupro,gemma-2-9b-it
257,bbh,DeepSeek-R1-0528-Qwen3-8B
257,math500,Qwen3-8B
257,korbench,Llama-3.1-8B-UltraMedical
257,livecodebench,NVIDIA-Nemotron-Nano-9B-v2
257,finqa,Fin-R1
258,meld,Qwen2.5-Coder-7B-Instruct
258,medqa,Llama-3.1-8B-UltraMedical
258,mmlupro,gemma-2-9b-it
258,korbench,Llama-3.1-8B-Instruct
258,math500,NVIDIA-Nemotron-Nano-9B-v2
258,finqa,Fin-R1
258,livecodebench,DeepSeek-R1-0528-Qwen3-8B
258,bbh,Qwen3-8B
259,mmlupro,Llama-3.1-8B-Instruct
259,meld,Qwen2.5-Coder-7B-Instruct
259,medqa,Llama-3.1-8B-UltraMedical
259,bbh,DeepSeek-R1-0528-Qwen3-8B
259,math500,Qwen3-8B
259,livecodebench,NVIDIA-Nemotron-Nano-9B-v2
259,finqa,Fin-R1
259,korbench,gemma-2-9b-it
260,bbh,NVIDIA-Nemotron-Nano-9B-v2
260,medqa,Llama-3.1-8B-Instruct
260,korbench,Qwen2.5-Coder-7B-Instruct
260,meld,gemma-2-9b-it
260,livecodebench,Qwen3-8B
260,finqa,Fin-R1
260,mmlupro,Llama-3.1-8B-UltraMedical
260,math500,DeepSeek-R1-0528-Qwen3-8B
261,mmlupro,Llama-3.1-8B-Instruct
261,bbh,NVIDIA-Nemotron-Nano-9B-v2
261,medqa,Llama-3.1-8B-UltraMedical
261,korbench,Qwen2.5-Coder-7B-Instruct
261,meld,gemma-2-9b-it
261,livecodebench,Qwen3-8B
261,finqa,Fin-R1
261,math500,DeepSeek-R1-0528-Qwen3-8B
262,mmlupro,Llama-3.1-8B-Instruct
262,medqa,Llama-3.1-8B-UltraMedical
262,bbh,DeepSeek-R1-0528-Qwen3-8B
262,korbench,Qwen2.5-Coder-7B-Instruct
262,meld,gemma-2-9b-it
262,livecodebench,Qwen3-8B
262,math500,NVIDIA-Nemotron-Nano-9B-v2
262,finqa,Fin-R1
263,mmlupro,Llama-3.1-8B-Instruct
263,medqa,Llama-3.1-8B-UltraMedical
263,bbh,DeepSeek-R1-0528-Qwen3-8B
263,korbench,Qwen2.5-Coder-7B-Instruct
263,meld,gemma-2-9b-it
263,livecodebench,Qwen3-8B
263,math500,NVIDIA-Nemotron-Nano-9B-v2
263,finqa,Fin-R1
264,meld,Qwen2.5-Coder-7B-Instruct
264,medqa,Llama-3.1-8B-UltraMedical
264,mmlupro,gemma-2-9b-it
264,bbh,DeepSeek-R1-0528-Qwen3-8B
264,korbench,Llama-3.1-8B-Instruct
264,livecodebench,Qwen3-8B
264,math500,NVIDIA-Nemotron-Nano-9B-v2
264,finqa,Fin-R1
265,meld,Qwen2.5-Coder-7B-Instruct
265,medqa,Llama-3.1-8B-UltraMedical
265,mmlupro,gemma-2-9b-it
265,bbh,DeepSeek-R1-0528-Qwen3-8B
265,korbench,Llama-3.1-8B-Instruct
265,livecodebench,Qwen3-8B
265,math500,NVIDIA-Nemotron-Nano-9B-v2
265,finqa,Fin-R1
266,medqa,Llama-3.1-8B-Instruct
266,bbh,DeepSeek-R1-0528-Qwen3-8B
266,korbench,Qwen2.5-Coder-7B-Instruct
266,meld,gemma-2-9b-it
266,livecodebench,Qwen3-8B
266,math500,NVIDIA-Nemotron-Nano-9B-v2
266,finqa,Fin-R1
266,mmlupro,Llama-3.1-8B-UltraMedical
267,meld,Qwen2.5-Coder-7B-Instruct
267,medqa,Llama-3.1-8B-Instruct
267,bbh,DeepSeek-R1-0528-Qwen3-8B
267,livecodebench,Qwen3-8B
267,math500,NVIDIA-Nemotron-Nano-9B-v2
267,finqa,Fin-R1
267,korbench,gemma-2-9b-it
267,mmlupro,Llama-3.1-8B-UltraMedical
268,meld,Qwen2.5-Coder-7B-Instruct
268,bbh,NVIDIA-Nemotron-Nano-9B-v2
268,medqa,Llama-3.1-8B-Instruct
268,mmlupro,gemma-2-9b-it
268,korbench,Llama-3.1-8B-UltraMedical
268,livecodebench,Qwen3-8B
268,finqa,Fin-R1
268,math500,DeepSeek-R1-0528-Qwen3-8B
269,meld,Qwen2.5-Coder-7B-Instruct
269,medqa,Llama-3.1-8B-Instruct
269,mmlupro,gemma-2-9b-it
269,bbh,DeepSeek-R1-0528-Qwen3-8B
269,korbench,Llama-3.1-8B-UltraMedical
269,livecodebench,Qwen3-8B
269,math500,NVIDIA-Nemotron-Nano-9B-v2
269,finqa,Fin-R1
270,bbh,NVIDIA-Nemotron-Nano-9B-v2
270,medqa,Llama-3.1-8B-Instruct
270,korbench,Qwen2.5-Coder-7B-Instruct
270,meld,gemma-2-9b-it
270,livecodebench,Qwen3-8B
270,finqa,Fin-R1
270,mmlupro,Llama-3.1-8B-UltraMedical
270,math500,DeepSeek-R1-0528-Qwen3-8B
271,meld,Qwen2.5-Coder-7B-Instruct
271,medqa,Llama-3.1-8B-UltraMedical
271,mmlupro,gemma-2-9b-it
271,livecodebench,Qwen3-8B
271,bbh,Llama-3.1-8B-Instruct
271,finqa,Fin-R1
271,math500,DeepSeek-R1-0528-Qwen3-8B
271,korbench,NVIDIA-Nemotron-Nano-9B-v2
272,bbh,NVIDIA-Nemotron-Nano-9B-v2
272,medqa,Llama-3.1-8B-Instruct
272,korbench,Qwen2.5-Coder-7B-Instruct
272,meld,gemma-2-9b-it
272,livecodebench,Qwen3-8B
272,finqa,Fin-R1
272,mmlupro,Llama-3.1-8B-UltraMedical
272,math500,DeepSeek-R1-0528-Qwen3-8B
273,mmlupro,Llama-3.1-8B-Instruct
273,bbh,NVIDIA-Nemotron-Nano-9B-v2
273,medqa,Llama-3.1-8B-UltraMedical
273,korbench,Qwen2.5-Coder-7B-Instruct
273,meld,gemma-2-9b-it
273,livecodebench,Qwen3-8B
273,finqa,Fin-R1
273,math500,DeepSeek-R1-0528-Qwen3-8B
274,meld,Qwen2.5-Coder-7B-Instruct
274,medqa,Llama-3.1-8B-UltraMedical
274,mmlupro,gemma-2-9b-it
274,bbh,DeepSeek-R1-0528-Qwen3-8B
274,korbench,Llama-3.1-8B-Instruct
274,livecodebench,Qwen3-8B
274,math500,NVIDIA-Nemotron-Nano-9B-v2
274,finqa,Fin-R1
275,medqa,Llama-3.1-8B-Instruct
275,bbh,DeepSeek-R1-0528-Qwen3-8B
275,korbench,Qwen2.5-Coder-7B-Instruct
275,meld,gemma-2-9b-it
275,livecodebench,Qwen3-8B
275,math500,NVIDIA-Nemotron-Nano-9B-v2
275,finqa,Fin-R1
275,mmlupro,Llama-3.1-8B-UltraMedical
276,medqa,Llama-3.1-8B-Instruct
276,bbh,DeepSeek-R1-0528-Qwen3-8B
276,korbench,Qwen2.5-Coder-7B-Instruct
276,meld,gemma-2-9b-it
276,livecodebench,Qwen3-8B
276,math500,NVIDIA-Nemotron-Nano-9B-v2
276,finqa,Fin-R1
276,mmlupro,Llama-3.1-8B-UltraMedical
277,mmlupro,Llama-3.1-8B-Instruct
277,meld,Qwen2.5-Coder-7B-Instruct
277,bbh,NVIDIA-Nemotron-Nano-9B-v2
277,medqa,Llama-3.1-8B-UltraMedical
277,livecodebench,Qwen3-8B
277,finqa,Fin-R1
277,korbench,gemma-2-9b-it
277,math500,DeepSeek-R1-0528-Qwen3-8B
278,medqa,Llama-3.1-8B-Instruct
278,bbh,DeepSeek-R1-0528-Qwen3-8B
278,korbench,Qwen2.5-Coder-7B-Instruct
278,meld,gemma-2-9b-it
278,livecodebench,Qwen3-8B
278,math500,NVIDIA-Nemotron-Nano-9B-v2
278,finqa,Fin-R1
278,mmlupro,Llama-3.1-8B-UltraMedical
279,mmlupro,Llama-3.1-8B-Instruct
279,medqa,Llama-3.1-8B-UltraMedical
279,bbh,DeepSeek-R1-0528-Qwen3-8B
279,korbench,Qwen2.5-Coder-7B-Instruct
279,meld,gemma-2-9b-it
279,livecodebench,Qwen3-8B
279,math500,NVIDIA-Nemotron-Nano-9B-v2
279,finqa,Fin-R1
280,meld,Qwen2.5-Coder-7B-Instruct
280,medqa,Llama-3.1-8B-UltraMedical
280,mmlupro,gemma-2-9b-it
280,korbench,Llama-3.1-8B-Instruct
280,livecodebench,NVIDIA-Nemotron-Nano-9B-v2
280,finqa,Fin-R1
280,math500,DeepSeek-R1-0528-Qwen3-8B
280,bbh,Qwen3-8B
281,korbench,DeepSeek-R1-0528-Qwen3-8B
281,medqa,Llama-3.1-8B-UltraMedical
281,meld,gemma-2-9b-it
281,livecodebench,Qwen3-8B
281,math500,NVIDIA-Nemotron-Nano-9B-v2
281,bbh,Llama-3.1-8B-Instruct
281,finqa,Fin-R1
281,mmlupro,Qwen2.5-Coder-7B-Instruct
282,meld,Qwen2.5-Coder-7B-Instruct
282,medqa,Llama-3.1-8B-UltraMedical
282,mmlupro,gemma-2-9b-it
282,bbh,DeepSeek-R1-0528-Qwen3-8B
282,korbench,Llama-3.1-8B-Instruct
282,livecodebench,Qwen3-8B
282,math500,NVIDIA-Nemotron-Nano-9B-v2
282,finqa,Fin-R1
283,meld,Qwen2.5-Coder-7B-Instruct
283,medqa,Llama-3.1-8B-Instruct
283,mmlupro,gemma-2-9b-it
283,korbench,Llama-3.1-8B-UltraMedical
283,livecodebench,NVIDIA-Nemotron-Nano-9B-v2
283,finqa,Fin-R1
283,math500,DeepSeek-R1-0528-Qwen3-8B
283,bbh,Qwen3-8B
284,meld,Qwen2.5-Coder-7B-Instruct
284,medqa,Llama-3.1-8B-Instruct
284,mmlupro,gemma-2-9b-it
284,bbh,DeepSeek-R1-0528-Qwen3-8B
284,korbench,Llama-3.1-8B-UltraMedical
284,livecodebench,Qwen3-8B
284,math500,NVIDIA-Nemotron-Nano-9B-v2
284,finqa,Fin-R1
285,mmlupro,Llama-3.1-8B-Instruct
285,bbh,NVIDIA-Nemotron-Nano-9B-v2
285,medqa,Llama-3.1-8B-UltraMedical
285,korbench,Qwen2.5-Coder-7B-Instruct
285,meld,gemma-2-9b-it
285,livecodebench,Qwen3-8B
285,finqa,Fin-R1
285,math500,DeepSeek-R1-0528-Qwen3-8B
286,mmlupro,Llama-3.1-8B-Instruct
286,medqa,Llama-3.1-8B-UltraMedical
286,bbh,DeepSeek-R1-0528-Qwen3-8B
286,korbench,Qwen2.5-Coder-7B-Instruct
286,meld,gemma-2-9b-it
286,livecodebench,Qwen3-8B
286,math500,NVIDIA-Nemotron-Nano-9B-v2
286,finqa,Fin-R1
287,meld,Qwen2.5-Coder-7B-Instruct
287,medqa,Llama-3.1-8B-UltraMedical
287,mmlupro,gemma-2-9b-it
287,bbh,DeepSeek-R1-0528-Qwen3-8B
287,korbench,Llama-3.1-8B-Instruct
287,livecodebench,Qwen3-8B
287,math500,NVIDIA-Nemotron-Nano-9B-v2
287,finqa,Fin-R1
288,mmlupro,Llama-3.1-8B-Instruct
288,bbh,NVIDIA-Nemotron-Nano-9B-v2
288,medqa,Llama-3.1-8B-UltraMedical
288,korbench,Qwen2.5-Coder-7B-Instruct
288,meld,gemma-2-9b-it
288,livecodebench,Qwen3-8B
288,finqa,Fin-R1
288,math500,DeepSeek-R1-0528-Qwen3-8B
289,meld,Qwen2.5-Coder-7B-Instruct
289,bbh,NVIDIA-Nemotron-Nano-9B-v2
289,medqa,Llama-3.1-8B-Instruct
289,mmlupro,gemma-2-9b-it
289,korbench,Llama-3.1-8B-UltraMedical
289,livecodebench,Qwen3-8B
289,finqa,Fin-R1
289,math500,DeepSeek-R1-0528-Qwen3-8B
290,bbh,NVIDIA-Nemotron-Nano-9B-v2
290,medqa,Llama-3.1-8B-Instruct
290,korbench,Qwen2.5-Coder-7B-Instruct
290,meld,gemma-2-9b-it
290,livecodebench,Qwen3-8B
290,finqa,Fin-R1
290,mmlupro,Llama-3.1-8B-UltraMedical
290,math500,DeepSeek-R1-0528-Qwen3-8B
291,medqa,Llama-3.1-8B-Instruct
291,mmlupro,gemma-2-9b-it
291,finqa,Qwen2.5-Coder-7B-Instruct
291,meld,Fin-R1
291,bbh,Llama-3.1-8B-UltraMedical
291,livecodebench,NVIDIA-Nemotron-Nano-9B-v2
291,math500,DeepSeek-R1-0528-Qwen3-8B
291,korbench,Qwen3-8B
292,bbh,NVIDIA-Nemotron-Nano-9B-v2
292,medqa,Llama-3.1-8B-Instruct
292,korbench,Qwen2.5-Coder-7B-Instruct
292,meld,gemma-2-9b-it
292,livecodebench,Qwen3-8B
292,finqa,Fin-R1
292,mmlupro,Llama-3.1-8B-UltraMedical
292,math500,DeepSeek-R1-0528-Qwen3-8B
293,meld,Qwen2.5-Coder-7B-Instruct
293,bbh,NVIDIA-Nemotron-Nano-9B-v2
293,medqa,Llama-3.1-8B-UltraMedical
293,mmlupro,gemma-2-9b-it
293,korbench,Llama-3.1-8B-Instruct
293,livecodebench,Qwen3-8B
293,finqa,Fin-R1
293,math500,DeepSeek-R1-0528-Qwen3-8B
294,medqa,Llama-3.1-8B-Instruct
294,mmlupro,gemma-2-9b-it
294,bbh,DeepSeek-R1-0528-Qwen3-8B
294,finqa,Qwen2.5-Coder-7B-Instruct
294,korbench,Llama-3.1-8B-UltraMedical
294,meld,Fin-R1
294,livecodebench,Qwen3-8B
294,math500,NVIDIA-Nemotron-Nano-9B-v2
295,meld,Qwen2.5-Coder-7B-Instruct
295,bbh,NVIDIA-Nemotron-Nano-9B-v2
295,medqa,Llama-3.1-8B-UltraMedical
295,mmlupro,gemma-2-9b-it
295,korbench,Llama-3.1-8B-Instruct
295,livecodebench,Qwen3-8B
295,finqa,Fin-R1
295,math500,DeepSeek-R1-0528-Qwen3-8B
296,mmlupro,Llama-3.1-8B-Instruct
296,medqa,Llama-3.1-8B-UltraMedical
296,bbh,DeepSeek-R1-0528-Qwen3-8B
296,math500,Qwen3-8B
296,korbench,Qwen2.5-Coder-7B-Instruct
296,meld,gemma-2-9b-it
296,livecodebench,NVIDIA-Nemotron-Nano-9B-v2
296,finqa,Fin-R1
297,bbh,NVIDIA-Nemotron-Nano-9B-v2
297,medqa,Llama-3.1-8B-Instruct
297,mmlupro,gemma-2-9b-it
297,finqa,Qwen2.5-Coder-7B-Instruct
297,korbench,Llama-3.1-8B-UltraMedical
297,meld,Fin-R1
297,livecodebench,Qwen3-8B
297,math500,DeepSeek-R1-0528-Qwen3-8B
298,mmlupro,Llama-3.1-8B-Instruct
298,medqa,Llama-3.1-8B-UltraMedical
298,bbh,DeepSeek-R1-0528-Qwen3-8B
298,korbench,Qwen2.5-Coder-7B-Instruct
298,meld,gemma-2-9b-it
298,livecodebench,Qwen3-8B
298,math500,NVIDIA-Nemotron-Nano-9B-v2
298,finqa,Fin-R1
299,meld,Qwen2.5-Coder-7B-Instruct
299,bbh,NVIDIA-Nemotron-Nano-9B-v2
299,medqa,Llama-3.1-8B-UltraMedical
299,mmlupro,gemma-2-9b-it
299,korbench,Llama-3.1-8B-Instruct
299,livecodebench,Qwen3-8B
299,finqa,Fin-R1
299,math500,DeepSeek-R1-0528-Qwen3-8B
300,mmlupro,Llama-3.1-8B-Instruct
300,medqa,Llama-3.1-8B-UltraMedical
300,bbh,DeepSeek-R1-0528-Qwen3-8B
300,korbench,Qwen2.5-Coder-7B-Instruct
300,meld,gemma-2-9b-it
300,livecodebench,Qwen3-8B
300,math500,NVIDIA-Nemotron-Nano-9B-v2
300,finqa,Fin-R1
301,medqa,Llama-3.1-8B-Instruct
301,bbh,DeepSeek-R1-0528-Qwen3-8B
301,korbench,Qwen2.5-Coder-7B-Instruct
301,meld,gemma-2-9b-it
301,livecodebench,Qwen3-8B
301,math500,NVIDIA-Nemotron-Nano-9B-v2
301,finqa,Fin-R1
301,mmlupro,Llama-3.1-8B-UltraMedical
302,mmlupro,Qwen2.5-Coder-7B-Instruct
302,medqa,Llama-3.1-8B-Instruct
302,meld,gemma-2-9b-it
302,bbh,Llama-3.1-8B-UltraMedical
302,livecodebench,Qwen3-8B
302,finqa,Fin-R1
302,math500,DeepSeek-R1-0528-Qwen3-8B
302,korbench,NVIDIA-Nemotron-Nano-9B-v2
303,mmlupro,Llama-3.1-8B-Instruct
303,medqa,Llama-3.1-8B-UltraMedical
303,bbh,DeepSeek-R1-0528-Qwen3-8B
303,korbench,Qwen2.5-Coder-7B-Instruct
303,meld,gemma-2-9b-it
303,livecodebench,Qwen3-8B
303,math500,NVIDIA-Nemotron-Nano-9B-v2
303,finqa,Fin-R1
304,bbh,NVIDIA-Nemotron-Nano-9B-v2
304,medqa,Llama-3.1-8B-Instruct
304,korbench,Qwen2.5-Coder-7B-Instruct
304,meld,gemma-2-9b-it
304,livecodebench,Qwen3-8B
304,finqa,Fin-R1
304,mmlupro,Llama-3.1-8B-UltraMedical
304,math500,DeepSeek-R1-0528-Qwen3-8B
305,meld,Qwen2.5-Coder-7B-Instruct
305,medqa,Llama-3.1-8B-UltraMedical
305,mmlupro,gemma-2-9b-it
305,bbh,DeepSeek-R1-0528-Qwen3-8B
305,korbench,Llama-3.1-8B-Instruct
305,livecodebench,Qwen3-8B
305,math500,NVIDIA-Nemotron-Nano-9B-v2
305,finqa,Fin-R1
306,meld,Qwen2.5-Coder-7B-Instruct
306,medqa,Llama-3.1-8B-UltraMedical
306,mmlupro,gemma-2-9b-it
306,bbh,DeepSeek-R1-0528-Qwen3-8B
306,math500,Qwen3-8B
306,korbench,Llama-3.1-8B-Instruct
306,livecodebench,NVIDIA-Nemotron-Nano-9B-v2
306,finqa,Fin-R1
307,mmlupro,Llama-3.1-8B-Instruct
307,medqa,Llama-3.1-8B-UltraMedical
307,bbh,DeepSeek-R1-0528-Qwen3-8B
307,korbench,Qwen2.5-Coder-7B-Instruct
307,meld,gemma-2-9b-it
307,livecodebench,Qwen3-8B
307,math500,NVIDIA-Nemotron-Nano-9B-v2
307,finqa,Fin-R1
308,meld,Qwen2.5-Coder-7B-Instruct
308,medqa,Llama-3.1-8B-UltraMedical
308,mmlupro,gemma-2-9b-it
308,livecodebench,Qwen3-8B
308,bbh,Llama-3.1-8B-Instruct
308,finqa,Fin-R1
308,math500,DeepSeek-R1-0528-Qwen3-8B
308,korbench,NVIDIA-Nemotron-Nano-9B-v2
309,mmlupro,Llama-3.1-8B-Instruct
309,bbh,NVIDIA-Nemotron-Nano-9B-v2
309,medqa,Llama-3.1-8B-UltraMedical
309,korbench,Qwen2.5-Coder-7B-Instruct
309,meld,gemma-2-9b-it
309,livecodebench,Qwen3-8B
309,finqa,Fin-R1
309,math500,DeepSeek-R1-0528-Qwen3-8B
310,mmlupro,Llama-3.1-8B-Instruct
310,medqa,Llama-3.1-8B-UltraMedical
310,bbh,DeepSeek-R1-0528-Qwen3-8B
310,korbench,Qwen2.5-Coder-7B-Instruct
310,meld,gemma-2-9b-it
310,livecodebench,Qwen3-8B
310,math500,NVIDIA-Nemotron-Nano-9B-v2
310,finqa,Fin-R1
311,korbench,DeepSeek-R1-0528-Qwen3-8B
311,medqa,Llama-3.1-8B-Instruct
311,meld,gemma-2-9b-it
311,bbh,Qwen2.5-Coder-7B-Instruct
311,livecodebench,Qwen3-8B
311,math500,NVIDIA-Nemotron-Nano-9B-v2
311,finqa,Fin-R1
311,mmlupro,Llama-3.1-8B-UltraMedical
312,mmlupro,Qwen2.5-Coder-7B-Instruct
312,medqa,Llama-3.1-8B-Instruct
312,meld,gemma-2-9b-it
312,bbh,Llama-3.1-8B-UltraMedical
312,livecodebench,Qwen3-8B
312,finqa,Fin-R1
312,math500,DeepSeek-R1-0528-Qwen3-8B
312,korbench,NVIDIA-Nemotron-Nano-9B-v2
313,meld,Qwen2.5-Coder-7B-Instruct
313,medqa,Llama-3.1-8B-UltraMedical
313,mmlupro,gemma-2-9b-it
313,livecodebench,Qwen3-8B
313,bbh,Llama-3.1-8B-Instruct
313,finqa,Fin-R1
313,math500,DeepSeek-R1-0528-Qwen3-8B
313,korbench,NVIDIA-Nemotron-Nano-9B-v2
314,mmlupro,Llama-3.1-8B-Instruct
314,medqa,Llama-3.1-8B-UltraMedical
314,bbh,DeepSeek-R1-0528-Qwen3-8B
314,korbench,Qwen2.5-Coder-7B-Instruct
314,meld,gemma-2-9b-it
314,livecodebench,Qwen3-8B
314,math500,NVIDIA-Nemotron-Nano-9B-v2
314,finqa,Fin-R1
315,medqa,Llama-3.1-8B-Instruct
315,bbh,DeepSeek-R1-0528-Qwen3-8B
315,korbench,Qwen2.5-Coder-7B-Instruct
315,meld,gemma-2-9b-it
315,livecodebench,Qwen3-8B
315,math500,NVIDIA-Nemotron-Nano-9B-v2
315,finqa,Fin-R1
315,mmlupro,Llama-3.1-8B-UltraMedical
316,mmlupro,Llama-3.1-8B-Instruct
316,medqa,Llama-3.1-8B-UltraMedical
316,bbh,DeepSeek-R1-0528-Qwen3-8B
316,korbench,Qwen2.5-Coder-7B-Instruct
316,meld,gemma-2-9b-it
316,livecodebench,Qwen3-8B
316,math500,NVIDIA-Nemotron-Nano-9B-v2
316,finqa,Fin-R1
317,mmlupro,Llama-3.1-8B-Instruct
317,medqa,Llama-3.1-8B-UltraMedical
317,bbh,DeepSeek-R1-0528-Qwen3-8B
317,korbench,Qwen2.5-Coder-7B-Instruct
317,meld,gemma-2-9b-it
317,livecodebench,Qwen3-8B
317,math500,NVIDIA-Nemotron-Nano-9B-v2
317,finqa,Fin-R1
318,meld,Qwen2.5-Coder-7B-Instruct
318,bbh,NVIDIA-Nemotron-Nano-9B-v2
318,medqa,Llama-3.1-8B-Instruct
318,mmlupro,gemma-2-9b-it
318,korbench,Llama-3.1-8B-UltraMedical
318,livecodebench,Qwen3-8B
318,finqa,Fin-R1
318,math500,DeepSeek-R1-0528-Qwen3-8B
319,mmlupro,Llama-3.1-8B-Instruct
319,meld,Qwen2.5-Coder-7B-Instruct
319,medqa,Llama-3.1-8B-UltraMedical
319,bbh,DeepSeek-R1-0528-Qwen3-8B
319,livecodebench,Qwen3-8B
319,math500,NVIDIA-Nemotron-Nano-9B-v2
319,finqa,Fin-R1
319,korbench,gemma-2-9b-it
320,mmlupro,Llama-3.1-8B-Instruct
320,medqa,Llama-3.1-8B-UltraMedical
320,bbh,DeepSeek-R1-0528-Qwen3-8B
320,korbench,Qwen2.5-Coder-7B-Instruct
320,meld,gemma-2-9b-it
320,livecodebench,Qwen3-8B
320,math500,NVIDIA-Nemotron-Nano-9B-v2
320,finqa,Fin-R1
321,mmlupro,Llama-3.1-8B-Instruct
321,medqa,Llama-3.1-8B-UltraMedical
321,meld,gemma-2-9b-it
321,bbh,Qwen2.5-Coder-7B-Instruct
321,livecodebench,Qwen3-8B
321,finqa,Fin-R1
321,math500,DeepSeek-R1-0528-Qwen3-8B
321,korbench,NVIDIA-Nemotron-Nano-9B-v2
322,medqa,Llama-3.1-8B-Instruct
322,bbh,DeepSeek-R1-0528-Qwen3-8B
322,math500,Qwen3-8B
322,korbench,Qwen2.5-Coder-7B-Instruct
322,meld,gemma-2-9b-it
322,livecodebench,NVIDIA-Nemotron-Nano-9B-v2
322,finqa,Fin-R1
322,mmlupro,Llama-3.1-8B-UltraMedical
323,mmlupro,Llama-3.1-8B-Instruct
323,bbh,NVIDIA-Nemotron-Nano-9B-v2
323,medqa,Llama-3.1-8B-UltraMedical
323,korbench,Qwen2.5-Coder-7B-Instruct
323,meld,gemma-2-9b-it
323,livecodebench,Qwen3-8B
323,finqa,Fin-R1
323,math500,DeepSeek-R1-0528-Qwen3-8B
324,medqa,Llama-3.1-8B-Instruct
324,bbh,DeepSeek-R1-0528-Qwen3-8B
324,korbench,Qwen2.5-Coder-7B-Instruct
324,meld,gemma-2-9b-it
324,livecodebench,Qwen3-8B
324,math500,NVIDIA-Nemotron-Nano-9B-v2
324,finqa,Fin-R1
324,mmlupro,Llama-3.1-8B-UltraMedical
325,medqa,Llama-3.1-8B-Instruct
325,bbh,DeepSeek-R1-0528-Qwen3-8B
325,korbench,Qwen2.5-Coder-7B-Instruct
325,meld,gemma-2-9b-it
325,livecodebench,Qwen3-8B
325,math500,NVIDIA-Nemotron-Nano-9B-v2
325,finqa,Fin-R1
325,mmlupro,Llama-3.1-8B-UltraMedical
326,mmlupro,Llama-3.1-8B-Instruct
326,medqa,Llama-3.1-8B-UltraMedical
326,bbh,DeepSeek-R1-0528-Qwen3-8B
326,korbench,Qwen2.5-Coder-7B-Instruct
326,meld,gemma-2-9b-it
326,livecodebench,Qwen3-8B
326,math500,NVIDIA-Nemotron-Nano-9B-v2
326,finqa,Fin-R1
327,meld,Qwen2.5-Coder-7B-Instruct
327,medqa,Llama-3.1-8B-Instruct
327,mmlupro,gemma-2-9b-it
327,bbh,DeepSeek-R1-0528-Qwen3-8B
327,math500,Qwen3-8B
327,korbench,Llama-3.1-8B-UltraMedical
327,livecodebench,NVIDIA-Nemotron-Nano-9B-v2
327,finqa,Fin-R1
328,medqa,Llama-3.1-8B-Instruct
328,bbh,DeepSeek-R1-0528-Qwen3-8B
328,math500,Qwen3-8B
328,korbench,Qwen2.5-Coder-7B-Instruct
328,meld,gemma-2-9b-it
328,livecodebench,NVIDIA-Nemotron-Nano-9B-v2
328,finqa,Fin-R1
328,mmlupro,Llama-3.1-8B-UltraMedical
329,bbh,NVIDIA-Nemotron-Nano-9B-v2
329,medqa,Llama-3.1-8B-Instruct
329,korbench,Qwen2.5-Coder-7B-Instruct
329,meld,gemma-2-9b-it
329,livecodebench,Qwen3-8B
329,finqa,Fin-R1
329,mmlupro,Llama-3.1-8B-UltraMedical
329,math500,DeepSeek-R1-0528-Qwen3-8B
330,meld,Qwen2.5-Coder-7B-Instruct
330,medqa,Llama-3.1-8B-UltraMedical
330,mmlupro,gemma-2-9b-it
330,bbh,DeepSeek-R1-0528-Qwen3-8B
330,korbench,Llama-3.1-8B-Instruct
330,livecodebench,Qwen3-8B
330,math500,NVIDIA-Nemotron-Nano-9B-v2
330,finqa,Fin-R1
331,korbench,DeepSeek-R1-0528-Qwen3-8B
331,medqa,Llama-3.1-8B-Instruct
331,meld,gemma-2-9b-it
331,bbh,Llama-3.1-8B-UltraMedical
331,livecodebench,Qwen3-8B
331,math500,NVIDIA-Nemotron-Nano-9B-v2
331,finqa,Fin-R1
331,mmlupro,Qwen2.5-Coder-7B-Instruct
332,medqa,Llama-3.1-8B-Instruct
332,bbh,DeepSeek-R1-0528-Qwen3-8B
332,korbench,Qwen2.5-Coder-7B-Instruct
332,meld,gemma-2-9b-it
332,livecodebench,Qwen3-8B
332,math500,NVIDIA-Nemotron-Nano-9B-v2
332,finqa,Fin-R1
332,mmlupro,Llama-3.1-8B-UltraMedical
333,medqa,Llama-3.1-8B-Instruct
333,bbh,DeepSeek-R1-0528-Qwen3-8B
333,korbench,Qwen2.5-Coder-7B-Instruct
333,meld,gemma-2-9b-it
333,livecodebench,Qwen3-8B
333,math500,NVIDIA-Nemotron-Nano-9B-v2
333,finqa,Fin-R1
333,mmlupro,Llama-3.1-8B-UltraMedical
334,medqa,Llama-3.1-8B-Instruct
334,bbh,DeepSeek-R1-0528-Qwen3-8B
334,korbench,Qwen2.5-Coder-7B-Instruct
334,meld,gemma-2-9b-it
334,livecodebench,Qwen3-8B
334,math500,NVIDIA-Nemotron-Nano-9B-v2
334,finqa,Fin-R1
334,mmlupro,Llama-3.1-8B-UltraMedical
335,meld,Qwen2.5-Coder-7B-Instruct
335,medqa,Llama-3.1-8B-UltraMedical
335,mmlupro,gemma-2-9b-it
335,livecodebench,Qwen3-8B
335,bbh,Llama-3.1-8B-Instruct
335,finqa,Fin-R1
335,math500,DeepSeek-R1-0528-Qwen3-8B
335,korbench,NVIDIA-Nemotron-Nano-9B-v2
336,mmlupro,Llama-3.1-8B-Instruct
336,medqa,Llama-3.1-8B-UltraMedical
336,bbh,DeepSeek-R1-0528-Qwen3-8B
336,korbench,Qwen2.5-Coder-7B-Instruct
336,meld,gemma-2-9b-it
336,livecodebench,Qwen3-8B
336,math500,NVIDIA-Nemotron-Nano-9B-v2
336,finqa,Fin-R1
337,medqa,Llama-3.1-8B-Instruct
337,bbh,DeepSeek-R1-0528-Qwen3-8B
337,korbench,Qwen2.5-Coder-7B-Instruct
337,meld,gemma-2-9b-it
337,livecodebench,Qwen3-8B
337,math500,NVIDIA-Nemotron-Nano-9B-v2
337,finqa,Fin-R1
337,mmlupro,Llama-3.1-8B-UltraMedical
338,bbh,NVIDIA-Nemotron-Nano-9B-v2
338,medqa,Llama-3.1-8B-Instruct
338,korbench,Qwen2.5-Coder-7B-Instruct
338,meld,gemma-2-9b-it
338,livecodebench,Qwen3-8B
338,finqa,Fin-R1
338,mmlupro,Llama-3.1-8B-UltraMedical
338,math500,DeepSeek-R1-0528-Qwen3-8B
339,mmlupro,Llama-3.1-8B-Instruct
339,meld,Qwen2.5-Coder-7B-Instruct
339,bbh,NVIDIA-Nemotron-Nano-9B-v2
339,medqa,Llama-3.1-8B-UltraMedical
339,livecodebench,Qwen3-8B
339,finqa,Fin-R1
339,korbench,gemma-2-9b-it
339,math500,DeepSeek-R1-0528-Qwen3-8B
340,mmlupro,Llama-3.1-8B-Instruct
340,medqa,Llama-3.1-8B-UltraMedical
340,bbh,DeepSeek-R1-0528-Qwen3-8B
340,korbench,Qwen2.5-Coder-7B-Instruct
340,meld,gemma-2-9b-it
340,livecodebench,Qwen3-8B
340,math500,NVIDIA-Nemotron-Nano-9B-v2
340,finqa,Fin-R1
341,mmlupro,Llama-3.1-8B-Instruct
341,bbh,NVIDIA-Nemotron-Nano-9B-v2
341,medqa,Llama-3.1-8B-UltraMedical
341,korbench,Qwen2.5-Coder-7B-Instruct
341,meld,gemma-2-9b-it
341,livecodebench,Qwen3-8B
341,finqa,Fin-R1
341,math500,DeepSeek-R1-0528-Qwen3-8B
342,bbh,NVIDIA-Nemotron-Nano-9B-v2
342,medqa,Llama-3.1-8B-Instruct
342,korbench,Qwen2.5-Coder-7B-Instruct
342,meld,gemma-2-9b-it
342,livecodebench,Qwen3-8B
342,finqa,Fin-R1
342,mmlupro,Llama-3.1-8B-UltraMedical
342,math500,DeepSeek-R1-0528-Qwen3-8B
343,medqa,Llama-3.1-8B-Instruct
343,bbh,DeepSeek-R1-0528-Qwen3-8B
343,korbench,Qwen2.5-Coder-7B-Instruct
343,meld,gemma-2-9b-it
343,livecodebench,Qwen3-8B
343,math500,NVIDIA-Nemotron-Nano-9B-v2
343,finqa,Fin-R1
343,mmlupro,Llama-3.1-8B-UltraMedical
344,medqa,Llama-3.1-8B-Instruct
344,bbh,DeepSeek-R1-0528-Qwen3-8B
344,korbench,Qwen2.5-Coder-7B-Instruct
344,meld,gemma-2-9b-it
344,livecodebench,Qwen3-8B
344,math500,NVIDIA-Nemotron-Nano-9B-v2
344,finqa,Fin-R1
344,mmlupro,Llama-3.1-8B-UltraMedical
345,medqa,Llama-3.1-8B-Instruct
345,bbh,DeepSeek-R1-0528-Qwen3-8B
345,korbench,Qwen2.5-Coder-7B-Instruct
345,meld,gemma-2-9b-it
345,livecodebench,Qwen3-8B
345,math500,NVIDIA-Nemotron-Nano-9B-v2
345,finqa,Fin-R1
345,mmlupro,Llama-3.1-8B-UltraMedical
346,medqa,Llama-3.1-8B-Instruct
346,bbh,DeepSeek-R1-0528-Qwen3-8B
346,korbench,Qwen2.5-Coder-7B-Instruct
346,meld,gemma-2-9b-it
346,livecodebench,Qwen3-8B
346,math500,NVIDIA-Nemotron-Nano-9B-v2
346,finqa,Fin-R1
346,mmlupro,Llama-3.1-8B-UltraMedical
347,mmlupro,Llama-3.1-8B-Instruct
347,meld,Qwen2.5-Coder-7B-Instruct
347,medqa,Llama-3.1-8B-UltraMedical
347,bbh,DeepSeek-R1-0528-Qwen3-8B
347,math500,Qwen3-8B
347,livecodebench,NVIDIA-Nemotron-Nano-9B-v2
347,finqa,Fin-R1
347,korbench,gemma-2-9b-it
348,mmlupro,Llama-3.1-8B-Instruct
348,medqa,Llama-3.1-8B-UltraMedical
348,bbh,DeepSeek-R1-0528-Qwen3-8B
348,korbench,Qwen2.5-Coder-7B-Instruct
348,meld,gemma-2-9b-it
348,livecodebench,Qwen3-8B
348,math500,NVIDIA-Nemotron-Nano-9B-v2
348,finqa,Fin-R1
349,medqa,Llama-3.1-8B-Instruct
349,bbh,DeepSeek-R1-0528-Qwen3-8B
349,korbench,Qwen2.5-Coder-7B-Instruct
349,meld,gemma-2-9b-it
349,livecodebench,Qwen3-8B
349,math500,NVIDIA-Nemotron-Nano-9B-v2
349,finqa,Fin-R1
349,mmlupro,Llama-3.1-8B-UltraMedical
350,meld,Qwen2.5-Coder-7B-Instruct
350,medqa,Llama-3.1-8B-UltraMedical
350,mmlupro,gemma-2-9b-it
350,bbh,DeepSeek-R1-0528-Qwen3-8B
350,korbench,Llama-3.1-8B-Instruct
350,livecodebench,Qwen3-8B
350,math500,NVIDIA-Nemotron-Nano-9B-v2
350,finqa,Fin-R1
351,medqa,Llama-3.1-8B-Instruct
351,bbh,Qwen3-8B
351,korbench,Qwen2.5-Coder-7B-Instruct
351,meld,gemma-2-9b-it
351,livecodebench,NVIDIA-Nemotron-Nano-9B-v2
351,finqa,Fin-R1
351,mmlupro,Llama-3.1-8B-UltraMedical
351,math500,DeepSeek-R1-0528-Qwen3-8B
352,meld,Qwen2.5-Coder-7B-Instruct
352,bbh,NVIDIA-Nemotron-Nano-9B-v2
352,medqa,Llama-3.1-8B-Instruct
352,mmlupro,gemma-2-9b-it
352,korbench,Llama-3.1-8B-UltraMedical
352,livecodebench,Qwen3-8B
352,finqa,Fin-R1
352,math500,DeepSeek-R1-0528-Qwen3-8B
353,mmlupro,Llama-3.1-8B-Instruct
353,medqa,Llama-3.1-8B-UltraMedical
353,bbh,DeepSeek-R1-0528-Qwen3-8B
353,korbench,Qwen2.5-Coder-7B-Instruct
353,meld,gemma-2-9b-it
353,livecodebench,Qwen3-8B
353,math500,NVIDIA-Nemotron-Nano-9B-v2
353,finqa,Fin-R1
354,bbh,NVIDIA-Nemotron-Nano-9B-v2
354,medqa,Llama-3.1-8B-Instruct
354,mmlupro,gemma-2-9b-it
354,finqa,Qwen2.5-Coder-7B-Instruct
354,korbench,Llama-3.1-8B-UltraMedical
354,meld,Fin-R1
354,livecodebench,Qwen3-8B
354,math500,DeepSeek-R1-0528-Qwen3-8B
355,bbh,NVIDIA-Nemotron-Nano-9B-v2
355,medqa,Llama-3.1-8B-Instruct
355,korbench,Qwen2.5-Coder-7B-Instruct
355,meld,gemma-2-9b-it
355,livecodebench,Qwen3-8B
355,finqa,Fin-R1
355,mmlupro,Llama-3.1-8B-UltraMedical
355,math500,DeepSeek-R1-0528-Qwen3-8B
356,mmlupro,Llama-3.1-8B-Instruct
356,medqa,Llama-3.1-8B-UltraMedical
356,bbh,DeepSeek-R1-0528-Qwen3-8B
356,korbench,Qwen2.5-Coder-7B-Instruct
356,meld,gemma-2-9b-it
356,livecodebench,Qwen3-8B
356,math500,NVIDIA-Nemotron-Nano-9B-v2
356,finqa,Fin-R1
357,mmlupro,Llama-3.1-8B-Instruct
357,meld,Qwen2.5-Coder-7B-Instruct
357,bbh,NVIDIA-Nemotron-Nano-9B-v2
357,medqa,Llama-3.1-8B-UltraMedical
357,livecodebench,Qwen3-8B
357,finqa,Fin-R1
357,korbench,gemma-2-9b-it
357,math500,DeepSeek-R1-0528-Qwen3-8B
358,meld,Qwen2.5-Coder-7B-Instruct
358,medqa,Llama-3.1-8B-Instruct
358,mmlupro,gemma-2-9b-it
358,bbh,Llama-3.1-8B-UltraMedical
358,livecodebench,NVIDIA-Nemotron-Nano-9B-v2
358,finqa,Fin-R1
358,math500,DeepSeek-R1-0528-Qwen3-8B
358,korbench,Qwen3-8B
359,meld,Qwen2.5-Coder-7B-Instruct
359,bbh,NVIDIA-Nemotron-Nano-9B-v2
359,medqa,Llama-3.1-8B-UltraMedical
359,mmlupro,gemma-2-9b-it
359,korbench,Llama-3.1-8B-Instruct
359,livecodebench,Qwen3-8B
359,finqa,Fin-R1
359,math500,DeepSeek-R1-0528-Qwen3-8B
360,medqa,Llama-3.1-8B-Instruct
360,bbh,DeepSeek-R1-0528-Qwen3-8B
360,korbench,Qwen2.5-Coder-7B-Instruct
360,meld,gemma-2-9b-it
360,livecodebench,Qwen3-8B
360,math500,NVIDIA-Nemotron-Nano-9B-v2
360,finqa,Fin-R1
360,mmlupro,Llama-3.1-8B-UltraMedical
361,medqa,Llama-3.1-8B-Instruct
361,bbh,DeepSeek-R1-0528-Qwen3-8B
361,math500,Qwen3-8B
361,korbench,Qwen2.5-Coder-7B-Instruct
361,meld,gemma-2-9b-it
361,livecodebench,NVIDIA-Nemotron-Nano-9B-v2
361,finqa,Fin-R1
361,mmlupro,Llama-3.1-8B-UltraMedical
362,meld,Qwen2.5-Coder-7B-Instruct
362,bbh,NVIDIA-Nemotron-Nano-9B-v2
362,medqa,Llama-3.1-8B-Instruct
362,mmlupro,gemma-2-9b-it
362,korbench,Llama-3.1-8B-UltraMedical
362,livecodebench,Qwen3-8B
362,finqa,Fin-R1
362,math500,DeepSeek-R1-0528-Qwen3-8B
363,mmlupro,Llama-3.1-8B-Instruct
363,bbh,NVIDIA-Nemotron-Nano-9B-v2
363,medqa,Llama-3.1-8B-UltraMedical
363,korbench,Qwen2.5-Coder-7B-Instruct
363,meld,gemma-2-9b-it
363,livecodebench,Qwen3-8B
363,finqa,Fin-R1
363,math500,DeepSeek-R1-0528-Qwen3-8B
364,meld,Qwen2.5-Coder-7B-Instruct
364,medqa,Llama-3.1-8B-Instruct
364,mmlupro,gemma-2-9b-it
364,bbh,DeepSeek-R1-0528-Qwen3-8B
364,korbench,Llama-3.1-8B-UltraMedical
364,livecodebench,Qwen3-8B
364,math500,NVIDIA-Nemotron-Nano-9B-v2
364,finqa,Fin-R1
365,mmlupro,Llama-3.1-8B-Instruct
365,bbh,NVIDIA-Nemotron-Nano-9B-v2
365,medqa,Llama-3.1-8B-UltraMedical
365,korbench,Qwen2.5-Coder-7B-Instruct
365,meld,gemma-2-9b-it
365,livecodebench,Qwen3-8B
365,finqa,Fin-R1
365,math500,DeepSeek-R1-0528-Qwen3-8B
366,medqa,Llama-3.1-8B-Instruct
366,bbh,DeepSeek-R1-0528-Qwen3-8B
366,korbench,Qwen2.5-Coder-7B-Instruct
366,meld,gemma-2-9b-it
366,livecodebench,Qwen3-8B
366,math500,NVIDIA-Nemotron-Nano-9B-v2
366,finqa,Fin-R1
366,mmlupro,Llama-3.1-8B-UltraMedical
367,meld,Qwen2.5-Coder-7B-Instruct
367,medqa,Llama-3.1-8B-Instruct
367,mmlupro,gemma-2-9b-it
367,bbh,Llama-3.1-8B-UltraMedical
367,livecodebench,NVIDIA-Nemotron-Nano-9B-v2
367,finqa,Fin-R1
367,math500,DeepSeek-R1-0528-Qwen3-8B
367,korbench,Qwen3-8B
368,mmlupro,Llama-3.1-8B-Instruct
368,medqa,Llama-3.1-8B-UltraMedical
368,bbh,DeepSeek-R1-0528-Qwen3-8B
368,korbench,Qwen2.5-Coder-7B-Instruct
368,meld,gemma-2-9b-it
368,livecodebench,Qwen3-8B
368,math500,NVIDIA-Nemotron-Nano-9B-v2
368,finqa,Fin-R1
369,medqa,Llama-3.1-8B-Instruct
369,bbh,DeepSeek-R1-0528-Qwen3-8B
369,korbench,Qwen2.5-Coder-7B-Instruct
369,meld,gemma-2-9b-it
369,livecodebench,Qwen3-8B
369,math500,NVIDIA-Nemotron-Nano-9B-v2
369,finqa,Fin-R1
369,mmlupro,Llama-3.1-8B-UltraMedical
370,meld,Qwen2.5-Coder-7B-Instruct
370,bbh,NVIDIA-Nemotron-Nano-9B-v2
370,medqa,Llama-3.1-8B-UltraMedical
370,mmlupro,gemma-2-9b-it
370,korbench,Llama-3.1-8B-Instruct
370,livecodebench,Qwen3-8B
370,finqa,Fin-R1
370,math500,DeepSeek-R1-0528-Qwen3-8B
371,bbh,NVIDIA-Nemotron-Nano-9B-v2
371,medqa,Llama-3.1-8B-Instruct
371,korbench,Qwen2.5-Coder-7B-Instruct
371,meld,gemma-2-9b-it
371,livecodebench,Qwen3-8B
371,finqa,Fin-R1
371,mmlupro,Llama-3.1-8B-UltraMedical
371,math500,DeepSeek-R1-0528-Qwen3-8B
372,meld,Qwen2.5-Coder-7B-Instruct
372,medqa,Llama-3.1-8B-UltraMedical
372,mmlupro,gemma-2-9b-it
372,bbh,DeepSeek-R1-0528-Qwen3-8B
372,korbench,Llama-3.1-8B-Instruct
372,livecodebench,Qwen3-8B
372,math500,NVIDIA-Nemotron-Nano-9B-v2
372,finqa,Fin-R1
373,meld,Qwen2.5-Coder-7B-Instruct
373,medqa,Llama-3.1-8B-UltraMedical
373,mmlupro,gemma-2-9b-it
373,livecodebench,Qwen3-8B
373,bbh,Llama-3.1-8B-Instruct
373,finqa,Fin-R1
373,math500,DeepSeek-R1-0528-Qwen3-8B
373,korbench,NVIDIA-Nemotron-Nano-9B-v2
374,meld,Qwen2.5-Coder-7B-Instruct
374,medqa,Llama-3.1-8B-UltraMedical
374,mmlupro,gemma-2-9b-it
374,bbh,DeepSeek-R1-0528-Qwen3-8B
374,korbench,Llama-3.1-8B-Instruct
374,livecodebench,Qwen3-8B
374,math500,NVIDIA-Nemotron-Nano-9B-v2
374,finqa,Fin-R1
375,medqa,Llama-3.1-8B-Instruct
375,bbh,DeepSeek-R1-0528-Qwen3-8B
375,korbench,Qwen2.5-Coder-7B-Instruct
375,meld,gemma-2-9b-it
375,livecodebench,Qwen3-8B
375,math500,NVIDIA-Nemotron-Nano-9B-v2
375,finqa,Fin-R1
375,mmlupro,Llama-3.1-8B-UltraMedical
376,mmlupro,Llama-3.1-8B-Instruct
376,medqa,Llama-3.1-8B-UltraMedical
376,bbh,DeepSeek-R1-0528-Qwen3-8B
376,korbench,Qwen2.5-Coder-7B-Instruct
376,meld,gemma-2-9b-it
376,livecodebench,Qwen3-8B
376,math500,NVIDIA-Nemotron-Nano-9B-v2
376,finqa,Fin-R1
377,meld,Qwen2.5-Coder-7B-Instruct
377,bbh,NVIDIA-Nemotron-Nano-9B-v2
377,medqa,Llama-3.1-8B-Instruct
377,mmlupro,gemma-2-9b-it
377,korbench,Llama-3.1-8B-UltraMedical
377,livecodebench,Qwen3-8B
377,finqa,Fin-R1
377,math500,DeepSeek-R1-0528-Qwen3-8B
378,medqa,Llama-3.1-8B-Instruct
378,bbh,Qwen3-8B
378,korbench,Qwen2.5-Coder-7B-Instruct
378,meld,gemma-2-9b-it
378,livecodebench,NVIDIA-Nemotron-Nano-9B-v2
378,finqa,Fin-R1
378,mmlupro,Llama-3.1-8B-UltraMedical
378,math500,DeepSeek-R1-0528-Qwen3-8B
379,mmlupro,Llama-3.1-8B-Instruct
379,bbh,NVIDIA-Nemotron-Nano-9B-v2
379,medqa,Llama-3.1-8B-UltraMedical
379,korbench,Qwen2.5-Coder-7B-Instruct
379,meld,gemma-2-9b-it
379,livecodebench,Qwen3-8B
379,finqa,Fin-R1
379,math500,DeepSeek-R1-0528-Qwen3-8B
380,bbh,NVIDIA-Nemotron-Nano-9B-v2
380,medqa,Llama-3.1-8B-Instruct
380,korbench,Qwen2.5-Coder-7B-Instruct
380,meld,gemma-2-9b-it
380,livecodebench,Qwen3-8B
380,finqa,Fin-R1
380,mmlupro,Llama-3.1-8B-UltraMedical
380,math500,DeepSeek-R1-0528-Qwen3-8B
381,meld,Qwen2.5-Coder-7B-Instruct
381,medqa,Llama-3.1-8B-UltraMedical
381,mmlupro,gemma-2-9b-it
381,bbh,DeepSeek-R1-0528-Qwen3-8B
381,korbench,Llama-3.1-8B-Instruct
381,livecodebench,Qwen3-8B
381,math500,NVIDIA-Nemotron-Nano-9B-v2
381,finqa,Fin-R1
382,meld,Qwen2.5-Coder-7B-Instruct
382,medqa,Llama-3.1-8B-Instruct
382,bbh,DeepSeek-R1-0528-Qwen3-8B
382,livecodebench,Qwen3-8B
382,math500,NVIDIA-Nemotron-Nano-9B-v2
382,finqa,Fin-R1
382,korbench,gemma-2-9b-it
382,mmlupro,Llama-3.1-8B-UltraMedical
383,mmlupro,Llama-3.1-8B-Instruct
383,bbh,NVIDIA-Nemotron-Nano-9B-v2
383,medqa,Llama-3.1-8B-UltraMedical
383,korbench,Qwen2.5-Coder-7B-Instruct
383,meld,gemma-2-9b-it
383,livecodebench,Qwen3-8B
383,finqa,Fin-R1
383,math500,DeepSeek-R1-0528-Qwen3-8B
384,mmlupro,Llama-3.1-8B-Instruct
384,bbh,NVIDIA-Nemotron-Nano-9B-v2
384,medqa,Llama-3.1-8B-UltraMedical
384,korbench,Qwen2.5-Coder-7B-Instruct
384,meld,gemma-2-9b-it
384,livecodebench,Qwen3-8B
384,finqa,Fin-R1
384,math500,DeepSeek-R1-0528-Qwen3-8B
385,meld,Qwen2.5-Coder-7B-Instruct
385,bbh,NVIDIA-Nemotron-Nano-9B-v2
385,medqa,Llama-3.1-8B-UltraMedical
385,mmlupro,gemma-2-9b-it
385,math500,Qwen3-8B
385,korbench,Llama-3.1-8B-Instruct
385,finqa,Fin-R1
385,livecodebench,DeepSeek-R1-0528-Qwen3-8B
386,medqa,Llama-3.1-8B-Instruct
386,bbh,DeepSeek-R1-0528-Qwen3-8B
386,korbench,Qwen2.5-Coder-7B-Instruct
386,meld,Fin-R1
386,livecodebench,Qwen3-8B
386,math500,NVIDIA-Nemotron-Nano-9B-v2
386,finqa,gemma-2-9b-it
386,mmlupro,Llama-3.1-8B-UltraMedical
387,mmlupro,Llama-3.1-8B-Instruct
387,medqa,Llama-3.1-8B-UltraMedical
387,bbh,DeepSeek-R1-0528-Qwen3-8B
387,korbench,Qwen2.5-Coder-7B-Instruct
387,meld,gemma-2-9b-it
387,livecodebench,Qwen3-8B
387,math500,NVIDIA-Nemotron-Nano-9B-v2
387,finqa,Fin-R1
388,meld,Qwen2.5-Coder-7B-Instruct
388,bbh,NVIDIA-Nemotron-Nano-9B-v2
388,medqa,Llama-3.1-8B-Instruct
388,mmlupro,gemma-2-9b-it
388,korbench,Llama-3.1-8B-UltraMedical
388,livecodebench,Qwen3-8B
388,finqa,Fin-R1
388,math500,DeepSeek-R1-0528-Qwen3-8B
389,medqa,Llama-3.1-8B-Instruct
389,bbh,DeepSeek-R1-0528-Qwen3-8B
389,korbench,Qwen2.5-Coder-7B-Instruct
389,meld,gemma-2-9b-it
389,livecodebench,Qwen3-8B
389,math500,NVIDIA-Nemotron-Nano-9B-v2
389,finqa,Fin-R1
389,mmlupro,Llama-3.1-8B-UltraMedical
390,meld,Qwen2.5-Coder-7B-Instruct
390,bbh,NVIDIA-Nemotron-Nano-9B-v2
390,medqa,Llama-3.1-8B-UltraMedical
390,mmlupro,gemma-2-9b-it
390,korbench,Llama-3.1-8B-Instruct
390,livecodebench,Qwen3-8B
390,finqa,Fin-R1
390,math500,DeepSeek-R1-0528-Qwen3-8B
391,mmlupro,Llama-3.1-8B-Instruct
391,bbh,NVIDIA-Nemotron-Nano-9B-v2
391,medqa,Llama-3.1-8B-UltraMedical
391,korbench,Qwen2.5-Coder-7B-Instruct
391,meld,gemma-2-9b-it
391,livecodebench,Qwen3-8B
391,finqa,Fin-R1
391,math500,DeepSeek-R1-0528-Qwen3-8B
392,medqa,Llama-3.1-8B-Instruct
392,bbh,DeepSeek-R1-0528-Qwen3-8B
392,korbench,Qwen2.5-Coder-7B-Instruct
392,meld,gemma-2-9b-it
392,livecodebench,Qwen3-8B
392,math500,NVIDIA-Nemotron-Nano-9B-v2
392,finqa,Fin-R1
392,mmlupro,Llama-3.1-8B-UltraMedical
393,medqa,Llama-3.1-8B-Instruct
393,bbh,DeepSeek-R1-0528-Qwen3-8B
393,korbench,Qwen2.5-Coder-7B-Instruct
393,meld,gemma-2-9b-it
393,livecodebench,Qwen3-8B
393,math500,NVIDIA-Nemotron-Nano-9B-v2
393,finqa,Fin-R1
393,mmlupro,Llama-3.1-8B-UltraMedical
394,mmlupro,Llama-3.1-8B-Instruct
394,medqa,Llama-3.1-8B-UltraMedical
394,bbh,DeepSeek-R1-0528-Qwen3-8B
394,math500,Qwen3-8B
394,korbench,Qwen2.5-Coder-7B-Instruct
394,meld,gemma-2-9b-it
394,livecodebench,NVIDIA-Nemotron-Nano-9B-v2
394,finqa,Fin-R1
395,medqa,Llama-3.1-8B-Instruct
395,bbh,DeepSeek-R1-0528-Qwen3-8B
395,korbench,Qwen2.5-Coder-7B-Instruct
395,meld,gemma-2-9b-it
395,livecodebench,Qwen3-8B
395,math500,NVIDIA-Nemotron-Nano-9B-v2
395,finqa,Fin-R1
395,mmlupro,Llama-3.1-8B-UltraMedical
396,meld,Qwen2.5-Coder-7B-Instruct
396,medqa,Llama-3.1-8B-Instruct
396,mmlupro,gemma-2-9b-it
396,bbh,DeepSeek-R1-0528-Qwen3-8B
396,korbench,Llama-3.1-8B-UltraMedical
396,livecodebench,Qwen3-8B
396,math500,NVIDIA-Nemotron-Nano-9B-v2
396,finqa,Fin-R1
397,meld,Qwen2.5-Coder-7B-Instruct
397,medqa,Llama-3.1-8B-Instruct
397,mmlupro,Llama-3.1-8B-UltraMedical
397,livecodebench,NVIDIA-Nemotron-Nano-9B-v2
397,finqa,Fin-R1
397,korbench,gemma-2-9b-it
397,math500,DeepSeek-R1-0528-Qwen3-8B
397,bbh,Qwen3-8B
398,medqa,Llama-3.1-8B-Instruct
398,bbh,DeepSeek-R1-0528-Qwen3-8B
398,korbench,Qwen2.5-Coder-7B-Instruct
398,meld,gemma-2-9b-it
398,livecodebench,Qwen3-8B
398,math500,NVIDIA-Nemotron-Nano-9B-v2
398,finqa,Fin-R1
398,mmlupro,Llama-3.1-8B-UltraMedical
399,mmlupro,Llama-3.1-8B-Instruct
399,bbh,NVIDIA-Nemotron-Nano-9B-v2
399,medqa,Llama-3.1-8B-UltraMedical
399,korbench,Qwen2.5-Coder-7B-Instruct
399,meld,gemma-2-9b-it
399,livecodebench,Qwen3-8B
399,finqa,Fin-R1
399,math500,DeepSeek-R1-0528-Qwen3-8B
400,bbh,NVIDIA-Nemotron-Nano-9B-v2
400,medqa,Llama-3.1-8B-Instruct
400,korbench,Qwen2.5-Coder-7B-Instruct
400,meld,gemma-2-9b-it
400,livecodebench,Qwen3-8B
400,finqa,Fin-R1
400,mmlupro,Llama-3.1-8B-UltraMedical
400,math500,DeepSeek-R1-0528-Qwen3-8B
401,mmlupro,Llama-3.1-8B-Instruct
401,bbh,NVIDIA-Nemotron-Nano-9B-v2
401,medqa,Llama-3.1-8B-UltraMedical
401,korbench,Qwen2.5-Coder-7B-Instruct
401,meld,gemma-2-9b-it
401,livecodebench,Qwen3-8B
401,finqa,Fin-R1
401,math500,DeepSeek-R1-0528-Qwen3-8B
402,meld,Qwen2.5-Coder-7B-Instruct
402,medqa,Llama-3.1-8B-UltraMedical
402,mmlupro,gemma-2-9b-it
402,bbh,DeepSeek-R1-0528-Qwen3-8B
402,math500,Qwen3-8B
402,korbench,Llama-3.1-8B-Instruct
402,livecodebench,NVIDIA-Nemotron-Nano-9B-v2
402,finqa,Fin-R1
403,medqa,Llama-3.1-8B-Instruct
403,bbh,DeepSeek-R1-0528-Qwen3-8B
403,korbench,Qwen2.5-Coder-7B-Instruct
403,meld,gemma-2-9b-it
403,livecodebench,Qwen3-8B
403,math500,NVIDIA-Nemotron-Nano-9B-v2
403,finqa,Fin-R1
403,mmlupro,Llama-3.1-8B-UltraMedical
404,meld,Qwen2.5-Coder-7B-Instruct
404,medqa,Llama-3.1-8B-UltraMedical
404,mmlupro,gemma-2-9b-it
404,bbh,DeepSeek-R1-0528-Qwen3-8B
404,korbench,Llama-3.1-8B-Instruct
404,livecodebench,Qwen3-8B
404,math500,NVIDIA-Nemotron-Nano-9B-v2
404,finqa,Fin-R1
405,bbh,NVIDIA-Nemotron-Nano-9B-v2
405,medqa,Llama-3.1-8B-Instruct
405,korbench,Qwen2.5-Coder-7B-Instruct
405,meld,gemma-2-9b-it
405,livecodebench,Qwen3-8B
405,finqa,Fin-R1
405,mmlupro,Llama-3.1-8B-UltraMedical
405,math500,DeepSeek-R1-0528-Qwen3-8B
406,medqa,Llama-3.1-8B-Instruct
406,bbh,DeepSeek-R1-0528-Qwen3-8B
406,math500,Qwen3-8B
406,korbench,Qwen2.5-Coder-7B-Instruct
406,meld,gemma-2-9b-it
406,livecodebench,NVIDIA-Nemotron-Nano-9B-v2
406,finqa,Fin-R1
406,mmlupro,Llama-3.1-8B-UltraMedical
407,meld,Qwen2.5-Coder-7B-Instruct
407,medqa,Llama-3.1-8B-UltraMedical
407,mmlupro,gemma-2-9b-it
407,livecodebench,Qwen3-8B
407,bbh,Llama-3.1-8B-Instruct
407,finqa,Fin-R1
407,math500,DeepSeek-R1-0528-Qwen3-8B
407,korbench,NVIDIA-Nemotron-Nano-9B-v2
408,mmlupro,Llama-3.1-8B-Instruct
408,medqa,Llama-3.1-8B-UltraMedical
408,korbench,Qwen2.5-Coder-7B-Instruct
408,meld,gemma-2-9b-it
408,math500,NVIDIA-Nemotron-Nano-9B-v2
408,finqa,Fin-R1
408,livecodebench,DeepSeek-R1-0528-Qwen3-8B
408,bbh,Qwen3-8B
409,mmlupro,Llama-3.1-8B-Instruct
409,medqa,Llama-3.1-8B-UltraMedical
409,bbh,DeepSeek-R1-0528-Qwen3-8B
409,korbench,Qwen2.5-Coder-7B-Instruct
409,meld,gemma-2-9b-it
409,livecodebench,Qwen3-8B
409,math500,NVIDIA-Nemotron-Nano-9B-v2
409,finqa,Fin-R1
410,mmlupro,Llama-3.1-8B-Instruct
410,meld,Qwen2.5-Coder-7B-Instruct
410,bbh,NVIDIA-Nemotron-Nano-9B-v2
410,medqa,Llama-3.1-8B-UltraMedical
410,livecodebench,Qwen3-8B
410,finqa,Fin-R1
410,korbench,gemma-2-9b-it
410,math500,DeepSeek-R1-0528-Qwen3-8B
411,meld,Qwen2.5-Coder-7B-Instruct
411,medqa,Llama-3.1-8B-Instruct
411,mmlupro,gemma-2-9b-it
411,bbh,DeepSeek-R1-0528-Qwen3-8B
411,korbench,Llama-3.1-8B-UltraMedical
411,livecodebench,Qwen3-8B
411,math500,NVIDIA-Nemotron-Nano-9B-v2
411,finqa,Fin-R1
412,medqa,Llama-3.1-8B-Instruct
412,bbh,DeepSeek-R1-0528-Qwen3-8B
412,korbench,Qwen2.5-Coder-7B-Instruct
412,meld,gemma-2-9b-it
412,livecodebench,Qwen3-8B
412,math500,NVIDIA-Nemotron-Nano-9B-v2
412,finqa,Fin-R1
412,mmlupro,Llama-3.1-8B-UltraMedical
413,meld,Qwen2.5-Coder-7B-Instruct
413,bbh,NVIDIA-Nemotron-Nano-9B-v2
413,medqa,Llama-3.1-8B-Instruct
413,mmlupro,gemma-2-9b-it
413,korbench,Llama-3.1-8B-UltraMedical
413,livecodebench,Qwen3-8B
413,finqa,Fin-R1
413,math500,DeepSeek-R1-0528-Qwen3-8B
414,mmlupro,Llama-3.1-8B-Instruct
414,medqa,Llama-3.1-8B-UltraMedical
414,bbh,DeepSeek-R1-0528-Qwen3-8B
414,korbench,Qwen2.5-Coder-7B-Instruct
414,meld,gemma-2-9b-it
414,livecodebench,Qwen3-8B
414,math500,NVIDIA-Nemotron-Nano-9B-v2
414,finqa,Fin-R1
415,mmlupro,Llama-3.1-8B-Instruct
415,medqa,Llama-3.1-8B-UltraMedical
415,bbh,DeepSeek-R1-0528-Qwen3-8B
415,korbench,Qwen2.5-Coder-7B-Instruct
415,meld,Fin-R1
415,livecodebench,Qwen3-8B
415,math500,NVIDIA-Nemotron-Nano-9B-v2
415,finqa,gemma-2-9b-it
416,meld,Qwen2.5-Coder-7B-Instruct
416,medqa,Llama-3.1-8B-Instruct
416,bbh,DeepSeek-R1-0528-Qwen3-8B
416,math500,Qwen3-8B
416,livecodebench,NVIDIA-Nemotron-Nano-9B-v2
416,finqa,Fin-R1
416,korbench,gemma-2-9b-it
416,mmlupro,Llama-3.1-8B-UltraMedical
417,mmlupro,Llama-3.1-8B-Instruct
417,bbh,NVIDIA-Nemotron-Nano-9B-v2
417,medqa,Llama-3.1-8B-UltraMedical
417,korbench,Qwen2.5-Coder-7B-Instruct
417,meld,gemma-2-9b-it
417,livecodebench,Qwen3-8B
417,finqa,Fin-R1
417,math500,DeepSeek-R1-0528-Qwen3-8B
418,meld,Qwen2.5-Coder-7B-Instruct
418,medqa,Llama-3.1-8B-Instruct
418,mmlupro,gemma-2-9b-it
418,bbh,DeepSeek-R1-0528-Qwen3-8B
418,korbench,Llama-3.1-8B-UltraMedical
418,livecodebench,Qwen3-8B
418,math500,NVIDIA-Nemotron-Nano-9B-v2
418,finqa,Fin-R1
419,meld,Qwen2.5-Coder-7B-Instruct
419,medqa,Llama-3.1-8B-UltraMedical
419,mmlupro,gemma-2-9b-it
419,korbench,Llama-3.1-8B-Instruct
419,livecodebench,NVIDIA-Nemotron-Nano-9B-v2
419,finqa,Fin-R1
419,math500,DeepSeek-R1-0528-Qwen3-8B
419,bbh,Qwen3-8B
420,meld,Qwen2.5-Coder-7B-Instruct
420,bbh,NVIDIA-Nemotron-Nano-9B-v2
420,medqa,Llama-3.1-8B-Instruct
420,mmlupro,Llama-3.1-8B-UltraMedical
420,livecodebench,Qwen3-8B
420,finqa,Fin-R1
420,korbench,gemma-2-9b-it
420,math500,DeepSeek-R1-0528-Qwen3-8B
421,mmlupro,Llama-3.1-8B-Instruct
421,bbh,NVIDIA-Nemotron-Nano-9B-v2
421,medqa,Llama-3.1-8B-UltraMedical
421,korbench,Qwen2.5-Coder-7B-Instruct
421,meld,gemma-2-9b-it
421,livecodebench,Qwen3-8B
421,finqa,Fin-R1
421,math500,DeepSeek-R1-0528-Qwen3-8B
422,mmlupro,Llama-3.1-8B-Instruct
422,medqa,Llama-3.1-8B-UltraMedical
422,bbh,DeepSeek-R1-0528-Qwen3-8B
422,korbench,Qwen2.5-Coder-7B-Instruct
422,meld,gemma-2-9b-it
422,livecodebench,Qwen3-8B
422,math500,NVIDIA-Nemotron-Nano-9B-v2
422,finqa,Fin-R1
423,mmlupro,Llama-3.1-8B-Instruct
423,medqa,Llama-3.1-8B-UltraMedical
423,bbh,DeepSeek-R1-0528-Qwen3-8B
423,korbench,Qwen2.5-Coder-7B-Instruct
423,meld,gemma-2-9b-it
423,livecodebench,Qwen3-8B
423,math500,NVIDIA-Nemotron-Nano-9B-v2
423,finqa,Fin-R1
424,meld,Qwen2.5-Coder-7B-Instruct
424,bbh,NVIDIA-Nemotron-Nano-9B-v2
424,medqa,Llama-3.1-8B-UltraMedical
424,mmlupro,gemma-2-9b-it
424,korbench,Llama-3.1-8B-Instruct
424,livecodebench,Qwen3-8B
424,finqa,Fin-R1
424,math500,DeepSeek-R1-0528-Qwen3-8B
425,medqa,Llama-3.1-8B-Instruct
425,bbh,DeepSeek-R1-0528-Qwen3-8B
425,korbench,Qwen2.5-Coder-7B-Instruct
425,meld,gemma-2-9b-it
425,livecodebench,Qwen3-8B
425,math500,NVIDIA-Nemotron-Nano-9B-v2
425,finqa,Fin-R1
425,mmlupro,Llama-3.1-8B-UltraMedical
426,medqa,Llama-3.1-8B-Instruct
426,bbh,DeepSeek-R1-0528-Qwen3-8B
426,korbench,Qwen2.5-Coder-7B-Instruct
426,meld,gemma-2-9b-it
426,livecodebench,Qwen3-8B
426,math500,NVIDIA-Nemotron-Nano-9B-v2
426,finqa,Fin-R1
426,mmlupro,Llama-3.1-8B-UltraMedical
427,mmlupro,Llama-3.1-8B-Instruct
427,medqa,Llama-3.1-8B-UltraMedical
427,meld,gemma-2-9b-it
427,bbh,Qwen2.5-Coder-7B-Instruct
427,livecodebench,Qwen3-8B
427,finqa,Fin-R1
427,math500,DeepSeek-R1-0528-Qwen3-8B
427,korbench,NVIDIA-Nemotron-Nano-9B-v2
428,meld,Qwen2.5-Coder-7B-Instruct
428,medqa,Llama-3.1-8B-Instruct
428,mmlupro,gemma-2-9b-it
428,bbh,DeepSeek-R1-0528-Qwen3-8B
428,korbench,Llama-3.1-8B-UltraMedical
428,livecodebench,Qwen3-8B
428,math500,NVIDIA-Nemotron-Nano-9B-v2
428,finqa,Fin-R1
429,mmlupro,Qwen2.5-Coder-7B-Instruct
429,medqa,Llama-3.1-8B-Instruct
429,meld,gemma-2-9b-it
429,bbh,Llama-3.1-8B-UltraMedical
429,livecodebench,NVIDIA-Nemotron-Nano-9B-v2
429,finqa,Fin-R1
429,math500,DeepSeek-R1-0528-Qwen3-8B
429,korbench,Qwen3-8B
430,bbh,NVIDIA-Nemotron-Nano-9B-v2
430,medqa,Llama-3.1-8B-Instruct
430,korbench,Qwen2.5-Coder-7B-Instruct
430,meld,gemma-2-9b-it
430,livecodebench,Qwen3-8B
430,finqa,Fin-R1
430,mmlupro,Llama-3.1-8B-UltraMedical
430,math500,DeepSeek-R1-0528-Qwen3-8B
431,mmlupro,Qwen2.5-Coder-7B-Instruct
431,medqa,Llama-3.1-8B-UltraMedical
431,meld,gemma-2-9b-it
431,livecodebench,Qwen3-8B
431,bbh,Llama-3.1-8B-Instruct
431,finqa,Fin-R1
431,math500,DeepSeek-R1-0528-Qwen3-8B
431,korbench,NVIDIA-Nemotron-Nano-9B-v2
432,mmlupro,Llama-3.1-8B-Instruct
432,bbh,NVIDIA-Nemotron-Nano-9B-v2
432,medqa,Llama-3.1-8B-UltraMedical
432,korbench,Qwen2.5-Coder-7B-Instruct
432,meld,gemma-2-9b-it
432,livecodebench,Qwen3-8B
432,finqa,Fin-R1
432,math500,DeepSeek-R1-0528-Qwen3-8B
433,medqa,Llama-3.1-8B-Instruct
433,bbh,DeepSeek-R1-0528-Qwen3-8B
433,korbench,Qwen2.5-Coder-7B-Instruct
433,meld,gemma-2-9b-it
433,livecodebench,Qwen3-8B
433,math500,NVIDIA-Nemotron-Nano-9B-v2
433,finqa,Fin-R1
433,mmlupro,Llama-3.1-8B-UltraMedical
434,meld,Qwen2.5-Coder-7B-Instruct
434,medqa,Llama-3.1-8B-Instruct
434,mmlupro,gemma-2-9b-it
434,bbh,DeepSeek-R1-0528-Qwen3-8B
434,korbench,Llama-3.1-8B-UltraMedical
434,livecodebench,Qwen3-8B
434,math500,NVIDIA-Nemotron-Nano-9B-v2
434,finqa,Fin-R1
435,korbench,DeepSeek-R1-0528-Qwen3-8B
435,meld,Qwen2.5-Coder-7B-Instruct
435,medqa,Llama-3.1-8B-UltraMedical
435,mmlupro,gemma-2-9b-it
435,livecodebench,Qwen3-8B
435,math500,NVIDIA-Nemotron-Nano-9B-v2
435,bbh,Llama-3.1-8B-Instruct
435,finqa,Fin-R1
436,meld,Qwen2.5-Coder-7B-Instruct
436,bbh,NVIDIA-Nemotron-Nano-9B-v2
436,medqa,Llama-3.1-8B-Instruct
436,mmlupro,gemma-2-9b-it
436,korbench,Llama-3.1-8B-UltraMedical
436,livecodebench,Qwen3-8B
436,finqa,Fin-R1
436,math500,DeepSeek-R1-0528-Qwen3-8B
437,meld,Qwen2.5-Coder-7B-Instruct
437,medqa,Llama-3.1-8B-UltraMedical
437,mmlupro,gemma-2-9b-it
437,bbh,DeepSeek-R1-0528-Qwen3-8B
437,korbench,Llama-3.1-8B-Instruct
437,livecodebench,Qwen3-8B
437,math500,NVIDIA-Nemotron-Nano-9B-v2
437,finqa,Fin-R1
438,medqa,Llama-3.1-8B-Instruct
438,bbh,DeepSeek-R1-0528-Qwen3-8B
438,korbench,Qwen2.5-Coder-7B-Instruct
438,meld,gemma-2-9b-it
438,livecodebench,Qwen3-8B
438,math500,NVIDIA-Nemotron-Nano-9B-v2
438,finqa,Fin-R1
438,mmlupro,Llama-3.1-8B-UltraMedical
439,meld,Qwen2.5-Coder-7B-Instruct
439,medqa,Llama-3.1-8B-Instruct
439,mmlupro,gemma-2-9b-it
439,bbh,Llama-3.1-8B-UltraMedical
439,livecodebench,Qwen3-8B
439,finqa,Fin-R1
439,math500,DeepSeek-R1-0528-Qwen3-8B
439,korbench,NVIDIA-Nemotron-Nano-9B-v2
440,meld,Qwen2.5-Coder-7B-Instruct
440,medqa,Llama-3.1-8B-Instruct
440,mmlupro,gemma-2-9b-it
440,bbh,DeepSeek-R1-0528-Qwen3-8B
440,korbench,Llama-3.1-8B-UltraMedical
440,livecodebench,Qwen3-8B
440,math500,NVIDIA-Nemotron-Nano-9B-v2
440,finqa,Fin-R1
441,bbh,NVIDIA-Nemotron-Nano-9B-v2
441,medqa,Llama-3.1-8B-Instruct
441,korbench,Qwen2.5-Coder-7B-Instruct
441,meld,gemma-2-9b-it
441,livecodebench,Qwen3-8B
441,finqa,Fin-R1
441,mmlupro,Llama-3.1-8B-UltraMedical
441,math500,DeepSeek-R1-0528-Qwen3-8B
442,mmlupro,Llama-3.1-8B-Instruct
442,bbh,NVIDIA-Nemotron-Nano-9B-v2
442,medqa,Llama-3.1-8B-UltraMedical
442,korbench,Qwen2.5-Coder-7B-Instruct
442,meld,gemma-2-9b-it
442,livecodebench,Qwen3-8B
442,finqa,Fin-R1
442,math500,DeepSeek-R1-0528-Qwen3-8B
443,meld,Qwen2.5-Coder-7B-Instruct
443,bbh,NVIDIA-Nemotron-Nano-9B-v2
443,medqa,Llama-3.1-8B-Instruct
443,mmlupro,gemma-2-9b-it
443,korbench,Llama-3.1-8B-UltraMedical
443,livecodebench,Qwen3-8B
443,finqa,Fin-R1
443,math500,DeepSeek-R1-0528-Qwen3-8B
444,mmlupro,Qwen2.5-Coder-7B-Instruct
444,medqa,Llama-3.1-8B-UltraMedical
444,meld,gemma-2-9b-it
444,livecodebench,Qwen3-8B
444,bbh,Llama-3.1-8B-Instruct
444,finqa,Fin-R1
444,math500,DeepSeek-R1-0528-Qwen3-8B
444,korbench,NVIDIA-Nemotron-Nano-9B-v2
445,mmlupro,Llama-3.1-8B-Instruct
445,meld,Qwen2.5-Coder-7B-Instruct
445,medqa,Llama-3.1-8B-UltraMedical
445,bbh,DeepSeek-R1-0528-Qwen3-8B
445,livecodebench,Qwen3-8B
445,math500,NVIDIA-Nemotron-Nano-9B-v2
445,finqa,Fin-R1
445,korbench,gemma-2-9b-it
446,mmlupro,Llama-3.1-8B-Instruct
446,medqa,Llama-3.1-8B-UltraMedical
446,bbh,DeepSeek-R1-0528-Qwen3-8B
446,korbench,Qwen2.5-Coder-7B-Instruct
446,meld,gemma-2-9b-it
446,livecodebench,Qwen3-8B
446,math500,NVIDIA-Nemotron-Nano-9B-v2
446,finqa,Fin-R1
447,meld,Qwen2.5-Coder-7B-Instruct
447,medqa,Llama-3.1-8B-Instruct
447,mmlupro,gemma-2-9b-it
447,bbh,DeepSeek-R1-0528-Qwen3-8B
447,korbench,Llama-3.1-8B-UltraMedical
447,livecodebench,Qwen3-8B
447,math500,NVIDIA-Nemotron-Nano-9B-v2
447,finqa,Fin-R1
448,mmlupro,Llama-3.1-8B-Instruct
448,medqa,Llama-3.1-8B-UltraMedical
448,bbh,DeepSeek-R1-0528-Qwen3-8B
448,korbench,Qwen2.5-Coder-7B-Instruct
448,meld,gemma-2-9b-it
448,livecodebench,Qwen3-8B
448,math500,NVIDIA-Nemotron-Nano-9B-v2
448,finqa,Fin-R1
449,meld,Qwen2.5-Coder-7B-Instruct
449,medqa,Llama-3.1-8B-Instruct
449,mmlupro,gemma-2-9b-it
449,korbench,Llama-3.1-8B-UltraMedical
449,livecodebench,NVIDIA-Nemotron-Nano-9B-v2
449,finqa,Fin-R1
449,math500,DeepSeek-R1-0528-Qwen3-8B
449,bbh,Qwen3-8B
450,medqa,Llama-3.1-8B-Instruct
450,bbh,DeepSeek-R1-0528-Qwen3-8B
450,korbench,Qwen2.5-Coder-7B-Instruct
450,meld,gemma-2-9b-it
450,livecodebench,Qwen3-8B
450,math500,NVIDIA-Nemotron-Nano-9B-v2
450,finqa,Fin-R1
450,mmlupro,Llama-3.1-8B-UltraMedical
451,meld,Qwen2.5-Coder-7B-Instruct
451,bbh,NVIDIA-Nemotron-Nano-9B-v2
451,medqa,Llama-3.1-8B-UltraMedical
451,mmlupro,gemma-2-9b-it
451,korbench,Llama-3.1-8B-Instruct
451,livecodebench,Qwen3-8B
451,finqa,Fin-R1
451,math500,DeepSeek-R1-0528-Qwen3-8B
452,meld,Qwen2.5-Coder-7B-Instruct
452,medqa,Llama-3.1-8B-UltraMedical
452,mmlupro,gemma-2-9b-it
452,bbh,DeepSeek-R1-0528-Qwen3-8B
452,korbench,Llama-3.1-8B-Instruct
452,livecodebench,Qwen3-8B
452,math500,NVIDIA-Nemotron-Nano-9B-v2
452,finqa,Fin-R1
453,meld,Qwen2.5-Coder-7B-Instruct
453,medqa,Llama-3.1-8B-UltraMedical
453,mmlupro,gemma-2-9b-it
453,bbh,DeepSeek-R1-0528-Qwen3-8B
453,korbench,Llama-3.1-8B-Instruct
453,livecodebench,Qwen3-8B
453,math500,NVIDIA-Nemotron-Nano-9B-v2
453,finqa,Fin-R1
454,mmlupro,Llama-3.1-8B-Instruct
454,medqa,Llama-3.1-8B-UltraMedical
454,bbh,DeepSeek-R1-0528-Qwen3-8B
454,korbench,Qwen2.5-Coder-7B-Instruct
454,meld,gemma-2-9b-it
454,livecodebench,Qwen3-8B
454,math500,NVIDIA-Nemotron-Nano-9B-v2
454,finqa,Fin-R1
455,medqa,Llama-3.1-8B-Instruct
455,bbh,DeepSeek-R1-0528-Qwen3-8B
455,korbench,Qwen2.5-Coder-7B-Instruct
455,meld,gemma-2-9b-it
455,livecodebench,Qwen3-8B
455,math500,NVIDIA-Nemotron-Nano-9B-v2
455,finqa,Fin-R1
455,mmlupro,Llama-3.1-8B-UltraMedical
456,medqa,Llama-3.1-8B-Instruct
456,bbh,DeepSeek-R1-0528-Qwen3-8B
456,korbench,Qwen2.5-Coder-7B-Instruct
456,meld,gemma-2-9b-it
456,livecodebench,Qwen3-8B
456,math500,NVIDIA-Nemotron-Nano-9B-v2
456,finqa,Fin-R1
456,mmlupro,Llama-3.1-8B-UltraMedical
457,mmlupro,Llama-3.1-8B-Instruct
457,medqa,Llama-3.1-8B-UltraMedical
457,bbh,DeepSeek-R1-0528-Qwen3-8B
457,korbench,Qwen2.5-Coder-7B-Instruct
457,meld,gemma-2-9b-it
457,livecodebench,Qwen3-8B
457,math500,NVIDIA-Nemotron-Nano-9B-v2
457,finqa,Fin-R1
458,mmlupro,Llama-3.1-8B-Instruct
458,medqa,Llama-3.1-8B-UltraMedical
458,bbh,DeepSeek-R1-0528-Qwen3-8B
458,korbench,Qwen2.5-Coder-7B-Instruct
458,meld,gemma-2-9b-it
458,livecodebench,Qwen3-8B
458,math500,NVIDIA-Nemotron-Nano-9B-v2
458,finqa,Fin-R1
459,meld,Qwen2.5-Coder-7B-Instruct
459,medqa,Llama-3.1-8B-UltraMedical
459,mmlupro,gemma-2-9b-it
459,korbench,Llama-3.1-8B-Instruct
459,livecodebench,NVIDIA-Nemotron-Nano-9B-v2
459,finqa,Fin-R1
459,math500,DeepSeek-R1-0528-Qwen3-8B
459,bbh,Qwen3-8B
460,mmlupro,Llama-3.1-8B-Instruct
460,medqa,Llama-3.1-8B-UltraMedical
460,korbench,Qwen2.5-Coder-7B-Instruct
460,meld,gemma-2-9b-it
460,livecodebench,NVIDIA-Nemotron-Nano-9B-v2
460,finqa,Fin-R1
460,math500,DeepSeek-R1-0528-Qwen3-8B
460,bbh,Qwen3-8B
461,mmlupro,Llama-3.1-8B-Instruct
461,bbh,NVIDIA-Nemotron-Nano-9B-v2
461,medqa,Llama-3.1-8B-UltraMedical
461,korbench,Qwen2.5-Coder-7B-Instruct
461,meld,gemma-2-9b-it
461,livecodebench,Qwen3-8B
461,finqa,Fin-R1
461,math500,DeepSeek-R1-0528-Qwen3-8B
462,mmlupro,Llama-3.1-8B-Instruct
462,medqa,Llama-3.1-8B-UltraMedical
462,bbh,DeepSeek-R1-0528-Qwen3-8B
462,korbench,Qwen2.5-Coder-7B-Instruct
462,meld,gemma-2-9b-it
462,livecodebench,Qwen3-8B
462,math500,NVIDIA-Nemotron-Nano-9B-v2
462,finqa,Fin-R1
463,mmlupro,Llama-3.1-8B-Instruct
463,medqa,Llama-3.1-8B-UltraMedical
463,bbh,DeepSeek-R1-0528-Qwen3-8B
463,korbench,Qwen2.5-Coder-7B-Instruct
463,meld,gemma-2-9b-it
463,livecodebench,Qwen3-8B
463,math500,NVIDIA-Nemotron-Nano-9B-v2
463,finqa,Fin-R1
464,meld,Qwen2.5-Coder-7B-Instruct
464,medqa,Llama-3.1-8B-Instruct
464,mmlupro,gemma-2-9b-it
464,korbench,Llama-3.1-8B-UltraMedical
464,livecodebench,NVIDIA-Nemotron-Nano-9B-v2
464,finqa,Fin-R1
464,math500,DeepSeek-R1-0528-Qwen3-8B
464,bbh,Qwen3-8B
465,meld,Qwen2.5-Coder-7B-Instruct
465,bbh,NVIDIA-Nemotron-Nano-9B-v2
465,medqa,Llama-3.1-8B-Instruct
465,mmlupro,gemma-2-9b-it
465,korbench,Llama-3.1-8B-UltraMedical
465,livecodebench,Qwen3-8B
465,finqa,Fin-R1
465,math500,DeepSeek-R1-0528-Qwen3-8B
466,meld,Qwen2.5-Coder-7B-Instruct
466,medqa,Llama-3.1-8B-Instruct
466,mmlupro,gemma-2-9b-it
466,bbh,DeepSeek-R1-0528-Qwen3-8B
466,korbench,Llama-3.1-8B-UltraMedical
466,livecodebench,Qwen3-8B
466,math500,NVIDIA-Nemotron-Nano-9B-v2
466,finqa,Fin-R1
467,medqa,Llama-3.1-8B-Instruct
467,bbh,DeepSeek-R1-0528-Qwen3-8B
467,korbench,Qwen2.5-Coder-7B-Instruct
467,meld,gemma-2-9b-it
467,livecodebench,Qwen3-8B
467,math500,NVIDIA-Nemotron-Nano-9B-v2
467,finqa,Fin-R1
467,mmlupro,Llama-3.1-8B-UltraMedical
468,mmlupro,Qwen2.5-Coder-7B-Instruct
468,medqa,Llama-3.1-8B-Instruct
468,meld,gemma-2-9b-it
468,bbh,Llama-3.1-8B-UltraMedical
468,livecodebench,Qwen3-8B
468,finqa,Fin-R1
468,math500,DeepSeek-R1-0528-Qwen3-8B
468,korbench,NVIDIA-Nemotron-Nano-9B-v2
469,mmlupro,Llama-3.1-8B-Instruct
469,medqa,Llama-3.1-8B-UltraMedical
469,bbh,DeepSeek-R1-0528-Qwen3-8B
469,korbench,Qwen2.5-Coder-7B-Instruct
469,meld,gemma-2-9b-it
469,livecodebench,Qwen3-8B
469,math500,NVIDIA-Nemotron-Nano-9B-v2
469,finqa,Fin-R1
470,mmlupro,Llama-3.1-8B-Instruct
470,medqa,Llama-3.1-8B-UltraMedical
470,bbh,DeepSeek-R1-0528-Qwen3-8B
470,math500,Qwen3-8B
470,korbench,Qwen2.5-Coder-7B-Instruct
470,meld,gemma-2-9b-it
470,livecodebench,NVIDIA-Nemotron-Nano-9B-v2
470,finqa,Fin-R1
471,meld,Qwen2.5-Coder-7B-Instruct
471,medqa,Llama-3.1-8B-Instruct
471,mmlupro,gemma-2-9b-it
471,bbh,Llama-3.1-8B-UltraMedical
471,livecodebench,Qwen3-8B
471,finqa,Fin-R1
471,math500,DeepSeek-R1-0528-Qwen3-8B
471,korbench,NVIDIA-Nemotron-Nano-9B-v2
472,bbh,NVIDIA-Nemotron-Nano-9B-v2
472,medqa,Llama-3.1-8B-Instruct
472,korbench,Qwen2.5-Coder-7B-Instruct
472,meld,gemma-2-9b-it
472,livecodebench,Qwen3-8B
472,finqa,Fin-R1
472,mmlupro,Llama-3.1-8B-UltraMedical
472,math500,DeepSeek-R1-0528-Qwen3-8B
473,bbh,NVIDIA-Nemotron-Nano-9B-v2
473,medqa,Llama-3.1-8B-Instruct
473,korbench,Qwen2.5-Coder-7B-Instruct
473,meld,gemma-2-9b-it
473,livecodebench,Qwen3-8B
473,finqa,Fin-R1
473,mmlupro,Llama-3.1-8B-UltraMedical
473,math500,DeepSeek-R1-0528-Qwen3-8B
474,mmlupro,Qwen2.5-Coder-7B-Instruct
474,medqa,Llama-3.1-8B-Instruct
474,meld,gemma-2-9b-it
474,bbh,Llama-3.1-8B-UltraMedical
474,livecodebench,Qwen3-8B
474,finqa,Fin-R1
474,math500,DeepSeek-R1-0528-Qwen3-8B
474,korbench,NVIDIA-Nemotron-Nano-9B-v2
475,mmlupro,Llama-3.1-8B-Instruct
475,medqa,Llama-3.1-8B-UltraMedical
475,bbh,DeepSeek-R1-0528-Qwen3-8B
475,korbench,Qwen2.5-Coder-7B-Instruct
475,meld,gemma-2-9b-it
475,livecodebench,Qwen3-8B
475,math500,NVIDIA-Nemotron-Nano-9B-v2
475,finqa,Fin-R1
476,mmlupro,Llama-3.1-8B-Instruct
476,bbh,NVIDIA-Nemotron-Nano-9B-v2
476,medqa,Llama-3.1-8B-UltraMedical
476,korbench,Qwen2.5-Coder-7B-Instruct
476,meld,gemma-2-9b-it
476,livecodebench,Qwen3-8B
476,finqa,Fin-R1
476,math500,DeepSeek-R1-0528-Qwen3-8B
477,bbh,NVIDIA-Nemotron-Nano-9B-v2
477,medqa,Llama-3.1-8B-Instruct
477,korbench,Qwen2.5-Coder-7B-Instruct
477,meld,gemma-2-9b-it
477,livecodebench,Qwen3-8B
477,finqa,Fin-R1
477,mmlupro,Llama-3.1-8B-UltraMedical
477,math500,DeepSeek-R1-0528-Qwen3-8B
478,meld,Qwen2.5-Coder-7B-Instruct
478,bbh,NVIDIA-Nemotron-Nano-9B-v2
478,medqa,Llama-3.1-8B-UltraMedical
478,mmlupro,gemma-2-9b-it
478,korbench,Llama-3.1-8B-Instruct
478,livecodebench,Qwen3-8B
478,finqa,Fin-R1
478,math500,DeepSeek-R1-0528-Qwen3-8B
479,meld,Qwen2.5-Coder-7B-Instruct
479,medqa,Llama-3.1-8B-Instruct
479,mmlupro,gemma-2-9b-it
479,bbh,DeepSeek-R1-0528-Qwen3-8B
479,korbench,Llama-3.1-8B-UltraMedical
479,livecodebench,Qwen3-8B
479,math500,NVIDIA-Nemotron-Nano-9B-v2
479,finqa,Fin-R1
480,mmlupro,Llama-3.1-8B-Instruct
480,bbh,NVIDIA-Nemotron-Nano-9B-v2
480,medqa,Llama-3.1-8B-UltraMedical
480,korbench,Qwen2.5-Coder-7B-Instruct
480,meld,gemma-2-9b-it
480,livecodebench,Qwen3-8B
480,finqa,Fin-R1
480,math500,DeepSeek-R1-0528-Qwen3-8B
481,meld,Qwen2.5-Coder-7B-Instruct
481,medqa,Llama-3.1-8B-Instruct
481,mmlupro,gemma-2-9b-it
481,bbh,DeepSeek-R1-0528-Qwen3-8B
481,korbench,Llama-3.1-8B-UltraMedical
481,livecodebench,Qwen3-8B
481,math500,NVIDIA-Nemotron-Nano-9B-v2
481,finqa,Fin-R1
482,mmlupro,Llama-3.1-8B-Instruct
482,bbh,NVIDIA-Nemotron-Nano-9B-v2
482,medqa,Llama-3.1-8B-UltraMedical
482,korbench,Qwen2.5-Coder-7B-Instruct
482,meld,gemma-2-9b-it
482,livecodebench,Qwen3-8B
482,finqa,Fin-R1
482,math500,DeepSeek-R1-0528-Qwen3-8B
483,meld,Qwen2.5-Coder-7B-Instruct
483,bbh,NVIDIA-Nemotron-Nano-9B-v2
483,medqa,Llama-3.1-8B-Instruct
483,mmlupro,gemma-2-9b-it
483,korbench,Llama-3.1-8B-UltraMedical
483,livecodebench,Qwen3-8B
483,finqa,Fin-R1
483,math500,DeepSeek-R1-0528-Qwen3-8B
484,mmlupro,Llama-3.1-8B-Instruct
484,medqa,Llama-3.1-8B-UltraMedical
484,bbh,DeepSeek-R1-0528-Qwen3-8B
484,korbench,Qwen2.5-Coder-7B-Instruct
484,meld,gemma-2-9b-it
484,livecodebench,Qwen3-8B
484,math500,NVIDIA-Nemotron-Nano-9B-v2
484,finqa,Fin-R1
485,meld,Qwen2.5-Coder-7B-Instruct
485,medqa,Llama-3.1-8B-UltraMedical
485,mmlupro,gemma-2-9b-it
485,bbh,DeepSeek-R1-0528-Qwen3-8B
485,korbench,Llama-3.1-8B-Instruct
485,livecodebench,Qwen3-8B
485,math500,NVIDIA-Nemotron-Nano-9B-v2
485,finqa,Fin-R1
486,mmlupro,Llama-3.1-8B-Instruct
486,bbh,NVIDIA-Nemotron-Nano-9B-v2
486,medqa,Llama-3.1-8B-UltraMedical
486,korbench,Qwen2.5-Coder-7B-Instruct
486,meld,gemma-2-9b-it
486,livecodebench,Qwen3-8B
486,finqa,Fin-R1
486,math500,DeepSeek-R1-0528-Qwen3-8B
487,mmlupro,Llama-3.1-8B-Instruct
487,medqa,Llama-3.1-8B-UltraMedical
487,bbh,DeepSeek-R1-0528-Qwen3-8B
487,korbench,Qwen2.5-Coder-7B-Instruct
487,meld,gemma-2-9b-it
487,livecodebench,Qwen3-8B
487,math500,NVIDIA-Nemotron-Nano-9B-v2
487,finqa,Fin-R1
488,meld,Qwen2.5-Coder-7B-Instruct
488,bbh,NVIDIA-Nemotron-Nano-9B-v2
488,medqa,Llama-3.1-8B-UltraMedical
488,mmlupro,gemma-2-9b-it
488,korbench,Llama-3.1-8B-Instruct
488,livecodebench,Qwen3-8B
488,finqa,Fin-R1
488,math500,DeepSeek-R1-0528-Qwen3-8B
489,meld,Qwen2.5-Coder-7B-Instruct
489,bbh,NVIDIA-Nemotron-Nano-9B-v2
489,medqa,Llama-3.1-8B-UltraMedical
489,mmlupro,gemma-2-9b-it
489,korbench,Llama-3.1-8B-Instruct
489,livecodebench,Qwen3-8B
489,finqa,Fin-R1
489,math500,DeepSeek-R1-0528-Qwen3-8B
490,medqa,Llama-3.1-8B-Instruct
490,bbh,DeepSeek-R1-0528-Qwen3-8B
490,korbench,Qwen2.5-Coder-7B-Instruct
490,meld,gemma-2-9b-it
490,livecodebench,Qwen3-8B
490,math500,NVIDIA-Nemotron-Nano-9B-v2
490,finqa,Fin-R1
490,mmlupro,Llama-3.1-8B-UltraMedical
491,mmlupro,Llama-3.1-8B-Instruct
491,medqa,Llama-3.1-8B-UltraMedical
491,bbh,DeepSeek-R1-0528-Qwen3-8B
491,korbench,Qwen2.5-Coder-7B-Instruct
491,meld,gemma-2-9b-it
491,livecodebench,Qwen3-8B
491,math500,NVIDIA-Nemotron-Nano-9B-v2
491,finqa,Fin-R1
492,bbh,NVIDIA-Nemotron-Nano-9B-v2
492,medqa,Llama-3.1-8B-Instruct
492,korbench,Qwen2.5-Coder-7B-Instruct
492,meld,gemma-2-9b-it
492,livecodebench,Qwen3-8B
492,finqa,Fin-R1
492,mmlupro,Llama-3.1-8B-UltraMedical
492,math500,DeepSeek-R1-0528-Qwen3-8B
493,mmlupro,Llama-3.1-8B-Instruct
493,bbh,NVIDIA-Nemotron-Nano-9B-v2
493,medqa,Llama-3.1-8B-UltraMedical
493,korbench,Qwen2.5-Coder-7B-Instruct
493,meld,gemma-2-9b-it
493,livecodebench,Qwen3-8B
493,finqa,Fin-R1
493,math500,DeepSeek-R1-0528-Qwen3-8B
494,mmlupro,Llama-3.1-8B-Instruct
494,medqa,Llama-3.1-8B-UltraMedical
494,bbh,DeepSeek-R1-0528-Qwen3-8B
494,math500,Qwen3-8B
494,korbench,Qwen2.5-Coder-7B-Instruct
494,meld,gemma-2-9b-it
494,livecodebench,NVIDIA-Nemotron-Nano-9B-v2
494,finqa,Fin-R1
495,meld,Qwen2.5-Coder-7B-Instruct
495,bbh,NVIDIA-Nemotron-Nano-9B-v2
495,medqa,Llama-3.1-8B-Instruct
495,mmlupro,gemma-2-9b-it
495,korbench,Llama-3.1-8B-UltraMedical
495,livecodebench,Qwen3-8B
495,finqa,Fin-R1
495,math500,DeepSeek-R1-0528-Qwen3-8B
496,mmlupro,Llama-3.1-8B-Instruct
496,medqa,Llama-3.1-8B-UltraMedical
496,bbh,DeepSeek-R1-0528-Qwen3-8B
496,korbench,Qwen2.5-Coder-7B-Instruct
496,meld,gemma-2-9b-it
496,livecodebench,Qwen3-8B
496,math500,NVIDIA-Nemotron-Nano-9B-v2
496,finqa,Fin-R1
497,mmlupro,Qwen2.5-Coder-7B-Instruct
497,medqa,Llama-3.1-8B-UltraMedical
497,meld,gemma-2-9b-it
497,livecodebench,NVIDIA-Nemotron-Nano-9B-v2
497,bbh,Llama-3.1-8B-Instruct
497,finqa,Fin-R1
497,math500,DeepSeek-R1-0528-Qwen3-8B
497,korbench,Qwen3-8B
498,meld,Qwen2.5-Coder-7B-Instruct
498,medqa,Llama-3.1-8B-Instruct
498,mmlupro,gemma-2-9b-it
498,bbh,DeepSeek-R1-0528-Qwen3-8B
498,korbench,Llama-3.1-8B-UltraMedical
498,livecodebench,Qwen3-8B
498,math500,NVIDIA-Nemotron-Nano-9B-v2
498,finqa,Fin-R1
499,medqa,Llama-3.1-8B-Instruct
499,bbh,DeepSeek-R1-0528-Qwen3-8B
499,korbench,Qwen2.5-Coder-7B-Instruct
499,meld,gemma-2-9b-it
499,livecodebench,Qwen3-8B
499,math500,NVIDIA-Nemotron-Nano-9B-v2
499,finqa,Fin-R1
499,mmlupro,Llama-3.1-8B-UltraMedical
