replicate,task,model
0,mmlupro,Qwen2.5-Coder-7B-Instruct
0,livecodebench,Llama-3.1-8B-UltraMedical
0,meld,gemma-2-9b-it
0,math500,DeepSeek-R1-0528-Qwen3-8B
0,bbh,NVIDIA-Nemotron-Nano-9B-v2
0,korbench,Llama-3.1-8B-Instruct
0,finqa,Fin-R1
0,medqa,Qwen3-8B
1,mmlupro,gemma-2-9b-it
1,livecodebench,Llama-3.1-8B-UltraMedical
1,math500,DeepSeek-R1-0528-Qwen3-8B
1,bbh,NVIDIA-Nemotron-Nano-9B-v2
1,korbench,Llama-3.1-8B-Instruct
1,meld,Qwen2.5-Coder-7B-Instruct
1,finqa,Fin-R1
1,medqa,Qwen3-8B
2,mmlupro,gemma-2-9b-it
2,livecodebench,Llama-3.1-8B-UltraMedical
2,math500,DeepSeek-R1-0528-Qwen3-8B
2,bbh,NVIDIA-Nemotron-Nano-9B-v2
2,korbench,Llama-3.1-8B-Instruct
2,meld,Qwen2.5-Coder-7B-Instruct
2,finqa,Fin-R1
2,medqa,Qwen3-8B
3,mmlupro,gemma-2-9b-it
3,livecodebench,Llama-3.1-8B-UltraMedical
3,math500,DeepSeek-R1-0528-Qwen3-8B
3,bbh,NVIDIA-Nemotron-Nano-9B-v2
3,korbench,Llama-3.1-8B-Instruct
3,meld,Qwen2.5-Coder-7B-Instruct
3,finqa,Fin-R1
3,medqa,Qwen3-8B
4,mmlupro,Llama-3.1-8B-Instruct
4,medqa,Qwen3-8B
4,livecodebench,Llama-3.1-8B-UltraMedical
4,meld,gemma-2-9b-it
4,math500,DeepSeek-R1-0528-Qwen3-8B
4,bbh,NVIDIA-Nemotron-Nano-9B-v2
4,finqa,Fin-R1
4,korbench,Qwen2.5-Coder-7B-Instruct
5,mmlupro,gemma-2-9b-it
5,livecodebench,Llama-3.1-8B-UltraMedical
5,math500,DeepSeek-R1-0528-Qwen3-8B
5,bbh,NVIDIA-Nemotron-Nano-9B-v2
5,korbench,Llama-3.1-8B-Instruct
5,meld,Qwen2.5-Coder-7B-Instruct
5,finqa,Fin-R1
5,medqa,Qwen3-8B
6,mmlupro,gemma-2-9b-it
6,livecodebench,Llama-3.1-8B-UltraMedical
6,math500,NVIDIA-Nemotron-Nano-9B-v2
6,korbench,Llama-3.1-8B-Instruct
6,meld,Qwen2.5-Coder-7B-Instruct
6,finqa,Fin-R1
6,bbh,DeepSeek-R1-0528-Qwen3-8B
6,medqa,Qwen3-8B
7,mmlupro,Llama-3.1-8B-Instruct
7,medqa,Qwen3-8B
7,livecodebench,Llama-3.1-8B-UltraMedical
7,meld,gemma-2-9b-it
7,math500,DeepSeek-R1-0528-Qwen3-8B
7,bbh,NVIDIA-Nemotron-Nano-9B-v2
7,finqa,Fin-R1
7,korbench,Qwen2.5-Coder-7B-Instruct
8,mmlupro,Llama-3.1-8B-Instruct
8,medqa,Qwen3-8B
8,livecodebench,Llama-3.1-8B-UltraMedical
8,meld,gemma-2-9b-it
8,math500,DeepSeek-R1-0528-Qwen3-8B
8,bbh,NVIDIA-Nemotron-Nano-9B-v2
8,finqa,Fin-R1
8,korbench,Qwen2.5-Coder-7B-Instruct
9,medqa,DeepSeek-R1-0528-Qwen3-8B
9,math500,Qwen3-8B
9,mmlupro,Qwen2.5-Coder-7B-Instruct
9,livecodebench,Llama-3.1-8B-UltraMedical
9,meld,gemma-2-9b-it
9,bbh,NVIDIA-Nemotron-Nano-9B-v2
9,korbench,Llama-3.1-8B-Instruct
9,finqa,Fin-R1
10,mmlupro,gemma-2-9b-it
10,livecodebench,Llama-3.1-8B-UltraMedical
10,math500,NVIDIA-Nemotron-Nano-9B-v2
10,korbench,Llama-3.1-8B-Instruct
10,meld,Qwen2.5-Coder-7B-Instruct
10,finqa,Fin-R1
10,bbh,DeepSeek-R1-0528-Qwen3-8B
10,medqa,Qwen3-8B
11,mmlupro,gemma-2-9b-it
11,livecodebench,Llama-3.1-8B-UltraMedical
11,math500,DeepSeek-R1-0528-Qwen3-8B
11,bbh,NVIDIA-Nemotron-Nano-9B-v2
11,korbench,Llama-3.1-8B-Instruct
11,meld,Qwen2.5-Coder-7B-Instruct
11,finqa,Fin-R1
11,medqa,Qwen3-8B
12,mmlupro,Llama-3.1-8B-Instruct
12,medqa,Qwen3-8B
12,livecodebench,Llama-3.1-8B-UltraMedical
12,meld,gemma-2-9b-it
12,math500,DeepSeek-R1-0528-Qwen3-8B
12,bbh,NVIDIA-Nemotron-Nano-9B-v2
12,finqa,Fin-R1
12,korbench,Qwen2.5-Coder-7B-Instruct
13,mmlupro,Qwen2.5-Coder-7B-Instruct
13,livecodebench,Llama-3.1-8B-UltraMedical
13,meld,gemma-2-9b-it
13,math500,DeepSeek-R1-0528-Qwen3-8B
13,bbh,NVIDIA-Nemotron-Nano-9B-v2
13,korbench,Llama-3.1-8B-Instruct
13,finqa,Fin-R1
13,medqa,Qwen3-8B
14,mmlupro,gemma-2-9b-it
14,livecodebench,Llama-3.1-8B-UltraMedical
14,math500,DeepSeek-R1-0528-Qwen3-8B
14,bbh,NVIDIA-Nemotron-Nano-9B-v2
14,korbench,Llama-3.1-8B-Instruct
14,meld,Qwen2.5-Coder-7B-Instruct
14,finqa,Fin-R1
14,medqa,Qwen3-8B
15,mmlupro,gemma-2-9b-it
15,livecodebench,Llama-3.1-8B-UltraMedical
15,math500,DeepSeek-R1-0528-Qwen3-8B
15,bbh,NVIDIA-Nemotron-Nano-9B-v2
15,korbench,Llama-3.1-8B-Instruct
15,meld,Qwen2.5-Coder-7B-Instruct
15,finqa,Fin-R1
15,medqa,Qwen3-8B
16,mmlupro,gemma-2-9b-it
16,livecodebench,Llama-3.1-8B-UltraMedical
16,math500,NVIDIA-Nemotron-Nano-9B-v2
16,korbench,Llama-3.1-8B-Instruct
16,meld,Qwen2.5-Coder-7B-Instruct
16,finqa,Fin-R1
16,bbh,DeepSeek-R1-0528-Qwen3-8B
16,medqa,Qwen3-8B
17,mmlupro,gemma-2-9b-it
17,livecodebench,Llama-3.1-8B-UltraMedical
17,math500,DeepSeek-R1-0528-Qwen3-8B
17,bbh,NVIDIA-Nemotron-Nano-9B-v2
17,korbench,Llama-3.1-8B-Instruct
17,meld,Qwen2.5-Coder-7B-Instruct
17,finqa,Fin-R1
17,medqa,Qwen3-8B
18,mmlupro,Llama-3.1-8B-Instruct
18,korbench,Qwen2.5-Coder-7B-Instruct
18,livecodebench,Llama-3.1-8B-UltraMedical
18,math500,NVIDIA-Nemotron-Nano-9B-v2
18,meld,gemma-2-9b-it
18,bbh,DeepSeek-R1-0528-Qwen3-8B
18,finqa,Fin-R1
18,medqa,Qwen3-8B
19,mmlupro,gemma-2-9b-it
19,livecodebench,Llama-3.1-8B-UltraMedical
19,math500,DeepSeek-R1-0528-Qwen3-8B
19,bbh,NVIDIA-Nemotron-Nano-9B-v2
19,korbench,Llama-3.1-8B-Instruct
19,meld,Qwen2.5-Coder-7B-Instruct
19,finqa,Fin-R1
19,medqa,Qwen3-8B
20,mmlupro,gemma-2-9b-it
20,livecodebench,Llama-3.1-8B-UltraMedical
20,math500,DeepSeek-R1-0528-Qwen3-8B
20,bbh,NVIDIA-Nemotron-Nano-9B-v2
20,korbench,Llama-3.1-8B-Instruct
20,meld,Qwen2.5-Coder-7B-Instruct
20,finqa,Fin-R1
20,medqa,Qwen3-8B
21,mmlupro,Llama-3.1-8B-Instruct
21,medqa,Qwen3-8B
21,livecodebench,Llama-3.1-8B-UltraMedical
21,meld,gemma-2-9b-it
21,math500,DeepSeek-R1-0528-Qwen3-8B
21,bbh,NVIDIA-Nemotron-Nano-9B-v2
21,finqa,Fin-R1
21,korbench,Qwen2.5-Coder-7B-Instruct
22,mmlupro,gemma-2-9b-it
22,livecodebench,Llama-3.1-8B-UltraMedical
22,math500,DeepSeek-R1-0528-Qwen3-8B
22,bbh,NVIDIA-Nemotron-Nano-9B-v2
22,korbench,Llama-3.1-8B-Instruct
22,meld,Qwen2.5-Coder-7B-Instruct
22,finqa,Fin-R1
22,medqa,Qwen3-8B
23,mmlupro,gemma-2-9b-it
23,livecodebench,Llama-3.1-8B-UltraMedical
23,math500,DeepSeek-R1-0528-Qwen3-8B
23,bbh,NVIDIA-Nemotron-Nano-9B-v2
23,korbench,Llama-3.1-8B-Instruct
23,meld,Qwen2.5-Coder-7B-Instruct
23,finqa,Fin-R1
23,medqa,Qwen3-8B
24,mmlupro,NVIDIA-Nemotron-Nano-9B-v2
24,math500,Qwen3-8B
24,medqa,Llama-3.1-8B-UltraMedical
24,meld,gemma-2-9b-it
24,livecodebench,Qwen2.5-Coder-7B-Instruct
24,korbench,Llama-3.1-8B-Instruct
24,bbh,DeepSeek-R1-0528-Qwen3-8B
24,finqa,Fin-R1
25,mmlupro,gemma-2-9b-it
25,livecodebench,Llama-3.1-8B-UltraMedical
25,math500,NVIDIA-Nemotron-Nano-9B-v2
25,korbench,Llama-3.1-8B-Instruct
25,meld,Qwen2.5-Coder-7B-Instruct
25,finqa,Fin-R1
25,bbh,DeepSeek-R1-0528-Qwen3-8B
25,medqa,Qwen3-8B
26,mmlupro,gemma-2-9b-it
26,livecodebench,Llama-3.1-8B-UltraMedical
26,math500,DeepSeek-R1-0528-Qwen3-8B
26,bbh,NVIDIA-Nemotron-Nano-9B-v2
26,korbench,Llama-3.1-8B-Instruct
26,meld,Qwen2.5-Coder-7B-Instruct
26,finqa,Fin-R1
26,medqa,Qwen3-8B
27,mmlupro,gemma-2-9b-it
27,finqa,NVIDIA-Nemotron-Nano-9B-v2
27,livecodebench,Llama-3.1-8B-Instruct
27,math500,Qwen3-8B
27,korbench,Fin-R1
27,medqa,Llama-3.1-8B-UltraMedical
27,meld,Qwen2.5-Coder-7B-Instruct
27,bbh,DeepSeek-R1-0528-Qwen3-8B
28,mmlupro,Llama-3.1-8B-Instruct
28,medqa,Qwen3-8B
28,livecodebench,Llama-3.1-8B-UltraMedical
28,meld,gemma-2-9b-it
28,math500,DeepSeek-R1-0528-Qwen3-8B
28,bbh,NVIDIA-Nemotron-Nano-9B-v2
28,finqa,Fin-R1
28,korbench,Qwen2.5-Coder-7B-Instruct
29,finqa,Qwen2.5-Coder-7B-Instruct
29,livecodebench,Llama-3.1-8B-UltraMedical
29,meld,gemma-2-9b-it
29,math500,DeepSeek-R1-0528-Qwen3-8B
29,bbh,NVIDIA-Nemotron-Nano-9B-v2
29,korbench,Llama-3.1-8B-Instruct
29,mmlupro,Fin-R1
29,medqa,Qwen3-8B
30,mmlupro,gemma-2-9b-it
30,livecodebench,Llama-3.1-8B-UltraMedical
30,math500,DeepSeek-R1-0528-Qwen3-8B
30,bbh,NVIDIA-Nemotron-Nano-9B-v2
30,korbench,Llama-3.1-8B-Instruct
30,meld,Qwen2.5-Coder-7B-Instruct
30,finqa,Fin-R1
30,medqa,Qwen3-8B
31,mmlupro,gemma-2-9b-it
31,livecodebench,Llama-3.1-8B-UltraMedical
31,math500,DeepSeek-R1-0528-Qwen3-8B
31,bbh,NVIDIA-Nemotron-Nano-9B-v2
31,korbench,Llama-3.1-8B-Instruct
31,meld,Qwen2.5-Coder-7B-Instruct
31,finqa,Fin-R1
31,medqa,Qwen3-8B
32,mmlupro,gemma-2-9b-it
32,livecodebench,Llama-3.1-8B-UltraMedical
32,math500,DeepSeek-R1-0528-Qwen3-8B
32,bbh,NVIDIA-Nemotron-Nano-9B-v2
32,korbench,Llama-3.1-8B-Instruct
32,meld,Qwen2.5-Coder-7B-Instruct
32,finqa,Fin-R1
32,medqa,Qwen3-8B
33,mmlupro,gemma-2-9b-it
33,livecodebench,Llama-3.1-8B-UltraMedical
33,math500,DeepSeek-R1-0528-Qwen3-8B
33,bbh,NVIDIA-Nemotron-Nano-9B-v2
33,korbench,Llama-3.1-8B-Instruct
33,meld,Qwen2.5-Coder-7B-Instruct
33,finqa,Fin-R1
33,medqa,Qwen3-8B
34,mmlupro,gemma-2-9b-it
34,livecodebench,Llama-3.1-8B-UltraMedical
34,math500,DeepSeek-R1-0528-Qwen3-8B
34,bbh,NVIDIA-Nemotron-Nano-9B-v2
34,korbench,Llama-3.1-8B-Instruct
34,meld,Qwen2.5-Coder-7B-Instruct
34,finqa,Fin-R1
34,medqa,Qwen3-8B
35,mmlupro,Llama-3.1-8B-Instruct
35,medqa,Qwen3-8B
35,livecodebench,Llama-3.1-8B-UltraMedical
35,meld,gemma-2-9b-it
35,math500,DeepSeek-R1-0528-Qwen3-8B
35,bbh,NVIDIA-Nemotron-Nano-9B-v2
35,finqa,Fin-R1
35,korbench,Qwen2.5-Coder-7B-Instruct
36,mmlupro,gemma-2-9b-it
36,livecodebench,Llama-3.1-8B-UltraMedical
36,math500,DeepSeek-R1-0528-Qwen3-8B
36,bbh,NVIDIA-Nemotron-Nano-9B-v2
36,korbench,Llama-3.1-8B-Instruct
36,meld,Qwen2.5-Coder-7B-Instruct
36,finqa,Fin-R1
36,medqa,Qwen3-8B
37,mmlupro,gemma-2-9b-it
37,livecodebench,Llama-3.1-8B-UltraMedical
37,math500,NVIDIA-Nemotron-Nano-9B-v2
37,korbench,Llama-3.1-8B-Instruct
37,meld,Qwen2.5-Coder-7B-Instruct
37,finqa,Fin-R1
37,bbh,DeepSeek-R1-0528-Qwen3-8B
37,medqa,Qwen3-8B
38,mmlupro,Llama-3.1-8B-Instruct
38,medqa,Qwen3-8B
38,livecodebench,Llama-3.1-8B-UltraMedical
38,meld,gemma-2-9b-it
38,math500,DeepSeek-R1-0528-Qwen3-8B
38,bbh,NVIDIA-Nemotron-Nano-9B-v2
38,finqa,Fin-R1
38,korbench,Qwen2.5-Coder-7B-Instruct
39,mmlupro,gemma-2-9b-it
39,livecodebench,Llama-3.1-8B-UltraMedical
39,math500,DeepSeek-R1-0528-Qwen3-8B
39,bbh,NVIDIA-Nemotron-Nano-9B-v2
39,korbench,Llama-3.1-8B-Instruct
39,meld,Qwen2.5-Coder-7B-Instruct
39,finqa,Fin-R1
39,medqa,Qwen3-8B
40,mmlupro,gemma-2-9b-it
40,finqa,NVIDIA-Nemotron-Nano-9B-v2
40,livecodebench,Llama-3.1-8B-Instruct
40,math500,Qwen3-8B
40,korbench,Fin-R1
40,medqa,Llama-3.1-8B-UltraMedical
40,meld,Qwen2.5-Coder-7B-Instruct
40,bbh,DeepSeek-R1-0528-Qwen3-8B
41,mmlupro,Llama-3.1-8B-Instruct
41,korbench,Qwen2.5-Coder-7B-Instruct
41,livecodebench,Llama-3.1-8B-UltraMedical
41,math500,NVIDIA-Nemotron-Nano-9B-v2
41,meld,gemma-2-9b-it
41,bbh,DeepSeek-R1-0528-Qwen3-8B
41,finqa,Fin-R1
41,medqa,Qwen3-8B
42,mmlupro,gemma-2-9b-it
42,livecodebench,Llama-3.1-8B-UltraMedical
42,math500,DeepSeek-R1-0528-Qwen3-8B
42,bbh,NVIDIA-Nemotron-Nano-9B-v2
42,korbench,Llama-3.1-8B-Instruct
42,meld,Qwen2.5-Coder-7B-Instruct
42,finqa,Fin-R1
42,medqa,Qwen3-8B
43,mmlupro,Qwen2.5-Coder-7B-Instruct
43,livecodebench,Llama-3.1-8B-UltraMedical
43,meld,gemma-2-9b-it
43,math500,DeepSeek-R1-0528-Qwen3-8B
43,bbh,NVIDIA-Nemotron-Nano-9B-v2
43,korbench,Llama-3.1-8B-Instruct
43,finqa,Fin-R1
43,medqa,Qwen3-8B
44,mmlupro,gemma-2-9b-it
44,livecodebench,Llama-3.1-8B-UltraMedical
44,math500,DeepSeek-R1-0528-Qwen3-8B
44,bbh,NVIDIA-Nemotron-Nano-9B-v2
44,korbench,Llama-3.1-8B-Instruct
44,meld,Qwen2.5-Coder-7B-Instruct
44,finqa,Fin-R1
44,medqa,Qwen3-8B
45,mmlupro,Llama-3.1-8B-Instruct
45,medqa,Qwen3-8B
45,livecodebench,Llama-3.1-8B-UltraMedical
45,meld,gemma-2-9b-it
45,math500,DeepSeek-R1-0528-Qwen3-8B
45,bbh,NVIDIA-Nemotron-Nano-9B-v2
45,finqa,Fin-R1
45,korbench,Qwen2.5-Coder-7B-Instruct
46,mmlupro,gemma-2-9b-it
46,livecodebench,Llama-3.1-8B-UltraMedical
46,math500,NVIDIA-Nemotron-Nano-9B-v2
46,korbench,Llama-3.1-8B-Instruct
46,meld,Qwen2.5-Coder-7B-Instruct
46,finqa,Fin-R1
46,bbh,DeepSeek-R1-0528-Qwen3-8B
46,medqa,Qwen3-8B
47,mmlupro,gemma-2-9b-it
47,livecodebench,Llama-3.1-8B-UltraMedical
47,math500,DeepSeek-R1-0528-Qwen3-8B
47,bbh,NVIDIA-Nemotron-Nano-9B-v2
47,korbench,Llama-3.1-8B-Instruct
47,meld,Qwen2.5-Coder-7B-Instruct
47,finqa,Fin-R1
47,medqa,Qwen3-8B
48,mmlupro,Qwen2.5-Coder-7B-Instruct
48,livecodebench,Llama-3.1-8B-UltraMedical
48,math500,NVIDIA-Nemotron-Nano-9B-v2
48,meld,gemma-2-9b-it
48,korbench,Llama-3.1-8B-Instruct
48,bbh,DeepSeek-R1-0528-Qwen3-8B
48,finqa,Fin-R1
48,medqa,Qwen3-8B
49,korbench,Qwen2.5-Coder-7B-Instruct
49,mmlupro,gemma-2-9b-it
49,meld,Llama-3.1-8B-Instruct
49,livecodebench,Llama-3.1-8B-UltraMedical
49,math500,NVIDIA-Nemotron-Nano-9B-v2
49,bbh,DeepSeek-R1-0528-Qwen3-8B
49,finqa,Fin-R1
49,medqa,Qwen3-8B
50,mmlupro,gemma-2-9b-it
50,livecodebench,Llama-3.1-8B-UltraMedical
50,math500,NVIDIA-Nemotron-Nano-9B-v2
50,korbench,Llama-3.1-8B-Instruct
50,meld,Qwen2.5-Coder-7B-Instruct
50,finqa,Fin-R1
50,bbh,DeepSeek-R1-0528-Qwen3-8B
50,medqa,Qwen3-8B
51,mmlupro,gemma-2-9b-it
51,livecodebench,Llama-3.1-8B-UltraMedical
51,math500,NVIDIA-Nemotron-Nano-9B-v2
51,korbench,Llama-3.1-8B-Instruct
51,meld,Qwen2.5-Coder-7B-Instruct
51,finqa,Fin-R1
51,bbh,DeepSeek-R1-0528-Qwen3-8B
51,medqa,Qwen3-8B
52,mmlupro,gemma-2-9b-it
52,livecodebench,Llama-3.1-8B-UltraMedical
52,math500,NVIDIA-Nemotron-Nano-9B-v2
52,korbench,Llama-3.1-8B-Instruct
52,meld,Qwen2.5-Coder-7B-Instruct
52,finqa,Fin-R1
52,bbh,DeepSeek-R1-0528-Qwen3-8B
52,medqa,Qwen3-8B
53,mmlupro,Qwen2.5-Coder-7B-Instruct
53,livecodebench,Llama-3.1-8B-UltraMedical
53,meld,gemma-2-9b-it
53,math500,DeepSeek-R1-0528-Qwen3-8B
53,bbh,NVIDIA-Nemotron-Nano-9B-v2
53,korbench,Llama-3.1-8B-Instruct
53,finqa,Fin-R1
53,medqa,Qwen3-8B
54,mmlupro,Llama-3.1-8B-Instruct
54,korbench,Qwen2.5-Coder-7B-Instruct
54,livecodebench,Llama-3.1-8B-UltraMedical
54,math500,NVIDIA-Nemotron-Nano-9B-v2
54,meld,gemma-2-9b-it
54,bbh,DeepSeek-R1-0528-Qwen3-8B
54,finqa,Fin-R1
54,medqa,Qwen3-8B
55,livecodebench,Llama-3.1-8B-Instruct
55,mmlupro,Qwen2.5-Coder-7B-Instruct
55,math500,NVIDIA-Nemotron-Nano-9B-v2
55,meld,gemma-2-9b-it
55,bbh,DeepSeek-R1-0528-Qwen3-8B
55,finqa,Fin-R1
55,korbench,Llama-3.1-8B-UltraMedical
55,medqa,Qwen3-8B
56,mmlupro,gemma-2-9b-it
56,livecodebench,Llama-3.1-8B-UltraMedical
56,math500,DeepSeek-R1-0528-Qwen3-8B
56,bbh,NVIDIA-Nemotron-Nano-9B-v2
56,korbench,Llama-3.1-8B-Instruct
56,meld,Qwen2.5-Coder-7B-Instruct
56,finqa,Fin-R1
56,medqa,Qwen3-8B
57,mmlupro,Llama-3.1-8B-Instruct
57,medqa,Qwen3-8B
57,livecodebench,Llama-3.1-8B-UltraMedical
57,meld,gemma-2-9b-it
57,math500,DeepSeek-R1-0528-Qwen3-8B
57,bbh,NVIDIA-Nemotron-Nano-9B-v2
57,finqa,Fin-R1
57,korbench,Qwen2.5-Coder-7B-Instruct
58,mmlupro,gemma-2-9b-it
58,livecodebench,Llama-3.1-8B-Instruct
58,korbench,Fin-R1
58,medqa,Llama-3.1-8B-UltraMedical
58,math500,DeepSeek-R1-0528-Qwen3-8B
58,bbh,NVIDIA-Nemotron-Nano-9B-v2
58,meld,Qwen2.5-Coder-7B-Instruct
58,finqa,Qwen3-8B
59,meld,Fin-R1
59,mmlupro,gemma-2-9b-it
59,finqa,NVIDIA-Nemotron-Nano-9B-v2
59,math500,Qwen3-8B
59,livecodebench,Llama-3.1-8B-UltraMedical
59,bbh,DeepSeek-R1-0528-Qwen3-8B
59,korbench,Qwen2.5-Coder-7B-Instruct
59,medqa,Llama-3.1-8B-Instruct
60,mmlupro,gemma-2-9b-it
60,livecodebench,Llama-3.1-8B-UltraMedical
60,math500,DeepSeek-R1-0528-Qwen3-8B
60,bbh,NVIDIA-Nemotron-Nano-9B-v2
60,korbench,Llama-3.1-8B-Instruct
60,meld,Qwen2.5-Coder-7B-Instruct
60,finqa,Fin-R1
60,medqa,Qwen3-8B
61,mmlupro,gemma-2-9b-it
61,livecodebench,Llama-3.1-8B-Instruct
61,math500,DeepSeek-R1-0528-Qwen3-8B
61,bbh,NVIDIA-Nemotron-Nano-9B-v2
61,meld,Qwen2.5-Coder-7B-Instruct
61,finqa,Fin-R1
61,korbench,Llama-3.1-8B-UltraMedical
61,medqa,Qwen3-8B
62,mmlupro,gemma-2-9b-it
62,livecodebench,Llama-3.1-8B-UltraMedical
62,math500,NVIDIA-Nemotron-Nano-9B-v2
62,korbench,Llama-3.1-8B-Instruct
62,meld,Qwen2.5-Coder-7B-Instruct
62,finqa,Fin-R1
62,bbh,DeepSeek-R1-0528-Qwen3-8B
62,medqa,Qwen3-8B
63,mmlupro,gemma-2-9b-it
63,finqa,NVIDIA-Nemotron-Nano-9B-v2
63,math500,Qwen3-8B
63,korbench,Fin-R1
63,livecodebench,Llama-3.1-8B-UltraMedical
63,meld,Qwen2.5-Coder-7B-Instruct
63,bbh,DeepSeek-R1-0528-Qwen3-8B
63,medqa,Llama-3.1-8B-Instruct
64,mmlupro,gemma-2-9b-it
64,livecodebench,Llama-3.1-8B-UltraMedical
64,math500,NVIDIA-Nemotron-Nano-9B-v2
64,korbench,Llama-3.1-8B-Instruct
64,meld,Qwen2.5-Coder-7B-Instruct
64,finqa,Fin-R1
64,bbh,DeepSeek-R1-0528-Qwen3-8B
64,medqa,Qwen3-8B
65,mmlupro,gemma-2-9b-it
65,livecodebench,Llama-3.1-8B-UltraMedical
65,math500,DeepSeek-R1-0528-Qwen3-8B
65,bbh,NVIDIA-Nemotron-Nano-9B-v2
65,korbench,Llama-3.1-8B-Instruct
65,meld,Qwen2.5-Coder-7B-Instruct
65,finqa,Fin-R1
65,medqa,Qwen3-8B
66,mmlupro,gemma-2-9b-it
66,livecodebench,Llama-3.1-8B-UltraMedical
66,math500,DeepSeek-R1-0528-Qwen3-8B
66,bbh,NVIDIA-Nemotron-Nano-9B-v2
66,korbench,Llama-3.1-8B-Instruct
66,meld,Qwen2.5-Coder-7B-Instruct
66,finqa,Fin-R1
66,medqa,Qwen3-8B
67,mmlupro,gemma-2-9b-it
67,livecodebench,Llama-3.1-8B-Instruct
67,math500,DeepSeek-R1-0528-Qwen3-8B
67,bbh,NVIDIA-Nemotron-Nano-9B-v2
67,meld,Qwen2.5-Coder-7B-Instruct
67,finqa,Fin-R1
67,korbench,Llama-3.1-8B-UltraMedical
67,medqa,Qwen3-8B
68,mmlupro,Qwen2.5-Coder-7B-Instruct
68,livecodebench,Llama-3.1-8B-UltraMedical
68,meld,gemma-2-9b-it
68,math500,DeepSeek-R1-0528-Qwen3-8B
68,bbh,NVIDIA-Nemotron-Nano-9B-v2
68,korbench,Llama-3.1-8B-Instruct
68,finqa,Fin-R1
68,medqa,Qwen3-8B
69,mmlupro,gemma-2-9b-it
69,livecodebench,Llama-3.1-8B-UltraMedical
69,math500,NVIDIA-Nemotron-Nano-9B-v2
69,korbench,Llama-3.1-8B-Instruct
69,meld,Qwen2.5-Coder-7B-Instruct
69,finqa,Fin-R1
69,bbh,DeepSeek-R1-0528-Qwen3-8B
69,medqa,Qwen3-8B
70,livecodebench,Llama-3.1-8B-Instruct
70,mmlupro,Qwen2.5-Coder-7B-Instruct
70,math500,NVIDIA-Nemotron-Nano-9B-v2
70,meld,gemma-2-9b-it
70,bbh,DeepSeek-R1-0528-Qwen3-8B
70,finqa,Fin-R1
70,korbench,Llama-3.1-8B-UltraMedical
70,medqa,Qwen3-8B
71,mmlupro,Llama-3.1-8B-Instruct
71,math500,NVIDIA-Nemotron-Nano-9B-v2
71,livecodebench,Qwen2.5-Coder-7B-Instruct
71,meld,gemma-2-9b-it
71,bbh,DeepSeek-R1-0528-Qwen3-8B
71,finqa,Fin-R1
71,korbench,Llama-3.1-8B-UltraMedical
71,medqa,Qwen3-8B
72,medqa,NVIDIA-Nemotron-Nano-9B-v2
72,mmlupro,gemma-2-9b-it
72,math500,Qwen3-8B
72,livecodebench,Llama-3.1-8B-UltraMedical
72,korbench,Llama-3.1-8B-Instruct
72,meld,Qwen2.5-Coder-7B-Instruct
72,finqa,Fin-R1
72,bbh,DeepSeek-R1-0528-Qwen3-8B
73,mmlupro,gemma-2-9b-it
73,livecodebench,Llama-3.1-8B-UltraMedical
73,math500,DeepSeek-R1-0528-Qwen3-8B
73,bbh,NVIDIA-Nemotron-Nano-9B-v2
73,korbench,Llama-3.1-8B-Instruct
73,meld,Qwen2.5-Coder-7B-Instruct
73,finqa,Fin-R1
73,medqa,Qwen3-8B
74,mmlupro,gemma-2-9b-it
74,livecodebench,Llama-3.1-8B-UltraMedical
74,math500,DeepSeek-R1-0528-Qwen3-8B
74,bbh,NVIDIA-Nemotron-Nano-9B-v2
74,korbench,Llama-3.1-8B-Instruct
74,meld,Qwen2.5-Coder-7B-Instruct
74,finqa,Fin-R1
74,medqa,Qwen3-8B
75,mmlupro,Llama-3.1-8B-Instruct
75,medqa,Qwen3-8B
75,livecodebench,Llama-3.1-8B-UltraMedical
75,meld,gemma-2-9b-it
75,math500,DeepSeek-R1-0528-Qwen3-8B
75,bbh,NVIDIA-Nemotron-Nano-9B-v2
75,finqa,Fin-R1
75,korbench,Qwen2.5-Coder-7B-Instruct
76,mmlupro,gemma-2-9b-it
76,livecodebench,Llama-3.1-8B-UltraMedical
76,math500,NVIDIA-Nemotron-Nano-9B-v2
76,korbench,Llama-3.1-8B-Instruct
76,meld,Qwen2.5-Coder-7B-Instruct
76,finqa,Fin-R1
76,bbh,DeepSeek-R1-0528-Qwen3-8B
76,medqa,Qwen3-8B
77,medqa,NVIDIA-Nemotron-Nano-9B-v2
77,math500,Qwen3-8B
77,mmlupro,Qwen2.5-Coder-7B-Instruct
77,livecodebench,Llama-3.1-8B-UltraMedical
77,meld,gemma-2-9b-it
77,korbench,Llama-3.1-8B-Instruct
77,bbh,DeepSeek-R1-0528-Qwen3-8B
77,finqa,Fin-R1
78,mmlupro,gemma-2-9b-it
78,livecodebench,Llama-3.1-8B-UltraMedical
78,math500,NVIDIA-Nemotron-Nano-9B-v2
78,korbench,Llama-3.1-8B-Instruct
78,meld,Qwen2.5-Coder-7B-Instruct
78,finqa,Fin-R1
78,bbh,DeepSeek-R1-0528-Qwen3-8B
78,medqa,Qwen3-8B
79,medqa,NVIDIA-Nemotron-Nano-9B-v2
79,mmlupro,gemma-2-9b-it
79,math500,Qwen3-8B
79,livecodebench,Llama-3.1-8B-UltraMedical
79,korbench,Llama-3.1-8B-Instruct
79,meld,Qwen2.5-Coder-7B-Instruct
79,finqa,Fin-R1
79,bbh,DeepSeek-R1-0528-Qwen3-8B
80,mmlupro,gemma-2-9b-it
80,livecodebench,Llama-3.1-8B-UltraMedical
80,math500,DeepSeek-R1-0528-Qwen3-8B
80,bbh,NVIDIA-Nemotron-Nano-9B-v2
80,korbench,Llama-3.1-8B-Instruct
80,meld,Qwen2.5-Coder-7B-Instruct
80,finqa,Fin-R1
80,medqa,Qwen3-8B
81,mmlupro,gemma-2-9b-it
81,livecodebench,Llama-3.1-8B-UltraMedical
81,math500,NVIDIA-Nemotron-Nano-9B-v2
81,korbench,Llama-3.1-8B-Instruct
81,meld,Qwen2.5-Coder-7B-Instruct
81,finqa,Fin-R1
81,bbh,DeepSeek-R1-0528-Qwen3-8B
81,medqa,Qwen3-8B
82,mmlupro,Llama-3.1-8B-Instruct
82,math500,NVIDIA-Nemotron-Nano-9B-v2
82,livecodebench,Qwen2.5-Coder-7B-Instruct
82,meld,gemma-2-9b-it
82,bbh,DeepSeek-R1-0528-Qwen3-8B
82,finqa,Fin-R1
82,korbench,Llama-3.1-8B-UltraMedical
82,medqa,Qwen3-8B
83,mmlupro,Llama-3.1-8B-Instruct
83,korbench,Qwen2.5-Coder-7B-Instruct
83,livecodebench,Llama-3.1-8B-UltraMedical
83,math500,NVIDIA-Nemotron-Nano-9B-v2
83,meld,gemma-2-9b-it
83,bbh,DeepSeek-R1-0528-Qwen3-8B
83,finqa,Fin-R1
83,medqa,Qwen3-8B
84,mmlupro,gemma-2-9b-it
84,livecodebench,Llama-3.1-8B-UltraMedical
84,math500,NVIDIA-Nemotron-Nano-9B-v2
84,korbench,Llama-3.1-8B-Instruct
84,meld,Qwen2.5-Coder-7B-Instruct
84,finqa,Fin-R1
84,bbh,DeepSeek-R1-0528-Qwen3-8B
84,medqa,Qwen3-8B
85,mmlupro,gemma-2-9b-it
85,livecodebench,Llama-3.1-8B-UltraMedical
85,math500,NVIDIA-Nemotron-Nano-9B-v2
85,korbench,Llama-3.1-8B-Instruct
85,meld,Qwen2.5-Coder-7B-Instruct
85,finqa,Fin-R1
85,bbh,DeepSeek-R1-0528-Qwen3-8B
85,medqa,Qwen3-8B
86,mmlupro,gemma-2-9b-it
86,livecodebench,Llama-3.1-8B-UltraMedical
86,math500,DeepSeek-R1-0528-Qwen3-8B
86,bbh,NVIDIA-Nemotron-Nano-9B-v2
86,korbench,Llama-3.1-8B-Instruct
86,meld,Qwen2.5-Coder-7B-Instruct
86,finqa,Fin-R1
86,medqa,Qwen3-8B
87,mmlupro,Llama-3.1-8B-Instruct
87,korbench,Qwen2.5-Coder-7B-Instruct
87,livecodebench,Llama-3.1-8B-UltraMedical
87,math500,NVIDIA-Nemotron-Nano-9B-v2
87,meld,gemma-2-9b-it
87,bbh,DeepSeek-R1-0528-Qwen3-8B
87,finqa,Fin-R1
87,medqa,Qwen3-8B
88,mmlupro,gemma-2-9b-it
88,livecodebench,Llama-3.1-8B-Instruct
88,math500,NVIDIA-Nemotron-Nano-9B-v2
88,meld,Qwen2.5-Coder-7B-Instruct
88,bbh,DeepSeek-R1-0528-Qwen3-8B
88,finqa,Fin-R1
88,korbench,Llama-3.1-8B-UltraMedical
88,medqa,Qwen3-8B
89,finqa,NVIDIA-Nemotron-Nano-9B-v2
89,math500,Qwen3-8B
89,livecodebench,Llama-3.1-8B-UltraMedical
89,meld,gemma-2-9b-it
89,bbh,DeepSeek-R1-0528-Qwen3-8B
89,mmlupro,Fin-R1
89,korbench,Qwen2.5-Coder-7B-Instruct
89,medqa,Llama-3.1-8B-Instruct
90,meld,Fin-R1
90,mmlupro,gemma-2-9b-it
90,finqa,NVIDIA-Nemotron-Nano-9B-v2
90,math500,Qwen3-8B
90,livecodebench,Llama-3.1-8B-UltraMedical
90,bbh,DeepSeek-R1-0528-Qwen3-8B
90,korbench,Qwen2.5-Coder-7B-Instruct
90,medqa,Llama-3.1-8B-Instruct
91,mmlupro,gemma-2-9b-it
91,livecodebench,Llama-3.1-8B-UltraMedical
91,math500,DeepSeek-R1-0528-Qwen3-8B
91,bbh,NVIDIA-Nemotron-Nano-9B-v2
91,korbench,Llama-3.1-8B-Instruct
91,meld,Qwen2.5-Coder-7B-Instruct
91,finqa,Fin-R1
91,medqa,Qwen3-8B
92,mmlupro,gemma-2-9b-it
92,livecodebench,Llama-3.1-8B-UltraMedical
92,math500,DeepSeek-R1-0528-Qwen3-8B
92,bbh,NVIDIA-Nemotron-Nano-9B-v2
92,korbench,Llama-3.1-8B-Instruct
92,meld,Qwen2.5-Coder-7B-Instruct
92,finqa,Fin-R1
92,medqa,Qwen3-8B
93,mmlupro,Llama-3.1-8B-Instruct
93,korbench,Qwen2.5-Coder-7B-Instruct
93,livecodebench,Llama-3.1-8B-UltraMedical
93,math500,NVIDIA-Nemotron-Nano-9B-v2
93,meld,gemma-2-9b-it
93,bbh,DeepSeek-R1-0528-Qwen3-8B
93,finqa,Fin-R1
93,medqa,Qwen3-8B
94,mmlupro,gemma-2-9b-it
94,livecodebench,Llama-3.1-8B-UltraMedical
94,math500,NVIDIA-Nemotron-Nano-9B-v2
94,korbench,Llama-3.1-8B-Instruct
94,meld,Qwen2.5-Coder-7B-Instruct
94,finqa,Fin-R1
94,bbh,DeepSeek-R1-0528-Qwen3-8B
94,medqa,Qwen3-8B
95,mmlupro,gemma-2-9b-it
95,livecodebench,Llama-3.1-8B-UltraMedical
95,math500,NVIDIA-Nemotron-Nano-9B-v2
95,korbench,Llama-3.1-8B-Instruct
95,meld,Qwen2.5-Coder-7B-Instruct
95,finqa,Fin-R1
95,bbh,DeepSeek-R1-0528-Qwen3-8B
95,medqa,Qwen3-8B
96,mmlupro,Llama-3.1-8B-Instruct
96,medqa,Qwen3-8B
96,livecodebench,Llama-3.1-8B-UltraMedical
96,meld,gemma-2-9b-it
96,math500,DeepSeek-R1-0528-Qwen3-8B
96,bbh,NVIDIA-Nemotron-Nano-9B-v2
96,finqa,Fin-R1
96,korbench,Qwen2.5-Coder-7B-Instruct
97,mmlupro,gemma-2-9b-it
97,livecodebench,Llama-3.1-8B-UltraMedical
97,math500,NVIDIA-Nemotron-Nano-9B-v2
97,korbench,Llama-3.1-8B-Instruct
97,meld,Qwen2.5-Coder-7B-Instruct
97,finqa,Fin-R1
97,bbh,DeepSeek-R1-0528-Qwen3-8B
97,medqa,Qwen3-8B
98,mmlupro,NVIDIA-Nemotron-Nano-9B-v2
98,math500,Qwen3-8B
98,livecodebench,Llama-3.1-8B-UltraMedical
98,meld,gemma-2-9b-it
98,bbh,DeepSeek-R1-0528-Qwen3-8B
98,finqa,Fin-R1
98,korbench,Qwen2.5-Coder-7B-Instruct
98,medqa,Llama-3.1-8B-Instruct
99,mmlupro,gemma-2-9b-it
99,livecodebench,Llama-3.1-8B-UltraMedical
99,math500,NVIDIA-Nemotron-Nano-9B-v2
99,korbench,Llama-3.1-8B-Instruct
99,meld,Qwen2.5-Coder-7B-Instruct
99,finqa,Fin-R1
99,bbh,DeepSeek-R1-0528-Qwen3-8B
99,medqa,Qwen3-8B
100,livecodebench,Llama-3.1-8B-Instruct
100,mmlupro,Qwen2.5-Coder-7B-Instruct
100,math500,NVIDIA-Nemotron-Nano-9B-v2
100,meld,gemma-2-9b-it
100,bbh,DeepSeek-R1-0528-Qwen3-8B
100,finqa,Fin-R1
100,korbench,Llama-3.1-8B-UltraMedical
100,medqa,Qwen3-8B
101,mmlupro,gemma-2-9b-it
101,livecodebench,Llama-3.1-8B-UltraMedical
101,math500,NVIDIA-Nemotron-Nano-9B-v2
101,korbench,Llama-3.1-8B-Instruct
101,meld,Qwen2.5-Coder-7B-Instruct
101,finqa,Fin-R1
101,bbh,DeepSeek-R1-0528-Qwen3-8B
101,medqa,Qwen3-8B
102,mmlupro,gemma-2-9b-it
102,livecodebench,Llama-3.1-8B-UltraMedical
102,math500,DeepSeek-R1-0528-Qwen3-8B
102,bbh,NVIDIA-Nemotron-Nano-9B-v2
102,korbench,Llama-3.1-8B-Instruct
102,meld,Qwen2.5-Coder-7B-Instruct
102,finqa,Fin-R1
102,medqa,Qwen3-8B
103,mmlupro,Qwen2.5-Coder-7B-Instruct
103,livecodebench,Llama-3.1-8B-UltraMedical
103,meld,gemma-2-9b-it
103,math500,DeepSeek-R1-0528-Qwen3-8B
103,bbh,NVIDIA-Nemotron-Nano-9B-v2
103,korbench,Llama-3.1-8B-Instruct
103,finqa,Fin-R1
103,medqa,Qwen3-8B
104,mmlupro,gemma-2-9b-it
104,livecodebench,Llama-3.1-8B-UltraMedical
104,math500,DeepSeek-R1-0528-Qwen3-8B
104,bbh,NVIDIA-Nemotron-Nano-9B-v2
104,korbench,Llama-3.1-8B-Instruct
104,meld,Qwen2.5-Coder-7B-Instruct
104,finqa,Fin-R1
104,medqa,Qwen3-8B
105,mmlupro,gemma-2-9b-it
105,livecodebench,Llama-3.1-8B-UltraMedical
105,math500,NVIDIA-Nemotron-Nano-9B-v2
105,korbench,Llama-3.1-8B-Instruct
105,meld,Qwen2.5-Coder-7B-Instruct
105,finqa,Fin-R1
105,bbh,DeepSeek-R1-0528-Qwen3-8B
105,medqa,Qwen3-8B
106,finqa,NVIDIA-Nemotron-Nano-9B-v2
106,math500,Qwen3-8B
106,livecodebench,Llama-3.1-8B-UltraMedical
106,meld,gemma-2-9b-it
106,bbh,DeepSeek-R1-0528-Qwen3-8B
106,mmlupro,Fin-R1
106,korbench,Qwen2.5-Coder-7B-Instruct
106,medqa,Llama-3.1-8B-Instruct
107,mmlupro,Qwen2.5-Coder-7B-Instruct
107,livecodebench,Llama-3.1-8B-UltraMedical
107,meld,gemma-2-9b-it
107,math500,DeepSeek-R1-0528-Qwen3-8B
107,bbh,NVIDIA-Nemotron-Nano-9B-v2
107,korbench,Llama-3.1-8B-Instruct
107,finqa,Fin-R1
107,medqa,Qwen3-8B
108,mmlupro,gemma-2-9b-it
108,livecodebench,Llama-3.1-8B-UltraMedical
108,math500,NVIDIA-Nemotron-Nano-9B-v2
108,korbench,Llama-3.1-8B-Instruct
108,meld,Qwen2.5-Coder-7B-Instruct
108,finqa,Fin-R1
108,bbh,DeepSeek-R1-0528-Qwen3-8B
108,medqa,Qwen3-8B
109,mmlupro,gemma-2-9b-it
109,livecodebench,Llama-3.1-8B-UltraMedical
109,math500,DeepSeek-R1-0528-Qwen3-8B
109,bbh,NVIDIA-Nemotron-Nano-9B-v2
109,korbench,Llama-3.1-8B-Instruct
109,meld,Qwen2.5-Coder-7B-Instruct
109,finqa,Fin-R1
109,medqa,Qwen3-8B
110,medqa,NVIDIA-Nemotron-Nano-9B-v2
110,mmlupro,gemma-2-9b-it
110,math500,Qwen3-8B
110,livecodebench,Llama-3.1-8B-UltraMedical
110,korbench,Llama-3.1-8B-Instruct
110,meld,Qwen2.5-Coder-7B-Instruct
110,finqa,Fin-R1
110,bbh,DeepSeek-R1-0528-Qwen3-8B
111,mmlupro,gemma-2-9b-it
111,livecodebench,Llama-3.1-8B-UltraMedical
111,math500,DeepSeek-R1-0528-Qwen3-8B
111,bbh,NVIDIA-Nemotron-Nano-9B-v2
111,korbench,Llama-3.1-8B-Instruct
111,meld,Qwen2.5-Coder-7B-Instruct
111,finqa,Fin-R1
111,medqa,Qwen3-8B
112,medqa,NVIDIA-Nemotron-Nano-9B-v2
112,mmlupro,gemma-2-9b-it
112,bbh,Qwen3-8B
112,livecodebench,Llama-3.1-8B-UltraMedical
112,math500,DeepSeek-R1-0528-Qwen3-8B
112,korbench,Llama-3.1-8B-Instruct
112,meld,Qwen2.5-Coder-7B-Instruct
112,finqa,Fin-R1
113,medqa,NVIDIA-Nemotron-Nano-9B-v2
113,mmlupro,gemma-2-9b-it
113,math500,Qwen3-8B
113,livecodebench,Llama-3.1-8B-UltraMedical
113,korbench,Llama-3.1-8B-Instruct
113,meld,Qwen2.5-Coder-7B-Instruct
113,finqa,Fin-R1
113,bbh,DeepSeek-R1-0528-Qwen3-8B
114,mmlupro,gemma-2-9b-it
114,livecodebench,Llama-3.1-8B-UltraMedical
114,math500,DeepSeek-R1-0528-Qwen3-8B
114,bbh,NVIDIA-Nemotron-Nano-9B-v2
114,korbench,Llama-3.1-8B-Instruct
114,meld,Qwen2.5-Coder-7B-Instruct
114,finqa,Fin-R1
114,medqa,Qwen3-8B
115,mmlupro,gemma-2-9b-it
115,livecodebench,Llama-3.1-8B-UltraMedical
115,math500,NVIDIA-Nemotron-Nano-9B-v2
115,korbench,Llama-3.1-8B-Instruct
115,meld,Qwen2.5-Coder-7B-Instruct
115,finqa,Fin-R1
115,bbh,DeepSeek-R1-0528-Qwen3-8B
115,medqa,Qwen3-8B
116,mmlupro,gemma-2-9b-it
116,livecodebench,Llama-3.1-8B-UltraMedical
116,math500,DeepSeek-R1-0528-Qwen3-8B
116,bbh,NVIDIA-Nemotron-Nano-9B-v2
116,korbench,Llama-3.1-8B-Instruct
116,meld,Qwen2.5-Coder-7B-Instruct
116,finqa,Fin-R1
116,medqa,Qwen3-8B
117,mmlupro,Llama-3.1-8B-Instruct
117,korbench,Qwen2.5-Coder-7B-Instruct
117,livecodebench,Llama-3.1-8B-UltraMedical
117,math500,NVIDIA-Nemotron-Nano-9B-v2
117,meld,gemma-2-9b-it
117,bbh,DeepSeek-R1-0528-Qwen3-8B
117,finqa,Fin-R1
117,medqa,Qwen3-8B
118,mmlupro,gemma-2-9b-it
118,livecodebench,Llama-3.1-8B-UltraMedical
118,math500,DeepSeek-R1-0528-Qwen3-8B
118,bbh,NVIDIA-Nemotron-Nano-9B-v2
118,korbench,Llama-3.1-8B-Instruct
118,meld,Qwen2.5-Coder-7B-Instruct
118,finqa,Fin-R1
118,medqa,Qwen3-8B
119,mmlupro,Llama-3.1-8B-Instruct
119,medqa,Llama-3.1-8B-UltraMedical
119,meld,gemma-2-9b-it
119,math500,DeepSeek-R1-0528-Qwen3-8B
119,bbh,NVIDIA-Nemotron-Nano-9B-v2
119,livecodebench,Fin-R1
119,korbench,Qwen2.5-Coder-7B-Instruct
119,finqa,Qwen3-8B
120,mmlupro,gemma-2-9b-it
120,livecodebench,Llama-3.1-8B-UltraMedical
120,math500,DeepSeek-R1-0528-Qwen3-8B
120,bbh,NVIDIA-Nemotron-Nano-9B-v2
120,korbench,Llama-3.1-8B-Instruct
120,meld,Qwen2.5-Coder-7B-Instruct
120,finqa,Fin-R1
120,medqa,Qwen3-8B
121,mmlupro,gemma-2-9b-it
121,livecodebench,Llama-3.1-8B-UltraMedical
121,math500,NVIDIA-Nemotron-Nano-9B-v2
121,korbench,Llama-3.1-8B-Instruct
121,meld,Qwen2.5-Coder-7B-Instruct
121,finqa,Fin-R1
121,bbh,DeepSeek-R1-0528-Qwen3-8B
121,medqa,Qwen3-8B
122,mmlupro,gemma-2-9b-it
122,livecodebench,Llama-3.1-8B-UltraMedical
122,math500,DeepSeek-R1-0528-Qwen3-8B
122,bbh,NVIDIA-Nemotron-Nano-9B-v2
122,korbench,Llama-3.1-8B-Instruct
122,meld,Qwen2.5-Coder-7B-Instruct
122,finqa,Fin-R1
122,medqa,Qwen3-8B
123,mmlupro,gemma-2-9b-it
123,livecodebench,Llama-3.1-8B-UltraMedical
123,math500,NVIDIA-Nemotron-Nano-9B-v2
123,korbench,Llama-3.1-8B-Instruct
123,meld,Qwen2.5-Coder-7B-Instruct
123,finqa,Fin-R1
123,bbh,DeepSeek-R1-0528-Qwen3-8B
123,medqa,Qwen3-8B
124,mmlupro,gemma-2-9b-it
124,livecodebench,Llama-3.1-8B-UltraMedical
124,math500,DeepSeek-R1-0528-Qwen3-8B
124,bbh,NVIDIA-Nemotron-Nano-9B-v2
124,korbench,Llama-3.1-8B-Instruct
124,meld,Qwen2.5-Coder-7B-Instruct
124,finqa,Fin-R1
124,medqa,Qwen3-8B
125,mmlupro,gemma-2-9b-it
125,livecodebench,Llama-3.1-8B-UltraMedical
125,math500,DeepSeek-R1-0528-Qwen3-8B
125,bbh,NVIDIA-Nemotron-Nano-9B-v2
125,korbench,Llama-3.1-8B-Instruct
125,meld,Qwen2.5-Coder-7B-Instruct
125,finqa,Fin-R1
125,medqa,Qwen3-8B
126,mmlupro,gemma-2-9b-it
126,livecodebench,Llama-3.1-8B-UltraMedical
126,math500,DeepSeek-R1-0528-Qwen3-8B
126,bbh,NVIDIA-Nemotron-Nano-9B-v2
126,korbench,Llama-3.1-8B-Instruct
126,meld,Qwen2.5-Coder-7B-Instruct
126,finqa,Fin-R1
126,medqa,Qwen3-8B
127,mmlupro,gemma-2-9b-it
127,livecodebench,Llama-3.1-8B-UltraMedical
127,math500,DeepSeek-R1-0528-Qwen3-8B
127,bbh,NVIDIA-Nemotron-Nano-9B-v2
127,korbench,Llama-3.1-8B-Instruct
127,meld,Qwen2.5-Coder-7B-Instruct
127,finqa,Fin-R1
127,medqa,Qwen3-8B
128,mmlupro,gemma-2-9b-it
128,livecodebench,Llama-3.1-8B-UltraMedical
128,math500,DeepSeek-R1-0528-Qwen3-8B
128,bbh,NVIDIA-Nemotron-Nano-9B-v2
128,korbench,Llama-3.1-8B-Instruct
128,meld,Qwen2.5-Coder-7B-Instruct
128,finqa,Fin-R1
128,medqa,Qwen3-8B
129,mmlupro,gemma-2-9b-it
129,livecodebench,Llama-3.1-8B-Instruct
129,math500,DeepSeek-R1-0528-Qwen3-8B
129,bbh,NVIDIA-Nemotron-Nano-9B-v2
129,meld,Qwen2.5-Coder-7B-Instruct
129,finqa,Fin-R1
129,korbench,Llama-3.1-8B-UltraMedical
129,medqa,Qwen3-8B
130,mmlupro,gemma-2-9b-it
130,livecodebench,Llama-3.1-8B-UltraMedical
130,math500,NVIDIA-Nemotron-Nano-9B-v2
130,korbench,Llama-3.1-8B-Instruct
130,meld,Qwen2.5-Coder-7B-Instruct
130,finqa,Fin-R1
130,bbh,DeepSeek-R1-0528-Qwen3-8B
130,medqa,Qwen3-8B
131,mmlupro,gemma-2-9b-it
131,livecodebench,Llama-3.1-8B-UltraMedical
131,math500,NVIDIA-Nemotron-Nano-9B-v2
131,korbench,Llama-3.1-8B-Instruct
131,meld,Qwen2.5-Coder-7B-Instruct
131,finqa,Fin-R1
131,bbh,DeepSeek-R1-0528-Qwen3-8B
131,medqa,Qwen3-8B
132,mmlupro,Llama-3.1-8B-Instruct
132,medqa,Qwen3-8B
132,livecodebench,Llama-3.1-8B-UltraMedical
132,meld,gemma-2-9b-it
132,math500,DeepSeek-R1-0528-Qwen3-8B
132,bbh,NVIDIA-Nemotron-Nano-9B-v2
132,finqa,Fin-R1
132,korbench,Qwen2.5-Coder-7B-Instruct
133,mmlupro,gemma-2-9b-it
133,livecodebench,Llama-3.1-8B-UltraMedical
133,math500,NVIDIA-Nemotron-Nano-9B-v2
133,korbench,Llama-3.1-8B-Instruct
133,meld,Qwen2.5-Coder-7B-Instruct
133,finqa,Fin-R1
133,bbh,DeepSeek-R1-0528-Qwen3-8B
133,medqa,Qwen3-8B
134,mmlupro,gemma-2-9b-it
134,livecodebench,Llama-3.1-8B-UltraMedical
134,math500,NVIDIA-Nemotron-Nano-9B-v2
134,korbench,Llama-3.1-8B-Instruct
134,meld,Qwen2.5-Coder-7B-Instruct
134,finqa,Fin-R1
134,bbh,DeepSeek-R1-0528-Qwen3-8B
134,medqa,Qwen3-8B
135,mmlupro,gemma-2-9b-it
135,livecodebench,Llama-3.1-8B-UltraMedical
135,math500,DeepSeek-R1-0528-Qwen3-8B
135,bbh,NVIDIA-Nemotron-Nano-9B-v2
135,korbench,Llama-3.1-8B-Instruct
135,meld,Qwen2.5-Coder-7B-Instruct
135,finqa,Fin-R1
135,medqa,Qwen3-8B
136,mmlupro,gemma-2-9b-it
136,korbench,Fin-R1
136,livecodebench,Llama-3.1-8B-UltraMedical
136,math500,NVIDIA-Nemotron-Nano-9B-v2
136,meld,Qwen2.5-Coder-7B-Instruct
136,bbh,DeepSeek-R1-0528-Qwen3-8B
136,finqa,Qwen3-8B
136,medqa,Llama-3.1-8B-Instruct
137,mmlupro,gemma-2-9b-it
137,livecodebench,Llama-3.1-8B-UltraMedical
137,math500,NVIDIA-Nemotron-Nano-9B-v2
137,korbench,Llama-3.1-8B-Instruct
137,meld,Qwen2.5-Coder-7B-Instruct
137,finqa,Fin-R1
137,bbh,DeepSeek-R1-0528-Qwen3-8B
137,medqa,Qwen3-8B
138,mmlupro,Llama-3.1-8B-Instruct
138,medqa,NVIDIA-Nemotron-Nano-9B-v2
138,math500,Qwen3-8B
138,livecodebench,Llama-3.1-8B-UltraMedical
138,meld,gemma-2-9b-it
138,bbh,DeepSeek-R1-0528-Qwen3-8B
138,finqa,Fin-R1
138,korbench,Qwen2.5-Coder-7B-Instruct
139,mmlupro,gemma-2-9b-it
139,livecodebench,Llama-3.1-8B-UltraMedical
139,math500,NVIDIA-Nemotron-Nano-9B-v2
139,korbench,Llama-3.1-8B-Instruct
139,meld,Qwen2.5-Coder-7B-Instruct
139,finqa,Fin-R1
139,bbh,DeepSeek-R1-0528-Qwen3-8B
139,medqa,Qwen3-8B
140,mmlupro,gemma-2-9b-it
140,livecodebench,Llama-3.1-8B-Instruct
140,math500,NVIDIA-Nemotron-Nano-9B-v2
140,meld,Qwen2.5-Coder-7B-Instruct
140,bbh,DeepSeek-R1-0528-Qwen3-8B
140,finqa,Fin-R1
140,korbench,Llama-3.1-8B-UltraMedical
140,medqa,Qwen3-8B
141,finqa,NVIDIA-Nemotron-Nano-9B-v2
141,livecodebench,Llama-3.1-8B-Instruct
141,math500,Qwen3-8B
141,medqa,Llama-3.1-8B-UltraMedical
141,meld,gemma-2-9b-it
141,bbh,DeepSeek-R1-0528-Qwen3-8B
141,mmlupro,Fin-R1
141,korbench,Qwen2.5-Coder-7B-Instruct
142,mmlupro,Qwen2.5-Coder-7B-Instruct
142,livecodebench,Llama-3.1-8B-UltraMedical
142,meld,gemma-2-9b-it
142,math500,DeepSeek-R1-0528-Qwen3-8B
142,bbh,NVIDIA-Nemotron-Nano-9B-v2
142,korbench,Llama-3.1-8B-Instruct
142,finqa,Fin-R1
142,medqa,Qwen3-8B
143,mmlupro,gemma-2-9b-it
143,livecodebench,Llama-3.1-8B-UltraMedical
143,math500,NVIDIA-Nemotron-Nano-9B-v2
143,korbench,Llama-3.1-8B-Instruct
143,meld,Qwen2.5-Coder-7B-Instruct
143,finqa,Fin-R1
143,bbh,DeepSeek-R1-0528-Qwen3-8B
143,medqa,Qwen3-8B
144,mmlupro,Llama-3.1-8B-Instruct
144,medqa,Qwen3-8B
144,livecodebench,Llama-3.1-8B-UltraMedical
144,meld,gemma-2-9b-it
144,math500,DeepSeek-R1-0528-Qwen3-8B
144,bbh,NVIDIA-Nemotron-Nano-9B-v2
144,finqa,Fin-R1
144,korbench,Qwen2.5-Coder-7B-Instruct
145,mmlupro,Llama-3.1-8B-Instruct
145,medqa,Qwen3-8B
145,livecodebench,Llama-3.1-8B-UltraMedical
145,meld,gemma-2-9b-it
145,math500,DeepSeek-R1-0528-Qwen3-8B
145,bbh,NVIDIA-Nemotron-Nano-9B-v2
145,finqa,Fin-R1
145,korbench,Qwen2.5-Coder-7B-Instruct
146,medqa,NVIDIA-Nemotron-Nano-9B-v2
146,mmlupro,gemma-2-9b-it
146,math500,Qwen3-8B
146,livecodebench,Llama-3.1-8B-UltraMedical
146,korbench,Llama-3.1-8B-Instruct
146,meld,Qwen2.5-Coder-7B-Instruct
146,finqa,Fin-R1
146,bbh,DeepSeek-R1-0528-Qwen3-8B
147,mmlupro,Qwen2.5-Coder-7B-Instruct
147,livecodebench,Llama-3.1-8B-UltraMedical
147,math500,NVIDIA-Nemotron-Nano-9B-v2
147,meld,gemma-2-9b-it
147,korbench,Llama-3.1-8B-Instruct
147,bbh,DeepSeek-R1-0528-Qwen3-8B
147,finqa,Fin-R1
147,medqa,Qwen3-8B
148,mmlupro,gemma-2-9b-it
148,livecodebench,Llama-3.1-8B-UltraMedical
148,math500,DeepSeek-R1-0528-Qwen3-8B
148,bbh,NVIDIA-Nemotron-Nano-9B-v2
148,korbench,Llama-3.1-8B-Instruct
148,meld,Qwen2.5-Coder-7B-Instruct
148,finqa,Fin-R1
148,medqa,Qwen3-8B
149,mmlupro,gemma-2-9b-it
149,livecodebench,Llama-3.1-8B-UltraMedical
149,math500,DeepSeek-R1-0528-Qwen3-8B
149,bbh,NVIDIA-Nemotron-Nano-9B-v2
149,korbench,Llama-3.1-8B-Instruct
149,meld,Qwen2.5-Coder-7B-Instruct
149,finqa,Fin-R1
149,medqa,Qwen3-8B
150,mmlupro,Llama-3.1-8B-Instruct
150,medqa,Qwen3-8B
150,livecodebench,Llama-3.1-8B-UltraMedical
150,meld,gemma-2-9b-it
150,math500,DeepSeek-R1-0528-Qwen3-8B
150,bbh,NVIDIA-Nemotron-Nano-9B-v2
150,finqa,Fin-R1
150,korbench,Qwen2.5-Coder-7B-Instruct
151,mmlupro,Qwen2.5-Coder-7B-Instruct
151,livecodebench,Llama-3.1-8B-UltraMedical
151,math500,NVIDIA-Nemotron-Nano-9B-v2
151,meld,gemma-2-9b-it
151,korbench,Llama-3.1-8B-Instruct
151,bbh,DeepSeek-R1-0528-Qwen3-8B
151,finqa,Fin-R1
151,medqa,Qwen3-8B
152,mmlupro,gemma-2-9b-it
152,medqa,DeepSeek-R1-0528-Qwen3-8B
152,math500,Qwen3-8B
152,livecodebench,Llama-3.1-8B-UltraMedical
152,bbh,NVIDIA-Nemotron-Nano-9B-v2
152,korbench,Llama-3.1-8B-Instruct
152,meld,Qwen2.5-Coder-7B-Instruct
152,finqa,Fin-R1
153,mmlupro,Llama-3.1-8B-Instruct
153,finqa,NVIDIA-Nemotron-Nano-9B-v2
153,math500,Qwen3-8B
153,korbench,Fin-R1
153,medqa,Llama-3.1-8B-UltraMedical
153,meld,gemma-2-9b-it
153,livecodebench,Qwen2.5-Coder-7B-Instruct
153,bbh,DeepSeek-R1-0528-Qwen3-8B
154,mmlupro,Qwen2.5-Coder-7B-Instruct
154,livecodebench,Llama-3.1-8B-UltraMedical
154,meld,gemma-2-9b-it
154,math500,DeepSeek-R1-0528-Qwen3-8B
154,bbh,NVIDIA-Nemotron-Nano-9B-v2
154,korbench,Llama-3.1-8B-Instruct
154,finqa,Fin-R1
154,medqa,Qwen3-8B
155,mmlupro,Qwen2.5-Coder-7B-Instruct
155,livecodebench,Llama-3.1-8B-UltraMedical
155,meld,gemma-2-9b-it
155,math500,DeepSeek-R1-0528-Qwen3-8B
155,bbh,NVIDIA-Nemotron-Nano-9B-v2
155,korbench,Llama-3.1-8B-Instruct
155,finqa,Fin-R1
155,medqa,Qwen3-8B
156,mmlupro,gemma-2-9b-it
156,livecodebench,Llama-3.1-8B-UltraMedical
156,math500,DeepSeek-R1-0528-Qwen3-8B
156,bbh,NVIDIA-Nemotron-Nano-9B-v2
156,korbench,Llama-3.1-8B-Instruct
156,meld,Qwen2.5-Coder-7B-Instruct
156,finqa,Fin-R1
156,medqa,Qwen3-8B
157,mmlupro,Llama-3.1-8B-Instruct
157,medqa,Qwen3-8B
157,livecodebench,Llama-3.1-8B-UltraMedical
157,meld,gemma-2-9b-it
157,math500,DeepSeek-R1-0528-Qwen3-8B
157,bbh,NVIDIA-Nemotron-Nano-9B-v2
157,finqa,Fin-R1
157,korbench,Qwen2.5-Coder-7B-Instruct
158,mmlupro,Llama-3.1-8B-Instruct
158,medqa,Qwen3-8B
158,livecodebench,Llama-3.1-8B-UltraMedical
158,meld,gemma-2-9b-it
158,math500,DeepSeek-R1-0528-Qwen3-8B
158,bbh,NVIDIA-Nemotron-Nano-9B-v2
158,finqa,Fin-R1
158,korbench,Qwen2.5-Coder-7B-Instruct
159,mmlupro,gemma-2-9b-it
159,livecodebench,Llama-3.1-8B-UltraMedical
159,math500,DeepSeek-R1-0528-Qwen3-8B
159,bbh,NVIDIA-Nemotron-Nano-9B-v2
159,korbench,Llama-3.1-8B-Instruct
159,meld,Qwen2.5-Coder-7B-Instruct
159,finqa,Fin-R1
159,medqa,Qwen3-8B
160,mmlupro,gemma-2-9b-it
160,livecodebench,Llama-3.1-8B-UltraMedical
160,math500,NVIDIA-Nemotron-Nano-9B-v2
160,korbench,Llama-3.1-8B-Instruct
160,meld,Qwen2.5-Coder-7B-Instruct
160,finqa,Fin-R1
160,bbh,DeepSeek-R1-0528-Qwen3-8B
160,medqa,Qwen3-8B
161,mmlupro,gemma-2-9b-it
161,livecodebench,Llama-3.1-8B-UltraMedical
161,math500,NVIDIA-Nemotron-Nano-9B-v2
161,korbench,Llama-3.1-8B-Instruct
161,meld,Qwen2.5-Coder-7B-Instruct
161,finqa,Fin-R1
161,bbh,DeepSeek-R1-0528-Qwen3-8B
161,medqa,Qwen3-8B
162,mmlupro,gemma-2-9b-it
162,livecodebench,Llama-3.1-8B-UltraMedical
162,math500,NVIDIA-Nemotron-Nano-9B-v2
162,korbench,Llama-3.1-8B-Instruct
162,meld,Qwen2.5-Coder-7B-Instruct
162,finqa,Fin-R1
162,bbh,DeepSeek-R1-0528-Qwen3-8B
162,medqa,Qwen3-8B
163,mmlupro,gemma-2-9b-it
163,livecodebench,Llama-3.1-8B-UltraMedical
163,math500,DeepSeek-R1-0528-Qwen3-8B
163,bbh,NVIDIA-Nemotron-Nano-9B-v2
163,korbench,Llama-3.1-8B-Instruct
163,meld,Qwen2.5-Coder-7B-Instruct
163,finqa,Fin-R1
163,medqa,Qwen3-8B
164,mmlupro,gemma-2-9b-it
164,livecodebench,Llama-3.1-8B-UltraMedical
164,math500,DeepSeek-R1-0528-Qwen3-8B
164,bbh,NVIDIA-Nemotron-Nano-9B-v2
164,korbench,Llama-3.1-8B-Instruct
164,meld,Qwen2.5-Coder-7B-Instruct
164,finqa,Fin-R1
164,medqa,Qwen3-8B
165,mmlupro,gemma-2-9b-it
165,finqa,NVIDIA-Nemotron-Nano-9B-v2
165,math500,Qwen3-8B
165,korbench,Fin-R1
165,livecodebench,Llama-3.1-8B-UltraMedical
165,meld,Qwen2.5-Coder-7B-Instruct
165,bbh,DeepSeek-R1-0528-Qwen3-8B
165,medqa,Llama-3.1-8B-Instruct
166,mmlupro,gemma-2-9b-it
166,livecodebench,Llama-3.1-8B-UltraMedical
166,math500,DeepSeek-R1-0528-Qwen3-8B
166,bbh,NVIDIA-Nemotron-Nano-9B-v2
166,korbench,Llama-3.1-8B-Instruct
166,meld,Qwen2.5-Coder-7B-Instruct
166,finqa,Fin-R1
166,medqa,Qwen3-8B
167,mmlupro,gemma-2-9b-it
167,livecodebench,Llama-3.1-8B-UltraMedical
167,math500,NVIDIA-Nemotron-Nano-9B-v2
167,korbench,Llama-3.1-8B-Instruct
167,meld,Qwen2.5-Coder-7B-Instruct
167,finqa,Fin-R1
167,bbh,DeepSeek-R1-0528-Qwen3-8B
167,medqa,Qwen3-8B
168,mmlupro,Qwen2.5-Coder-7B-Instruct
168,livecodebench,Llama-3.1-8B-UltraMedical
168,math500,NVIDIA-Nemotron-Nano-9B-v2
168,meld,gemma-2-9b-it
168,korbench,Llama-3.1-8B-Instruct
168,bbh,DeepSeek-R1-0528-Qwen3-8B
168,finqa,Fin-R1
168,medqa,Qwen3-8B
169,mmlupro,Llama-3.1-8B-Instruct
169,korbench,Qwen2.5-Coder-7B-Instruct
169,livecodebench,Llama-3.1-8B-UltraMedical
169,math500,NVIDIA-Nemotron-Nano-9B-v2
169,meld,gemma-2-9b-it
169,bbh,DeepSeek-R1-0528-Qwen3-8B
169,finqa,Fin-R1
169,medqa,Qwen3-8B
170,mmlupro,gemma-2-9b-it
170,livecodebench,Llama-3.1-8B-UltraMedical
170,math500,DeepSeek-R1-0528-Qwen3-8B
170,bbh,NVIDIA-Nemotron-Nano-9B-v2
170,korbench,Llama-3.1-8B-Instruct
170,meld,Qwen2.5-Coder-7B-Instruct
170,finqa,Fin-R1
170,medqa,Qwen3-8B
171,mmlupro,gemma-2-9b-it
171,livecodebench,Llama-3.1-8B-UltraMedical
171,math500,DeepSeek-R1-0528-Qwen3-8B
171,bbh,NVIDIA-Nemotron-Nano-9B-v2
171,korbench,Llama-3.1-8B-Instruct
171,meld,Qwen2.5-Coder-7B-Instruct
171,finqa,Fin-R1
171,medqa,Qwen3-8B
172,mmlupro,gemma-2-9b-it
172,livecodebench,Llama-3.1-8B-UltraMedical
172,math500,NVIDIA-Nemotron-Nano-9B-v2
172,korbench,Llama-3.1-8B-Instruct
172,meld,Qwen2.5-Coder-7B-Instruct
172,finqa,Fin-R1
172,bbh,DeepSeek-R1-0528-Qwen3-8B
172,medqa,Qwen3-8B
173,mmlupro,gemma-2-9b-it
173,korbench,Fin-R1
173,livecodebench,Llama-3.1-8B-UltraMedical
173,math500,NVIDIA-Nemotron-Nano-9B-v2
173,meld,Qwen2.5-Coder-7B-Instruct
173,bbh,DeepSeek-R1-0528-Qwen3-8B
173,finqa,Qwen3-8B
173,medqa,Llama-3.1-8B-Instruct
174,mmlupro,gemma-2-9b-it
174,livecodebench,Llama-3.1-8B-UltraMedical
174,math500,DeepSeek-R1-0528-Qwen3-8B
174,bbh,NVIDIA-Nemotron-Nano-9B-v2
174,korbench,Llama-3.1-8B-Instruct
174,meld,Qwen2.5-Coder-7B-Instruct
174,finqa,Fin-R1
174,medqa,Qwen3-8B
175,mmlupro,gemma-2-9b-it
175,livecodebench,Llama-3.1-8B-UltraMedical
175,math500,DeepSeek-R1-0528-Qwen3-8B
175,bbh,NVIDIA-Nemotron-Nano-9B-v2
175,korbench,Llama-3.1-8B-Instruct
175,meld,Qwen2.5-Coder-7B-Instruct
175,finqa,Fin-R1
175,medqa,Qwen3-8B
176,mmlupro,Llama-3.1-8B-Instruct
176,medqa,Qwen3-8B
176,livecodebench,Llama-3.1-8B-UltraMedical
176,meld,gemma-2-9b-it
176,math500,DeepSeek-R1-0528-Qwen3-8B
176,bbh,NVIDIA-Nemotron-Nano-9B-v2
176,finqa,Fin-R1
176,korbench,Qwen2.5-Coder-7B-Instruct
177,mmlupro,gemma-2-9b-it
177,livecodebench,Llama-3.1-8B-UltraMedical
177,math500,NVIDIA-Nemotron-Nano-9B-v2
177,korbench,Llama-3.1-8B-Instruct
177,meld,Qwen2.5-Coder-7B-Instruct
177,finqa,Fin-R1
177,bbh,DeepSeek-R1-0528-Qwen3-8B
177,medqa,Qwen3-8B
178,mmlupro,gemma-2-9b-it
178,livecodebench,Llama-3.1-8B-UltraMedical
178,math500,NVIDIA-Nemotron-Nano-9B-v2
178,korbench,Llama-3.1-8B-Instruct
178,meld,Qwen2.5-Coder-7B-Instruct
178,finqa,Fin-R1
178,bbh,DeepSeek-R1-0528-Qwen3-8B
178,medqa,Qwen3-8B
179,mmlupro,gemma-2-9b-it
179,livecodebench,Llama-3.1-8B-UltraMedical
179,math500,DeepSeek-R1-0528-Qwen3-8B
179,bbh,NVIDIA-Nemotron-Nano-9B-v2
179,korbench,Llama-3.1-8B-Instruct
179,meld,Qwen2.5-Coder-7B-Instruct
179,finqa,Fin-R1
179,medqa,Qwen3-8B
180,mmlupro,gemma-2-9b-it
180,livecodebench,Llama-3.1-8B-UltraMedical
180,math500,DeepSeek-R1-0528-Qwen3-8B
180,bbh,NVIDIA-Nemotron-Nano-9B-v2
180,korbench,Llama-3.1-8B-Instruct
180,meld,Qwen2.5-Coder-7B-Instruct
180,finqa,Fin-R1
180,medqa,Qwen3-8B
181,mmlupro,Qwen2.5-Coder-7B-Instruct
181,livecodebench,Llama-3.1-8B-UltraMedical
181,meld,gemma-2-9b-it
181,math500,DeepSeek-R1-0528-Qwen3-8B
181,bbh,NVIDIA-Nemotron-Nano-9B-v2
181,korbench,Llama-3.1-8B-Instruct
181,finqa,Fin-R1
181,medqa,Qwen3-8B
182,mmlupro,gemma-2-9b-it
182,livecodebench,Llama-3.1-8B-UltraMedical
182,math500,NVIDIA-Nemotron-Nano-9B-v2
182,korbench,Llama-3.1-8B-Instruct
182,meld,Qwen2.5-Coder-7B-Instruct
182,finqa,Fin-R1
182,bbh,DeepSeek-R1-0528-Qwen3-8B
182,medqa,Qwen3-8B
183,mmlupro,Qwen2.5-Coder-7B-Instruct
183,livecodebench,Llama-3.1-8B-UltraMedical
183,meld,gemma-2-9b-it
183,math500,DeepSeek-R1-0528-Qwen3-8B
183,bbh,NVIDIA-Nemotron-Nano-9B-v2
183,korbench,Llama-3.1-8B-Instruct
183,finqa,Fin-R1
183,medqa,Qwen3-8B
184,mmlupro,gemma-2-9b-it
184,livecodebench,Llama-3.1-8B-UltraMedical
184,math500,NVIDIA-Nemotron-Nano-9B-v2
184,korbench,Llama-3.1-8B-Instruct
184,meld,Qwen2.5-Coder-7B-Instruct
184,finqa,Fin-R1
184,bbh,DeepSeek-R1-0528-Qwen3-8B
184,medqa,Qwen3-8B
185,medqa,NVIDIA-Nemotron-Nano-9B-v2
185,mmlupro,gemma-2-9b-it
185,math500,Qwen3-8B
185,livecodebench,Llama-3.1-8B-UltraMedical
185,korbench,Llama-3.1-8B-Instruct
185,meld,Qwen2.5-Coder-7B-Instruct
185,finqa,Fin-R1
185,bbh,DeepSeek-R1-0528-Qwen3-8B
186,mmlupro,Qwen2.5-Coder-7B-Instruct
186,livecodebench,Llama-3.1-8B-UltraMedical
186,meld,gemma-2-9b-it
186,math500,DeepSeek-R1-0528-Qwen3-8B
186,bbh,NVIDIA-Nemotron-Nano-9B-v2
186,korbench,Llama-3.1-8B-Instruct
186,finqa,Fin-R1
186,medqa,Qwen3-8B
187,mmlupro,gemma-2-9b-it
187,livecodebench,Llama-3.1-8B-UltraMedical
187,math500,NVIDIA-Nemotron-Nano-9B-v2
187,korbench,Llama-3.1-8B-Instruct
187,meld,Qwen2.5-Coder-7B-Instruct
187,finqa,Fin-R1
187,bbh,DeepSeek-R1-0528-Qwen3-8B
187,medqa,Qwen3-8B
188,mmlupro,Qwen2.5-Coder-7B-Instruct
188,livecodebench,Llama-3.1-8B-UltraMedical
188,math500,NVIDIA-Nemotron-Nano-9B-v2
188,meld,gemma-2-9b-it
188,korbench,Llama-3.1-8B-Instruct
188,bbh,DeepSeek-R1-0528-Qwen3-8B
188,finqa,Fin-R1
188,medqa,Qwen3-8B
189,mmlupro,Llama-3.1-8B-Instruct
189,medqa,NVIDIA-Nemotron-Nano-9B-v2
189,math500,Qwen3-8B
189,livecodebench,Llama-3.1-8B-UltraMedical
189,meld,gemma-2-9b-it
189,bbh,DeepSeek-R1-0528-Qwen3-8B
189,finqa,Fin-R1
189,korbench,Qwen2.5-Coder-7B-Instruct
190,mmlupro,gemma-2-9b-it
190,livecodebench,Llama-3.1-8B-UltraMedical
190,math500,DeepSeek-R1-0528-Qwen3-8B
190,bbh,NVIDIA-Nemotron-Nano-9B-v2
190,korbench,Llama-3.1-8B-Instruct
190,meld,Qwen2.5-Coder-7B-Instruct
190,finqa,Fin-R1
190,medqa,Qwen3-8B
191,mmlupro,gemma-2-9b-it
191,livecodebench,Llama-3.1-8B-UltraMedical
191,math500,NVIDIA-Nemotron-Nano-9B-v2
191,korbench,Llama-3.1-8B-Instruct
191,meld,Qwen2.5-Coder-7B-Instruct
191,finqa,Fin-R1
191,bbh,DeepSeek-R1-0528-Qwen3-8B
191,medqa,Qwen3-8B
192,mmlupro,gemma-2-9b-it
192,livecodebench,Llama-3.1-8B-UltraMedical
192,math500,NVIDIA-Nemotron-Nano-9B-v2
192,korbench,Llama-3.1-8B-Instruct
192,meld,Qwen2.5-Coder-7B-Instruct
192,finqa,Fin-R1
192,bbh,DeepSeek-R1-0528-Qwen3-8B
192,medqa,Qwen3-8B
193,mmlupro,gemma-2-9b-it
193,livecodebench,Llama-3.1-8B-UltraMedical
193,math500,DeepSeek-R1-0528-Qwen3-8B
193,bbh,NVIDIA-Nemotron-Nano-9B-v2
193,korbench,Llama-3.1-8B-Instruct
193,meld,Qwen2.5-Coder-7B-Instruct
193,finqa,Fin-R1
193,medqa,Qwen3-8B
194,mmlupro,gemma-2-9b-it
194,livecodebench,Llama-3.1-8B-UltraMedical
194,math500,DeepSeek-R1-0528-Qwen3-8B
194,bbh,NVIDIA-Nemotron-Nano-9B-v2
194,korbench,Llama-3.1-8B-Instruct
194,meld,Qwen2.5-Coder-7B-Instruct
194,finqa,Fin-R1
194,medqa,Qwen3-8B
195,mmlupro,gemma-2-9b-it
195,livecodebench,Llama-3.1-8B-UltraMedical
195,math500,DeepSeek-R1-0528-Qwen3-8B
195,bbh,NVIDIA-Nemotron-Nano-9B-v2
195,korbench,Llama-3.1-8B-Instruct
195,meld,Qwen2.5-Coder-7B-Instruct
195,finqa,Fin-R1
195,medqa,Qwen3-8B
196,mmlupro,Llama-3.1-8B-Instruct
196,korbench,Qwen2.5-Coder-7B-Instruct
196,livecodebench,Llama-3.1-8B-UltraMedical
196,math500,NVIDIA-Nemotron-Nano-9B-v2
196,meld,gemma-2-9b-it
196,bbh,DeepSeek-R1-0528-Qwen3-8B
196,finqa,Fin-R1
196,medqa,Qwen3-8B
197,mmlupro,gemma-2-9b-it
197,livecodebench,Llama-3.1-8B-UltraMedical
197,math500,DeepSeek-R1-0528-Qwen3-8B
197,bbh,NVIDIA-Nemotron-Nano-9B-v2
197,korbench,Llama-3.1-8B-Instruct
197,meld,Qwen2.5-Coder-7B-Instruct
197,finqa,Fin-R1
197,medqa,Qwen3-8B
198,medqa,NVIDIA-Nemotron-Nano-9B-v2
198,mmlupro,gemma-2-9b-it
198,math500,Qwen3-8B
198,livecodebench,Llama-3.1-8B-UltraMedical
198,korbench,Llama-3.1-8B-Instruct
198,meld,Qwen2.5-Coder-7B-Instruct
198,finqa,Fin-R1
198,bbh,DeepSeek-R1-0528-Qwen3-8B
199,mmlupro,Qwen2.5-Coder-7B-Instruct
199,livecodebench,Llama-3.1-8B-UltraMedical
199,meld,gemma-2-9b-it
199,math500,DeepSeek-R1-0528-Qwen3-8B
199,bbh,NVIDIA-Nemotron-Nano-9B-v2
199,korbench,Llama-3.1-8B-Instruct
199,finqa,Fin-R1
199,medqa,Qwen3-8B
200,mmlupro,gemma-2-9b-it
200,livecodebench,Llama-3.1-8B-UltraMedical
200,math500,DeepSeek-R1-0528-Qwen3-8B
200,bbh,NVIDIA-Nemotron-Nano-9B-v2
200,korbench,Llama-3.1-8B-Instruct
200,meld,Qwen2.5-Coder-7B-Instruct
200,finqa,Fin-R1
200,medqa,Qwen3-8B
201,mmlupro,Llama-3.1-8B-Instruct
201,korbench,Qwen2.5-Coder-7B-Instruct
201,livecodebench,Llama-3.1-8B-UltraMedical
201,math500,NVIDIA-Nemotron-Nano-9B-v2
201,meld,gemma-2-9b-it
201,bbh,DeepSeek-R1-0528-Qwen3-8B
201,finqa,Fin-R1
201,medqa,Qwen3-8B
202,mmlupro,gemma-2-9b-it
202,livecodebench,Llama-3.1-8B-UltraMedical
202,math500,NVIDIA-Nemotron-Nano-9B-v2
202,korbench,Llama-3.1-8B-Instruct
202,meld,Qwen2.5-Coder-7B-Instruct
202,finqa,Fin-R1
202,bbh,DeepSeek-R1-0528-Qwen3-8B
202,medqa,Qwen3-8B
203,mmlupro,gemma-2-9b-it
203,livecodebench,Llama-3.1-8B-UltraMedical
203,math500,NVIDIA-Nemotron-Nano-9B-v2
203,korbench,Llama-3.1-8B-Instruct
203,meld,Qwen2.5-Coder-7B-Instruct
203,finqa,Fin-R1
203,bbh,DeepSeek-R1-0528-Qwen3-8B
203,medqa,Qwen3-8B
204,medqa,NVIDIA-Nemotron-Nano-9B-v2
204,mmlupro,gemma-2-9b-it
204,math500,Qwen3-8B
204,livecodebench,Llama-3.1-8B-UltraMedical
204,korbench,Llama-3.1-8B-Instruct
204,meld,Qwen2.5-Coder-7B-Instruct
204,finqa,Fin-R1
204,bbh,DeepSeek-R1-0528-Qwen3-8B
205,mmlupro,gemma-2-9b-it
205,livecodebench,Llama-3.1-8B-UltraMedical
205,math500,DeepSeek-R1-0528-Qwen3-8B
205,bbh,NVIDIA-Nemotron-Nano-9B-v2
205,korbench,Llama-3.1-8B-Instruct
205,meld,Qwen2.5-Coder-7B-Instruct
205,finqa,Fin-R1
205,medqa,Qwen3-8B
206,mmlupro,gemma-2-9b-it
206,livecodebench,Llama-3.1-8B-UltraMedical
206,math500,NVIDIA-Nemotron-Nano-9B-v2
206,korbench,Llama-3.1-8B-Instruct
206,meld,Qwen2.5-Coder-7B-Instruct
206,finqa,Fin-R1
206,bbh,DeepSeek-R1-0528-Qwen3-8B
206,medqa,Qwen3-8B
207,mmlupro,Qwen2.5-Coder-7B-Instruct
207,livecodebench,Llama-3.1-8B-UltraMedical
207,math500,NVIDIA-Nemotron-Nano-9B-v2
207,meld,gemma-2-9b-it
207,korbench,Llama-3.1-8B-Instruct
207,bbh,DeepSeek-R1-0528-Qwen3-8B
207,finqa,Fin-R1
207,medqa,Qwen3-8B
208,mmlupro,Qwen2.5-Coder-7B-Instruct
208,livecodebench,Llama-3.1-8B-UltraMedical
208,meld,gemma-2-9b-it
208,math500,DeepSeek-R1-0528-Qwen3-8B
208,bbh,NVIDIA-Nemotron-Nano-9B-v2
208,korbench,Llama-3.1-8B-Instruct
208,finqa,Fin-R1
208,medqa,Qwen3-8B
209,mmlupro,gemma-2-9b-it
209,livecodebench,Llama-3.1-8B-UltraMedical
209,math500,NVIDIA-Nemotron-Nano-9B-v2
209,korbench,Llama-3.1-8B-Instruct
209,meld,Qwen2.5-Coder-7B-Instruct
209,finqa,Fin-R1
209,bbh,DeepSeek-R1-0528-Qwen3-8B
209,medqa,Qwen3-8B
210,mmlupro,gemma-2-9b-it
210,livecodebench,Llama-3.1-8B-UltraMedical
210,math500,DeepSeek-R1-0528-Qwen3-8B
210,bbh,NVIDIA-Nemotron-Nano-9B-v2
210,korbench,Llama-3.1-8B-Instruct
210,meld,Qwen2.5-Coder-7B-Instruct
210,finqa,Fin-R1
210,medqa,Qwen3-8B
211,mmlupro,Llama-3.1-8B-Instruct
211,medqa,Qwen3-8B
211,livecodebench,Llama-3.1-8B-UltraMedical
211,meld,gemma-2-9b-it
211,math500,DeepSeek-R1-0528-Qwen3-8B
211,bbh,NVIDIA-Nemotron-Nano-9B-v2
211,finqa,Fin-R1
211,korbench,Qwen2.5-Coder-7B-Instruct
212,mmlupro,gemma-2-9b-it
212,livecodebench,Llama-3.1-8B-UltraMedical
212,math500,DeepSeek-R1-0528-Qwen3-8B
212,bbh,NVIDIA-Nemotron-Nano-9B-v2
212,korbench,Llama-3.1-8B-Instruct
212,meld,Qwen2.5-Coder-7B-Instruct
212,finqa,Fin-R1
212,medqa,Qwen3-8B
213,medqa,NVIDIA-Nemotron-Nano-9B-v2
213,mmlupro,gemma-2-9b-it
213,math500,Qwen3-8B
213,livecodebench,Llama-3.1-8B-UltraMedical
213,korbench,Llama-3.1-8B-Instruct
213,meld,Qwen2.5-Coder-7B-Instruct
213,finqa,Fin-R1
213,bbh,DeepSeek-R1-0528-Qwen3-8B
214,mmlupro,gemma-2-9b-it
214,medqa,DeepSeek-R1-0528-Qwen3-8B
214,math500,Qwen3-8B
214,livecodebench,Llama-3.1-8B-UltraMedical
214,bbh,NVIDIA-Nemotron-Nano-9B-v2
214,korbench,Llama-3.1-8B-Instruct
214,meld,Qwen2.5-Coder-7B-Instruct
214,finqa,Fin-R1
215,mmlupro,gemma-2-9b-it
215,livecodebench,Llama-3.1-8B-UltraMedical
215,math500,DeepSeek-R1-0528-Qwen3-8B
215,bbh,NVIDIA-Nemotron-Nano-9B-v2
215,korbench,Llama-3.1-8B-Instruct
215,meld,Qwen2.5-Coder-7B-Instruct
215,finqa,Fin-R1
215,medqa,Qwen3-8B
216,mmlupro,Llama-3.1-8B-Instruct
216,medqa,NVIDIA-Nemotron-Nano-9B-v2
216,math500,Qwen3-8B
216,livecodebench,Llama-3.1-8B-UltraMedical
216,meld,gemma-2-9b-it
216,bbh,DeepSeek-R1-0528-Qwen3-8B
216,finqa,Fin-R1
216,korbench,Qwen2.5-Coder-7B-Instruct
217,mmlupro,gemma-2-9b-it
217,livecodebench,Llama-3.1-8B-UltraMedical
217,math500,DeepSeek-R1-0528-Qwen3-8B
217,bbh,NVIDIA-Nemotron-Nano-9B-v2
217,korbench,Llama-3.1-8B-Instruct
217,meld,Qwen2.5-Coder-7B-Instruct
217,finqa,Fin-R1
217,medqa,Qwen3-8B
218,mmlupro,Qwen2.5-Coder-7B-Instruct
218,livecodebench,Llama-3.1-8B-UltraMedical
218,meld,gemma-2-9b-it
218,math500,DeepSeek-R1-0528-Qwen3-8B
218,bbh,NVIDIA-Nemotron-Nano-9B-v2
218,korbench,Llama-3.1-8B-Instruct
218,finqa,Fin-R1
218,medqa,Qwen3-8B
219,mmlupro,gemma-2-9b-it
219,livecodebench,Llama-3.1-8B-UltraMedical
219,math500,DeepSeek-R1-0528-Qwen3-8B
219,bbh,NVIDIA-Nemotron-Nano-9B-v2
219,korbench,Llama-3.1-8B-Instruct
219,meld,Qwen2.5-Coder-7B-Instruct
219,finqa,Fin-R1
219,medqa,Qwen3-8B
220,mmlupro,Qwen2.5-Coder-7B-Instruct
220,livecodebench,Llama-3.1-8B-UltraMedical
220,math500,NVIDIA-Nemotron-Nano-9B-v2
220,meld,gemma-2-9b-it
220,korbench,Llama-3.1-8B-Instruct
220,bbh,DeepSeek-R1-0528-Qwen3-8B
220,finqa,Fin-R1
220,medqa,Qwen3-8B
221,mmlupro,gemma-2-9b-it
221,livecodebench,Llama-3.1-8B-UltraMedical
221,math500,NVIDIA-Nemotron-Nano-9B-v2
221,korbench,Llama-3.1-8B-Instruct
221,meld,Qwen2.5-Coder-7B-Instruct
221,finqa,Fin-R1
221,bbh,DeepSeek-R1-0528-Qwen3-8B
221,medqa,Qwen3-8B
222,mmlupro,gemma-2-9b-it
222,livecodebench,Llama-3.1-8B-UltraMedical
222,math500,DeepSeek-R1-0528-Qwen3-8B
222,bbh,NVIDIA-Nemotron-Nano-9B-v2
222,korbench,Llama-3.1-8B-Instruct
222,meld,Qwen2.5-Coder-7B-Instruct
222,finqa,Fin-R1
222,medqa,Qwen3-8B
223,mmlupro,gemma-2-9b-it
223,livecodebench,Llama-3.1-8B-UltraMedical
223,math500,NVIDIA-Nemotron-Nano-9B-v2
223,korbench,Llama-3.1-8B-Instruct
223,meld,Qwen2.5-Coder-7B-Instruct
223,finqa,Fin-R1
223,bbh,DeepSeek-R1-0528-Qwen3-8B
223,medqa,Qwen3-8B
224,mmlupro,Llama-3.1-8B-Instruct
224,korbench,Qwen2.5-Coder-7B-Instruct
224,livecodebench,Llama-3.1-8B-UltraMedical
224,math500,NVIDIA-Nemotron-Nano-9B-v2
224,meld,gemma-2-9b-it
224,bbh,DeepSeek-R1-0528-Qwen3-8B
224,finqa,Fin-R1
224,medqa,Qwen3-8B
225,medqa,DeepSeek-R1-0528-Qwen3-8B
225,math500,Qwen3-8B
225,mmlupro,Qwen2.5-Coder-7B-Instruct
225,livecodebench,Llama-3.1-8B-UltraMedical
225,meld,gemma-2-9b-it
225,bbh,NVIDIA-Nemotron-Nano-9B-v2
225,korbench,Llama-3.1-8B-Instruct
225,finqa,Fin-R1
226,mmlupro,Llama-3.1-8B-Instruct
226,medqa,Qwen3-8B
226,livecodebench,Llama-3.1-8B-UltraMedical
226,meld,gemma-2-9b-it
226,math500,DeepSeek-R1-0528-Qwen3-8B
226,bbh,NVIDIA-Nemotron-Nano-9B-v2
226,finqa,Fin-R1
226,korbench,Qwen2.5-Coder-7B-Instruct
227,mmlupro,Qwen2.5-Coder-7B-Instruct
227,livecodebench,Llama-3.1-8B-UltraMedical
227,math500,NVIDIA-Nemotron-Nano-9B-v2
227,meld,gemma-2-9b-it
227,korbench,Llama-3.1-8B-Instruct
227,bbh,DeepSeek-R1-0528-Qwen3-8B
227,finqa,Fin-R1
227,medqa,Qwen3-8B
228,mmlupro,gemma-2-9b-it
228,livecodebench,Llama-3.1-8B-UltraMedical
228,math500,NVIDIA-Nemotron-Nano-9B-v2
228,korbench,Llama-3.1-8B-Instruct
228,meld,Qwen2.5-Coder-7B-Instruct
228,finqa,Fin-R1
228,bbh,DeepSeek-R1-0528-Qwen3-8B
228,medqa,Qwen3-8B
229,mmlupro,Llama-3.1-8B-Instruct
229,medqa,Qwen3-8B
229,livecodebench,Llama-3.1-8B-UltraMedical
229,meld,gemma-2-9b-it
229,math500,DeepSeek-R1-0528-Qwen3-8B
229,bbh,NVIDIA-Nemotron-Nano-9B-v2
229,finqa,Fin-R1
229,korbench,Qwen2.5-Coder-7B-Instruct
230,mmlupro,gemma-2-9b-it
230,livecodebench,Llama-3.1-8B-UltraMedical
230,math500,NVIDIA-Nemotron-Nano-9B-v2
230,korbench,Llama-3.1-8B-Instruct
230,meld,Qwen2.5-Coder-7B-Instruct
230,finqa,Fin-R1
230,bbh,DeepSeek-R1-0528-Qwen3-8B
230,medqa,Qwen3-8B
231,finqa,NVIDIA-Nemotron-Nano-9B-v2
231,livecodebench,Llama-3.1-8B-Instruct
231,bbh,Qwen3-8B
231,medqa,Llama-3.1-8B-UltraMedical
231,meld,gemma-2-9b-it
231,math500,DeepSeek-R1-0528-Qwen3-8B
231,mmlupro,Fin-R1
231,korbench,Qwen2.5-Coder-7B-Instruct
232,mmlupro,gemma-2-9b-it
232,livecodebench,Llama-3.1-8B-UltraMedical
232,math500,NVIDIA-Nemotron-Nano-9B-v2
232,korbench,Llama-3.1-8B-Instruct
232,meld,Qwen2.5-Coder-7B-Instruct
232,finqa,Fin-R1
232,bbh,DeepSeek-R1-0528-Qwen3-8B
232,medqa,Qwen3-8B
233,mmlupro,NVIDIA-Nemotron-Nano-9B-v2
233,livecodebench,Llama-3.1-8B-Instruct
233,bbh,Qwen3-8B
233,medqa,Llama-3.1-8B-UltraMedical
233,korbench,gemma-2-9b-it
233,math500,DeepSeek-R1-0528-Qwen3-8B
233,meld,Qwen2.5-Coder-7B-Instruct
233,finqa,Fin-R1
234,mmlupro,gemma-2-9b-it
234,korbench,Fin-R1
234,livecodebench,Llama-3.1-8B-UltraMedical
234,math500,DeepSeek-R1-0528-Qwen3-8B
234,bbh,NVIDIA-Nemotron-Nano-9B-v2
234,meld,Qwen2.5-Coder-7B-Instruct
234,finqa,Qwen3-8B
234,medqa,Llama-3.1-8B-Instruct
235,korbench,Qwen2.5-Coder-7B-Instruct
235,mmlupro,gemma-2-9b-it
235,meld,Llama-3.1-8B-Instruct
235,livecodebench,Llama-3.1-8B-UltraMedical
235,math500,NVIDIA-Nemotron-Nano-9B-v2
235,bbh,DeepSeek-R1-0528-Qwen3-8B
235,finqa,Fin-R1
235,medqa,Qwen3-8B
236,mmlupro,Llama-3.1-8B-Instruct
236,korbench,Qwen2.5-Coder-7B-Instruct
236,livecodebench,Llama-3.1-8B-UltraMedical
236,math500,NVIDIA-Nemotron-Nano-9B-v2
236,meld,gemma-2-9b-it
236,bbh,DeepSeek-R1-0528-Qwen3-8B
236,finqa,Fin-R1
236,medqa,Qwen3-8B
237,mmlupro,gemma-2-9b-it
237,livecodebench,Llama-3.1-8B-Instruct
237,math500,DeepSeek-R1-0528-Qwen3-8B
237,bbh,NVIDIA-Nemotron-Nano-9B-v2
237,meld,Qwen2.5-Coder-7B-Instruct
237,finqa,Fin-R1
237,korbench,Llama-3.1-8B-UltraMedical
237,medqa,Qwen3-8B
238,mmlupro,gemma-2-9b-it
238,livecodebench,Llama-3.1-8B-UltraMedical
238,math500,DeepSeek-R1-0528-Qwen3-8B
238,bbh,NVIDIA-Nemotron-Nano-9B-v2
238,korbench,Llama-3.1-8B-Instruct
238,meld,Qwen2.5-Coder-7B-Instruct
238,finqa,Fin-R1
238,medqa,Qwen3-8B
239,mmlupro,Qwen2.5-Coder-7B-Instruct
239,livecodebench,Llama-3.1-8B-UltraMedical
239,meld,gemma-2-9b-it
239,math500,DeepSeek-R1-0528-Qwen3-8B
239,bbh,NVIDIA-Nemotron-Nano-9B-v2
239,korbench,Llama-3.1-8B-Instruct
239,finqa,Fin-R1
239,medqa,Qwen3-8B
240,mmlupro,Llama-3.1-8B-Instruct
240,medqa,Qwen3-8B
240,livecodebench,Llama-3.1-8B-UltraMedical
240,meld,gemma-2-9b-it
240,math500,DeepSeek-R1-0528-Qwen3-8B
240,bbh,NVIDIA-Nemotron-Nano-9B-v2
240,finqa,Fin-R1
240,korbench,Qwen2.5-Coder-7B-Instruct
241,mmlupro,gemma-2-9b-it
241,livecodebench,Llama-3.1-8B-UltraMedical
241,math500,NVIDIA-Nemotron-Nano-9B-v2
241,korbench,Llama-3.1-8B-Instruct
241,meld,Qwen2.5-Coder-7B-Instruct
241,finqa,Fin-R1
241,bbh,DeepSeek-R1-0528-Qwen3-8B
241,medqa,Qwen3-8B
242,mmlupro,gemma-2-9b-it
242,livecodebench,Llama-3.1-8B-UltraMedical
242,math500,DeepSeek-R1-0528-Qwen3-8B
242,bbh,NVIDIA-Nemotron-Nano-9B-v2
242,korbench,Llama-3.1-8B-Instruct
242,meld,Qwen2.5-Coder-7B-Instruct
242,finqa,Fin-R1
242,medqa,Qwen3-8B
243,mmlupro,Qwen2.5-Coder-7B-Instruct
243,livecodebench,Llama-3.1-8B-UltraMedical
243,math500,NVIDIA-Nemotron-Nano-9B-v2
243,meld,gemma-2-9b-it
243,korbench,Llama-3.1-8B-Instruct
243,bbh,DeepSeek-R1-0528-Qwen3-8B
243,finqa,Fin-R1
243,medqa,Qwen3-8B
244,mmlupro,gemma-2-9b-it
244,livecodebench,Llama-3.1-8B-UltraMedical
244,math500,DeepSeek-R1-0528-Qwen3-8B
244,bbh,NVIDIA-Nemotron-Nano-9B-v2
244,korbench,Llama-3.1-8B-Instruct
244,meld,Qwen2.5-Coder-7B-Instruct
244,finqa,Fin-R1
244,medqa,Qwen3-8B
245,mmlupro,gemma-2-9b-it
245,livecodebench,Llama-3.1-8B-UltraMedical
245,math500,DeepSeek-R1-0528-Qwen3-8B
245,bbh,NVIDIA-Nemotron-Nano-9B-v2
245,korbench,Llama-3.1-8B-Instruct
245,meld,Qwen2.5-Coder-7B-Instruct
245,finqa,Fin-R1
245,medqa,Qwen3-8B
246,mmlupro,gemma-2-9b-it
246,livecodebench,Llama-3.1-8B-UltraMedical
246,math500,DeepSeek-R1-0528-Qwen3-8B
246,bbh,NVIDIA-Nemotron-Nano-9B-v2
246,korbench,Llama-3.1-8B-Instruct
246,meld,Qwen2.5-Coder-7B-Instruct
246,finqa,Fin-R1
246,medqa,Qwen3-8B
247,mmlupro,Llama-3.1-8B-Instruct
247,medqa,NVIDIA-Nemotron-Nano-9B-v2
247,math500,Qwen3-8B
247,livecodebench,Llama-3.1-8B-UltraMedical
247,meld,gemma-2-9b-it
247,bbh,DeepSeek-R1-0528-Qwen3-8B
247,finqa,Fin-R1
247,korbench,Qwen2.5-Coder-7B-Instruct
248,mmlupro,gemma-2-9b-it
248,livecodebench,Llama-3.1-8B-UltraMedical
248,math500,NVIDIA-Nemotron-Nano-9B-v2
248,korbench,Llama-3.1-8B-Instruct
248,meld,Qwen2.5-Coder-7B-Instruct
248,finqa,Fin-R1
248,bbh,DeepSeek-R1-0528-Qwen3-8B
248,medqa,Qwen3-8B
249,mmlupro,gemma-2-9b-it
249,livecodebench,Llama-3.1-8B-UltraMedical
249,math500,DeepSeek-R1-0528-Qwen3-8B
249,bbh,NVIDIA-Nemotron-Nano-9B-v2
249,korbench,Llama-3.1-8B-Instruct
249,meld,Qwen2.5-Coder-7B-Instruct
249,finqa,Fin-R1
249,medqa,Qwen3-8B
250,mmlupro,gemma-2-9b-it
250,livecodebench,Llama-3.1-8B-UltraMedical
250,math500,DeepSeek-R1-0528-Qwen3-8B
250,bbh,NVIDIA-Nemotron-Nano-9B-v2
250,korbench,Llama-3.1-8B-Instruct
250,meld,Qwen2.5-Coder-7B-Instruct
250,finqa,Fin-R1
250,medqa,Qwen3-8B
251,mmlupro,Llama-3.1-8B-Instruct
251,korbench,Qwen2.5-Coder-7B-Instruct
251,livecodebench,Llama-3.1-8B-UltraMedical
251,math500,NVIDIA-Nemotron-Nano-9B-v2
251,meld,gemma-2-9b-it
251,bbh,DeepSeek-R1-0528-Qwen3-8B
251,finqa,Fin-R1
251,medqa,Qwen3-8B
252,mmlupro,gemma-2-9b-it
252,livecodebench,Llama-3.1-8B-UltraMedical
252,math500,NVIDIA-Nemotron-Nano-9B-v2
252,korbench,Llama-3.1-8B-Instruct
252,meld,Qwen2.5-Coder-7B-Instruct
252,finqa,Fin-R1
252,bbh,DeepSeek-R1-0528-Qwen3-8B
252,medqa,Qwen3-8B
253,medqa,NVIDIA-Nemotron-Nano-9B-v2
253,mmlupro,gemma-2-9b-it
253,math500,Qwen3-8B
253,livecodebench,Llama-3.1-8B-UltraMedical
253,korbench,Llama-3.1-8B-Instruct
253,meld,Qwen2.5-Coder-7B-Instruct
253,finqa,Fin-R1
253,bbh,DeepSeek-R1-0528-Qwen3-8B
254,mmlupro,Llama-3.1-8B-Instruct
254,medqa,Qwen3-8B
254,livecodebench,Llama-3.1-8B-UltraMedical
254,meld,gemma-2-9b-it
254,math500,DeepSeek-R1-0528-Qwen3-8B
254,bbh,NVIDIA-Nemotron-Nano-9B-v2
254,finqa,Fin-R1
254,korbench,Qwen2.5-Coder-7B-Instruct
255,mmlupro,Llama-3.1-8B-Instruct
255,medqa,Qwen3-8B
255,livecodebench,Llama-3.1-8B-UltraMedical
255,meld,gemma-2-9b-it
255,math500,DeepSeek-R1-0528-Qwen3-8B
255,bbh,NVIDIA-Nemotron-Nano-9B-v2
255,finqa,Fin-R1
255,korbench,Qwen2.5-Coder-7B-Instruct
256,mmlupro,gemma-2-9b-it
256,livecodebench,Llama-3.1-8B-UltraMedical
256,math500,DeepSeek-R1-0528-Qwen3-8B
256,bbh,NVIDIA-Nemotron-Nano-9B-v2
256,korbench,Llama-3.1-8B-Instruct
256,meld,Qwen2.5-Coder-7B-Instruct
256,finqa,Fin-R1
256,medqa,Qwen3-8B
257,medqa,NVIDIA-Nemotron-Nano-9B-v2
257,mmlupro,gemma-2-9b-it
257,math500,Qwen3-8B
257,livecodebench,Llama-3.1-8B-UltraMedical
257,korbench,Llama-3.1-8B-Instruct
257,meld,Qwen2.5-Coder-7B-Instruct
257,finqa,Fin-R1
257,bbh,DeepSeek-R1-0528-Qwen3-8B
258,mmlupro,gemma-2-9b-it
258,livecodebench,Llama-3.1-8B-Instruct
258,math500,DeepSeek-R1-0528-Qwen3-8B
258,bbh,NVIDIA-Nemotron-Nano-9B-v2
258,meld,Qwen2.5-Coder-7B-Instruct
258,finqa,Fin-R1
258,korbench,Llama-3.1-8B-UltraMedical
258,medqa,Qwen3-8B
259,mmlupro,gemma-2-9b-it
259,livecodebench,Llama-3.1-8B-UltraMedical
259,math500,NVIDIA-Nemotron-Nano-9B-v2
259,korbench,Llama-3.1-8B-Instruct
259,meld,Qwen2.5-Coder-7B-Instruct
259,finqa,Fin-R1
259,bbh,DeepSeek-R1-0528-Qwen3-8B
259,medqa,Qwen3-8B
260,mmlupro,Llama-3.1-8B-Instruct
260,medqa,Qwen3-8B
260,livecodebench,Llama-3.1-8B-UltraMedical
260,meld,gemma-2-9b-it
260,math500,DeepSeek-R1-0528-Qwen3-8B
260,bbh,NVIDIA-Nemotron-Nano-9B-v2
260,finqa,Fin-R1
260,korbench,Qwen2.5-Coder-7B-Instruct
261,mmlupro,Llama-3.1-8B-Instruct
261,medqa,Qwen3-8B
261,livecodebench,Llama-3.1-8B-UltraMedical
261,meld,gemma-2-9b-it
261,math500,DeepSeek-R1-0528-Qwen3-8B
261,bbh,NVIDIA-Nemotron-Nano-9B-v2
261,finqa,Fin-R1
261,korbench,Qwen2.5-Coder-7B-Instruct
262,mmlupro,Qwen2.5-Coder-7B-Instruct
262,livecodebench,Llama-3.1-8B-UltraMedical
262,meld,gemma-2-9b-it
262,math500,DeepSeek-R1-0528-Qwen3-8B
262,bbh,NVIDIA-Nemotron-Nano-9B-v2
262,korbench,Llama-3.1-8B-Instruct
262,finqa,Fin-R1
262,medqa,Qwen3-8B
263,mmlupro,gemma-2-9b-it
263,livecodebench,Llama-3.1-8B-UltraMedical
263,math500,DeepSeek-R1-0528-Qwen3-8B
263,bbh,NVIDIA-Nemotron-Nano-9B-v2
263,korbench,Llama-3.1-8B-Instruct
263,meld,Qwen2.5-Coder-7B-Instruct
263,finqa,Fin-R1
263,medqa,Qwen3-8B
264,mmlupro,gemma-2-9b-it
264,livecodebench,Llama-3.1-8B-UltraMedical
264,math500,NVIDIA-Nemotron-Nano-9B-v2
264,korbench,Llama-3.1-8B-Instruct
264,meld,Qwen2.5-Coder-7B-Instruct
264,finqa,Fin-R1
264,bbh,DeepSeek-R1-0528-Qwen3-8B
264,medqa,Qwen3-8B
265,mmlupro,gemma-2-9b-it
265,livecodebench,Llama-3.1-8B-UltraMedical
265,math500,NVIDIA-Nemotron-Nano-9B-v2
265,korbench,Llama-3.1-8B-Instruct
265,meld,Qwen2.5-Coder-7B-Instruct
265,finqa,Fin-R1
265,bbh,DeepSeek-R1-0528-Qwen3-8B
265,medqa,Qwen3-8B
266,mmlupro,Qwen2.5-Coder-7B-Instruct
266,livecodebench,Llama-3.1-8B-UltraMedical
266,math500,NVIDIA-Nemotron-Nano-9B-v2
266,meld,gemma-2-9b-it
266,korbench,Llama-3.1-8B-Instruct
266,bbh,DeepSeek-R1-0528-Qwen3-8B
266,finqa,Fin-R1
266,medqa,Qwen3-8B
267,mmlupro,gemma-2-9b-it
267,livecodebench,Llama-3.1-8B-Instruct
267,math500,NVIDIA-Nemotron-Nano-9B-v2
267,meld,Qwen2.5-Coder-7B-Instruct
267,bbh,DeepSeek-R1-0528-Qwen3-8B
267,finqa,Fin-R1
267,korbench,Llama-3.1-8B-UltraMedical
267,medqa,Qwen3-8B
268,medqa,NVIDIA-Nemotron-Nano-9B-v2
268,mmlupro,gemma-2-9b-it
268,math500,Qwen3-8B
268,livecodebench,Llama-3.1-8B-UltraMedical
268,korbench,Llama-3.1-8B-Instruct
268,meld,Qwen2.5-Coder-7B-Instruct
268,finqa,Fin-R1
268,bbh,DeepSeek-R1-0528-Qwen3-8B
269,mmlupro,gemma-2-9b-it
269,livecodebench,Llama-3.1-8B-UltraMedical
269,math500,NVIDIA-Nemotron-Nano-9B-v2
269,korbench,Llama-3.1-8B-Instruct
269,meld,Qwen2.5-Coder-7B-Instruct
269,finqa,Fin-R1
269,bbh,DeepSeek-R1-0528-Qwen3-8B
269,medqa,Qwen3-8B
270,mmlupro,Qwen2.5-Coder-7B-Instruct
270,livecodebench,Llama-3.1-8B-UltraMedical
270,meld,gemma-2-9b-it
270,math500,DeepSeek-R1-0528-Qwen3-8B
270,bbh,NVIDIA-Nemotron-Nano-9B-v2
270,korbench,Llama-3.1-8B-Instruct
270,finqa,Fin-R1
270,medqa,Qwen3-8B
271,mmlupro,NVIDIA-Nemotron-Nano-9B-v2
271,livecodebench,Llama-3.1-8B-Instruct
271,math500,Qwen3-8B
271,medqa,Llama-3.1-8B-UltraMedical
271,korbench,gemma-2-9b-it
271,meld,Qwen2.5-Coder-7B-Instruct
271,bbh,DeepSeek-R1-0528-Qwen3-8B
271,finqa,Fin-R1
272,mmlupro,Llama-3.1-8B-Instruct
272,medqa,Qwen3-8B
272,livecodebench,Llama-3.1-8B-UltraMedical
272,meld,gemma-2-9b-it
272,math500,DeepSeek-R1-0528-Qwen3-8B
272,bbh,NVIDIA-Nemotron-Nano-9B-v2
272,finqa,Fin-R1
272,korbench,Qwen2.5-Coder-7B-Instruct
273,mmlupro,Llama-3.1-8B-Instruct
273,medqa,Qwen3-8B
273,livecodebench,Llama-3.1-8B-UltraMedical
273,meld,gemma-2-9b-it
273,math500,DeepSeek-R1-0528-Qwen3-8B
273,bbh,NVIDIA-Nemotron-Nano-9B-v2
273,finqa,Fin-R1
273,korbench,Qwen2.5-Coder-7B-Instruct
274,mmlupro,gemma-2-9b-it
274,livecodebench,Llama-3.1-8B-UltraMedical
274,math500,NVIDIA-Nemotron-Nano-9B-v2
274,korbench,Llama-3.1-8B-Instruct
274,meld,Qwen2.5-Coder-7B-Instruct
274,finqa,Fin-R1
274,bbh,DeepSeek-R1-0528-Qwen3-8B
274,medqa,Qwen3-8B
275,mmlupro,Qwen2.5-Coder-7B-Instruct
275,livecodebench,Llama-3.1-8B-UltraMedical
275,math500,NVIDIA-Nemotron-Nano-9B-v2
275,meld,gemma-2-9b-it
275,korbench,Llama-3.1-8B-Instruct
275,bbh,DeepSeek-R1-0528-Qwen3-8B
275,finqa,Fin-R1
275,medqa,Qwen3-8B
276,mmlupro,Qwen2.5-Coder-7B-Instruct
276,livecodebench,Llama-3.1-8B-UltraMedical
276,meld,gemma-2-9b-it
276,math500,DeepSeek-R1-0528-Qwen3-8B
276,bbh,NVIDIA-Nemotron-Nano-9B-v2
276,korbench,Llama-3.1-8B-Instruct
276,finqa,Fin-R1
276,medqa,Qwen3-8B
277,mmlupro,gemma-2-9b-it
277,livecodebench,Llama-3.1-8B-UltraMedical
277,math500,DeepSeek-R1-0528-Qwen3-8B
277,bbh,NVIDIA-Nemotron-Nano-9B-v2
277,korbench,Llama-3.1-8B-Instruct
277,meld,Qwen2.5-Coder-7B-Instruct
277,finqa,Fin-R1
277,medqa,Qwen3-8B
278,mmlupro,Qwen2.5-Coder-7B-Instruct
278,livecodebench,Llama-3.1-8B-UltraMedical
278,math500,NVIDIA-Nemotron-Nano-9B-v2
278,meld,gemma-2-9b-it
278,korbench,Llama-3.1-8B-Instruct
278,bbh,DeepSeek-R1-0528-Qwen3-8B
278,finqa,Fin-R1
278,medqa,Qwen3-8B
279,mmlupro,Llama-3.1-8B-Instruct
279,korbench,Qwen2.5-Coder-7B-Instruct
279,livecodebench,Llama-3.1-8B-UltraMedical
279,math500,NVIDIA-Nemotron-Nano-9B-v2
279,meld,gemma-2-9b-it
279,bbh,DeepSeek-R1-0528-Qwen3-8B
279,finqa,Fin-R1
279,medqa,Qwen3-8B
280,mmlupro,gemma-2-9b-it
280,livecodebench,Llama-3.1-8B-UltraMedical
280,math500,DeepSeek-R1-0528-Qwen3-8B
280,bbh,NVIDIA-Nemotron-Nano-9B-v2
280,korbench,Llama-3.1-8B-Instruct
280,meld,Qwen2.5-Coder-7B-Instruct
280,finqa,Fin-R1
280,medqa,Qwen3-8B
281,mmlupro,gemma-2-9b-it
281,livecodebench,Llama-3.1-8B-UltraMedical
281,math500,NVIDIA-Nemotron-Nano-9B-v2
281,korbench,Llama-3.1-8B-Instruct
281,meld,Qwen2.5-Coder-7B-Instruct
281,finqa,Fin-R1
281,bbh,DeepSeek-R1-0528-Qwen3-8B
281,medqa,Qwen3-8B
282,mmlupro,gemma-2-9b-it
282,livecodebench,Llama-3.1-8B-UltraMedical
282,math500,DeepSeek-R1-0528-Qwen3-8B
282,bbh,NVIDIA-Nemotron-Nano-9B-v2
282,korbench,Llama-3.1-8B-Instruct
282,meld,Qwen2.5-Coder-7B-Instruct
282,finqa,Fin-R1
282,medqa,Qwen3-8B
283,mmlupro,gemma-2-9b-it
283,livecodebench,Llama-3.1-8B-UltraMedical
283,math500,DeepSeek-R1-0528-Qwen3-8B
283,bbh,NVIDIA-Nemotron-Nano-9B-v2
283,korbench,Llama-3.1-8B-Instruct
283,meld,Qwen2.5-Coder-7B-Instruct
283,finqa,Fin-R1
283,medqa,Qwen3-8B
284,mmlupro,gemma-2-9b-it
284,livecodebench,Llama-3.1-8B-UltraMedical
284,math500,NVIDIA-Nemotron-Nano-9B-v2
284,korbench,Llama-3.1-8B-Instruct
284,meld,Qwen2.5-Coder-7B-Instruct
284,finqa,Fin-R1
284,bbh,DeepSeek-R1-0528-Qwen3-8B
284,medqa,Qwen3-8B
285,mmlupro,Qwen2.5-Coder-7B-Instruct
285,livecodebench,Llama-3.1-8B-UltraMedical
285,meld,gemma-2-9b-it
285,math500,DeepSeek-R1-0528-Qwen3-8B
285,bbh,NVIDIA-Nemotron-Nano-9B-v2
285,korbench,Llama-3.1-8B-Instruct
285,finqa,Fin-R1
285,medqa,Qwen3-8B
286,mmlupro,gemma-2-9b-it
286,livecodebench,Llama-3.1-8B-UltraMedical
286,math500,NVIDIA-Nemotron-Nano-9B-v2
286,korbench,Llama-3.1-8B-Instruct
286,meld,Qwen2.5-Coder-7B-Instruct
286,finqa,Fin-R1
286,bbh,DeepSeek-R1-0528-Qwen3-8B
286,medqa,Qwen3-8B
287,mmlupro,gemma-2-9b-it
287,medqa,DeepSeek-R1-0528-Qwen3-8B
287,math500,Qwen3-8B
287,livecodebench,Llama-3.1-8B-UltraMedical
287,bbh,NVIDIA-Nemotron-Nano-9B-v2
287,korbench,Llama-3.1-8B-Instruct
287,meld,Qwen2.5-Coder-7B-Instruct
287,finqa,Fin-R1
288,mmlupro,Qwen2.5-Coder-7B-Instruct
288,livecodebench,Llama-3.1-8B-UltraMedical
288,meld,gemma-2-9b-it
288,math500,DeepSeek-R1-0528-Qwen3-8B
288,bbh,NVIDIA-Nemotron-Nano-9B-v2
288,korbench,Llama-3.1-8B-Instruct
288,finqa,Fin-R1
288,medqa,Qwen3-8B
289,mmlupro,gemma-2-9b-it
289,finqa,NVIDIA-Nemotron-Nano-9B-v2
289,math500,Qwen3-8B
289,korbench,Fin-R1
289,livecodebench,Llama-3.1-8B-UltraMedical
289,meld,Qwen2.5-Coder-7B-Instruct
289,bbh,DeepSeek-R1-0528-Qwen3-8B
289,medqa,Llama-3.1-8B-Instruct
290,mmlupro,gemma-2-9b-it
290,livecodebench,Llama-3.1-8B-UltraMedical
290,math500,DeepSeek-R1-0528-Qwen3-8B
290,bbh,NVIDIA-Nemotron-Nano-9B-v2
290,korbench,Llama-3.1-8B-Instruct
290,meld,Qwen2.5-Coder-7B-Instruct
290,finqa,Fin-R1
290,medqa,Qwen3-8B
291,mmlupro,gemma-2-9b-it
291,livecodebench,Llama-3.1-8B-Instruct
291,math500,NVIDIA-Nemotron-Nano-9B-v2
291,meld,Qwen2.5-Coder-7B-Instruct
291,bbh,DeepSeek-R1-0528-Qwen3-8B
291,finqa,Fin-R1
291,korbench,Llama-3.1-8B-UltraMedical
291,medqa,Qwen3-8B
292,finqa,gemma-2-9b-it
292,livecodebench,Llama-3.1-8B-UltraMedical
292,math500,DeepSeek-R1-0528-Qwen3-8B
292,bbh,NVIDIA-Nemotron-Nano-9B-v2
292,korbench,Llama-3.1-8B-Instruct
292,meld,Qwen2.5-Coder-7B-Instruct
292,mmlupro,Fin-R1
292,medqa,Qwen3-8B
293,mmlupro,gemma-2-9b-it
293,livecodebench,Llama-3.1-8B-Instruct
293,math500,DeepSeek-R1-0528-Qwen3-8B
293,bbh,NVIDIA-Nemotron-Nano-9B-v2
293,meld,Qwen2.5-Coder-7B-Instruct
293,finqa,Fin-R1
293,korbench,Llama-3.1-8B-UltraMedical
293,medqa,Qwen3-8B
294,meld,Fin-R1
294,mmlupro,gemma-2-9b-it
294,livecodebench,Llama-3.1-8B-UltraMedical
294,math500,NVIDIA-Nemotron-Nano-9B-v2
294,bbh,DeepSeek-R1-0528-Qwen3-8B
294,korbench,Qwen2.5-Coder-7B-Instruct
294,finqa,Qwen3-8B
294,medqa,Llama-3.1-8B-Instruct
295,mmlupro,gemma-2-9b-it
295,livecodebench,Llama-3.1-8B-Instruct
295,math500,DeepSeek-R1-0528-Qwen3-8B
295,bbh,NVIDIA-Nemotron-Nano-9B-v2
295,meld,Qwen2.5-Coder-7B-Instruct
295,finqa,Fin-R1
295,korbench,Llama-3.1-8B-UltraMedical
295,medqa,Qwen3-8B
296,mmlupro,Qwen2.5-Coder-7B-Instruct
296,livecodebench,Llama-3.1-8B-UltraMedical
296,meld,gemma-2-9b-it
296,math500,DeepSeek-R1-0528-Qwen3-8B
296,bbh,NVIDIA-Nemotron-Nano-9B-v2
296,korbench,Llama-3.1-8B-Instruct
296,finqa,Fin-R1
296,medqa,Qwen3-8B
297,mmlupro,gemma-2-9b-it
297,livecodebench,Llama-3.1-8B-UltraMedical
297,math500,DeepSeek-R1-0528-Qwen3-8B
297,bbh,NVIDIA-Nemotron-Nano-9B-v2
297,korbench,Llama-3.1-8B-Instruct
297,meld,Qwen2.5-Coder-7B-Instruct
297,finqa,Fin-R1
297,medqa,Qwen3-8B
298,mmlupro,Llama-3.1-8B-Instruct
298,korbench,Qwen2.5-Coder-7B-Instruct
298,livecodebench,Llama-3.1-8B-UltraMedical
298,math500,NVIDIA-Nemotron-Nano-9B-v2
298,meld,gemma-2-9b-it
298,bbh,DeepSeek-R1-0528-Qwen3-8B
298,finqa,Fin-R1
298,medqa,Qwen3-8B
299,mmlupro,gemma-2-9b-it
299,livecodebench,Llama-3.1-8B-UltraMedical
299,math500,DeepSeek-R1-0528-Qwen3-8B
299,bbh,NVIDIA-Nemotron-Nano-9B-v2
299,korbench,Llama-3.1-8B-Instruct
299,meld,Qwen2.5-Coder-7B-Instruct
299,finqa,Fin-R1
299,medqa,Qwen3-8B
300,mmlupro,gemma-2-9b-it
300,livecodebench,Llama-3.1-8B-UltraMedical
300,math500,DeepSeek-R1-0528-Qwen3-8B
300,bbh,NVIDIA-Nemotron-Nano-9B-v2
300,korbench,Llama-3.1-8B-Instruct
300,meld,Qwen2.5-Coder-7B-Instruct
300,finqa,Fin-R1
300,medqa,Qwen3-8B
301,mmlupro,gemma-2-9b-it
301,livecodebench,Llama-3.1-8B-UltraMedical
301,math500,NVIDIA-Nemotron-Nano-9B-v2
301,korbench,Llama-3.1-8B-Instruct
301,meld,Qwen2.5-Coder-7B-Instruct
301,finqa,Fin-R1
301,bbh,DeepSeek-R1-0528-Qwen3-8B
301,medqa,Qwen3-8B
302,mmlupro,Qwen2.5-Coder-7B-Instruct
302,livecodebench,Llama-3.1-8B-UltraMedical
302,meld,gemma-2-9b-it
302,math500,DeepSeek-R1-0528-Qwen3-8B
302,bbh,NVIDIA-Nemotron-Nano-9B-v2
302,korbench,Llama-3.1-8B-Instruct
302,finqa,Fin-R1
302,medqa,Qwen3-8B
303,mmlupro,Llama-3.1-8B-Instruct
303,korbench,Qwen2.5-Coder-7B-Instruct
303,livecodebench,Llama-3.1-8B-UltraMedical
303,math500,NVIDIA-Nemotron-Nano-9B-v2
303,meld,gemma-2-9b-it
303,bbh,DeepSeek-R1-0528-Qwen3-8B
303,finqa,Fin-R1
303,medqa,Qwen3-8B
304,mmlupro,gemma-2-9b-it
304,livecodebench,Llama-3.1-8B-UltraMedical
304,math500,DeepSeek-R1-0528-Qwen3-8B
304,bbh,NVIDIA-Nemotron-Nano-9B-v2
304,korbench,Llama-3.1-8B-Instruct
304,meld,Qwen2.5-Coder-7B-Instruct
304,finqa,Fin-R1
304,medqa,Qwen3-8B
305,mmlupro,gemma-2-9b-it
305,livecodebench,Llama-3.1-8B-UltraMedical
305,math500,NVIDIA-Nemotron-Nano-9B-v2
305,korbench,Llama-3.1-8B-Instruct
305,meld,Qwen2.5-Coder-7B-Instruct
305,finqa,Fin-R1
305,bbh,DeepSeek-R1-0528-Qwen3-8B
305,medqa,Qwen3-8B
306,mmlupro,gemma-2-9b-it
306,livecodebench,Llama-3.1-8B-UltraMedical
306,math500,DeepSeek-R1-0528-Qwen3-8B
306,bbh,NVIDIA-Nemotron-Nano-9B-v2
306,korbench,Llama-3.1-8B-Instruct
306,meld,Qwen2.5-Coder-7B-Instruct
306,finqa,Fin-R1
306,medqa,Qwen3-8B
307,mmlupro,Llama-3.1-8B-Instruct
307,korbench,Qwen2.5-Coder-7B-Instruct
307,livecodebench,Llama-3.1-8B-UltraMedical
307,math500,NVIDIA-Nemotron-Nano-9B-v2
307,meld,gemma-2-9b-it
307,bbh,DeepSeek-R1-0528-Qwen3-8B
307,finqa,Fin-R1
307,medqa,Qwen3-8B
308,mmlupro,gemma-2-9b-it
308,livecodebench,Llama-3.1-8B-UltraMedical
308,math500,DeepSeek-R1-0528-Qwen3-8B
308,bbh,NVIDIA-Nemotron-Nano-9B-v2
308,korbench,Llama-3.1-8B-Instruct
308,meld,Qwen2.5-Coder-7B-Instruct
308,finqa,Fin-R1
308,medqa,Qwen3-8B
309,mmlupro,Qwen2.5-Coder-7B-Instruct
309,livecodebench,Llama-3.1-8B-UltraMedical
309,meld,gemma-2-9b-it
309,math500,DeepSeek-R1-0528-Qwen3-8B
309,bbh,NVIDIA-Nemotron-Nano-9B-v2
309,korbench,Llama-3.1-8B-Instruct
309,finqa,Fin-R1
309,medqa,Qwen3-8B
310,mmlupro,Llama-3.1-8B-Instruct
310,medqa,NVIDIA-Nemotron-Nano-9B-v2
310,math500,Qwen3-8B
310,livecodebench,Llama-3.1-8B-UltraMedical
310,meld,gemma-2-9b-it
310,bbh,DeepSeek-R1-0528-Qwen3-8B
310,finqa,Fin-R1
310,korbench,Qwen2.5-Coder-7B-Instruct
311,mmlupro,Llama-3.1-8B-Instruct
311,medqa,Qwen3-8B
311,livecodebench,Llama-3.1-8B-UltraMedical
311,meld,gemma-2-9b-it
311,math500,DeepSeek-R1-0528-Qwen3-8B
311,bbh,NVIDIA-Nemotron-Nano-9B-v2
311,finqa,Fin-R1
311,korbench,Qwen2.5-Coder-7B-Instruct
312,livecodebench,Llama-3.1-8B-Instruct
312,mmlupro,Qwen2.5-Coder-7B-Instruct
312,meld,gemma-2-9b-it
312,math500,DeepSeek-R1-0528-Qwen3-8B
312,bbh,NVIDIA-Nemotron-Nano-9B-v2
312,finqa,Fin-R1
312,korbench,Llama-3.1-8B-UltraMedical
312,medqa,Qwen3-8B
313,mmlupro,gemma-2-9b-it
313,livecodebench,Llama-3.1-8B-UltraMedical
313,math500,DeepSeek-R1-0528-Qwen3-8B
313,bbh,NVIDIA-Nemotron-Nano-9B-v2
313,korbench,Llama-3.1-8B-Instruct
313,meld,Qwen2.5-Coder-7B-Instruct
313,finqa,Fin-R1
313,medqa,Qwen3-8B
314,medqa,NVIDIA-Nemotron-Nano-9B-v2
314,mmlupro,gemma-2-9b-it
314,math500,Qwen3-8B
314,livecodebench,Llama-3.1-8B-UltraMedical
314,korbench,Llama-3.1-8B-Instruct
314,meld,Qwen2.5-Coder-7B-Instruct
314,finqa,Fin-R1
314,bbh,DeepSeek-R1-0528-Qwen3-8B
315,mmlupro,Qwen2.5-Coder-7B-Instruct
315,livecodebench,Llama-3.1-8B-UltraMedical
315,meld,gemma-2-9b-it
315,math500,DeepSeek-R1-0528-Qwen3-8B
315,bbh,NVIDIA-Nemotron-Nano-9B-v2
315,korbench,Llama-3.1-8B-Instruct
315,finqa,Fin-R1
315,medqa,Qwen3-8B
316,mmlupro,Qwen2.5-Coder-7B-Instruct
316,livecodebench,Llama-3.1-8B-UltraMedical
316,math500,NVIDIA-Nemotron-Nano-9B-v2
316,meld,gemma-2-9b-it
316,korbench,Llama-3.1-8B-Instruct
316,bbh,DeepSeek-R1-0528-Qwen3-8B
316,finqa,Fin-R1
316,medqa,Qwen3-8B
317,mmlupro,Llama-3.1-8B-Instruct
317,korbench,Qwen2.5-Coder-7B-Instruct
317,livecodebench,Llama-3.1-8B-UltraMedical
317,math500,NVIDIA-Nemotron-Nano-9B-v2
317,meld,gemma-2-9b-it
317,bbh,DeepSeek-R1-0528-Qwen3-8B
317,finqa,Fin-R1
317,medqa,Qwen3-8B
318,mmlupro,gemma-2-9b-it
318,livecodebench,Llama-3.1-8B-UltraMedical
318,math500,DeepSeek-R1-0528-Qwen3-8B
318,bbh,NVIDIA-Nemotron-Nano-9B-v2
318,korbench,Llama-3.1-8B-Instruct
318,meld,Qwen2.5-Coder-7B-Instruct
318,finqa,Fin-R1
318,medqa,Qwen3-8B
319,mmlupro,gemma-2-9b-it
319,livecodebench,Llama-3.1-8B-UltraMedical
319,math500,NVIDIA-Nemotron-Nano-9B-v2
319,korbench,Llama-3.1-8B-Instruct
319,meld,Qwen2.5-Coder-7B-Instruct
319,finqa,Fin-R1
319,bbh,DeepSeek-R1-0528-Qwen3-8B
319,medqa,Qwen3-8B
320,mmlupro,gemma-2-9b-it
320,livecodebench,Llama-3.1-8B-UltraMedical
320,math500,DeepSeek-R1-0528-Qwen3-8B
320,bbh,NVIDIA-Nemotron-Nano-9B-v2
320,korbench,Llama-3.1-8B-Instruct
320,meld,Qwen2.5-Coder-7B-Instruct
320,finqa,Fin-R1
320,medqa,Qwen3-8B
321,mmlupro,Qwen2.5-Coder-7B-Instruct
321,livecodebench,Llama-3.1-8B-UltraMedical
321,meld,gemma-2-9b-it
321,math500,DeepSeek-R1-0528-Qwen3-8B
321,bbh,NVIDIA-Nemotron-Nano-9B-v2
321,korbench,Llama-3.1-8B-Instruct
321,finqa,Fin-R1
321,medqa,Qwen3-8B
322,mmlupro,Llama-3.1-8B-Instruct
322,medqa,Qwen3-8B
322,livecodebench,Llama-3.1-8B-UltraMedical
322,meld,gemma-2-9b-it
322,math500,DeepSeek-R1-0528-Qwen3-8B
322,bbh,NVIDIA-Nemotron-Nano-9B-v2
322,finqa,Fin-R1
322,korbench,Qwen2.5-Coder-7B-Instruct
323,mmlupro,Llama-3.1-8B-Instruct
323,medqa,Qwen3-8B
323,livecodebench,Llama-3.1-8B-UltraMedical
323,meld,gemma-2-9b-it
323,math500,DeepSeek-R1-0528-Qwen3-8B
323,bbh,NVIDIA-Nemotron-Nano-9B-v2
323,finqa,Fin-R1
323,korbench,Qwen2.5-Coder-7B-Instruct
324,mmlupro,Qwen2.5-Coder-7B-Instruct
324,livecodebench,Llama-3.1-8B-UltraMedical
324,math500,NVIDIA-Nemotron-Nano-9B-v2
324,meld,gemma-2-9b-it
324,korbench,Llama-3.1-8B-Instruct
324,bbh,DeepSeek-R1-0528-Qwen3-8B
324,finqa,Fin-R1
324,medqa,Qwen3-8B
325,mmlupro,Llama-3.1-8B-Instruct
325,korbench,Qwen2.5-Coder-7B-Instruct
325,livecodebench,Llama-3.1-8B-UltraMedical
325,math500,NVIDIA-Nemotron-Nano-9B-v2
325,meld,gemma-2-9b-it
325,bbh,DeepSeek-R1-0528-Qwen3-8B
325,finqa,Fin-R1
325,medqa,Qwen3-8B
326,finqa,NVIDIA-Nemotron-Nano-9B-v2
326,livecodebench,Llama-3.1-8B-Instruct
326,math500,Qwen3-8B
326,medqa,Llama-3.1-8B-UltraMedical
326,meld,gemma-2-9b-it
326,bbh,DeepSeek-R1-0528-Qwen3-8B
326,mmlupro,Fin-R1
326,korbench,Qwen2.5-Coder-7B-Instruct
327,mmlupro,gemma-2-9b-it
327,livecodebench,Llama-3.1-8B-Instruct
327,math500,DeepSeek-R1-0528-Qwen3-8B
327,bbh,NVIDIA-Nemotron-Nano-9B-v2
327,meld,Qwen2.5-Coder-7B-Instruct
327,finqa,Fin-R1
327,korbench,Llama-3.1-8B-UltraMedical
327,medqa,Qwen3-8B
328,mmlupro,Llama-3.1-8B-Instruct
328,medqa,Qwen3-8B
328,livecodebench,Llama-3.1-8B-UltraMedical
328,meld,gemma-2-9b-it
328,math500,DeepSeek-R1-0528-Qwen3-8B
328,bbh,NVIDIA-Nemotron-Nano-9B-v2
328,finqa,Fin-R1
328,korbench,Qwen2.5-Coder-7B-Instruct
329,mmlupro,Qwen2.5-Coder-7B-Instruct
329,livecodebench,Llama-3.1-8B-UltraMedical
329,meld,gemma-2-9b-it
329,math500,DeepSeek-R1-0528-Qwen3-8B
329,bbh,NVIDIA-Nemotron-Nano-9B-v2
329,korbench,Llama-3.1-8B-Instruct
329,finqa,Fin-R1
329,medqa,Qwen3-8B
330,mmlupro,gemma-2-9b-it
330,livecodebench,Llama-3.1-8B-UltraMedical
330,math500,NVIDIA-Nemotron-Nano-9B-v2
330,korbench,Llama-3.1-8B-Instruct
330,meld,Qwen2.5-Coder-7B-Instruct
330,finqa,Fin-R1
330,bbh,DeepSeek-R1-0528-Qwen3-8B
330,medqa,Qwen3-8B
331,mmlupro,gemma-2-9b-it
331,livecodebench,Llama-3.1-8B-UltraMedical
331,math500,NVIDIA-Nemotron-Nano-9B-v2
331,korbench,Llama-3.1-8B-Instruct
331,meld,Qwen2.5-Coder-7B-Instruct
331,finqa,Fin-R1
331,bbh,DeepSeek-R1-0528-Qwen3-8B
331,medqa,Qwen3-8B
332,mmlupro,gemma-2-9b-it
332,livecodebench,Llama-3.1-8B-UltraMedical
332,math500,NVIDIA-Nemotron-Nano-9B-v2
332,korbench,Llama-3.1-8B-Instruct
332,meld,Qwen2.5-Coder-7B-Instruct
332,finqa,Fin-R1
332,bbh,DeepSeek-R1-0528-Qwen3-8B
332,medqa,Qwen3-8B
333,mmlupro,Qwen2.5-Coder-7B-Instruct
333,livecodebench,Llama-3.1-8B-UltraMedical
333,math500,NVIDIA-Nemotron-Nano-9B-v2
333,meld,gemma-2-9b-it
333,korbench,Llama-3.1-8B-Instruct
333,bbh,DeepSeek-R1-0528-Qwen3-8B
333,finqa,Fin-R1
333,medqa,Qwen3-8B
334,mmlupro,Qwen2.5-Coder-7B-Instruct
334,livecodebench,Llama-3.1-8B-UltraMedical
334,math500,NVIDIA-Nemotron-Nano-9B-v2
334,meld,gemma-2-9b-it
334,korbench,Llama-3.1-8B-Instruct
334,bbh,DeepSeek-R1-0528-Qwen3-8B
334,finqa,Fin-R1
334,medqa,Qwen3-8B
335,mmlupro,gemma-2-9b-it
335,livecodebench,Llama-3.1-8B-UltraMedical
335,math500,DeepSeek-R1-0528-Qwen3-8B
335,bbh,NVIDIA-Nemotron-Nano-9B-v2
335,korbench,Llama-3.1-8B-Instruct
335,meld,Qwen2.5-Coder-7B-Instruct
335,finqa,Fin-R1
335,medqa,Qwen3-8B
336,mmlupro,gemma-2-9b-it
336,livecodebench,Llama-3.1-8B-UltraMedical
336,math500,NVIDIA-Nemotron-Nano-9B-v2
336,korbench,Llama-3.1-8B-Instruct
336,meld,Qwen2.5-Coder-7B-Instruct
336,finqa,Fin-R1
336,bbh,DeepSeek-R1-0528-Qwen3-8B
336,medqa,Qwen3-8B
337,mmlupro,Llama-3.1-8B-Instruct
337,korbench,Qwen2.5-Coder-7B-Instruct
337,livecodebench,Llama-3.1-8B-UltraMedical
337,math500,NVIDIA-Nemotron-Nano-9B-v2
337,meld,gemma-2-9b-it
337,bbh,DeepSeek-R1-0528-Qwen3-8B
337,finqa,Fin-R1
337,medqa,Qwen3-8B
338,mmlupro,Llama-3.1-8B-Instruct
338,medqa,Qwen3-8B
338,livecodebench,Llama-3.1-8B-UltraMedical
338,meld,gemma-2-9b-it
338,math500,DeepSeek-R1-0528-Qwen3-8B
338,bbh,NVIDIA-Nemotron-Nano-9B-v2
338,finqa,Fin-R1
338,korbench,Qwen2.5-Coder-7B-Instruct
339,mmlupro,gemma-2-9b-it
339,livecodebench,Llama-3.1-8B-UltraMedical
339,math500,DeepSeek-R1-0528-Qwen3-8B
339,bbh,NVIDIA-Nemotron-Nano-9B-v2
339,korbench,Llama-3.1-8B-Instruct
339,meld,Qwen2.5-Coder-7B-Instruct
339,finqa,Fin-R1
339,medqa,Qwen3-8B
340,mmlupro,Qwen2.5-Coder-7B-Instruct
340,livecodebench,Llama-3.1-8B-UltraMedical
340,math500,NVIDIA-Nemotron-Nano-9B-v2
340,meld,gemma-2-9b-it
340,korbench,Llama-3.1-8B-Instruct
340,bbh,DeepSeek-R1-0528-Qwen3-8B
340,finqa,Fin-R1
340,medqa,Qwen3-8B
341,mmlupro,Llama-3.1-8B-Instruct
341,medqa,Qwen3-8B
341,livecodebench,Llama-3.1-8B-UltraMedical
341,meld,gemma-2-9b-it
341,math500,DeepSeek-R1-0528-Qwen3-8B
341,bbh,NVIDIA-Nemotron-Nano-9B-v2
341,finqa,Fin-R1
341,korbench,Qwen2.5-Coder-7B-Instruct
342,mmlupro,gemma-2-9b-it
342,livecodebench,Llama-3.1-8B-Instruct
342,math500,DeepSeek-R1-0528-Qwen3-8B
342,bbh,NVIDIA-Nemotron-Nano-9B-v2
342,meld,Qwen2.5-Coder-7B-Instruct
342,finqa,Fin-R1
342,korbench,Llama-3.1-8B-UltraMedical
342,medqa,Qwen3-8B
343,mmlupro,gemma-2-9b-it
343,livecodebench,Llama-3.1-8B-UltraMedical
343,math500,NVIDIA-Nemotron-Nano-9B-v2
343,korbench,Llama-3.1-8B-Instruct
343,meld,Qwen2.5-Coder-7B-Instruct
343,finqa,Fin-R1
343,bbh,DeepSeek-R1-0528-Qwen3-8B
343,medqa,Qwen3-8B
344,mmlupro,gemma-2-9b-it
344,livecodebench,Llama-3.1-8B-UltraMedical
344,math500,DeepSeek-R1-0528-Qwen3-8B
344,bbh,NVIDIA-Nemotron-Nano-9B-v2
344,korbench,Llama-3.1-8B-Instruct
344,meld,Qwen2.5-Coder-7B-Instruct
344,finqa,Fin-R1
344,medqa,Qwen3-8B
345,mmlupro,gemma-2-9b-it
345,livecodebench,Llama-3.1-8B-UltraMedical
345,math500,NVIDIA-Nemotron-Nano-9B-v2
345,korbench,Llama-3.1-8B-Instruct
345,meld,Qwen2.5-Coder-7B-Instruct
345,finqa,Fin-R1
345,bbh,DeepSeek-R1-0528-Qwen3-8B
345,medqa,Qwen3-8B
346,mmlupro,Llama-3.1-8B-Instruct
346,korbench,Qwen2.5-Coder-7B-Instruct
346,livecodebench,Llama-3.1-8B-UltraMedical
346,math500,NVIDIA-Nemotron-Nano-9B-v2
346,meld,gemma-2-9b-it
346,bbh,DeepSeek-R1-0528-Qwen3-8B
346,finqa,Fin-R1
346,medqa,Qwen3-8B
347,mmlupro,gemma-2-9b-it
347,livecodebench,Llama-3.1-8B-Instruct
347,math500,DeepSeek-R1-0528-Qwen3-8B
347,bbh,NVIDIA-Nemotron-Nano-9B-v2
347,meld,Qwen2.5-Coder-7B-Instruct
347,finqa,Fin-R1
347,korbench,Llama-3.1-8B-UltraMedical
347,medqa,Qwen3-8B
348,mmlupro,Llama-3.1-8B-Instruct
348,korbench,Qwen2.5-Coder-7B-Instruct
348,livecodebench,Llama-3.1-8B-UltraMedical
348,math500,NVIDIA-Nemotron-Nano-9B-v2
348,meld,gemma-2-9b-it
348,bbh,DeepSeek-R1-0528-Qwen3-8B
348,finqa,Fin-R1
348,medqa,Qwen3-8B
349,mmlupro,Qwen2.5-Coder-7B-Instruct
349,livecodebench,Llama-3.1-8B-UltraMedical
349,math500,NVIDIA-Nemotron-Nano-9B-v2
349,meld,gemma-2-9b-it
349,korbench,Llama-3.1-8B-Instruct
349,bbh,DeepSeek-R1-0528-Qwen3-8B
349,finqa,Fin-R1
349,medqa,Qwen3-8B
350,mmlupro,gemma-2-9b-it
350,livecodebench,Llama-3.1-8B-UltraMedical
350,math500,NVIDIA-Nemotron-Nano-9B-v2
350,korbench,Llama-3.1-8B-Instruct
350,meld,Qwen2.5-Coder-7B-Instruct
350,finqa,Fin-R1
350,bbh,DeepSeek-R1-0528-Qwen3-8B
350,medqa,Qwen3-8B
351,mmlupro,gemma-2-9b-it
351,livecodebench,Llama-3.1-8B-UltraMedical
351,math500,DeepSeek-R1-0528-Qwen3-8B
351,bbh,NVIDIA-Nemotron-Nano-9B-v2
351,korbench,Llama-3.1-8B-Instruct
351,meld,Qwen2.5-Coder-7B-Instruct
351,finqa,Fin-R1
351,medqa,Qwen3-8B
352,mmlupro,gemma-2-9b-it
352,livecodebench,Llama-3.1-8B-UltraMedical
352,math500,DeepSeek-R1-0528-Qwen3-8B
352,bbh,NVIDIA-Nemotron-Nano-9B-v2
352,korbench,Llama-3.1-8B-Instruct
352,meld,Qwen2.5-Coder-7B-Instruct
352,finqa,Fin-R1
352,medqa,Qwen3-8B
353,mmlupro,Llama-3.1-8B-Instruct
353,korbench,Qwen2.5-Coder-7B-Instruct
353,livecodebench,Llama-3.1-8B-UltraMedical
353,math500,NVIDIA-Nemotron-Nano-9B-v2
353,meld,gemma-2-9b-it
353,bbh,DeepSeek-R1-0528-Qwen3-8B
353,finqa,Fin-R1
353,medqa,Qwen3-8B
354,mmlupro,gemma-2-9b-it
354,livecodebench,Llama-3.1-8B-UltraMedical
354,math500,DeepSeek-R1-0528-Qwen3-8B
354,bbh,NVIDIA-Nemotron-Nano-9B-v2
354,korbench,Llama-3.1-8B-Instruct
354,meld,Qwen2.5-Coder-7B-Instruct
354,finqa,Fin-R1
354,medqa,Qwen3-8B
355,mmlupro,Llama-3.1-8B-Instruct
355,medqa,NVIDIA-Nemotron-Nano-9B-v2
355,math500,Qwen3-8B
355,livecodebench,Llama-3.1-8B-UltraMedical
355,meld,gemma-2-9b-it
355,bbh,DeepSeek-R1-0528-Qwen3-8B
355,finqa,Fin-R1
355,korbench,Qwen2.5-Coder-7B-Instruct
356,mmlupro,gemma-2-9b-it
356,livecodebench,Llama-3.1-8B-UltraMedical
356,math500,NVIDIA-Nemotron-Nano-9B-v2
356,korbench,Llama-3.1-8B-Instruct
356,meld,Qwen2.5-Coder-7B-Instruct
356,finqa,Fin-R1
356,bbh,DeepSeek-R1-0528-Qwen3-8B
356,medqa,Qwen3-8B
357,medqa,NVIDIA-Nemotron-Nano-9B-v2
357,mmlupro,gemma-2-9b-it
357,math500,Qwen3-8B
357,livecodebench,Llama-3.1-8B-UltraMedical
357,korbench,Llama-3.1-8B-Instruct
357,meld,Qwen2.5-Coder-7B-Instruct
357,finqa,Fin-R1
357,bbh,DeepSeek-R1-0528-Qwen3-8B
358,mmlupro,gemma-2-9b-it
358,livecodebench,Llama-3.1-8B-UltraMedical
358,math500,DeepSeek-R1-0528-Qwen3-8B
358,bbh,NVIDIA-Nemotron-Nano-9B-v2
358,korbench,Llama-3.1-8B-Instruct
358,meld,Qwen2.5-Coder-7B-Instruct
358,finqa,Fin-R1
358,medqa,Qwen3-8B
359,mmlupro,gemma-2-9b-it
359,livecodebench,Llama-3.1-8B-UltraMedical
359,math500,DeepSeek-R1-0528-Qwen3-8B
359,bbh,NVIDIA-Nemotron-Nano-9B-v2
359,korbench,Llama-3.1-8B-Instruct
359,meld,Qwen2.5-Coder-7B-Instruct
359,finqa,Fin-R1
359,medqa,Qwen3-8B
360,mmlupro,gemma-2-9b-it
360,livecodebench,Llama-3.1-8B-UltraMedical
360,math500,NVIDIA-Nemotron-Nano-9B-v2
360,korbench,Llama-3.1-8B-Instruct
360,meld,Qwen2.5-Coder-7B-Instruct
360,finqa,Fin-R1
360,bbh,DeepSeek-R1-0528-Qwen3-8B
360,medqa,Qwen3-8B
361,mmlupro,Qwen2.5-Coder-7B-Instruct
361,livecodebench,Llama-3.1-8B-UltraMedical
361,math500,NVIDIA-Nemotron-Nano-9B-v2
361,meld,gemma-2-9b-it
361,korbench,Llama-3.1-8B-Instruct
361,bbh,DeepSeek-R1-0528-Qwen3-8B
361,finqa,Fin-R1
361,medqa,Qwen3-8B
362,mmlupro,gemma-2-9b-it
362,livecodebench,Llama-3.1-8B-UltraMedical
362,math500,DeepSeek-R1-0528-Qwen3-8B
362,bbh,NVIDIA-Nemotron-Nano-9B-v2
362,korbench,Llama-3.1-8B-Instruct
362,meld,Qwen2.5-Coder-7B-Instruct
362,finqa,Fin-R1
362,medqa,Qwen3-8B
363,mmlupro,Qwen2.5-Coder-7B-Instruct
363,livecodebench,Llama-3.1-8B-UltraMedical
363,meld,gemma-2-9b-it
363,math500,DeepSeek-R1-0528-Qwen3-8B
363,bbh,NVIDIA-Nemotron-Nano-9B-v2
363,korbench,Llama-3.1-8B-Instruct
363,finqa,Fin-R1
363,medqa,Qwen3-8B
364,mmlupro,NVIDIA-Nemotron-Nano-9B-v2
364,math500,Qwen3-8B
364,livecodebench,Llama-3.1-8B-UltraMedical
364,korbench,gemma-2-9b-it
364,meld,Qwen2.5-Coder-7B-Instruct
364,bbh,DeepSeek-R1-0528-Qwen3-8B
364,finqa,Fin-R1
364,medqa,Llama-3.1-8B-Instruct
365,mmlupro,Qwen2.5-Coder-7B-Instruct
365,livecodebench,Llama-3.1-8B-UltraMedical
365,meld,gemma-2-9b-it
365,math500,DeepSeek-R1-0528-Qwen3-8B
365,bbh,NVIDIA-Nemotron-Nano-9B-v2
365,korbench,Llama-3.1-8B-Instruct
365,finqa,Fin-R1
365,medqa,Qwen3-8B
366,mmlupro,Llama-3.1-8B-Instruct
366,korbench,Qwen2.5-Coder-7B-Instruct
366,livecodebench,Llama-3.1-8B-UltraMedical
366,math500,NVIDIA-Nemotron-Nano-9B-v2
366,meld,gemma-2-9b-it
366,bbh,DeepSeek-R1-0528-Qwen3-8B
366,finqa,Fin-R1
366,medqa,Qwen3-8B
367,mmlupro,gemma-2-9b-it
367,livecodebench,Llama-3.1-8B-UltraMedical
367,math500,DeepSeek-R1-0528-Qwen3-8B
367,bbh,NVIDIA-Nemotron-Nano-9B-v2
367,korbench,Llama-3.1-8B-Instruct
367,meld,Qwen2.5-Coder-7B-Instruct
367,finqa,Fin-R1
367,medqa,Qwen3-8B
368,mmlupro,gemma-2-9b-it
368,livecodebench,Llama-3.1-8B-UltraMedical
368,math500,NVIDIA-Nemotron-Nano-9B-v2
368,korbench,Llama-3.1-8B-Instruct
368,meld,Qwen2.5-Coder-7B-Instruct
368,finqa,Fin-R1
368,bbh,DeepSeek-R1-0528-Qwen3-8B
368,medqa,Qwen3-8B
369,finqa,NVIDIA-Nemotron-Nano-9B-v2
369,math500,Qwen3-8B
369,livecodebench,Llama-3.1-8B-UltraMedical
369,meld,gemma-2-9b-it
369,bbh,DeepSeek-R1-0528-Qwen3-8B
369,mmlupro,Fin-R1
369,korbench,Qwen2.5-Coder-7B-Instruct
369,medqa,Llama-3.1-8B-Instruct
370,mmlupro,gemma-2-9b-it
370,livecodebench,Llama-3.1-8B-UltraMedical
370,math500,DeepSeek-R1-0528-Qwen3-8B
370,bbh,NVIDIA-Nemotron-Nano-9B-v2
370,korbench,Llama-3.1-8B-Instruct
370,meld,Qwen2.5-Coder-7B-Instruct
370,finqa,Fin-R1
370,medqa,Qwen3-8B
371,mmlupro,gemma-2-9b-it
371,livecodebench,Llama-3.1-8B-UltraMedical
371,math500,DeepSeek-R1-0528-Qwen3-8B
371,bbh,NVIDIA-Nemotron-Nano-9B-v2
371,korbench,Llama-3.1-8B-Instruct
371,meld,Qwen2.5-Coder-7B-Instruct
371,finqa,Fin-R1
371,medqa,Qwen3-8B
372,mmlupro,gemma-2-9b-it
372,livecodebench,Llama-3.1-8B-UltraMedical
372,math500,NVIDIA-Nemotron-Nano-9B-v2
372,korbench,Llama-3.1-8B-Instruct
372,meld,Qwen2.5-Coder-7B-Instruct
372,finqa,Fin-R1
372,bbh,DeepSeek-R1-0528-Qwen3-8B
372,medqa,Qwen3-8B
373,mmlupro,gemma-2-9b-it
373,livecodebench,Llama-3.1-8B-UltraMedical
373,math500,DeepSeek-R1-0528-Qwen3-8B
373,bbh,NVIDIA-Nemotron-Nano-9B-v2
373,korbench,Llama-3.1-8B-Instruct
373,meld,Qwen2.5-Coder-7B-Instruct
373,finqa,Fin-R1
373,medqa,Qwen3-8B
374,mmlupro,gemma-2-9b-it
374,livecodebench,Llama-3.1-8B-UltraMedical
374,math500,NVIDIA-Nemotron-Nano-9B-v2
374,korbench,Llama-3.1-8B-Instruct
374,meld,Qwen2.5-Coder-7B-Instruct
374,finqa,Fin-R1
374,bbh,DeepSeek-R1-0528-Qwen3-8B
374,medqa,Qwen3-8B
375,mmlupro,NVIDIA-Nemotron-Nano-9B-v2
375,math500,Qwen3-8B
375,livecodebench,Llama-3.1-8B-UltraMedical
375,meld,gemma-2-9b-it
375,bbh,DeepSeek-R1-0528-Qwen3-8B
375,finqa,Fin-R1
375,korbench,Qwen2.5-Coder-7B-Instruct
375,medqa,Llama-3.1-8B-Instruct
376,mmlupro,Qwen2.5-Coder-7B-Instruct
376,livecodebench,Llama-3.1-8B-UltraMedical
376,math500,NVIDIA-Nemotron-Nano-9B-v2
376,meld,gemma-2-9b-it
376,korbench,Llama-3.1-8B-Instruct
376,bbh,DeepSeek-R1-0528-Qwen3-8B
376,finqa,Fin-R1
376,medqa,Qwen3-8B
377,mmlupro,gemma-2-9b-it
377,livecodebench,Llama-3.1-8B-UltraMedical
377,math500,DeepSeek-R1-0528-Qwen3-8B
377,bbh,NVIDIA-Nemotron-Nano-9B-v2
377,korbench,Llama-3.1-8B-Instruct
377,meld,Qwen2.5-Coder-7B-Instruct
377,finqa,Fin-R1
377,medqa,Qwen3-8B
378,mmlupro,Llama-3.1-8B-Instruct
378,medqa,Qwen3-8B
378,livecodebench,Llama-3.1-8B-UltraMedical
378,meld,gemma-2-9b-it
378,math500,DeepSeek-R1-0528-Qwen3-8B
378,bbh,NVIDIA-Nemotron-Nano-9B-v2
378,finqa,Fin-R1
378,korbench,Qwen2.5-Coder-7B-Instruct
379,mmlupro,Qwen2.5-Coder-7B-Instruct
379,livecodebench,Llama-3.1-8B-UltraMedical
379,meld,gemma-2-9b-it
379,math500,DeepSeek-R1-0528-Qwen3-8B
379,bbh,NVIDIA-Nemotron-Nano-9B-v2
379,korbench,Llama-3.1-8B-Instruct
379,finqa,Fin-R1
379,medqa,Qwen3-8B
380,mmlupro,Llama-3.1-8B-Instruct
380,medqa,Qwen3-8B
380,livecodebench,Llama-3.1-8B-UltraMedical
380,meld,gemma-2-9b-it
380,math500,DeepSeek-R1-0528-Qwen3-8B
380,bbh,NVIDIA-Nemotron-Nano-9B-v2
380,finqa,Fin-R1
380,korbench,Qwen2.5-Coder-7B-Instruct
381,medqa,NVIDIA-Nemotron-Nano-9B-v2
381,mmlupro,gemma-2-9b-it
381,math500,Qwen3-8B
381,livecodebench,Llama-3.1-8B-UltraMedical
381,korbench,Llama-3.1-8B-Instruct
381,meld,Qwen2.5-Coder-7B-Instruct
381,finqa,Fin-R1
381,bbh,DeepSeek-R1-0528-Qwen3-8B
382,mmlupro,gemma-2-9b-it
382,livecodebench,Llama-3.1-8B-UltraMedical
382,math500,DeepSeek-R1-0528-Qwen3-8B
382,bbh,NVIDIA-Nemotron-Nano-9B-v2
382,korbench,Llama-3.1-8B-Instruct
382,meld,Qwen2.5-Coder-7B-Instruct
382,finqa,Fin-R1
382,medqa,Qwen3-8B
383,mmlupro,Llama-3.1-8B-Instruct
383,medqa,Qwen3-8B
383,livecodebench,Llama-3.1-8B-UltraMedical
383,meld,gemma-2-9b-it
383,math500,DeepSeek-R1-0528-Qwen3-8B
383,bbh,NVIDIA-Nemotron-Nano-9B-v2
383,finqa,Fin-R1
383,korbench,Qwen2.5-Coder-7B-Instruct
384,mmlupro,gemma-2-9b-it
384,livecodebench,Llama-3.1-8B-UltraMedical
384,math500,DeepSeek-R1-0528-Qwen3-8B
384,bbh,NVIDIA-Nemotron-Nano-9B-v2
384,korbench,Llama-3.1-8B-Instruct
384,meld,Qwen2.5-Coder-7B-Instruct
384,finqa,Fin-R1
384,medqa,Qwen3-8B
385,medqa,NVIDIA-Nemotron-Nano-9B-v2
385,mmlupro,gemma-2-9b-it
385,math500,Qwen3-8B
385,livecodebench,Llama-3.1-8B-UltraMedical
385,korbench,Llama-3.1-8B-Instruct
385,meld,Qwen2.5-Coder-7B-Instruct
385,finqa,Fin-R1
385,bbh,DeepSeek-R1-0528-Qwen3-8B
386,mmlupro,Llama-3.1-8B-Instruct
386,korbench,Qwen2.5-Coder-7B-Instruct
386,livecodebench,Llama-3.1-8B-UltraMedical
386,math500,NVIDIA-Nemotron-Nano-9B-v2
386,meld,gemma-2-9b-it
386,bbh,DeepSeek-R1-0528-Qwen3-8B
386,finqa,Fin-R1
386,medqa,Qwen3-8B
387,medqa,NVIDIA-Nemotron-Nano-9B-v2
387,mmlupro,gemma-2-9b-it
387,math500,Qwen3-8B
387,livecodebench,Llama-3.1-8B-UltraMedical
387,korbench,Llama-3.1-8B-Instruct
387,meld,Qwen2.5-Coder-7B-Instruct
387,finqa,Fin-R1
387,bbh,DeepSeek-R1-0528-Qwen3-8B
388,mmlupro,gemma-2-9b-it
388,livecodebench,Llama-3.1-8B-UltraMedical
388,math500,DeepSeek-R1-0528-Qwen3-8B
388,bbh,NVIDIA-Nemotron-Nano-9B-v2
388,korbench,Llama-3.1-8B-Instruct
388,meld,Qwen2.5-Coder-7B-Instruct
388,finqa,Fin-R1
388,medqa,Qwen3-8B
389,mmlupro,gemma-2-9b-it
389,livecodebench,Llama-3.1-8B-UltraMedical
389,math500,DeepSeek-R1-0528-Qwen3-8B
389,bbh,NVIDIA-Nemotron-Nano-9B-v2
389,korbench,Llama-3.1-8B-Instruct
389,meld,Qwen2.5-Coder-7B-Instruct
389,finqa,Fin-R1
389,medqa,Qwen3-8B
390,mmlupro,gemma-2-9b-it
390,livecodebench,Llama-3.1-8B-UltraMedical
390,math500,DeepSeek-R1-0528-Qwen3-8B
390,bbh,NVIDIA-Nemotron-Nano-9B-v2
390,korbench,Llama-3.1-8B-Instruct
390,meld,Qwen2.5-Coder-7B-Instruct
390,finqa,Fin-R1
390,medqa,Qwen3-8B
391,mmlupro,Llama-3.1-8B-Instruct
391,medqa,Qwen3-8B
391,livecodebench,Llama-3.1-8B-UltraMedical
391,meld,gemma-2-9b-it
391,math500,DeepSeek-R1-0528-Qwen3-8B
391,bbh,NVIDIA-Nemotron-Nano-9B-v2
391,finqa,Fin-R1
391,korbench,Qwen2.5-Coder-7B-Instruct
392,livecodebench,Llama-3.1-8B-Instruct
392,mmlupro,Qwen2.5-Coder-7B-Instruct
392,math500,NVIDIA-Nemotron-Nano-9B-v2
392,meld,gemma-2-9b-it
392,bbh,DeepSeek-R1-0528-Qwen3-8B
392,finqa,Fin-R1
392,korbench,Llama-3.1-8B-UltraMedical
392,medqa,Qwen3-8B
393,mmlupro,Llama-3.1-8B-Instruct
393,korbench,Qwen2.5-Coder-7B-Instruct
393,livecodebench,Llama-3.1-8B-UltraMedical
393,math500,NVIDIA-Nemotron-Nano-9B-v2
393,meld,gemma-2-9b-it
393,bbh,DeepSeek-R1-0528-Qwen3-8B
393,finqa,Fin-R1
393,medqa,Qwen3-8B
394,mmlupro,Qwen2.5-Coder-7B-Instruct
394,livecodebench,Llama-3.1-8B-UltraMedical
394,math500,NVIDIA-Nemotron-Nano-9B-v2
394,meld,gemma-2-9b-it
394,korbench,Llama-3.1-8B-Instruct
394,bbh,DeepSeek-R1-0528-Qwen3-8B
394,finqa,Fin-R1
394,medqa,Qwen3-8B
395,mmlupro,gemma-2-9b-it
395,livecodebench,Llama-3.1-8B-UltraMedical
395,math500,NVIDIA-Nemotron-Nano-9B-v2
395,korbench,Llama-3.1-8B-Instruct
395,meld,Qwen2.5-Coder-7B-Instruct
395,finqa,Fin-R1
395,bbh,DeepSeek-R1-0528-Qwen3-8B
395,medqa,Qwen3-8B
396,mmlupro,gemma-2-9b-it
396,livecodebench,Llama-3.1-8B-UltraMedical
396,math500,NVIDIA-Nemotron-Nano-9B-v2
396,korbench,Llama-3.1-8B-Instruct
396,meld,Qwen2.5-Coder-7B-Instruct
396,finqa,Fin-R1
396,bbh,DeepSeek-R1-0528-Qwen3-8B
396,medqa,Qwen3-8B
397,mmlupro,gemma-2-9b-it
397,livecodebench,Llama-3.1-8B-UltraMedical
397,math500,DeepSeek-R1-0528-Qwen3-8B
397,bbh,NVIDIA-Nemotron-Nano-9B-v2
397,korbench,Llama-3.1-8B-Instruct
397,meld,Qwen2.5-Coder-7B-Instruct
397,finqa,Fin-R1
397,medqa,Qwen3-8B
398,medqa,NVIDIA-Nemotron-Nano-9B-v2
398,mmlupro,gemma-2-9b-it
398,math500,Qwen3-8B
398,livecodebench,Llama-3.1-8B-UltraMedical
398,korbench,Llama-3.1-8B-Instruct
398,meld,Qwen2.5-Coder-7B-Instruct
398,finqa,Fin-R1
398,bbh,DeepSeek-R1-0528-Qwen3-8B
399,mmlupro,Llama-3.1-8B-Instruct
399,medqa,Qwen3-8B
399,livecodebench,Llama-3.1-8B-UltraMedical
399,meld,gemma-2-9b-it
399,math500,DeepSeek-R1-0528-Qwen3-8B
399,bbh,NVIDIA-Nemotron-Nano-9B-v2
399,finqa,Fin-R1
399,korbench,Qwen2.5-Coder-7B-Instruct
400,mmlupro,gemma-2-9b-it
400,livecodebench,Llama-3.1-8B-UltraMedical
400,math500,DeepSeek-R1-0528-Qwen3-8B
400,bbh,NVIDIA-Nemotron-Nano-9B-v2
400,korbench,Llama-3.1-8B-Instruct
400,meld,Qwen2.5-Coder-7B-Instruct
400,finqa,Fin-R1
400,medqa,Qwen3-8B
401,mmlupro,Qwen2.5-Coder-7B-Instruct
401,livecodebench,Llama-3.1-8B-UltraMedical
401,meld,gemma-2-9b-it
401,math500,DeepSeek-R1-0528-Qwen3-8B
401,bbh,NVIDIA-Nemotron-Nano-9B-v2
401,korbench,Llama-3.1-8B-Instruct
401,finqa,Fin-R1
401,medqa,Qwen3-8B
402,mmlupro,gemma-2-9b-it
402,livecodebench,Llama-3.1-8B-UltraMedical
402,math500,NVIDIA-Nemotron-Nano-9B-v2
402,korbench,Llama-3.1-8B-Instruct
402,meld,Qwen2.5-Coder-7B-Instruct
402,finqa,Fin-R1
402,bbh,DeepSeek-R1-0528-Qwen3-8B
402,medqa,Qwen3-8B
403,mmlupro,Llama-3.1-8B-Instruct
403,korbench,Qwen2.5-Coder-7B-Instruct
403,livecodebench,Llama-3.1-8B-UltraMedical
403,math500,NVIDIA-Nemotron-Nano-9B-v2
403,meld,gemma-2-9b-it
403,bbh,DeepSeek-R1-0528-Qwen3-8B
403,finqa,Fin-R1
403,medqa,Qwen3-8B
404,mmlupro,gemma-2-9b-it
404,livecodebench,Llama-3.1-8B-UltraMedical
404,math500,NVIDIA-Nemotron-Nano-9B-v2
404,korbench,Llama-3.1-8B-Instruct
404,meld,Qwen2.5-Coder-7B-Instruct
404,finqa,Fin-R1
404,bbh,DeepSeek-R1-0528-Qwen3-8B
404,medqa,Qwen3-8B
405,mmlupro,Qwen2.5-Coder-7B-Instruct
405,livecodebench,Llama-3.1-8B-UltraMedical
405,meld,gemma-2-9b-it
405,math500,DeepSeek-R1-0528-Qwen3-8B
405,bbh,NVIDIA-Nemotron-Nano-9B-v2
405,korbench,Llama-3.1-8B-Instruct
405,finqa,Fin-R1
405,medqa,Qwen3-8B
406,korbench,Qwen2.5-Coder-7B-Instruct
406,mmlupro,gemma-2-9b-it
406,meld,Llama-3.1-8B-Instruct
406,livecodebench,Llama-3.1-8B-UltraMedical
406,math500,NVIDIA-Nemotron-Nano-9B-v2
406,bbh,DeepSeek-R1-0528-Qwen3-8B
406,finqa,Fin-R1
406,medqa,Qwen3-8B
407,mmlupro,gemma-2-9b-it
407,livecodebench,Llama-3.1-8B-UltraMedical
407,math500,DeepSeek-R1-0528-Qwen3-8B
407,bbh,NVIDIA-Nemotron-Nano-9B-v2
407,korbench,Llama-3.1-8B-Instruct
407,meld,Qwen2.5-Coder-7B-Instruct
407,finqa,Fin-R1
407,medqa,Qwen3-8B
408,mmlupro,gemma-2-9b-it
408,livecodebench,Llama-3.1-8B-UltraMedical
408,math500,NVIDIA-Nemotron-Nano-9B-v2
408,korbench,Llama-3.1-8B-Instruct
408,meld,Qwen2.5-Coder-7B-Instruct
408,finqa,Fin-R1
408,bbh,DeepSeek-R1-0528-Qwen3-8B
408,medqa,Qwen3-8B
409,mmlupro,Qwen2.5-Coder-7B-Instruct
409,livecodebench,Llama-3.1-8B-UltraMedical
409,math500,NVIDIA-Nemotron-Nano-9B-v2
409,meld,gemma-2-9b-it
409,korbench,Llama-3.1-8B-Instruct
409,bbh,DeepSeek-R1-0528-Qwen3-8B
409,finqa,Fin-R1
409,medqa,Qwen3-8B
410,mmlupro,gemma-2-9b-it
410,livecodebench,Llama-3.1-8B-Instruct
410,math500,DeepSeek-R1-0528-Qwen3-8B
410,bbh,NVIDIA-Nemotron-Nano-9B-v2
410,meld,Qwen2.5-Coder-7B-Instruct
410,finqa,Fin-R1
410,korbench,Llama-3.1-8B-UltraMedical
410,medqa,Qwen3-8B
411,mmlupro,gemma-2-9b-it
411,livecodebench,Llama-3.1-8B-UltraMedical
411,math500,NVIDIA-Nemotron-Nano-9B-v2
411,korbench,Llama-3.1-8B-Instruct
411,meld,Qwen2.5-Coder-7B-Instruct
411,finqa,Fin-R1
411,bbh,DeepSeek-R1-0528-Qwen3-8B
411,medqa,Qwen3-8B
412,mmlupro,gemma-2-9b-it
412,livecodebench,Llama-3.1-8B-UltraMedical
412,math500,DeepSeek-R1-0528-Qwen3-8B
412,bbh,NVIDIA-Nemotron-Nano-9B-v2
412,korbench,Llama-3.1-8B-Instruct
412,meld,Qwen2.5-Coder-7B-Instruct
412,finqa,Fin-R1
412,medqa,Qwen3-8B
413,mmlupro,gemma-2-9b-it
413,livecodebench,Llama-3.1-8B-Instruct
413,math500,DeepSeek-R1-0528-Qwen3-8B
413,bbh,NVIDIA-Nemotron-Nano-9B-v2
413,meld,Qwen2.5-Coder-7B-Instruct
413,finqa,Fin-R1
413,korbench,Llama-3.1-8B-UltraMedical
413,medqa,Qwen3-8B
414,medqa,NVIDIA-Nemotron-Nano-9B-v2
414,mmlupro,gemma-2-9b-it
414,math500,Qwen3-8B
414,livecodebench,Llama-3.1-8B-UltraMedical
414,korbench,Llama-3.1-8B-Instruct
414,meld,Qwen2.5-Coder-7B-Instruct
414,finqa,Fin-R1
414,bbh,DeepSeek-R1-0528-Qwen3-8B
415,medqa,NVIDIA-Nemotron-Nano-9B-v2
415,mmlupro,gemma-2-9b-it
415,math500,Qwen3-8B
415,livecodebench,Llama-3.1-8B-UltraMedical
415,korbench,Llama-3.1-8B-Instruct
415,meld,Qwen2.5-Coder-7B-Instruct
415,finqa,Fin-R1
415,bbh,DeepSeek-R1-0528-Qwen3-8B
416,medqa,NVIDIA-Nemotron-Nano-9B-v2
416,mmlupro,gemma-2-9b-it
416,math500,Qwen3-8B
416,livecodebench,Llama-3.1-8B-UltraMedical
416,korbench,Llama-3.1-8B-Instruct
416,meld,Qwen2.5-Coder-7B-Instruct
416,finqa,Fin-R1
416,bbh,DeepSeek-R1-0528-Qwen3-8B
417,livecodebench,Llama-3.1-8B-Instruct
417,medqa,Llama-3.1-8B-UltraMedical
417,meld,gemma-2-9b-it
417,math500,DeepSeek-R1-0528-Qwen3-8B
417,bbh,NVIDIA-Nemotron-Nano-9B-v2
417,mmlupro,Fin-R1
417,korbench,Qwen2.5-Coder-7B-Instruct
417,finqa,Qwen3-8B
418,mmlupro,gemma-2-9b-it
418,livecodebench,Llama-3.1-8B-UltraMedical
418,math500,DeepSeek-R1-0528-Qwen3-8B
418,bbh,NVIDIA-Nemotron-Nano-9B-v2
418,korbench,Llama-3.1-8B-Instruct
418,meld,Qwen2.5-Coder-7B-Instruct
418,finqa,Fin-R1
418,medqa,Qwen3-8B
419,mmlupro,gemma-2-9b-it
419,livecodebench,Llama-3.1-8B-UltraMedical
419,math500,DeepSeek-R1-0528-Qwen3-8B
419,bbh,NVIDIA-Nemotron-Nano-9B-v2
419,korbench,Llama-3.1-8B-Instruct
419,meld,Qwen2.5-Coder-7B-Instruct
419,finqa,Fin-R1
419,medqa,Qwen3-8B
420,mmlupro,gemma-2-9b-it
420,livecodebench,Llama-3.1-8B-UltraMedical
420,math500,DeepSeek-R1-0528-Qwen3-8B
420,bbh,NVIDIA-Nemotron-Nano-9B-v2
420,korbench,Llama-3.1-8B-Instruct
420,meld,Qwen2.5-Coder-7B-Instruct
420,finqa,Fin-R1
420,medqa,Qwen3-8B
421,mmlupro,Qwen2.5-Coder-7B-Instruct
421,livecodebench,Llama-3.1-8B-UltraMedical
421,meld,gemma-2-9b-it
421,math500,DeepSeek-R1-0528-Qwen3-8B
421,bbh,NVIDIA-Nemotron-Nano-9B-v2
421,korbench,Llama-3.1-8B-Instruct
421,finqa,Fin-R1
421,medqa,Qwen3-8B
422,mmlupro,gemma-2-9b-it
422,livecodebench,Llama-3.1-8B-UltraMedical
422,math500,NVIDIA-Nemotron-Nano-9B-v2
422,korbench,Llama-3.1-8B-Instruct
422,meld,Qwen2.5-Coder-7B-Instruct
422,finqa,Fin-R1
422,bbh,DeepSeek-R1-0528-Qwen3-8B
422,medqa,Qwen3-8B
423,mmlupro,Qwen2.5-Coder-7B-Instruct
423,livecodebench,Llama-3.1-8B-UltraMedical
423,math500,NVIDIA-Nemotron-Nano-9B-v2
423,meld,gemma-2-9b-it
423,korbench,Llama-3.1-8B-Instruct
423,bbh,DeepSeek-R1-0528-Qwen3-8B
423,finqa,Fin-R1
423,medqa,Qwen3-8B
424,mmlupro,gemma-2-9b-it
424,livecodebench,Llama-3.1-8B-UltraMedical
424,math500,DeepSeek-R1-0528-Qwen3-8B
424,bbh,NVIDIA-Nemotron-Nano-9B-v2
424,korbench,Llama-3.1-8B-Instruct
424,meld,Qwen2.5-Coder-7B-Instruct
424,finqa,Fin-R1
424,medqa,Qwen3-8B
425,mmlupro,gemma-2-9b-it
425,livecodebench,Llama-3.1-8B-UltraMedical
425,math500,NVIDIA-Nemotron-Nano-9B-v2
425,korbench,Llama-3.1-8B-Instruct
425,meld,Qwen2.5-Coder-7B-Instruct
425,finqa,Fin-R1
425,bbh,DeepSeek-R1-0528-Qwen3-8B
425,medqa,Qwen3-8B
426,mmlupro,Qwen2.5-Coder-7B-Instruct
426,livecodebench,Llama-3.1-8B-UltraMedical
426,math500,NVIDIA-Nemotron-Nano-9B-v2
426,meld,gemma-2-9b-it
426,korbench,Llama-3.1-8B-Instruct
426,bbh,DeepSeek-R1-0528-Qwen3-8B
426,finqa,Fin-R1
426,medqa,Qwen3-8B
427,mmlupro,Qwen2.5-Coder-7B-Instruct
427,livecodebench,Llama-3.1-8B-UltraMedical
427,meld,gemma-2-9b-it
427,math500,DeepSeek-R1-0528-Qwen3-8B
427,bbh,NVIDIA-Nemotron-Nano-9B-v2
427,korbench,Llama-3.1-8B-Instruct
427,finqa,Fin-R1
427,medqa,Qwen3-8B
428,mmlupro,gemma-2-9b-it
428,livecodebench,Llama-3.1-8B-UltraMedical
428,math500,NVIDIA-Nemotron-Nano-9B-v2
428,korbench,Llama-3.1-8B-Instruct
428,meld,Qwen2.5-Coder-7B-Instruct
428,finqa,Fin-R1
428,bbh,DeepSeek-R1-0528-Qwen3-8B
428,medqa,Qwen3-8B
429,mmlupro,gemma-2-9b-it
429,livecodebench,Llama-3.1-8B-UltraMedical
429,math500,DeepSeek-R1-0528-Qwen3-8B
429,bbh,NVIDIA-Nemotron-Nano-9B-v2
429,korbench,Llama-3.1-8B-Instruct
429,meld,Qwen2.5-Coder-7B-Instruct
429,finqa,Fin-R1
429,medqa,Qwen3-8B
430,mmlupro,gemma-2-9b-it
430,livecodebench,Llama-3.1-8B-UltraMedical
430,math500,DeepSeek-R1-0528-Qwen3-8B
430,bbh,NVIDIA-Nemotron-Nano-9B-v2
430,korbench,Llama-3.1-8B-Instruct
430,meld,Qwen2.5-Coder-7B-Instruct
430,finqa,Fin-R1
430,medqa,Qwen3-8B
431,mmlupro,gemma-2-9b-it
431,livecodebench,Llama-3.1-8B-UltraMedical
431,math500,DeepSeek-R1-0528-Qwen3-8B
431,bbh,NVIDIA-Nemotron-Nano-9B-v2
431,korbench,Llama-3.1-8B-Instruct
431,meld,Qwen2.5-Coder-7B-Instruct
431,finqa,Fin-R1
431,medqa,Qwen3-8B
432,mmlupro,Llama-3.1-8B-Instruct
432,medqa,Qwen3-8B
432,livecodebench,Llama-3.1-8B-UltraMedical
432,meld,gemma-2-9b-it
432,math500,DeepSeek-R1-0528-Qwen3-8B
432,bbh,NVIDIA-Nemotron-Nano-9B-v2
432,finqa,Fin-R1
432,korbench,Qwen2.5-Coder-7B-Instruct
433,mmlupro,Llama-3.1-8B-Instruct
433,korbench,Qwen2.5-Coder-7B-Instruct
433,livecodebench,Llama-3.1-8B-UltraMedical
433,math500,NVIDIA-Nemotron-Nano-9B-v2
433,meld,gemma-2-9b-it
433,bbh,DeepSeek-R1-0528-Qwen3-8B
433,finqa,Fin-R1
433,medqa,Qwen3-8B
434,mmlupro,gemma-2-9b-it
434,livecodebench,Llama-3.1-8B-Instruct
434,math500,NVIDIA-Nemotron-Nano-9B-v2
434,meld,Qwen2.5-Coder-7B-Instruct
434,bbh,DeepSeek-R1-0528-Qwen3-8B
434,finqa,Fin-R1
434,korbench,Llama-3.1-8B-UltraMedical
434,medqa,Qwen3-8B
435,mmlupro,gemma-2-9b-it
435,livecodebench,Llama-3.1-8B-UltraMedical
435,math500,NVIDIA-Nemotron-Nano-9B-v2
435,korbench,Llama-3.1-8B-Instruct
435,meld,Qwen2.5-Coder-7B-Instruct
435,finqa,Fin-R1
435,bbh,DeepSeek-R1-0528-Qwen3-8B
435,medqa,Qwen3-8B
436,mmlupro,gemma-2-9b-it
436,livecodebench,Llama-3.1-8B-UltraMedical
436,math500,DeepSeek-R1-0528-Qwen3-8B
436,bbh,NVIDIA-Nemotron-Nano-9B-v2
436,korbench,Llama-3.1-8B-Instruct
436,meld,Qwen2.5-Coder-7B-Instruct
436,finqa,Fin-R1
436,medqa,Qwen3-8B
437,mmlupro,gemma-2-9b-it
437,livecodebench,Llama-3.1-8B-UltraMedical
437,math500,NVIDIA-Nemotron-Nano-9B-v2
437,korbench,Llama-3.1-8B-Instruct
437,meld,Qwen2.5-Coder-7B-Instruct
437,finqa,Fin-R1
437,bbh,DeepSeek-R1-0528-Qwen3-8B
437,medqa,Qwen3-8B
438,mmlupro,gemma-2-9b-it
438,finqa,NVIDIA-Nemotron-Nano-9B-v2
438,math500,Qwen3-8B
438,korbench,Fin-R1
438,livecodebench,Llama-3.1-8B-UltraMedical
438,meld,Qwen2.5-Coder-7B-Instruct
438,bbh,DeepSeek-R1-0528-Qwen3-8B
438,medqa,Llama-3.1-8B-Instruct
439,mmlupro,gemma-2-9b-it
439,livecodebench,Llama-3.1-8B-UltraMedical
439,math500,DeepSeek-R1-0528-Qwen3-8B
439,bbh,NVIDIA-Nemotron-Nano-9B-v2
439,korbench,Llama-3.1-8B-Instruct
439,meld,Qwen2.5-Coder-7B-Instruct
439,finqa,Fin-R1
439,medqa,Qwen3-8B
440,mmlupro,gemma-2-9b-it
440,livecodebench,Llama-3.1-8B-UltraMedical
440,math500,NVIDIA-Nemotron-Nano-9B-v2
440,korbench,Llama-3.1-8B-Instruct
440,meld,Qwen2.5-Coder-7B-Instruct
440,finqa,Fin-R1
440,bbh,DeepSeek-R1-0528-Qwen3-8B
440,medqa,Qwen3-8B
441,mmlupro,Qwen2.5-Coder-7B-Instruct
441,livecodebench,Llama-3.1-8B-UltraMedical
441,meld,gemma-2-9b-it
441,math500,DeepSeek-R1-0528-Qwen3-8B
441,bbh,NVIDIA-Nemotron-Nano-9B-v2
441,korbench,Llama-3.1-8B-Instruct
441,finqa,Fin-R1
441,medqa,Qwen3-8B
442,mmlupro,gemma-2-9b-it
442,livecodebench,Llama-3.1-8B-UltraMedical
442,math500,DeepSeek-R1-0528-Qwen3-8B
442,bbh,NVIDIA-Nemotron-Nano-9B-v2
442,korbench,Llama-3.1-8B-Instruct
442,meld,Qwen2.5-Coder-7B-Instruct
442,finqa,Fin-R1
442,medqa,Qwen3-8B
443,mmlupro,gemma-2-9b-it
443,livecodebench,Llama-3.1-8B-UltraMedical
443,math500,DeepSeek-R1-0528-Qwen3-8B
443,bbh,NVIDIA-Nemotron-Nano-9B-v2
443,korbench,Llama-3.1-8B-Instruct
443,meld,Qwen2.5-Coder-7B-Instruct
443,finqa,Fin-R1
443,medqa,Qwen3-8B
444,meld,Fin-R1
444,mmlupro,gemma-2-9b-it
444,finqa,NVIDIA-Nemotron-Nano-9B-v2
444,livecodebench,Llama-3.1-8B-Instruct
444,bbh,Qwen3-8B
444,medqa,Llama-3.1-8B-UltraMedical
444,math500,DeepSeek-R1-0528-Qwen3-8B
444,korbench,Qwen2.5-Coder-7B-Instruct
445,mmlupro,gemma-2-9b-it
445,livecodebench,Llama-3.1-8B-UltraMedical
445,math500,DeepSeek-R1-0528-Qwen3-8B
445,bbh,NVIDIA-Nemotron-Nano-9B-v2
445,korbench,Llama-3.1-8B-Instruct
445,meld,Qwen2.5-Coder-7B-Instruct
445,finqa,Fin-R1
445,medqa,Qwen3-8B
446,mmlupro,gemma-2-9b-it
446,livecodebench,Llama-3.1-8B-Instruct
446,math500,NVIDIA-Nemotron-Nano-9B-v2
446,meld,Qwen2.5-Coder-7B-Instruct
446,bbh,DeepSeek-R1-0528-Qwen3-8B
446,finqa,Fin-R1
446,korbench,Llama-3.1-8B-UltraMedical
446,medqa,Qwen3-8B
447,mmlupro,gemma-2-9b-it
447,livecodebench,Llama-3.1-8B-UltraMedical
447,math500,NVIDIA-Nemotron-Nano-9B-v2
447,korbench,Llama-3.1-8B-Instruct
447,meld,Qwen2.5-Coder-7B-Instruct
447,finqa,Fin-R1
447,bbh,DeepSeek-R1-0528-Qwen3-8B
447,medqa,Qwen3-8B
448,mmlupro,gemma-2-9b-it
448,livecodebench,Llama-3.1-8B-UltraMedical
448,math500,NVIDIA-Nemotron-Nano-9B-v2
448,korbench,Llama-3.1-8B-Instruct
448,meld,Qwen2.5-Coder-7B-Instruct
448,finqa,Fin-R1
448,bbh,DeepSeek-R1-0528-Qwen3-8B
448,medqa,Qwen3-8B
449,mmlupro,gemma-2-9b-it
449,livecodebench,Llama-3.1-8B-UltraMedical
449,math500,DeepSeek-R1-0528-Qwen3-8B
449,bbh,NVIDIA-Nemotron-Nano-9B-v2
449,korbench,Llama-3.1-8B-Instruct
449,meld,Qwen2.5-Coder-7B-Instruct
449,finqa,Fin-R1
449,medqa,Qwen3-8B
450,mmlupro,Llama-3.1-8B-Instruct
450,korbench,Qwen2.5-Coder-7B-Instruct
450,livecodebench,Llama-3.1-8B-UltraMedical
450,math500,NVIDIA-Nemotron-Nano-9B-v2
450,meld,gemma-2-9b-it
450,bbh,DeepSeek-R1-0528-Qwen3-8B
450,finqa,Fin-R1
450,medqa,Qwen3-8B
451,mmlupro,gemma-2-9b-it
451,livecodebench,Llama-3.1-8B-UltraMedical
451,math500,DeepSeek-R1-0528-Qwen3-8B
451,bbh,NVIDIA-Nemotron-Nano-9B-v2
451,korbench,Llama-3.1-8B-Instruct
451,meld,Qwen2.5-Coder-7B-Instruct
451,finqa,Fin-R1
451,medqa,Qwen3-8B
452,mmlupro,gemma-2-9b-it
452,livecodebench,Llama-3.1-8B-UltraMedical
452,math500,NVIDIA-Nemotron-Nano-9B-v2
452,korbench,Llama-3.1-8B-Instruct
452,meld,Qwen2.5-Coder-7B-Instruct
452,finqa,Fin-R1
452,bbh,DeepSeek-R1-0528-Qwen3-8B
452,medqa,Qwen3-8B
453,mmlupro,gemma-2-9b-it
453,livecodebench,Llama-3.1-8B-UltraMedical
453,math500,NVIDIA-Nemotron-Nano-9B-v2
453,korbench,Llama-3.1-8B-Instruct
453,meld,Qwen2.5-Coder-7B-Instruct
453,finqa,Fin-R1
453,bbh,DeepSeek-R1-0528-Qwen3-8B
453,medqa,Qwen3-8B
454,mmlupro,Llama-3.1-8B-Instruct
454,medqa,DeepSeek-R1-0528-Qwen3-8B
454,math500,Qwen3-8B
454,livecodebench,Llama-3.1-8B-UltraMedical
454,meld,gemma-2-9b-it
454,bbh,NVIDIA-Nemotron-Nano-9B-v2
454,finqa,Fin-R1
454,korbench,Qwen2.5-Coder-7B-Instruct
455,medqa,NVIDIA-Nemotron-Nano-9B-v2
455,mmlupro,gemma-2-9b-it
455,math500,Qwen3-8B
455,livecodebench,Llama-3.1-8B-UltraMedical
455,korbench,Llama-3.1-8B-Instruct
455,meld,Qwen2.5-Coder-7B-Instruct
455,finqa,Fin-R1
455,bbh,DeepSeek-R1-0528-Qwen3-8B
456,mmlupro,Llama-3.1-8B-Instruct
456,korbench,Qwen2.5-Coder-7B-Instruct
456,livecodebench,Llama-3.1-8B-UltraMedical
456,math500,NVIDIA-Nemotron-Nano-9B-v2
456,meld,gemma-2-9b-it
456,bbh,DeepSeek-R1-0528-Qwen3-8B
456,finqa,Fin-R1
456,medqa,Qwen3-8B
457,mmlupro,gemma-2-9b-it
457,livecodebench,Llama-3.1-8B-UltraMedical
457,math500,DeepSeek-R1-0528-Qwen3-8B
457,bbh,NVIDIA-Nemotron-Nano-9B-v2
457,korbench,Llama-3.1-8B-Instruct
457,meld,Qwen2.5-Coder-7B-Instruct
457,finqa,Fin-R1
457,medqa,Qwen3-8B
458,medqa,NVIDIA-Nemotron-Nano-9B-v2
458,mmlupro,gemma-2-9b-it
458,math500,Qwen3-8B
458,livecodebench,Llama-3.1-8B-UltraMedical
458,korbench,Llama-3.1-8B-Instruct
458,meld,Qwen2.5-Coder-7B-Instruct
458,finqa,Fin-R1
458,bbh,DeepSeek-R1-0528-Qwen3-8B
459,mmlupro,gemma-2-9b-it
459,livecodebench,Llama-3.1-8B-UltraMedical
459,math500,DeepSeek-R1-0528-Qwen3-8B
459,bbh,NVIDIA-Nemotron-Nano-9B-v2
459,korbench,Llama-3.1-8B-Instruct
459,meld,Qwen2.5-Coder-7B-Instruct
459,finqa,Fin-R1
459,medqa,Qwen3-8B
460,mmlupro,gemma-2-9b-it
460,livecodebench,Llama-3.1-8B-UltraMedical
460,math500,NVIDIA-Nemotron-Nano-9B-v2
460,korbench,Llama-3.1-8B-Instruct
460,meld,Qwen2.5-Coder-7B-Instruct
460,finqa,Fin-R1
460,bbh,DeepSeek-R1-0528-Qwen3-8B
460,medqa,Qwen3-8B
461,mmlupro,Llama-3.1-8B-Instruct
461,medqa,Qwen3-8B
461,livecodebench,Llama-3.1-8B-UltraMedical
461,meld,gemma-2-9b-it
461,math500,DeepSeek-R1-0528-Qwen3-8B
461,bbh,NVIDIA-Nemotron-Nano-9B-v2
461,finqa,Fin-R1
461,korbench,Qwen2.5-Coder-7B-Instruct
462,mmlupro,gemma-2-9b-it
462,livecodebench,Llama-3.1-8B-UltraMedical
462,math500,DeepSeek-R1-0528-Qwen3-8B
462,bbh,NVIDIA-Nemotron-Nano-9B-v2
462,korbench,Llama-3.1-8B-Instruct
462,meld,Qwen2.5-Coder-7B-Instruct
462,finqa,Fin-R1
462,medqa,Qwen3-8B
463,mmlupro,Llama-3.1-8B-Instruct
463,korbench,Qwen2.5-Coder-7B-Instruct
463,livecodebench,Llama-3.1-8B-UltraMedical
463,math500,NVIDIA-Nemotron-Nano-9B-v2
463,meld,gemma-2-9b-it
463,bbh,DeepSeek-R1-0528-Qwen3-8B
463,finqa,Fin-R1
463,medqa,Qwen3-8B
464,mmlupro,gemma-2-9b-it
464,livecodebench,Llama-3.1-8B-UltraMedical
464,math500,NVIDIA-Nemotron-Nano-9B-v2
464,korbench,Llama-3.1-8B-Instruct
464,meld,Qwen2.5-Coder-7B-Instruct
464,finqa,Fin-R1
464,bbh,DeepSeek-R1-0528-Qwen3-8B
464,medqa,Qwen3-8B
465,mmlupro,gemma-2-9b-it
465,livecodebench,Llama-3.1-8B-UltraMedical
465,math500,DeepSeek-R1-0528-Qwen3-8B
465,bbh,NVIDIA-Nemotron-Nano-9B-v2
465,korbench,Llama-3.1-8B-Instruct
465,meld,Qwen2.5-Coder-7B-Instruct
465,finqa,Fin-R1
465,medqa,Qwen3-8B
466,mmlupro,gemma-2-9b-it
466,livecodebench,Llama-3.1-8B-UltraMedical
466,math500,NVIDIA-Nemotron-Nano-9B-v2
466,korbench,Llama-3.1-8B-Instruct
466,meld,Qwen2.5-Coder-7B-Instruct
466,finqa,Fin-R1
466,bbh,DeepSeek-R1-0528-Qwen3-8B
466,medqa,Qwen3-8B
467,mmlupro,gemma-2-9b-it
467,livecodebench,Llama-3.1-8B-UltraMedical
467,math500,DeepSeek-R1-0528-Qwen3-8B
467,bbh,NVIDIA-Nemotron-Nano-9B-v2
467,korbench,Llama-3.1-8B-Instruct
467,meld,Qwen2.5-Coder-7B-Instruct
467,finqa,Fin-R1
467,medqa,Qwen3-8B
468,mmlupro,gemma-2-9b-it
468,livecodebench,Llama-3.1-8B-UltraMedical
468,math500,DeepSeek-R1-0528-Qwen3-8B
468,bbh,NVIDIA-Nemotron-Nano-9B-v2
468,korbench,Llama-3.1-8B-Instruct
468,meld,Qwen2.5-Coder-7B-Instruct
468,finqa,Fin-R1
468,medqa,Qwen3-8B
469,mmlupro,Qwen2.5-Coder-7B-Instruct
469,livecodebench,Llama-3.1-8B-UltraMedical
469,math500,NVIDIA-Nemotron-Nano-9B-v2
469,meld,gemma-2-9b-it
469,korbench,Llama-3.1-8B-Instruct
469,bbh,DeepSeek-R1-0528-Qwen3-8B
469,finqa,Fin-R1
469,medqa,Qwen3-8B
470,mmlupro,Llama-3.1-8B-Instruct
470,korbench,Qwen2.5-Coder-7B-Instruct
470,livecodebench,Llama-3.1-8B-UltraMedical
470,math500,NVIDIA-Nemotron-Nano-9B-v2
470,meld,gemma-2-9b-it
470,bbh,DeepSeek-R1-0528-Qwen3-8B
470,finqa,Fin-R1
470,medqa,Qwen3-8B
471,mmlupro,gemma-2-9b-it
471,livecodebench,Llama-3.1-8B-UltraMedical
471,math500,DeepSeek-R1-0528-Qwen3-8B
471,bbh,NVIDIA-Nemotron-Nano-9B-v2
471,korbench,Llama-3.1-8B-Instruct
471,meld,Qwen2.5-Coder-7B-Instruct
471,finqa,Fin-R1
471,medqa,Qwen3-8B
472,mmlupro,Qwen2.5-Coder-7B-Instruct
472,livecodebench,Llama-3.1-8B-UltraMedical
472,meld,gemma-2-9b-it
472,math500,DeepSeek-R1-0528-Qwen3-8B
472,bbh,NVIDIA-Nemotron-Nano-9B-v2
472,korbench,Llama-3.1-8B-Instruct
472,finqa,Fin-R1
472,medqa,Qwen3-8B
473,mmlupro,gemma-2-9b-it
473,livecodebench,Llama-3.1-8B-UltraMedical
473,math500,DeepSeek-R1-0528-Qwen3-8B
473,bbh,NVIDIA-Nemotron-Nano-9B-v2
473,korbench,Llama-3.1-8B-Instruct
473,meld,Qwen2.5-Coder-7B-Instruct
473,finqa,Fin-R1
473,medqa,Qwen3-8B
474,mmlupro,Qwen2.5-Coder-7B-Instruct
474,livecodebench,Llama-3.1-8B-UltraMedical
474,meld,gemma-2-9b-it
474,math500,DeepSeek-R1-0528-Qwen3-8B
474,bbh,NVIDIA-Nemotron-Nano-9B-v2
474,korbench,Llama-3.1-8B-Instruct
474,finqa,Fin-R1
474,medqa,Qwen3-8B
475,mmlupro,gemma-2-9b-it
475,livecodebench,Llama-3.1-8B-UltraMedical
475,math500,NVIDIA-Nemotron-Nano-9B-v2
475,korbench,Llama-3.1-8B-Instruct
475,meld,Qwen2.5-Coder-7B-Instruct
475,finqa,Fin-R1
475,bbh,DeepSeek-R1-0528-Qwen3-8B
475,medqa,Qwen3-8B
476,mmlupro,gemma-2-9b-it
476,livecodebench,Llama-3.1-8B-UltraMedical
476,math500,DeepSeek-R1-0528-Qwen3-8B
476,bbh,NVIDIA-Nemotron-Nano-9B-v2
476,korbench,Llama-3.1-8B-Instruct
476,meld,Qwen2.5-Coder-7B-Instruct
476,finqa,Fin-R1
476,medqa,Qwen3-8B
477,mmlupro,gemma-2-9b-it
477,livecodebench,Llama-3.1-8B-UltraMedical
477,math500,DeepSeek-R1-0528-Qwen3-8B
477,bbh,NVIDIA-Nemotron-Nano-9B-v2
477,korbench,Llama-3.1-8B-Instruct
477,meld,Qwen2.5-Coder-7B-Instruct
477,finqa,Fin-R1
477,medqa,Qwen3-8B
478,mmlupro,gemma-2-9b-it
478,livecodebench,Llama-3.1-8B-UltraMedical
478,math500,DeepSeek-R1-0528-Qwen3-8B
478,bbh,NVIDIA-Nemotron-Nano-9B-v2
478,korbench,Llama-3.1-8B-Instruct
478,meld,Qwen2.5-Coder-7B-Instruct
478,finqa,Fin-R1
478,medqa,Qwen3-8B
479,mmlupro,gemma-2-9b-it
479,livecodebench,Llama-3.1-8B-UltraMedical
479,math500,DeepSeek-R1-0528-Qwen3-8B
479,bbh,NVIDIA-Nemotron-Nano-9B-v2
479,korbench,Llama-3.1-8B-Instruct
479,meld,Qwen2.5-Coder-7B-Instruct
479,finqa,Fin-R1
479,medqa,Qwen3-8B
480,mmlupro,Llama-3.1-8B-Instruct
480,medqa,Qwen3-8B
480,livecodebench,Llama-3.1-8B-UltraMedical
480,meld,gemma-2-9b-it
480,math500,DeepSeek-R1-0528-Qwen3-8B
480,bbh,NVIDIA-Nemotron-Nano-9B-v2
480,finqa,Fin-R1
480,korbench,Qwen2.5-Coder-7B-Instruct
481,medqa,NVIDIA-Nemotron-Nano-9B-v2
481,mmlupro,gemma-2-9b-it
481,math500,Qwen3-8B
481,livecodebench,Llama-3.1-8B-UltraMedical
481,korbench,Llama-3.1-8B-Instruct
481,meld,Qwen2.5-Coder-7B-Instruct
481,finqa,Fin-R1
481,bbh,DeepSeek-R1-0528-Qwen3-8B
482,livecodebench,Llama-3.1-8B-Instruct
482,mmlupro,Qwen2.5-Coder-7B-Instruct
482,meld,gemma-2-9b-it
482,math500,DeepSeek-R1-0528-Qwen3-8B
482,bbh,NVIDIA-Nemotron-Nano-9B-v2
482,finqa,Fin-R1
482,korbench,Llama-3.1-8B-UltraMedical
482,medqa,Qwen3-8B
483,mmlupro,gemma-2-9b-it
483,livecodebench,Llama-3.1-8B-UltraMedical
483,math500,DeepSeek-R1-0528-Qwen3-8B
483,bbh,NVIDIA-Nemotron-Nano-9B-v2
483,korbench,Llama-3.1-8B-Instruct
483,meld,Qwen2.5-Coder-7B-Instruct
483,finqa,Fin-R1
483,medqa,Qwen3-8B
484,mmlupro,Llama-3.1-8B-Instruct
484,korbench,Qwen2.5-Coder-7B-Instruct
484,livecodebench,Llama-3.1-8B-UltraMedical
484,math500,NVIDIA-Nemotron-Nano-9B-v2
484,meld,gemma-2-9b-it
484,bbh,DeepSeek-R1-0528-Qwen3-8B
484,finqa,Fin-R1
484,medqa,Qwen3-8B
485,mmlupro,gemma-2-9b-it
485,livecodebench,Llama-3.1-8B-UltraMedical
485,math500,NVIDIA-Nemotron-Nano-9B-v2
485,korbench,Llama-3.1-8B-Instruct
485,meld,Qwen2.5-Coder-7B-Instruct
485,finqa,Fin-R1
485,bbh,DeepSeek-R1-0528-Qwen3-8B
485,medqa,Qwen3-8B
486,livecodebench,Llama-3.1-8B-Instruct
486,medqa,Llama-3.1-8B-UltraMedical
486,meld,gemma-2-9b-it
486,math500,DeepSeek-R1-0528-Qwen3-8B
486,bbh,NVIDIA-Nemotron-Nano-9B-v2
486,mmlupro,Fin-R1
486,korbench,Qwen2.5-Coder-7B-Instruct
486,finqa,Qwen3-8B
487,mmlupro,Qwen2.5-Coder-7B-Instruct
487,livecodebench,Llama-3.1-8B-UltraMedical
487,math500,NVIDIA-Nemotron-Nano-9B-v2
487,meld,gemma-2-9b-it
487,korbench,Llama-3.1-8B-Instruct
487,bbh,DeepSeek-R1-0528-Qwen3-8B
487,finqa,Fin-R1
487,medqa,Qwen3-8B
488,mmlupro,gemma-2-9b-it
488,livecodebench,Llama-3.1-8B-Instruct
488,korbench,Fin-R1
488,medqa,Llama-3.1-8B-UltraMedical
488,math500,DeepSeek-R1-0528-Qwen3-8B
488,bbh,NVIDIA-Nemotron-Nano-9B-v2
488,meld,Qwen2.5-Coder-7B-Instruct
488,finqa,Qwen3-8B
489,mmlupro,gemma-2-9b-it
489,livecodebench,Llama-3.1-8B-UltraMedical
489,math500,DeepSeek-R1-0528-Qwen3-8B
489,bbh,NVIDIA-Nemotron-Nano-9B-v2
489,korbench,Llama-3.1-8B-Instruct
489,meld,Qwen2.5-Coder-7B-Instruct
489,finqa,Fin-R1
489,medqa,Qwen3-8B
490,mmlupro,Llama-3.1-8B-Instruct
490,math500,NVIDIA-Nemotron-Nano-9B-v2
490,livecodebench,Qwen2.5-Coder-7B-Instruct
490,meld,gemma-2-9b-it
490,bbh,DeepSeek-R1-0528-Qwen3-8B
490,finqa,Fin-R1
490,korbench,Llama-3.1-8B-UltraMedical
490,medqa,Qwen3-8B
491,mmlupro,gemma-2-9b-it
491,livecodebench,Llama-3.1-8B-UltraMedical
491,math500,NVIDIA-Nemotron-Nano-9B-v2
491,korbench,Llama-3.1-8B-Instruct
491,meld,Qwen2.5-Coder-7B-Instruct
491,finqa,Fin-R1
491,bbh,DeepSeek-R1-0528-Qwen3-8B
491,medqa,Qwen3-8B
492,mmlupro,Llama-3.1-8B-Instruct
492,medqa,Qwen3-8B
492,livecodebench,Llama-3.1-8B-UltraMedical
492,meld,gemma-2-9b-it
492,math500,DeepSeek-R1-0528-Qwen3-8B
492,bbh,NVIDIA-Nemotron-Nano-9B-v2
492,finqa,Fin-R1
492,korbench,Qwen2.5-Coder-7B-Instruct
493,mmlupro,Qwen2.5-Coder-7B-Instruct
493,livecodebench,Llama-3.1-8B-UltraMedical
493,meld,gemma-2-9b-it
493,math500,DeepSeek-R1-0528-Qwen3-8B
493,bbh,NVIDIA-Nemotron-Nano-9B-v2
493,korbench,Llama-3.1-8B-Instruct
493,finqa,Fin-R1
493,medqa,Qwen3-8B
494,mmlupro,Llama-3.1-8B-Instruct
494,medqa,Qwen3-8B
494,livecodebench,Llama-3.1-8B-UltraMedical
494,meld,gemma-2-9b-it
494,math500,DeepSeek-R1-0528-Qwen3-8B
494,bbh,NVIDIA-Nemotron-Nano-9B-v2
494,finqa,Fin-R1
494,korbench,Qwen2.5-Coder-7B-Instruct
495,mmlupro,gemma-2-9b-it
495,livecodebench,Llama-3.1-8B-UltraMedical
495,math500,DeepSeek-R1-0528-Qwen3-8B
495,bbh,NVIDIA-Nemotron-Nano-9B-v2
495,korbench,Llama-3.1-8B-Instruct
495,meld,Qwen2.5-Coder-7B-Instruct
495,finqa,Fin-R1
495,medqa,Qwen3-8B
496,mmlupro,gemma-2-9b-it
496,livecodebench,Llama-3.1-8B-UltraMedical
496,math500,DeepSeek-R1-0528-Qwen3-8B
496,bbh,NVIDIA-Nemotron-Nano-9B-v2
496,korbench,Llama-3.1-8B-Instruct
496,meld,Qwen2.5-Coder-7B-Instruct
496,finqa,Fin-R1
496,medqa,Qwen3-8B
497,mmlupro,gemma-2-9b-it
497,livecodebench,Llama-3.1-8B-UltraMedical
497,math500,DeepSeek-R1-0528-Qwen3-8B
497,bbh,NVIDIA-Nemotron-Nano-9B-v2
497,korbench,Llama-3.1-8B-Instruct
497,meld,Qwen2.5-Coder-7B-Instruct
497,finqa,Fin-R1
497,medqa,Qwen3-8B
498,mmlupro,gemma-2-9b-it
498,livecodebench,Llama-3.1-8B-UltraMedical
498,math500,NVIDIA-Nemotron-Nano-9B-v2
498,korbench,Llama-3.1-8B-Instruct
498,meld,Qwen2.5-Coder-7B-Instruct
498,finqa,Fin-R1
498,bbh,DeepSeek-R1-0528-Qwen3-8B
498,medqa,Qwen3-8B
499,livecodebench,Llama-3.1-8B-Instruct
499,mmlupro,Qwen2.5-Coder-7B-Instruct
499,meld,gemma-2-9b-it
499,math500,DeepSeek-R1-0528-Qwen3-8B
499,bbh,NVIDIA-Nemotron-Nano-9B-v2
499,finqa,Fin-R1
499,korbench,Llama-3.1-8B-UltraMedical
499,medqa,Qwen3-8B
