dataset,record_index,split
bbh,504,train
bbh,478,train
bbh,148,train
bbh,1045,train
bbh,900,train
bbh,366,train
bbh,889,train
bbh,887,train
bbh,1,train
bbh,712,train
bbh,18,train
bbh,1008,train
bbh,592,train
bbh,721,train
bbh,439,train
bbh,833,train
bbh,402,train
bbh,1002,train
bbh,270,train
bbh,826,train
bbh,78,train
bbh,655,train
bbh,379,train
bbh,973,train
bbh,1058,train
bbh,351,train
bbh,460,train
bbh,727,train
bbh,845,train
bbh,872,train
bbh,462,train
bbh,628,train
bbh,509,train
bbh,533,train
bbh,485,train
bbh,1019,train
bbh,760,train
bbh,830,train
bbh,38,train
bbh,6,train
bbh,507,train
bbh,413,train
bbh,1036,train
bbh,114,train
bbh,458,train
bbh,245,train
bbh,213,train
bbh,26,train
bbh,329,train
bbh,769,train
bbh,111,train
bbh,431,train
bbh,572,train
bbh,490,train
bbh,295,train
bbh,977,train
bbh,987,train
bbh,847,train
bbh,206,train
bbh,605,train
bbh,913,train
bbh,752,train
bbh,571,train
bbh,718,train
bbh,1052,train
bbh,8,train
bbh,45,train
bbh,271,train
bbh,810,train
bbh,238,train
bbh,54,train
bbh,381,train
bbh,120,train
bbh,403,train
bbh,929,train
bbh,684,train
bbh,39,train
bbh,520,train
bbh,121,train
bbh,806,train
bbh,430,train
bbh,705,train
bbh,822,train
bbh,411,train
bbh,321,train
bbh,395,train
bbh,683,train
bbh,879,train
bbh,573,train
bbh,139,train
bbh,473,train
bbh,575,train
bbh,23,train
bbh,356,train
bbh,892,train
bbh,876,train
bbh,723,train
bbh,200,train
bbh,345,train
bbh,608,train
bbh,1011,train
bbh,2,train
bbh,648,train
bbh,77,train
bbh,355,train
bbh,693,train
bbh,522,train
bbh,754,train
bbh,836,train
bbh,997,train
bbh,649,train
bbh,1017,train
bbh,477,train
bbh,808,train
bbh,248,train
bbh,372,train
bbh,645,train
bbh,594,train
bbh,212,train
bbh,793,train
bbh,910,train
bbh,106,train
bbh,302,train
bbh,873,train
bbh,387,train
bbh,350,train
bbh,186,train
bbh,414,train
bbh,731,train
bbh,41,train
bbh,454,train
bbh,86,train
bbh,369,train
bbh,975,train
bbh,724,train
bbh,802,train
bbh,827,train
bbh,868,train
bbh,66,train
bbh,736,train
bbh,814,train
bbh,946,train
bbh,476,train
bbh,625,train
bbh,202,train
bbh,109,train
bbh,591,train
bbh,894,train
bbh,423,train
bbh,1009,train
bbh,912,train
bbh,1018,train
bbh,123,train
bbh,392,train
bbh,715,train
bbh,497,train
bbh,735,train
bbh,865,train
bbh,1014,train
bbh,1071,train
bbh,992,train
bbh,59,train
bbh,666,train
bbh,1004,train
bbh,692,train
bbh,677,train
bbh,72,train
bbh,1022,train
bbh,978,train
bbh,513,train
bbh,858,train
bbh,976,train
bbh,1059,train
bbh,152,train
bbh,744,train
bbh,33,train
bbh,1069,train
bbh,734,train
bbh,320,train
bbh,338,train
bbh,742,train
bbh,17,train
bbh,531,train
bbh,918,train
bbh,475,train
bbh,855,train
bbh,1032,train
bbh,421,train
bbh,689,train
bbh,94,train
bbh,646,train
bbh,46,train
bbh,314,train
bbh,1062,train
bbh,240,train
bbh,756,train
bbh,154,train
bbh,156,train
bbh,1030,train
bbh,15,train
bbh,195,train
bbh,779,train
bbh,950,train
bbh,1079,train
bbh,144,train
bbh,242,train
bbh,250,train
bbh,377,train
bbh,349,train
bbh,484,train
bbh,784,train
bbh,216,train
bbh,609,train
bbh,501,train
bbh,239,train
bbh,539,train
bbh,1040,train
bbh,916,train
bbh,821,train
bbh,182,train
bbh,67,train
bbh,663,train
bbh,519,train
bbh,1037,train
bbh,459,train
bbh,20,train
bbh,550,train
bbh,980,train
bbh,315,train
bbh,342,train
bbh,35,train
bbh,286,train
bbh,190,train
bbh,755,train
bbh,317,train
bbh,829,train
bbh,936,train
bbh,658,train
bbh,359,train
bbh,1078,train
bbh,74,train
bbh,570,train
bbh,569,train
bbh,318,train
bbh,878,train
bbh,988,train
bbh,301,train
bbh,92,train
bbh,985,train
bbh,334,train
bbh,25,train
bbh,177,train
bbh,474,train
bbh,76,train
bbh,393,train
bbh,130,train
bbh,641,train
bbh,48,train
bbh,938,train
bbh,168,train
bbh,1035,train
bbh,262,train
bbh,729,train
bbh,178,train
bbh,928,train
bbh,1044,train
bbh,970,train
bbh,713,train
bbh,370,train
bbh,131,train
bbh,426,train
bbh,675,train
bbh,1021,train
bbh,344,train
bbh,215,train
bbh,113,train
bbh,288,train
bbh,328,train
bbh,71,train
bbh,685,train
bbh,341,train
bbh,697,train
bbh,332,train
bbh,134,train
bbh,353,train
bbh,184,train
bbh,957,train
bbh,702,train
bbh,1056,train
bbh,229,train
bbh,954,train
bbh,543,train
bbh,515,train
bbh,102,train
bbh,1063,train
bbh,24,train
bbh,1065,train
bbh,1075,train
bbh,996,train
bbh,730,train
bbh,788,train
bbh,907,train
bbh,546,train
bbh,767,train
bbh,617,train
bbh,192,train
bbh,1039,train
bbh,443,train
bbh,435,train
bbh,44,train
bbh,966,train
bbh,232,train
bbh,362,train
bbh,893,train
bbh,382,train
bbh,420,train
bbh,739,train
bbh,122,train
bbh,768,train
bbh,68,train
bbh,812,train
bbh,972,train
bbh,695,train
bbh,95,train
bbh,748,train
bbh,607,train
bbh,483,train
bbh,376,train
bbh,228,train
bbh,396,train
bbh,104,train
bbh,590,train
bbh,289,train
bbh,801,train
bbh,189,train
bbh,319,train
bbh,492,train
bbh,11,train
bbh,337,train
bbh,132,train
bbh,619,train
bbh,961,train
bbh,284,train
bbh,638,train
bbh,694,train
bbh,753,train
bbh,133,train
bbh,47,train
bbh,166,train
bbh,979,train
bbh,998,train
bbh,1000,train
bbh,528,train
bbh,150,train
bbh,703,train
bbh,709,train
bbh,682,train
bbh,209,train
bbh,560,train
bbh,652,train
bbh,626,train
bbh,138,train
bbh,740,train
bbh,704,train
bbh,203,train
bbh,14,train
bbh,409,train
bbh,924,train
bbh,438,train
bbh,933,train
bbh,871,train
bbh,673,train
bbh,1060,train
bbh,225,train
bbh,201,train
bbh,146,train
bbh,1074,train
bbh,804,train
bbh,208,train
bbh,623,train
bbh,903,train
bbh,700,train
bbh,175,train
bbh,183,train
bbh,672,train
bbh,61,train
bbh,482,train
bbh,1024,train
bbh,230,train
bbh,630,train
bbh,323,train
bbh,52,train
bbh,902,train
bbh,654,train
bbh,224,train
bbh,472,train
bbh,389,train
bbh,63,train
bbh,622,train
bbh,587,train
bbh,545,train
bbh,252,train
bbh,468,train
bbh,119,train
bbh,911,train
bbh,926,train
bbh,728,train
bbh,394,train
bbh,877,train
bbh,274,train
bbh,445,train
bbh,363,train
bbh,866,train
bbh,698,train
bbh,603,train
bbh,167,train
bbh,644,train
bbh,246,train
bbh,1026,train
bbh,922,train
bbh,583,train
bbh,1068,train
bbh,864,train
bbh,83,train
bbh,803,train
bbh,772,train
bbh,919,train
bbh,818,train
bbh,786,train
bbh,244,train
bbh,340,train
bbh,901,train
bbh,898,train
bbh,446,train
bbh,861,train
bbh,165,train
bbh,691,train
bbh,322,train
bbh,1041,train
bbh,844,train
bbh,1038,train
bbh,91,train
bbh,1076,train
bbh,386,train
bbh,848,train
bbh,643,train
bbh,418,train
bbh,188,train
bbh,1070,train
bbh,160,train
bbh,125,train
bbh,436,train
bbh,935,train
bbh,253,train
bbh,191,train
bbh,408,train
bbh,1001,train
bbh,593,train
bbh,1072,train
bbh,249,train
bbh,1066,train
bbh,291,train
bbh,70,train
bbh,257,train
bbh,470,train
bbh,51,train
bbh,306,train
bbh,714,train
bbh,128,train
bbh,701,train
bbh,942,train
bbh,9,train
bbh,221,train
bbh,863,train
bbh,31,train
bbh,797,train
bbh,258,train
bbh,281,train
bbh,850,train
bbh,227,train
bbh,234,train
bbh,510,train
bbh,762,train
bbh,994,train
bbh,653,train
bbh,419,train
bbh,158,train
bbh,943,train
bbh,851,train
bbh,103,train
bbh,809,train
bbh,34,train
bbh,217,train
bbh,422,train
bbh,285,train
bbh,589,train
bbh,235,train
bbh,508,train
bbh,530,train
bbh,390,train
bbh,960,train
bbh,952,train
bbh,799,train
bbh,135,train
bbh,1013,train
bbh,1067,train
bbh,631,train
bbh,789,train
bbh,725,train
bbh,79,train
bbh,199,train
bbh,986,train
bbh,205,train
bbh,331,train
bbh,451,train
bbh,277,train
bbh,953,train
bbh,49,train
bbh,835,train
bbh,142,train
bbh,28,train
bbh,559,train
bbh,294,train
bbh,491,train
bbh,832,train
bbh,554,train
bbh,404,train
bbh,828,train
bbh,169,train
bbh,89,train
bbh,466,train
bbh,136,train
bbh,578,train
bbh,269,train
bbh,1023,train
bbh,854,train
bbh,373,train
bbh,488,train
bbh,637,train
bbh,984,train
bbh,399,train
bbh,604,train
bbh,112,train
bbh,542,train
bbh,176,train
bbh,308,train
bbh,526,train
bbh,551,train
bbh,642,train
bbh,671,train
bbh,237,train
bbh,479,train
bbh,886,train
bbh,517,train
bbh,944,train
bbh,859,train
bbh,581,train
bbh,415,train
bbh,749,train
bbh,380,train
bbh,963,train
bbh,815,train
bbh,579,train
bbh,1064,train
bbh,64,train
bbh,959,train
bbh,1015,train
bbh,557,train
bbh,214,train
bbh,870,train
bbh,101,train
bbh,881,train
bbh,116,train
bbh,837,train
bbh,385,train
bbh,905,train
bbh,424,train
bbh,518,train
bbh,699,train
bbh,223,train
bbh,486,train
bbh,97,train
bbh,532,train
bbh,137,train
bbh,503,train
bbh,437,train
bbh,529,train
bbh,84,train
bbh,780,train
bbh,310,train
bbh,348,train
bbh,846,train
bbh,398,train
bbh,100,train
bbh,1016,train
bbh,982,train
bbh,618,train
bbh,108,train
bbh,194,train
bbh,298,train
bbh,776,train
bbh,667,train
bbh,16,train
bbh,852,train
bbh,287,train
bbh,493,train
bbh,251,train
bbh,433,train
bbh,198,train
bbh,562,train
bbh,651,train
bbh,775,train
bbh,839,train
bbh,690,train
bbh,544,train
bbh,857,train
bbh,93,train
bbh,1050,train
bbh,256,train
bbh,759,train
bbh,502,train
bbh,296,train
bbh,219,train
bbh,27,train
bbh,660,train
bbh,336,train
bbh,117,train
bbh,304,train
bbh,313,train
bbh,747,train
bbh,711,train
bbh,947,train
bbh,1005,train
bbh,107,train
bbh,556,train
bbh,354,train
bbh,580,train
bbh,679,train
bbh,187,train
bbh,207,train
bbh,732,train
bbh,159,train
bbh,708,train
bbh,456,train
bbh,1053,train
bbh,236,train
bbh,990,train
bbh,706,train
bbh,506,val
bbh,657,val
bbh,427,val
bbh,316,val
bbh,85,val
bbh,299,val
bbh,899,val
bbh,388,val
bbh,309,val
bbh,639,val
bbh,843,val
bbh,838,val
bbh,179,val
bbh,600,val
bbh,541,val
bbh,80,val
bbh,968,val
bbh,536,val
bbh,880,val
bbh,678,val
bbh,364,val
bbh,204,val
bbh,934,val
bbh,181,val
bbh,434,val
bbh,5,val
bbh,164,val
bbh,720,val
bbh,110,val
bbh,7,val
bbh,305,val
bbh,193,val
bbh,983,val
bbh,761,val
bbh,324,val
bbh,272,val
bbh,782,val
bbh,1057,val
bbh,1073,val
bbh,535,val
bbh,634,val
bbh,937,val
bbh,115,val
bbh,958,val
bbh,932,val
bbh,283,val
bbh,273,val
bbh,407,val
bbh,1033,val
bbh,656,val
bbh,1042,val
bbh,888,val
bbh,598,val
bbh,624,val
bbh,463,val
bbh,464,val
bbh,375,val
bbh,96,val
bbh,849,val
bbh,796,val
bbh,819,val
bbh,62,val
bbh,469,val
bbh,471,val
bbh,452,val
bbh,417,val
bbh,862,val
bbh,1012,val
bbh,339,val
bbh,347,val
bbh,949,val
bbh,1080,val
bbh,280,val
bbh,681,val
bbh,614,val
bbh,37,val
bbh,88,val
bbh,300,val
bbh,429,val
bbh,172,val
bbh,391,val
bbh,883,val
bbh,428,val
bbh,512,val
bbh,965,val
bbh,811,val
bbh,498,val
bbh,1029,val
bbh,371,val
bbh,75,val
bbh,30,val
bbh,596,val
bbh,50,val
bbh,610,val
bbh,69,val
bbh,10,val
bbh,1055,val
bbh,650,val
bbh,358,val
bbh,674,val
bbh,453,val
bbh,908,val
bbh,412,val
bbh,218,val
bbh,920,val
bbh,155,val
bbh,584,val
bbh,325,val
bbh,621,val
bbh,914,val
bbh,841,val
bbh,293,val
bbh,558,val
bbh,58,val
bbh,726,val
bbh,297,val
bbh,719,val
bbh,495,val
bbh,758,val
bbh,824,val
bbh,173,val
bbh,576,val
bbh,647,val
bbh,425,val
bbh,1010,val
bbh,461,val
bbh,233,val
bbh,794,val
bbh,795,val
bbh,921,val
bbh,496,val
bbh,669,val
bbh,12,val
bbh,537,val
bbh,1077,val
bbh,597,val
bbh,763,val
bbh,552,val
bbh,565,val
bbh,185,val
bbh,145,val
bbh,335,val
bbh,989,val
bbh,333,val
bbh,259,val
bbh,791,val
bbh,874,val
bbh,524,val
bbh,196,val
bbh,930,val
bbh,981,val
bbh,890,val
bbh,99,val
bbh,969,val
bbh,707,val
bbh,1006,val
bbh,151,val
bbh,401,val
bbh,627,val
bbh,4,val
bbh,662,val
bbh,777,val
bbh,875,val
bbh,613,val
bbh,129,val
bbh,765,val
bbh,635,val
bbh,406,val
bbh,534,val
bbh,885,val
bbh,523,val
bbh,383,val
bbh,661,val
bbh,255,val
bbh,1028,val
bbh,995,val
bbh,360,val
bbh,745,val
bbh,514,val
bbh,180,val
bbh,771,val
bbh,162,val
bbh,564,val
bbh,98,val
bbh,247,val
bbh,602,val
bbh,927,val
bbh,57,val
bbh,290,val
bbh,264,val
bbh,197,val
bbh,467,val
bbh,19,val
bbh,444,val
bbh,716,val
bbh,805,val
bbh,311,val
bbh,606,val
bbh,500,val
bbh,737,val
bbh,895,val
bbh,243,val
bbh,1043,val
bbh,56,val
bbh,1007,val
bbh,105,val
bbh,268,val
bbh,516,val
bbh,1031,val
bbh,813,val
bbh,140,val
bbh,231,val
bbh,787,val
bbh,487,val
bbh,276,val
bbh,489,val
bbh,538,test
bbh,884,test
bbh,770,test
bbh,586,test
bbh,585,test
bbh,670,test
bbh,260,test
bbh,450,test
bbh,1003,test
bbh,951,test
bbh,566,test
bbh,743,test
bbh,82,test
bbh,279,test
bbh,612,test
bbh,882,test
bbh,1061,test
bbh,326,test
bbh,816,test
bbh,823,test
bbh,807,test
bbh,915,test
bbh,962,test
bbh,1049,test
bbh,548,test
bbh,798,test
bbh,126,test
bbh,81,test
bbh,226,test
bbh,481,test
bbh,1048,test
bbh,457,test
bbh,904,test
bbh,766,test
bbh,540,test
bbh,505,test
bbh,267,test
bbh,43,test
bbh,368,test
bbh,73,test
bbh,620,test
bbh,521,test
bbh,222,test
bbh,174,test
bbh,157,test
bbh,722,test
bbh,312,test
bbh,750,test
bbh,869,test
bbh,1027,test
bbh,853,test
bbh,410,test
bbh,561,test
bbh,792,test
bbh,860,test
bbh,856,test
bbh,21,test
bbh,36,test
bbh,416,test
bbh,555,test
bbh,327,test
bbh,778,test
bbh,636,test
bbh,153,test
bbh,432,test
bbh,599,test
bbh,527,test
bbh,955,test
bbh,668,test
bbh,241,test
bbh,923,test
bbh,601,test
bbh,13,test
bbh,733,test
bbh,931,test
bbh,525,test
bbh,143,test
bbh,53,test
bbh,820,test
bbh,278,test
bbh,282,test
bbh,124,test
bbh,568,test
bbh,774,test
bbh,896,test
bbh,964,test
bbh,831,test
bbh,659,test
bbh,825,test
bbh,840,test
bbh,90,test
bbh,640,test
bbh,842,test
bbh,948,test
bbh,40,test
bbh,261,test
bbh,127,test
bbh,170,test
bbh,29,test
bbh,448,test
bbh,367,test
bbh,941,test
bbh,629,test
bbh,595,test
bbh,254,test
bbh,891,test
bbh,141,test
bbh,738,test
bbh,696,test
bbh,616,test
bbh,42,test
bbh,447,test
bbh,741,test
bbh,149,test
bbh,582,test
bbh,378,test
bbh,588,test
bbh,906,test
bbh,553,test
bbh,632,test
bbh,118,test
bbh,511,test
bbh,346,test
bbh,343,test
bbh,993,test
bbh,65,test
bbh,956,test
bbh,567,test
bbh,171,test
bbh,263,test
bbh,764,test
bbh,265,test
bbh,499,test
bbh,686,test
bbh,834,test
bbh,909,test
bbh,1025,test
bbh,563,test
bbh,87,test
bbh,710,test
bbh,967,test
bbh,974,test
bbh,773,test
bbh,1051,test
bbh,817,test
bbh,442,test
bbh,867,test
bbh,455,test
bbh,751,test
bbh,303,test
bbh,917,test
bbh,611,test
bbh,577,test
bbh,800,test
bbh,441,test
bbh,440,test
bbh,307,test
bbh,945,test
bbh,664,test
bbh,292,test
bbh,384,test
bbh,781,test
bbh,266,test
bbh,999,test
bbh,480,test
bbh,897,test
bbh,574,test
bbh,757,test
bbh,400,test
bbh,22,test
bbh,1020,test
bbh,361,test
bbh,32,test
bbh,687,test
bbh,746,test
bbh,1054,test
bbh,147,test
bbh,1046,test
bbh,55,test
bbh,680,test
bbh,275,test
bbh,939,test
bbh,549,test
bbh,615,test
bbh,210,test
bbh,971,test
bbh,494,test
bbh,211,test
bbh,1034,test
bbh,465,test
bbh,991,test
bbh,330,test
bbh,783,test
bbh,717,test
bbh,547,test
bbh,1047,test
bbh,405,test
bbh,357,test
bbh,161,test
bbh,676,test
bbh,785,test
bbh,940,test
bbh,365,test
bbh,397,test
bbh,374,test
bbh,449,test
bbh,163,test
bbh,633,test
bbh,220,test
bbh,352,test
bbh,790,test
bbh,688,test
bbh,665,test
bbh,3,test
bbh,60,test
bbh,925,test
finqa,1086,train
finqa,495,train
finqa,232,train
finqa,776,train
finqa,74,train
finqa,462,train
finqa,564,train
finqa,322,train
finqa,63,train
finqa,704,train
finqa,134,train
finqa,239,train
finqa,435,train
finqa,1110,train
finqa,332,train
finqa,705,train
finqa,637,train
finqa,956,train
finqa,45,train
finqa,53,train
finqa,671,train
finqa,1126,train
finqa,961,train
finqa,706,train
finqa,638,train
finqa,75,train
finqa,900,train
finqa,613,train
finqa,416,train
finqa,917,train
finqa,357,train
finqa,10,train
finqa,830,train
finqa,1041,train
finqa,725,train
finqa,446,train
finqa,886,train
finqa,1133,train
finqa,115,train
finqa,777,train
finqa,1068,train
finqa,960,train
finqa,647,train
finqa,1012,train
finqa,824,train
finqa,12,train
finqa,552,train
finqa,458,train
finqa,601,train
finqa,838,train
finqa,341,train
finqa,368,train
finqa,122,train
finqa,760,train
finqa,619,train
finqa,469,train
finqa,744,train
finqa,905,train
finqa,788,train
finqa,474,train
finqa,842,train
finqa,454,train
finqa,1045,train
finqa,803,train
finqa,190,train
finqa,453,train
finqa,592,train
finqa,429,train
finqa,740,train
finqa,388,train
finqa,175,train
finqa,909,train
finqa,681,train
finqa,450,train
finqa,786,train
finqa,655,train
finqa,711,train
finqa,985,train
finqa,85,train
finqa,1129,train
finqa,910,train
finqa,894,train
finqa,384,train
finqa,295,train
finqa,713,train
finqa,1073,train
finqa,464,train
finqa,378,train
finqa,164,train
finqa,1128,train
finqa,206,train
finqa,867,train
finqa,855,train
finqa,1111,train
finqa,228,train
finqa,1046,train
finqa,709,train
finqa,73,train
finqa,178,train
finqa,1139,train
finqa,387,train
finqa,331,train
finqa,608,train
finqa,871,train
finqa,734,train
finqa,614,train
finqa,821,train
finqa,656,train
finqa,520,train
finqa,403,train
finqa,1023,train
finqa,720,train
finqa,44,train
finqa,572,train
finqa,866,train
finqa,1004,train
finqa,321,train
finqa,410,train
finqa,992,train
finqa,1143,train
finqa,56,train
finqa,412,train
finqa,343,train
finqa,240,train
finqa,1064,train
finqa,371,train
finqa,13,train
finqa,701,train
finqa,540,train
finqa,698,train
finqa,267,train
finqa,277,train
finqa,307,train
finqa,24,train
finqa,571,train
finqa,903,train
finqa,1021,train
finqa,728,train
finqa,154,train
finqa,541,train
finqa,884,train
finqa,220,train
finqa,880,train
finqa,1136,train
finqa,1109,train
finqa,100,train
finqa,975,train
finqa,680,train
finqa,915,train
finqa,489,train
finqa,109,train
finqa,329,train
finqa,38,train
finqa,932,train
finqa,77,train
finqa,549,train
finqa,424,train
finqa,186,train
finqa,997,train
finqa,1072,train
finqa,222,train
finqa,872,train
finqa,116,train
finqa,829,train
finqa,757,train
finqa,379,train
finqa,994,train
finqa,667,train
finqa,596,train
finqa,1140,train
finqa,661,train
finqa,816,train
finqa,224,train
finqa,171,train
finqa,486,train
finqa,672,train
finqa,574,train
finqa,789,train
finqa,950,train
finqa,1033,train
finqa,579,train
finqa,858,train
finqa,282,train
finqa,1113,train
finqa,1022,train
finqa,512,train
finqa,408,train
finqa,177,train
finqa,835,train
finqa,58,train
finqa,822,train
finqa,493,train
finqa,939,train
finqa,306,train
finqa,299,train
finqa,427,train
finqa,999,train
finqa,813,train
finqa,42,train
finqa,133,train
finqa,869,train
finqa,124,train
finqa,902,train
finqa,1,train
finqa,815,train
finqa,922,train
finqa,1047,train
finqa,779,train
finqa,523,train
finqa,719,train
finqa,763,train
finqa,471,train
finqa,216,train
finqa,1016,train
finqa,652,train
finqa,98,train
finqa,491,train
finqa,1035,train
finqa,1034,train
finqa,60,train
finqa,758,train
finqa,529,train
finqa,953,train
finqa,669,train
finqa,505,train
finqa,312,train
finqa,892,train
finqa,274,train
finqa,548,train
finqa,285,train
finqa,120,train
finqa,797,train
finqa,509,train
finqa,413,train
finqa,557,train
finqa,35,train
finqa,958,train
finqa,266,train
finqa,316,train
finqa,679,train
finqa,456,train
finqa,1036,train
finqa,1056,train
finqa,421,train
finqa,846,train
finqa,581,train
finqa,141,train
finqa,80,train
finqa,372,train
finqa,113,train
finqa,442,train
finqa,189,train
finqa,584,train
finqa,968,train
finqa,591,train
finqa,390,train
finqa,796,train
finqa,626,train
finqa,366,train
finqa,687,train
finqa,207,train
finqa,559,train
finqa,411,train
finqa,1079,train
finqa,480,train
finqa,1107,train
finqa,257,train
finqa,139,train
finqa,1006,train
finqa,840,train
finqa,256,train
finqa,611,train
finqa,82,train
finqa,911,train
finqa,308,train
finqa,635,train
finqa,575,train
finqa,473,train
finqa,183,train
finqa,185,train
finqa,152,train
finqa,962,train
finqa,94,train
finqa,586,train
finqa,163,train
finqa,1145,train
finqa,954,train
finqa,323,train
finqa,6,train
finqa,978,train
finqa,487,train
finqa,248,train
finqa,898,train
finqa,47,train
finqa,72,train
finqa,761,train
finqa,121,train
finqa,1061,train
finqa,33,train
finqa,853,train
finqa,688,train
finqa,226,train
finqa,392,train
finqa,125,train
finqa,1024,train
finqa,313,train
finqa,140,train
finqa,759,train
finqa,108,train
finqa,1053,train
finqa,39,train
finqa,50,train
finqa,641,train
finqa,918,train
finqa,516,train
finqa,772,train
finqa,792,train
finqa,7,train
finqa,643,train
finqa,708,train
finqa,649,train
finqa,1007,train
finqa,298,train
finqa,639,train
finqa,640,train
finqa,747,train
finqa,170,train
finqa,784,train
finqa,184,train
finqa,382,train
finqa,969,train
finqa,674,train
finqa,65,train
finqa,595,train
finqa,1117,train
finqa,949,train
finqa,919,train
finqa,717,train
finqa,479,train
finqa,756,train
finqa,561,train
finqa,854,train
finqa,155,train
finqa,533,train
finqa,465,train
finqa,521,train
finqa,906,train
finqa,794,train
finqa,16,train
finqa,925,train
finqa,833,train
finqa,326,train
finqa,1135,train
finqa,896,train
finqa,646,train
finqa,532,train
finqa,535,train
finqa,376,train
finqa,490,train
finqa,181,train
finqa,771,train
finqa,660,train
finqa,942,train
finqa,921,train
finqa,753,train
finqa,250,train
finqa,621,train
finqa,272,train
finqa,162,train
finqa,923,train
finqa,261,train
finqa,439,train
finqa,888,train
finqa,434,train
finqa,1083,train
finqa,773,train
finqa,1001,train
finqa,580,train
finqa,492,train
finqa,678,train
finqa,593,train
finqa,166,train
finqa,311,train
finqa,627,train
finqa,127,train
finqa,605,train
finqa,690,train
finqa,878,train
finqa,208,train
finqa,1005,train
finqa,425,train
finqa,560,train
finqa,952,train
finqa,623,train
finqa,633,train
finqa,692,train
finqa,327,train
finqa,718,train
finqa,934,train
finqa,517,train
finqa,732,train
finqa,48,train
finqa,989,train
finqa,702,train
finqa,1087,train
finqa,156,train
finqa,536,train
finqa,70,train
finqa,881,train
finqa,361,train
finqa,1116,train
finqa,1025,train
finqa,700,train
finqa,344,train
finqa,161,train
finqa,28,train
finqa,66,train
finqa,287,train
finqa,1069,train
finqa,996,train
finqa,289,train
finqa,650,train
finqa,1029,train
finqa,126,train
finqa,258,train
finqa,105,train
finqa,422,train
finqa,528,train
finqa,510,train
finqa,817,train
finqa,1002,train
finqa,88,train
finqa,485,train
finqa,632,train
finqa,697,train
finqa,628,train
finqa,916,train
finqa,806,train
finqa,812,train
finqa,550,train
finqa,848,train
finqa,223,train
finqa,167,train
finqa,43,train
finqa,229,train
finqa,653,train
finqa,1020,train
finqa,145,train
finqa,729,train
finqa,18,train
finqa,451,train
finqa,374,train
finqa,955,train
finqa,87,train
finqa,278,train
finqa,590,train
finqa,839,train
finqa,293,train
finqa,46,train
finqa,123,train
finqa,769,train
finqa,89,train
finqa,84,train
finqa,150,train
finqa,271,train
finqa,524,train
finqa,577,train
finqa,504,train
finqa,215,train
finqa,238,train
finqa,205,train
finqa,675,train
finqa,920,train
finqa,795,train
finqa,963,train
finqa,1092,train
finqa,767,train
finqa,893,train
finqa,381,train
finqa,877,train
finqa,1030,train
finqa,827,train
finqa,342,train
finqa,30,train
finqa,118,train
finqa,414,train
finqa,363,train
finqa,1051,train
finqa,180,train
finqa,1040,train
finqa,1052,train
finqa,21,train
finqa,945,train
finqa,984,train
finqa,762,train
finqa,703,train
finqa,545,train
finqa,383,train
finqa,233,train
finqa,722,train
finqa,328,train
finqa,723,train
finqa,79,train
finqa,242,train
finqa,1044,train
finqa,192,train
finqa,496,train
finqa,790,train
finqa,234,train
finqa,476,train
finqa,599,train
finqa,68,train
finqa,237,train
finqa,691,train
finqa,644,train
finqa,36,train
finqa,715,train
finqa,131,train
finqa,1048,train
finqa,598,train
finqa,764,train
finqa,585,train
finqa,385,train
finqa,315,train
finqa,845,train
finqa,1122,train
finqa,895,train
finqa,820,train
finqa,594,train
finqa,67,train
finqa,987,train
finqa,751,train
finqa,1042,train
finqa,300,train
finqa,1065,train
finqa,1050,train
finqa,428,train
finqa,514,train
finqa,1105,train
finqa,83,train
finqa,389,train
finqa,358,train
finqa,602,train
finqa,696,train
finqa,253,train
finqa,864,train
finqa,265,train
finqa,217,train
finqa,1121,train
finqa,136,train
finqa,147,train
finqa,859,train
finqa,279,train
finqa,179,train
finqa,114,train
finqa,291,train
finqa,937,train
finqa,314,train
finqa,609,train
finqa,104,train
finqa,1060,train
finqa,260,train
finqa,193,train
finqa,742,train
finqa,364,train
finqa,1018,train
finqa,34,train
finqa,398,train
finqa,106,train
finqa,11,train
finqa,199,train
finqa,391,train
finqa,1008,train
finqa,477,train
finqa,929,train
finqa,677,train
finqa,351,train
finqa,481,train
finqa,568,train
finqa,14,train
finqa,433,train
finqa,478,train
finqa,808,train
finqa,1011,train
finqa,1062,train
finqa,578,train
finqa,933,train
finqa,810,train
finqa,515,train
finqa,1010,train
finqa,807,train
finqa,409,train
finqa,501,train
finqa,959,train
finqa,71,train
finqa,1074,train
finqa,283,train
finqa,832,train
finqa,974,train
finqa,254,train
finqa,1031,train
finqa,318,train
finqa,86,train
finqa,547,train
finqa,255,train
finqa,168,train
finqa,770,train
finqa,117,train
finqa,752,train
finqa,936,train
finqa,406,train
finqa,1101,train
finqa,543,train
finqa,525,train
finqa,377,train
finqa,755,train
finqa,791,train
finqa,76,train
finqa,566,train
finqa,554,train
finqa,497,train
finqa,995,train
finqa,851,train
finqa,221,train
finqa,324,train
finqa,1049,train
finqa,17,train
finqa,606,train
finqa,546,train
finqa,818,train
finqa,99,train
finqa,197,train
finqa,684,train
finqa,415,train
finqa,1082,train
finqa,158,train
finqa,645,train
finqa,1146,train
finqa,64,train
finqa,320,train
finqa,804,train
finqa,1106,train
finqa,144,train
finqa,142,train
finqa,19,train
finqa,1019,train
finqa,107,train
finqa,1077,train
finqa,466,train
finqa,610,train
finqa,629,train
finqa,736,train
finqa,288,train
finqa,673,train
finqa,948,train
finqa,1127,train
finqa,62,train
finqa,781,train
finqa,137,train
finqa,55,train
finqa,721,train
finqa,607,train
finqa,452,train
finqa,662,train
finqa,785,train
finqa,269,train
finqa,1039,train
finqa,59,train
finqa,865,train
finqa,340,train
finqa,468,train
finqa,850,train
finqa,61,train
finqa,275,train
finqa,1119,train
finqa,860,train
finqa,475,train
finqa,1066,train
finqa,110,train
finqa,731,train
finqa,670,train
finqa,182,train
finqa,648,train
finqa,339,train
finqa,252,train
finqa,778,train
finqa,612,train
finqa,160,train
finqa,617,val
finqa,111,val
finqa,1095,val
finqa,636,val
finqa,202,val
finqa,482,val
finqa,499,val
finqa,971,val
finqa,986,val
finqa,337,val
finqa,766,val
finqa,402,val
finqa,1078,val
finqa,362,val
finqa,537,val
finqa,982,val
finqa,847,val
finqa,981,val
finqa,534,val
finqa,297,val
finqa,879,val
finqa,380,val
finqa,555,val
finqa,686,val
finqa,355,val
finqa,303,val
finqa,370,val
finqa,90,val
finqa,41,val
finqa,1043,val
finqa,1009,val
finqa,1137,val
finqa,347,val
finqa,213,val
finqa,296,val
finqa,459,val
finqa,522,val
finqa,730,val
finqa,231,val
finqa,1059,val
finqa,765,val
finqa,1000,val
finqa,1028,val
finqa,563,val
finqa,249,val
finqa,1037,val
finqa,483,val
finqa,1071,val
finqa,565,val
finqa,874,val
finqa,353,val
finqa,616,val
finqa,438,val
finqa,96,val
finqa,57,val
finqa,153,val
finqa,597,val
finqa,811,val
finqa,420,val
finqa,857,val
finqa,749,val
finqa,622,val
finqa,1094,val
finqa,558,val
finqa,1147,val
finqa,1120,val
finqa,472,val
finqa,1097,val
finqa,51,val
finqa,899,val
finqa,128,val
finqa,386,val
finqa,286,val
finqa,246,val
finqa,367,val
finqa,885,val
finqa,683,val
finqa,23,val
finqa,983,val
finqa,828,val
finqa,714,val
finqa,138,val
finqa,49,val
finqa,365,val
finqa,1114,val
finqa,695,val
finqa,834,val
finqa,657,val
finqa,405,val
finqa,20,val
finqa,940,val
finqa,1138,val
finqa,998,val
finqa,620,val
finqa,264,val
finqa,739,val
finqa,103,val
finqa,1134,val
finqa,685,val
finqa,973,val
finqa,930,val
finqa,526,val
finqa,26,val
finqa,1084,val
finqa,284,val
finqa,926,val
finqa,863,val
finqa,746,val
finqa,132,val
finqa,600,val
finqa,498,val
finqa,634,val
finqa,394,val
finqa,531,val
finqa,527,val
finqa,544,val
finqa,1125,val
finqa,754,val
finqa,281,val
finqa,876,val
finqa,95,val
finqa,81,val
finqa,904,val
finqa,334,val
finqa,37,val
finqa,676,val
finqa,836,val
finqa,689,val
finqa,889,val
finqa,801,val
finqa,694,val
finqa,743,val
finqa,194,val
finqa,27,val
finqa,461,val
finqa,146,val
finqa,176,val
finqa,883,val
finqa,707,val
finqa,1085,val
finqa,562,val
finqa,993,val
finqa,814,val
finqa,356,val
finqa,1098,val
finqa,437,val
finqa,538,val
finqa,1055,val
finqa,556,val
finqa,211,val
finqa,882,val
finqa,1027,val
finqa,943,val
finqa,1099,val
finqa,119,val
finqa,494,val
finqa,305,val
finqa,354,val
finqa,530,val
finqa,101,val
finqa,52,val
finqa,268,val
finqa,191,val
finqa,470,val
finqa,440,val
finqa,436,val
finqa,346,val
finqa,809,val
finqa,102,val
finqa,1131,val
finqa,890,val
finqa,9,val
finqa,519,val
finqa,302,val
finqa,745,val
finqa,844,val
finqa,404,val
finqa,604,val
finqa,913,val
finqa,348,val
finqa,31,val
finqa,227,val
finqa,92,val
finqa,891,val
finqa,375,val
finqa,1081,val
finqa,2,val
finqa,843,val
finqa,112,val
finqa,350,val
finqa,887,val
finqa,1118,val
finqa,654,val
finqa,1017,val
finqa,290,val
finqa,219,val
finqa,979,val
finqa,1070,val
finqa,699,val
finqa,1015,val
finqa,236,val
finqa,1014,val
finqa,780,val
finqa,951,val
finqa,301,val
finqa,589,val
finqa,148,val
finqa,849,val
finqa,441,val
finqa,294,val
finqa,1102,val
finqa,798,val
finqa,444,val
finqa,966,val
finqa,423,val
finqa,214,val
finqa,957,val
finqa,625,val
finqa,443,val
finqa,716,val
finqa,793,val
finqa,241,val
finqa,935,val
finqa,5,val
finqa,135,val
finqa,174,val
finqa,663,val
finqa,976,val
finqa,1089,val
finqa,1003,test
finqa,1091,test
finqa,738,test
finqa,259,test
finqa,826,test
finqa,196,test
finqa,225,test
finqa,22,test
finqa,373,test
finqa,1026,test
finqa,165,test
finqa,360,test
finqa,230,test
finqa,1013,test
finqa,972,test
finqa,204,test
finqa,1123,test
finqa,682,test
finqa,924,test
finqa,588,test
finqa,325,test
finqa,418,test
finqa,1058,test
finqa,518,test
finqa,868,test
finqa,710,test
finqa,928,test
finqa,1142,test
finqa,449,test
finqa,445,test
finqa,173,test
finqa,1088,test
finqa,582,test
finqa,447,test
finqa,658,test
finqa,149,test
finqa,870,test
finqa,1100,test
finqa,426,test
finqa,664,test
finqa,1067,test
finqa,29,test
finqa,964,test
finqa,502,test
finqa,397,test
finqa,1132,test
finqa,666,test
finqa,40,test
finqa,775,test
finqa,270,test
finqa,1112,test
finqa,335,test
finqa,570,test
finqa,419,test
finqa,551,test
finqa,4,test
finqa,1080,test
finqa,345,test
finqa,157,test
finqa,802,test
finqa,768,test
finqa,630,test
finqa,988,test
finqa,1144,test
finqa,1141,test
finqa,1076,test
finqa,247,test
finqa,553,test
finqa,805,test
finqa,841,test
finqa,91,test
finqa,1075,test
finqa,1115,test
finqa,750,test
finqa,977,test
finqa,200,test
finqa,727,test
finqa,1130,test
finqa,333,test
finqa,129,test
finqa,875,test
finqa,187,test
finqa,946,test
finqa,965,test
finqa,837,test
finqa,819,test
finqa,349,test
finqa,430,test
finqa,990,test
finqa,800,test
finqa,32,test
finqa,861,test
finqa,782,test
finqa,1093,test
finqa,218,test
finqa,799,test
finqa,569,test
finqa,262,test
finqa,400,test
finqa,393,test
finqa,330,test
finqa,733,test
finqa,651,test
finqa,825,test
finqa,1063,test
finqa,25,test
finqa,831,test
finqa,188,test
finqa,280,test
finqa,159,test
finqa,3,test
finqa,897,test
finqa,169,test
finqa,1057,test
finqa,198,test
finqa,203,test
finqa,737,test
finqa,912,test
finqa,774,test
finqa,143,test
finqa,273,test
finqa,624,test
finqa,941,test
finqa,399,test
finqa,309,test
finqa,573,test
finqa,93,test
finqa,511,test
finqa,1103,test
finqa,263,test
finqa,991,test
finqa,457,test
finqa,1096,test
finqa,352,test
finqa,460,test
finqa,8,test
finqa,15,test
finqa,693,test
finqa,54,test
finqa,508,test
finqa,201,test
finqa,210,test
finqa,251,test
finqa,78,test
finqa,97,test
finqa,980,test
finqa,724,test
finqa,539,test
finqa,567,test
finqa,908,test
finqa,873,test
finqa,212,test
finqa,369,test
finqa,907,test
finqa,583,test
finqa,336,test
finqa,276,test
finqa,1032,test
finqa,304,test
finqa,787,test
finqa,488,test
finqa,1054,test
finqa,172,test
finqa,244,test
finqa,431,test
finqa,484,test
finqa,317,test
finqa,665,test
finqa,243,test
finqa,69,test
finqa,631,test
finqa,359,test
finqa,783,test
finqa,587,test
finqa,856,test
finqa,659,test
finqa,615,test
finqa,938,test
finqa,506,test
finqa,292,test
finqa,503,test
finqa,395,test
finqa,823,test
finqa,1090,test
finqa,319,test
finqa,448,test
finqa,618,test
finqa,463,test
finqa,467,test
finqa,235,test
finqa,1108,test
finqa,970,test
finqa,901,test
finqa,852,test
finqa,748,test
finqa,967,test
finqa,914,test
finqa,726,test
finqa,1104,test
finqa,401,test
finqa,642,test
finqa,947,test
finqa,603,test
finqa,741,test
finqa,542,test
finqa,944,test
finqa,151,test
finqa,455,test
finqa,927,test
finqa,396,test
finqa,862,test
finqa,432,test
finqa,735,test
finqa,500,test
finqa,576,test
finqa,338,test
finqa,195,test
finqa,130,test
finqa,712,test
finqa,513,test
finqa,407,test
finqa,310,test
finqa,931,test
finqa,1124,test
finqa,1038,test
finqa,668,test
finqa,507,test
finqa,245,test
finqa,417,test
finqa,209,test
korbench,1080,train
korbench,473,train
korbench,1235,train
korbench,444,train
korbench,896,train
korbench,796,train
korbench,188,train
korbench,1240,train
korbench,591,train
korbench,933,train
korbench,781,train
korbench,192,train
korbench,958,train
korbench,1162,train
korbench,1181,train
korbench,698,train
korbench,443,train
korbench,198,train
korbench,41,train
korbench,618,train
korbench,1088,train
korbench,304,train
korbench,101,train
korbench,1143,train
korbench,1179,train
korbench,1138,train
korbench,987,train
korbench,371,train
korbench,1180,train
korbench,780,train
korbench,401,train
korbench,783,train
korbench,899,train
korbench,834,train
korbench,601,train
korbench,769,train
korbench,207,train
korbench,1033,train
korbench,165,train
korbench,155,train
korbench,560,train
korbench,669,train
korbench,390,train
korbench,156,train
korbench,54,train
korbench,634,train
korbench,1164,train
korbench,176,train
korbench,843,train
korbench,897,train
korbench,1194,train
korbench,1050,train
korbench,477,train
korbench,607,train
korbench,1149,train
korbench,33,train
korbench,164,train
korbench,791,train
korbench,1167,train
korbench,58,train
korbench,1077,train
korbench,122,train
korbench,1027,train
korbench,1116,train
korbench,88,train
korbench,452,train
korbench,1219,train
korbench,614,train
korbench,689,train
korbench,160,train
korbench,370,train
korbench,78,train
korbench,594,train
korbench,169,train
korbench,656,train
korbench,40,train
korbench,862,train
korbench,738,train
korbench,1017,train
korbench,721,train
korbench,974,train
korbench,414,train
korbench,367,train
korbench,777,train
korbench,753,train
korbench,574,train
korbench,590,train
korbench,1016,train
korbench,246,train
korbench,146,train
korbench,219,train
korbench,406,train
korbench,231,train
korbench,167,train
korbench,1224,train
korbench,557,train
korbench,867,train
korbench,276,train
korbench,512,train
korbench,342,train
korbench,856,train
korbench,211,train
korbench,206,train
korbench,440,train
korbench,707,train
korbench,89,train
korbench,553,train
korbench,281,train
korbench,128,train
korbench,929,train
korbench,851,train
korbench,1074,train
korbench,672,train
korbench,141,train
korbench,837,train
korbench,786,train
korbench,410,train
korbench,415,train
korbench,997,train
korbench,1196,train
korbench,447,train
korbench,1118,train
korbench,1107,train
korbench,81,train
korbench,218,train
korbench,287,train
korbench,1056,train
korbench,542,train
korbench,802,train
korbench,758,train
korbench,576,train
korbench,988,train
korbench,708,train
korbench,1090,train
korbench,1085,train
korbench,451,train
korbench,15,train
korbench,953,train
korbench,224,train
korbench,118,train
korbench,1026,train
korbench,289,train
korbench,778,train
korbench,1042,train
korbench,700,train
korbench,1215,train
korbench,162,train
korbench,255,train
korbench,993,train
korbench,216,train
korbench,341,train
korbench,399,train
korbench,307,train
korbench,1186,train
korbench,936,train
korbench,61,train
korbench,226,train
korbench,36,train
korbench,682,train
korbench,927,train
korbench,538,train
korbench,904,train
korbench,982,train
korbench,968,train
korbench,1152,train
korbench,263,train
korbench,1134,train
korbench,1059,train
korbench,189,train
korbench,589,train
korbench,105,train
korbench,1230,train
korbench,1125,train
korbench,139,train
korbench,1041,train
korbench,284,train
korbench,1170,train
korbench,170,train
korbench,504,train
korbench,306,train
korbench,888,train
korbench,710,train
korbench,1142,train
korbench,915,train
korbench,395,train
korbench,975,train
korbench,293,train
korbench,49,train
korbench,117,train
korbench,751,train
korbench,1078,train
korbench,568,train
korbench,627,train
korbench,510,train
korbench,908,train
korbench,844,train
korbench,879,train
korbench,343,train
korbench,670,train
korbench,649,train
korbench,129,train
korbench,737,train
korbench,18,train
korbench,926,train
korbench,620,train
korbench,299,train
korbench,1234,train
korbench,660,train
korbench,732,train
korbench,449,train
korbench,384,train
korbench,643,train
korbench,1204,train
korbench,692,train
korbench,884,train
korbench,830,train
korbench,1013,train
korbench,935,train
korbench,243,train
korbench,1146,train
korbench,1239,train
korbench,602,train
korbench,921,train
korbench,637,train
korbench,260,train
korbench,1096,train
korbench,852,train
korbench,80,train
korbench,1218,train
korbench,181,train
korbench,398,train
korbench,619,train
korbench,1166,train
korbench,1128,train
korbench,712,train
korbench,1174,train
korbench,762,train
korbench,592,train
korbench,674,train
korbench,733,train
korbench,1245,train
korbench,870,train
korbench,29,train
korbench,556,train
korbench,459,train
korbench,508,train
korbench,1205,train
korbench,1223,train
korbench,1104,train
korbench,486,train
korbench,230,train
korbench,513,train
korbench,130,train
korbench,907,train
korbench,227,train
korbench,941,train
korbench,1238,train
korbench,1212,train
korbench,520,train
korbench,996,train
korbench,992,train
korbench,127,train
korbench,1176,train
korbench,1021,train
korbench,603,train
korbench,563,train
korbench,185,train
korbench,120,train
korbench,789,train
korbench,608,train
korbench,505,train
korbench,11,train
korbench,471,train
korbench,237,train
korbench,1119,train
korbench,124,train
korbench,1032,train
korbench,1183,train
korbench,597,train
korbench,472,train
korbench,386,train
korbench,823,train
korbench,709,train
korbench,554,train
korbench,379,train
korbench,220,train
korbench,605,train
korbench,222,train
korbench,363,train
korbench,161,train
korbench,244,train
korbench,191,train
korbench,92,train
korbench,424,train
korbench,352,train
korbench,889,train
korbench,943,train
korbench,93,train
korbench,726,train
korbench,434,train
korbench,264,train
korbench,539,train
korbench,842,train
korbench,702,train
korbench,309,train
korbench,1097,train
korbench,500,train
korbench,1155,train
korbench,1036,train
korbench,814,train
korbench,445,train
korbench,1011,train
korbench,526,train
korbench,358,train
korbench,752,train
korbench,621,train
korbench,549,train
korbench,57,train
korbench,331,train
korbench,48,train
korbench,39,train
korbench,964,train
korbench,1177,train
korbench,305,train
korbench,635,train
korbench,767,train
korbench,1244,train
korbench,999,train
korbench,1222,train
korbench,1178,train
korbench,1226,train
korbench,201,train
korbench,278,train
korbench,567,train
korbench,273,train
korbench,267,train
korbench,271,train
korbench,736,train
korbench,688,train
korbench,699,train
korbench,730,train
korbench,1001,train
korbench,1048,train
korbench,1061,train
korbench,990,train
korbench,82,train
korbench,1044,train
korbench,430,train
korbench,677,train
korbench,902,train
korbench,685,train
korbench,143,train
korbench,617,train
korbench,209,train
korbench,901,train
korbench,248,train
korbench,403,train
korbench,631,train
korbench,1188,train
korbench,522,train
korbench,1137,train
korbench,151,train
korbench,1248,train
korbench,628,train
korbench,148,train
korbench,429,train
korbench,1220,train
korbench,102,train
korbench,1208,train
korbench,154,train
korbench,694,train
korbench,136,train
korbench,809,train
korbench,1197,train
korbench,112,train
korbench,453,train
korbench,720,train
korbench,329,train
korbench,625,train
korbench,377,train
korbench,928,train
korbench,5,train
korbench,1018,train
korbench,157,train
korbench,236,train
korbench,262,train
korbench,976,train
korbench,37,train
korbench,900,train
korbench,119,train
korbench,622,train
korbench,71,train
korbench,65,train
korbench,30,train
korbench,912,train
korbench,47,train
korbench,959,train
korbench,1247,train
korbench,360,train
korbench,171,train
korbench,566,train
korbench,743,train
korbench,931,train
korbench,1043,train
korbench,961,train
korbench,1159,train
korbench,728,train
korbench,918,train
korbench,350,train
korbench,746,train
korbench,184,train
korbench,1227,train
korbench,109,train
korbench,290,train
korbench,690,train
korbench,895,train
korbench,419,train
korbench,735,train
korbench,1109,train
korbench,63,train
korbench,739,train
korbench,609,train
korbench,1023,train
korbench,645,train
korbench,1095,train
korbench,980,train
korbench,713,train
korbench,868,train
korbench,1060,train
korbench,229,train
korbench,932,train
korbench,569,train
korbench,653,train
korbench,836,train
korbench,629,train
korbench,584,train
korbench,121,train
korbench,934,train
korbench,476,train
korbench,43,train
korbench,1140,train
korbench,963,train
korbench,718,train
korbench,582,train
korbench,1064,train
korbench,67,train
korbench,774,train
korbench,140,train
korbench,407,train
korbench,882,train
korbench,1124,train
korbench,106,train
korbench,418,train
korbench,349,train
korbench,819,train
korbench,1156,train
korbench,215,train
korbench,126,train
korbench,221,train
korbench,382,train
korbench,242,train
korbench,667,train
korbench,820,train
korbench,234,train
korbench,503,train
korbench,187,train
korbench,282,train
korbench,359,train
korbench,930,train
korbench,134,train
korbench,662,train
korbench,863,train
korbench,138,train
korbench,729,train
korbench,624,train
korbench,665,train
korbench,768,train
korbench,727,train
korbench,99,train
korbench,315,train
korbench,1231,train
korbench,537,train
korbench,297,train
korbench,481,train
korbench,1071,train
korbench,687,train
korbench,2,train
korbench,484,train
korbench,225,train
korbench,898,train
korbench,1007,train
korbench,412,train
korbench,492,train
korbench,561,train
korbench,381,train
korbench,947,train
korbench,540,train
korbench,1047,train
korbench,824,train
korbench,911,train
korbench,847,train
korbench,1049,train
korbench,855,train
korbench,942,train
korbench,26,train
korbench,135,train
korbench,986,train
korbench,890,train
korbench,825,train
korbench,1054,train
korbench,463,train
korbench,1241,train
korbench,866,train
korbench,811,train
korbench,1003,train
korbench,807,train
korbench,989,train
korbench,790,train
korbench,405,train
korbench,286,train
korbench,455,train
korbench,310,train
korbench,317,train
korbench,650,train
korbench,940,train
korbench,919,train
korbench,113,train
korbench,193,train
korbench,32,train
korbench,1058,train
korbench,1076,train
korbench,869,train
korbench,555,train
korbench,731,train
korbench,745,train
korbench,509,train
korbench,270,train
korbench,966,train
korbench,402,train
korbench,21,train
korbench,639,train
korbench,697,train
korbench,223,train
korbench,20,train
korbench,1102,train
korbench,232,train
korbench,722,train
korbench,695,train
korbench,641,train
korbench,1249,train
korbench,795,train
korbench,498,train
korbench,1010,train
korbench,666,train
korbench,392,train
korbench,283,train
korbench,150,train
korbench,322,train
korbench,771,train
korbench,313,train
korbench,945,train
korbench,438,train
korbench,64,train
korbench,1063,train
korbench,1131,train
korbench,466,train
korbench,491,train
korbench,1228,train
korbench,839,train
korbench,998,train
korbench,1122,train
korbench,517,train
korbench,741,train
korbench,1126,train
korbench,409,train
korbench,748,train
korbench,1154,train
korbench,1232,train
korbench,200,train
korbench,756,train
korbench,389,train
korbench,421,train
korbench,19,train
korbench,747,train
korbench,335,train
korbench,323,train
korbench,1020,train
korbench,1165,train
korbench,275,train
korbench,668,train
korbench,681,train
korbench,499,train
korbench,1182,train
korbench,600,train
korbench,1002,train
korbench,338,train
korbench,831,train
korbench,956,train
korbench,575,train
korbench,808,train
korbench,183,train
korbench,1045,train
korbench,1022,train
korbench,957,train
korbench,461,train
korbench,245,train
korbench,651,train
korbench,208,train
korbench,23,train
korbench,366,train
korbench,595,train
korbench,703,train
korbench,593,train
korbench,965,train
korbench,339,train
korbench,1081,train
korbench,356,train
korbench,6,train
korbench,330,train
korbench,1151,train
korbench,846,train
korbench,894,train
korbench,1210,train
korbench,1193,train
korbench,978,train
korbench,925,train
korbench,920,train
korbench,327,train
korbench,652,train
korbench,159,train
korbench,1035,train
korbench,716,train
korbench,354,train
korbench,433,train
korbench,7,train
korbench,588,train
korbench,1015,train
korbench,1150,train
korbench,878,train
korbench,577,train
korbench,1144,train
korbench,446,train
korbench,944,train
korbench,241,train
korbench,51,train
korbench,761,train
korbench,482,train
korbench,439,train
korbench,240,train
korbench,794,train
korbench,83,train
korbench,345,train
korbench,353,train
korbench,1221,train
korbench,1237,train
korbench,552,train
korbench,125,train
korbench,250,train
korbench,90,train
korbench,599,train
korbench,131,train
korbench,787,train
korbench,346,train
korbench,832,train
korbench,939,train
korbench,922,train
korbench,1225,train
korbench,34,train
korbench,100,train
korbench,1039,train
korbench,765,train
korbench,880,train
korbench,772,train
korbench,1157,train
korbench,1053,train
korbench,321,train
korbench,10,train
korbench,659,train
korbench,813,train
korbench,858,train
korbench,664,train
korbench,586,train
korbench,53,train
korbench,1184,train
korbench,1114,train
korbench,204,train
korbench,775,train
korbench,375,train
korbench,865,train
korbench,288,train
korbench,1202,train
korbench,325,train
korbench,785,train
korbench,110,train
korbench,793,train
korbench,91,train
korbench,103,train
korbench,1153,train
korbench,70,train
korbench,759,train
korbench,174,train
korbench,319,train
korbench,984,train
korbench,1163,train
korbench,79,train
korbench,501,train
korbench,265,train
korbench,1139,train
korbench,514,train
korbench,977,train
korbench,717,train
korbench,754,train
korbench,1098,train
korbench,675,train
korbench,596,train
korbench,1236,train
korbench,73,train
korbench,797,train
korbench,1040,train
korbench,530,train
korbench,570,train
korbench,766,train
korbench,235,train
korbench,529,train
korbench,764,train
korbench,874,train
korbench,1005,train
korbench,467,train
korbench,527,train
korbench,547,train
korbench,432,train
korbench,298,train
korbench,515,train
korbench,970,train
korbench,1135,train
korbench,676,train
korbench,706,train
korbench,123,train
korbench,107,train
korbench,1068,train
korbench,76,train
korbench,251,train
korbench,490,train
korbench,1127,train
korbench,1185,train
korbench,397,train
korbench,458,train
korbench,142,train
korbench,887,train
korbench,1115,train
korbench,351,val
korbench,475,val
korbench,77,val
korbench,719,val
korbench,611,val
korbench,448,val
korbench,859,val
korbench,704,val
korbench,1051,val
korbench,1099,val
korbench,4,val
korbench,511,val
korbench,952,val
korbench,633,val
korbench,544,val
korbench,829,val
korbench,60,val
korbench,1161,val
korbench,585,val
korbench,8,val
korbench,442,val
korbench,749,val
korbench,636,val
korbench,1121,val
korbench,983,val
korbench,337,val
korbench,247,val
korbench,1132,val
korbench,378,val
korbench,571,val
korbench,1175,val
korbench,579,val
korbench,604,val
korbench,949,val
korbench,1089,val
korbench,404,val
korbench,416,val
korbench,435,val
korbench,1191,val
korbench,133,val
korbench,742,val
korbench,658,val
korbench,564,val
korbench,1009,val
korbench,654,val
korbench,805,val
korbench,259,val
korbench,457,val
korbench,115,val
korbench,782,val
korbench,400,val
korbench,1130,val
korbench,872,val
korbench,69,val
korbench,269,val
korbench,137,val
korbench,166,val
korbench,46,val
korbench,202,val
korbench,903,val
korbench,374,val
korbench,995,val
korbench,87,val
korbench,507,val
korbench,950,val
korbench,3,val
korbench,145,val
korbench,35,val
korbench,860,val
korbench,116,val
korbench,647,val
korbench,1173,val
korbench,1110,val
korbench,294,val
korbench,1105,val
korbench,296,val
korbench,587,val
korbench,178,val
korbench,212,val
korbench,502,val
korbench,671,val
korbench,177,val
korbench,891,val
korbench,436,val
korbench,835,val
korbench,1029,val
korbench,311,val
korbench,646,val
korbench,798,val
korbench,1214,val
korbench,210,val
korbench,344,val
korbench,892,val
korbench,158,val
korbench,910,val
korbench,917,val
korbench,314,val
korbench,1087,val
korbench,152,val
korbench,300,val
korbench,886,val
korbench,1093,val
korbench,909,val
korbench,971,val
korbench,853,val
korbench,301,val
korbench,1014,val
korbench,149,val
korbench,1084,val
korbench,408,val
korbench,914,val
korbench,431,val
korbench,372,val
korbench,279,val
korbench,274,val
korbench,799,val
korbench,773,val
korbench,326,val
korbench,1008,val
korbench,784,val
korbench,1034,val
korbench,711,val
korbench,489,val
korbench,59,val
korbench,66,val
korbench,826,val
korbench,62,val
korbench,861,val
korbench,95,val
korbench,696,val
korbench,1038,val
korbench,849,val
korbench,1129,val
korbench,285,val
korbench,147,val
korbench,456,val
korbench,516,val
korbench,16,val
korbench,469,val
korbench,755,val
korbench,369,val
korbench,828,val
korbench,701,val
korbench,792,val
korbench,1187,val
korbench,1192,val
korbench,1168,val
korbench,816,val
korbench,883,val
korbench,197,val
korbench,679,val
korbench,27,val
korbench,750,val
korbench,104,val
korbench,50,val
korbench,364,val
korbench,1217,val
korbench,280,val
korbench,493,val
korbench,573,val
korbench,347,val
korbench,1233,val
korbench,906,val
korbench,1243,val
korbench,1136,val
korbench,487,val
korbench,228,val
korbench,163,val
korbench,194,val
korbench,420,val
korbench,423,val
korbench,714,val
korbench,801,val
korbench,1123,val
korbench,1069,val
korbench,422,val
korbench,638,val
korbench,655,val
korbench,946,val
korbench,261,val
korbench,686,val
korbench,610,val
korbench,845,val
korbench,268,val
korbench,663,val
korbench,916,val
korbench,1046,val
korbench,328,val
korbench,951,val
korbench,98,val
korbench,441,val
korbench,13,val
korbench,598,val
korbench,1101,val
korbench,991,val
korbench,257,val
korbench,1145,val
korbench,1169,val
korbench,985,val
korbench,960,val
korbench,534,val
korbench,518,val
korbench,800,val
korbench,437,val
korbench,864,val
korbench,840,val
korbench,1057,val
korbench,913,val
korbench,480,val
korbench,1199,val
korbench,173,val
korbench,14,val
korbench,657,val
korbench,196,val
korbench,153,val
korbench,292,val
korbench,905,val
korbench,291,val
korbench,44,val
korbench,462,val
korbench,254,val
korbench,871,val
korbench,613,val
korbench,348,val
korbench,1024,val
korbench,427,val
korbench,114,val
korbench,1190,val
korbench,779,val
korbench,740,val
korbench,85,val
korbench,994,val
korbench,277,val
korbench,96,val
korbench,877,val
korbench,295,val
korbench,630,val
korbench,955,val
korbench,205,val
korbench,86,val
korbench,818,val
korbench,1052,val
korbench,1025,val
korbench,413,val
korbench,581,val
korbench,214,val
korbench,303,val
korbench,45,val
korbench,460,val
korbench,411,val
korbench,428,test
korbench,1207,test
korbench,1211,test
korbench,394,test
korbench,17,test
korbench,340,test
korbench,833,test
korbench,1206,test
korbench,334,test
korbench,546,test
korbench,252,test
korbench,881,test
korbench,684,test
korbench,550,test
korbench,1111,test
korbench,1213,test
korbench,94,test
korbench,1062,test
korbench,1112,test
korbench,715,test
korbench,494,test
korbench,1242,test
korbench,806,test
korbench,357,test
korbench,9,test
korbench,616,test
korbench,948,test
korbench,876,test
korbench,562,test
korbench,1189,test
korbench,1216,test
korbench,1171,test
korbench,468,test
korbench,42,test
korbench,558,test
korbench,962,test
korbench,497,test
korbench,776,test
korbench,763,test
korbench,25,test
korbench,981,test
korbench,495,test
korbench,454,test
korbench,725,test
korbench,623,test
korbench,24,test
korbench,249,test
korbench,1086,test
korbench,172,test
korbench,788,test
korbench,1250,test
korbench,803,test
korbench,355,test
korbench,380,test
korbench,757,test
korbench,56,test
korbench,362,test
korbench,734,test
korbench,132,test
korbench,521,test
korbench,450,test
korbench,464,test
korbench,1094,test
korbench,854,test
korbench,385,test
korbench,1246,test
korbench,1065,test
korbench,967,test
korbench,1030,test
korbench,1055,test
korbench,387,test
korbench,683,test
korbench,1031,test
korbench,1082,test
korbench,1079,test
korbench,391,test
korbench,1200,test
korbench,470,test
korbench,580,test
korbench,478,test
korbench,336,test
korbench,528,test
korbench,523,test
korbench,973,test
korbench,821,test
korbench,804,test
korbench,1,test
korbench,1100,test
korbench,52,test
korbench,1229,test
korbench,533,test
korbench,1072,test
korbench,74,test
korbench,1006,test
korbench,376,test
korbench,506,test
korbench,810,test
korbench,75,test
korbench,648,test
korbench,312,test
korbench,1012,test
korbench,393,test
korbench,551,test
korbench,425,test
korbench,673,test
korbench,1028,test
korbench,525,test
korbench,190,test
korbench,239,test
korbench,531,test
korbench,875,test
korbench,373,test
korbench,1103,test
korbench,1083,test
korbench,893,test
korbench,483,test
korbench,485,test
korbench,258,test
korbench,642,test
korbench,203,test
korbench,559,test
korbench,186,test
korbench,1158,test
korbench,822,test
korbench,474,test
korbench,213,test
korbench,396,test
korbench,1091,test
korbench,857,test
korbench,84,test
korbench,1108,test
korbench,606,test
korbench,661,test
korbench,488,test
korbench,238,test
korbench,850,test
korbench,632,test
korbench,541,test
korbench,724,test
korbench,612,test
korbench,744,test
korbench,1004,test
korbench,532,test
korbench,179,test
korbench,1141,test
korbench,217,test
korbench,417,test
korbench,938,test
korbench,680,test
korbench,1019,test
korbench,705,test
korbench,465,test
korbench,770,test
korbench,969,test
korbench,1073,test
korbench,1120,test
korbench,302,test
korbench,1075,test
korbench,1070,test
korbench,365,test
korbench,316,test
korbench,1092,test
korbench,937,test
korbench,543,test
korbench,548,test
korbench,979,test
korbench,332,test
korbench,1160,test
korbench,368,test
korbench,812,test
korbench,266,test
korbench,873,test
korbench,1113,test
korbench,924,test
korbench,31,test
korbench,479,test
korbench,108,test
korbench,97,test
korbench,256,test
korbench,388,test
korbench,253,test
korbench,535,test
korbench,320,test
korbench,644,test
korbench,168,test
korbench,426,test
korbench,1195,test
korbench,383,test
korbench,954,test
korbench,318,test
korbench,333,test
korbench,38,test
korbench,1106,test
korbench,72,test
korbench,536,test
korbench,175,test
korbench,55,test
korbench,691,test
korbench,308,test
korbench,144,test
korbench,817,test
korbench,68,test
korbench,1066,test
korbench,972,test
korbench,195,test
korbench,572,test
korbench,1133,test
korbench,838,test
korbench,182,test
korbench,626,test
korbench,524,test
korbench,678,test
korbench,233,test
korbench,615,test
korbench,1201,test
korbench,324,test
korbench,1117,test
korbench,199,test
korbench,272,test
korbench,640,test
korbench,180,test
korbench,923,test
korbench,1209,test
korbench,28,test
korbench,827,test
korbench,841,test
korbench,1198,test
korbench,1037,test
korbench,723,test
korbench,1067,test
korbench,496,test
korbench,760,test
korbench,583,test
korbench,111,test
korbench,693,test
korbench,12,test
korbench,22,test
korbench,545,test
korbench,1147,test
korbench,848,test
korbench,815,test
korbench,885,test
korbench,519,test
korbench,1172,test
korbench,578,test
korbench,1203,test
korbench,361,test
korbench,1148,test
korbench,565,test
korbench,1000,test
livecodebench,651,train
livecodebench,875,train
livecodebench,228,train
livecodebench,332,train
livecodebench,748,train
livecodebench,838,train
livecodebench,503,train
livecodebench,890,train
livecodebench,197,train
livecodebench,473,train
livecodebench,836,train
livecodebench,1041,train
livecodebench,859,train
livecodebench,628,train
livecodebench,588,train
livecodebench,304,train
livecodebench,490,train
livecodebench,128,train
livecodebench,849,train
livecodebench,984,train
livecodebench,316,train
livecodebench,458,train
livecodebench,563,train
livecodebench,502,train
livecodebench,833,train
livecodebench,339,train
livecodebench,1024,train
livecodebench,655,train
livecodebench,515,train
livecodebench,730,train
livecodebench,43,train
livecodebench,376,train
livecodebench,488,train
livecodebench,92,train
livecodebench,830,train
livecodebench,288,train
livecodebench,513,train
livecodebench,407,train
livecodebench,977,train
livecodebench,1002,train
livecodebench,626,train
livecodebench,904,train
livecodebench,27,train
livecodebench,222,train
livecodebench,927,train
livecodebench,526,train
livecodebench,861,train
livecodebench,391,train
livecodebench,553,train
livecodebench,670,train
livecodebench,887,train
livecodebench,745,train
livecodebench,344,train
livecodebench,99,train
livecodebench,758,train
livecodebench,291,train
livecodebench,583,train
livecodebench,469,train
livecodebench,802,train
livecodebench,529,train
livecodebench,317,train
livecodebench,303,train
livecodebench,763,train
livecodebench,491,train
livecodebench,115,train
livecodebench,789,train
livecodebench,939,train
livecodebench,508,train
livecodebench,639,train
livecodebench,65,train
livecodebench,632,train
livecodebench,418,train
livecodebench,55,train
livecodebench,972,train
livecodebench,913,train
livecodebench,87,train
livecodebench,969,train
livecodebench,941,train
livecodebench,796,train
livecodebench,784,train
livecodebench,177,train
livecodebench,113,train
livecodebench,614,train
livecodebench,661,train
livecodebench,82,train
livecodebench,732,train
livecodebench,178,train
livecodebench,974,train
livecodebench,114,train
livecodebench,454,train
livecodebench,845,train
livecodebench,138,train
livecodebench,141,train
livecodebench,420,train
livecodebench,359,train
livecodebench,799,train
livecodebench,597,train
livecodebench,606,train
livecodebench,779,train
livecodebench,83,train
livecodebench,186,train
livecodebench,218,train
livecodebench,894,train
livecodebench,258,train
livecodebench,938,train
livecodebench,738,train
livecodebench,16,train
livecodebench,425,train
livecodebench,945,train
livecodebench,1032,train
livecodebench,163,train
livecodebench,148,train
livecodebench,824,train
livecodebench,337,train
livecodebench,5,train
livecodebench,760,train
livecodebench,687,train
livecodebench,555,train
livecodebench,470,train
livecodebench,351,train
livecodebench,122,train
livecodebench,284,train
livecodebench,552,train
livecodebench,978,train
livecodebench,652,train
livecodebench,63,train
livecodebench,698,train
livecodebench,634,train
livecodebench,703,train
livecodebench,865,train
livecodebench,973,train
livecodebench,516,train
livecodebench,917,train
livecodebench,851,train
livecodebench,967,train
livecodebench,980,train
livecodebench,374,train
livecodebench,544,train
livecodebench,439,train
livecodebench,301,train
livecodebench,885,train
livecodebench,10,train
livecodebench,347,train
livecodebench,322,train
livecodebench,610,train
livecodebench,336,train
livecodebench,360,train
livecodebench,175,train
livecodebench,720,train
livecodebench,782,train
livecodebench,946,train
livecodebench,410,train
livecodebench,48,train
livecodebench,364,train
livecodebench,551,train
livecodebench,562,train
livecodebench,459,train
livecodebench,300,train
livecodebench,848,train
livecodebench,673,train
livecodebench,690,train
livecodebench,385,train
livecodebench,992,train
livecodebench,1015,train
livecodebench,711,train
livecodebench,76,train
livecodebench,926,train
livecodebench,86,train
livecodebench,243,train
livecodebench,677,train
livecodebench,259,train
livecodebench,1055,train
livecodebench,116,train
livecodebench,183,train
livecodebench,246,train
livecodebench,713,train
livecodebench,643,train
livecodebench,1036,train
livecodebench,612,train
livecodebench,60,train
livecodebench,803,train
livecodebench,283,train
livecodebench,51,train
livecodebench,922,train
livecodebench,604,train
livecodebench,101,train
livecodebench,752,train
livecodebench,358,train
livecodebench,157,train
livecodebench,864,train
livecodebench,430,train
livecodebench,196,train
livecodebench,989,train
livecodebench,950,train
livecodebench,134,train
livecodebench,406,train
livecodebench,504,train
livecodebench,545,train
livecodebench,959,train
livecodebench,581,train
livecodebench,768,train
livecodebench,993,train
livecodebench,78,train
livecodebench,718,train
livecodebench,801,train
livecodebench,133,train
livecodebench,778,train
livecodebench,1022,train
livecodebench,633,train
livecodebench,184,train
livecodebench,262,train
livecodebench,935,train
livecodebench,366,train
livecodebench,522,train
livecodebench,656,train
livecodebench,475,train
livecodebench,937,train
livecodebench,381,train
livecodebench,156,train
livecodebench,928,train
livecodebench,905,train
livecodebench,932,train
livecodebench,422,train
livecodebench,421,train
livecodebench,648,train
livecodebench,940,train
livecodebench,520,train
livecodebench,962,train
livecodebench,595,train
livecodebench,145,train
livecodebench,71,train
livecodebench,139,train
livecodebench,64,train
livecodebench,169,train
livecodebench,528,train
livecodebench,194,train
livecodebench,209,train
livecodebench,996,train
livecodebench,432,train
livecodebench,309,train
livecodebench,311,train
livecodebench,1007,train
livecodebench,676,train
livecodebench,619,train
livecodebench,1023,train
livecodebench,61,train
livecodebench,375,train
livecodebench,142,train
livecodebench,216,train
livecodebench,536,train
livecodebench,770,train
livecodebench,681,train
livecodebench,124,train
livecodebench,831,train
livecodebench,208,train
livecodebench,369,train
livecodebench,165,train
livecodebench,743,train
livecodebench,675,train
livecodebench,191,train
livecodebench,450,train
livecodebench,373,train
livecodebench,240,train
livecodebench,786,train
livecodebench,739,train
livecodebench,279,train
livecodebench,305,train
livecodebench,413,train
livecodebench,825,train
livecodebench,14,train
livecodebench,182,train
livecodebench,591,train
livecodebench,181,train
livecodebench,153,train
livecodebench,445,train
livecodebench,147,train
livecodebench,842,train
livecodebench,249,train
livecodebench,255,train
livecodebench,256,train
livecodebench,135,train
livecodebench,769,train
livecodebench,231,train
livecodebench,468,train
livecodebench,229,train
livecodebench,149,train
livecodebench,329,train
livecodebench,971,train
livecodebench,81,train
livecodebench,565,train
livecodebench,395,train
livecodebench,805,train
livecodebench,952,train
livecodebench,792,train
livecodebench,440,train
livecodebench,223,train
livecodebench,212,train
livecodebench,130,train
livecodebench,535,train
livecodebench,810,train
livecodebench,990,train
livecodebench,155,train
livecodebench,918,train
livecodebench,217,train
livecodebench,1038,train
livecodebench,663,train
livecodebench,100,train
livecodebench,970,train
livecodebench,846,train
livecodebench,672,train
livecodebench,180,train
livecodebench,622,train
livecodebench,716,train
livecodebench,441,train
livecodebench,985,train
livecodebench,433,train
livecodebench,220,train
livecodebench,474,train
livecodebench,534,train
livecodebench,198,train
livecodebench,618,train
livecodebench,461,train
livecodebench,734,train
livecodebench,107,train
livecodebench,380,train
livecodebench,455,train
livecodebench,485,train
livecodebench,449,train
livecodebench,951,train
livecodebench,884,train
livecodebench,853,train
livecodebench,706,train
livecodebench,559,train
livecodebench,829,train
livecodebench,269,train
livecodebench,365,train
livecodebench,189,train
livecodebench,797,train
livecodebench,537,train
livecodebench,211,train
livecodebench,901,train
livecodebench,408,train
livecodebench,587,train
livecodebench,658,train
livecodebench,1030,train
livecodebench,674,train
livecodebench,693,train
livecodebench,117,train
livecodebench,903,train
livecodebench,94,train
livecodebench,320,train
livecodebench,1040,train
livecodebench,755,train
livecodebench,1008,train
livecodebench,343,train
livecodebench,95,train
livecodebench,751,train
livecodebench,125,train
livecodebench,467,train
livecodebench,519,train
livecodebench,599,train
livecodebench,869,train
livecodebench,1001,train
livecodebench,881,train
livecodebench,872,train
livecodebench,518,train
livecodebench,102,train
livecodebench,613,train
livecodebench,586,train
livecodebench,699,train
livecodebench,787,train
livecodebench,436,train
livecodebench,235,train
livecodebench,176,train
livecodebench,873,train
livecodebench,683,train
livecodebench,158,train
livecodebench,647,train
livecodebench,452,train
livecodebench,462,train
livecodebench,1000,train
livecodebench,192,train
livecodebench,934,train
livecodebench,1011,train
livecodebench,390,train
livecodebench,326,train
livecodebench,241,train
livecodebench,641,train
livecodebench,260,train
livecodebench,457,train
livecodebench,578,train
livecodebench,533,train
livecodebench,953,train
livecodebench,546,train
livecodebench,611,train
livecodebench,7,train
livecodebench,965,train
livecodebench,892,train
livecodebench,783,train
livecodebench,665,train
livecodebench,73,train
livecodebench,635,train
livecodebench,242,train
livecodebench,278,train
livecodebench,966,train
livecodebench,35,train
livecodebench,1018,train
livecodebench,1013,train
livecodebench,389,train
livecodebench,487,train
livecodebench,538,train
livecodebench,708,train
livecodebench,341,train
livecodebench,168,train
livecodebench,423,train
livecodebench,230,train
livecodebench,393,train
livecodebench,1035,train
livecodebench,266,train
livecodebench,1047,train
livecodebench,895,train
livecodebench,584,train
livecodebench,90,train
livecodebench,814,train
livecodebench,386,train
livecodebench,571,train
livecodebench,146,train
livecodebench,1034,train
livecodebench,679,train
livecodebench,968,train
livecodebench,850,train
livecodebench,678,train
livecodebench,464,train
livecodebench,70,train
livecodebench,1025,train
livecodebench,823,train
livecodebench,28,train
livecodebench,68,train
livecodebench,548,train
livecodebench,4,train
livecodebench,625,train
livecodebench,883,train
livecodebench,411,train
livecodebench,286,train
livecodebench,427,train
livecodebench,338,train
livecodebench,214,train
livecodebench,265,train
livecodebench,856,train
livecodebench,310,train
livecodebench,920,train
livecodebench,219,train
livecodebench,788,train
livecodebench,1039,train
livecodebench,695,train
livecodebench,493,train
livecodebench,729,train
livecodebench,174,train
livecodebench,31,train
livecodebench,80,train
livecodebench,161,train
livecodebench,1031,train
livecodebench,132,train
livecodebench,684,train
livecodebench,17,train
livecodebench,480,train
livecodebench,498,train
livecodebench,388,train
livecodebench,173,train
livecodebench,593,train
livecodebench,293,train
livecodebench,405,train
livecodebench,979,train
livecodebench,1046,train
livecodebench,164,train
livecodebench,40,train
livecodebench,1009,train
livecodebench,1004,train
livecodebench,297,train
livecodebench,453,train
livecodebench,662,train
livecodebench,653,train
livecodebench,741,train
livecodebench,91,train
livecodebench,719,train
livecodebench,1016,train
livecodebench,929,train
livecodebench,532,train
livecodebench,307,train
livecodebench,46,train
livecodebench,404,train
livecodebench,893,train
livecodebench,766,train
livecodebench,923,train
livecodebench,355,train
livecodebench,497,train
livecodebench,402,train
livecodebench,34,train
livecodebench,15,train
livecodebench,451,train
livecodebench,1006,train
livecodebench,271,train
livecodebench,900,train
livecodebench,252,train
livecodebench,822,train
livecodebench,982,train
livecodebench,435,train
livecodebench,127,train
livecodebench,144,train
livecodebench,657,train
livecodebench,640,train
livecodebench,72,train
livecodebench,1005,train
livecodebench,248,train
livecodebench,567,train
livecodebench,659,train
livecodebench,499,train
livecodebench,624,train
livecodebench,759,train
livecodebench,22,train
livecodebench,185,train
livecodebench,955,train
livecodebench,11,train
livecodebench,807,train
livecodebench,234,train
livecodebench,911,train
livecodebench,542,train
livecodebench,991,train
livecodebench,414,train
livecodebench,394,train
livecodebench,806,train
livecodebench,667,train
livecodebench,486,train
livecodebench,434,train
livecodebench,195,train
livecodebench,702,train
livecodebench,501,train
livecodebench,556,train
livecodebench,776,train
livecodebench,689,train
livecodebench,335,train
livecodebench,227,train
livecodebench,660,train
livecodebench,692,train
livecodebench,834,train
livecodebench,828,train
livecodebench,798,train
livecodebench,12,train
livecodebench,257,train
livecodebench,704,train
livecodebench,775,train
livecodebench,224,train
livecodebench,981,train
livecodebench,275,train
livecodebench,721,train
livecodebench,857,train
livecodebench,589,train
livecodebench,50,train
livecodebench,790,train
livecodebench,744,train
livecodebench,330,train
livecodebench,608,train
livecodebench,726,train
livecodebench,221,train
livecodebench,600,train
livecodebench,313,train
livecodebench,811,train
livecodebench,527,train
livecodebench,9,train
livecodebench,1017,train
livecodebench,150,train
livecodebench,780,train
livecodebench,852,train
livecodebench,999,train
livecodebench,84,train
livecodebench,837,train
livecodebench,294,train
livecodebench,572,train
livecodebench,705,train
livecodebench,1048,train
livecodebench,569,train
livecodebench,724,train
livecodebench,646,train
livecodebench,607,train
livecodebench,523,train
livecodebench,398,train
livecodebench,1045,train
livecodebench,963,train
livecodebench,348,train
livecodebench,233,train
livecodebench,882,train
livecodebench,1028,train
livecodebench,772,train
livecodebench,56,train
livecodebench,808,train
livecodebench,960,train
livecodebench,270,train
livecodebench,446,train
livecodebench,701,train
livecodebench,1051,train
livecodebench,680,train
livecodebench,756,train
livecodebench,615,train
livecodebench,879,train
livecodebench,947,train
livecodebench,617,train
livecodebench,437,train
livecodebench,254,train
livecodebench,171,train
livecodebench,268,train
livecodebench,781,train
livecodebench,69,train
livecodebench,325,train
livecodebench,722,train
livecodebench,898,train
livecodebench,666,train
livecodebench,594,train
livecodebench,496,train
livecodebench,627,train
livecodebench,112,train
livecodebench,203,train
livecodebench,121,train
livecodebench,554,train
livecodebench,1,train
livecodebench,682,train
livecodebench,1026,train
livecodebench,26,train
livecodebench,921,train
livecodebench,575,train
livecodebench,910,train
livecodebench,32,train
livecodebench,907,train
livecodebench,909,train
livecodebench,53,val
livecodebench,75,val
livecodebench,688,val
livecodebench,49,val
livecodebench,733,val
livecodebench,379,val
livecodebench,363,val
livecodebench,746,val
livecodebench,795,val
livecodebench,988,val
livecodebench,638,val
livecodebench,21,val
livecodebench,424,val
livecodebench,728,val
livecodebench,858,val
livecodebench,403,val
livecodebench,1033,val
livecodebench,188,val
livecodebench,1050,val
livecodebench,691,val
livecodebench,1014,val
livecodebench,685,val
livecodebench,835,val
livecodebench,827,val
livecodebench,460,val
livecodebench,557,val
livecodebench,868,val
livecodebench,517,val
livecodebench,888,val
livecodebench,645,val
livecodebench,531,val
livecodebench,582,val
livecodebench,159,val
livecodebench,247,val
livecodebench,867,val
livecodebench,215,val
livecodebench,200,val
livecodebench,694,val
livecodebench,167,val
livecodebench,45,val
livecodebench,942,val
livecodebench,654,val
livecodebench,949,val
livecodebench,761,val
livecodebench,463,val
livecodebench,179,val
livecodebench,213,val
livecodebench,592,val
livecodebench,605,val
livecodebench,603,val
livecodebench,334,val
livecodebench,818,val
livecodebench,431,val
livecodebench,854,val
livecodebench,93,val
livecodebench,715,val
livecodebench,478,val
livecodebench,384,val
livecodebench,574,val
livecodebench,210,val
livecodebench,392,val
livecodebench,52,val
livecodebench,415,val
livecodebench,315,val
livecodebench,205,val
livecodebench,377,val
livecodebench,106,val
livecodebench,696,val
livecodebench,482,val
livecodebench,327,val
livecodebench,187,val
livecodebench,321,val
livecodebench,558,val
livecodebench,109,val
livecodebench,103,val
livecodebench,793,val
livecodebench,912,val
livecodebench,727,val
livecodebench,41,val
livecodebench,819,val
livecodebench,773,val
livecodebench,997,val
livecodebench,549,val
livecodebench,707,val
livecodebench,416,val
livecodebench,566,val
livecodebench,206,val
livecodebench,54,val
livecodebench,697,val
livecodebench,33,val
livecodebench,860,val
livecodebench,308,val
livecodebench,67,val
livecodebench,735,val
livecodebench,29,val
livecodebench,750,val
livecodebench,987,val
livecodebench,813,val
livecodebench,483,val
livecodebench,23,val
livecodebench,232,val
livecodebench,1020,val
livecodebench,1029,val
livecodebench,948,val
livecodebench,412,val
livecodebench,870,val
livecodebench,123,val
livecodebench,277,val
livecodebench,507,val
livecodebench,986,val
livecodebench,120,val
livecodebench,908,val
livecodebench,817,val
livecodebench,841,val
livecodebench,151,val
livecodebench,444,val
livecodebench,74,val
livecodebench,331,val
livecodebench,238,val
livecodebench,290,val
livecodebench,324,val
livecodebench,152,val
livecodebench,747,val
livecodebench,809,val
livecodebench,24,val
livecodebench,844,val
livecodebench,245,val
livecodebench,1003,val
livecodebench,199,val
livecodebench,816,val
livecodebench,272,val
livecodebench,994,val
livecodebench,736,val
livecodebench,943,val
livecodebench,118,val
livecodebench,1044,val
livecodebench,620,val
livecodebench,295,val
livecodebench,244,val
livecodebench,62,val
livecodebench,201,val
livecodebench,131,val
livecodebench,426,val
livecodebench,323,val
livecodebench,1037,val
livecodebench,314,val
livecodebench,370,val
livecodebench,958,val
livecodebench,637,val
livecodebench,550,val
livecodebench,494,val
livecodebench,757,val
livecodebench,602,val
livecodebench,765,val
livecodebench,409,val
livecodebench,466,val
livecodebench,207,val
livecodebench,540,val
livecodebench,521,val
livecodebench,105,val
livecodebench,59,val
livecodebench,20,val
livecodebench,902,val
livecodebench,353,val
livecodebench,590,val
livecodebench,481,val
livecodebench,560,val
livecodebench,1049,val
livecodebench,417,val
livecodebench,285,val
livecodebench,725,val
livecodebench,855,val
livecodebench,762,val
livecodebench,510,val
livecodebench,525,val
livecodebench,108,val
livecodebench,328,val
livecodebench,944,val
livecodebench,1010,val
livecodebench,2,val
livecodebench,915,val
livecodebench,749,val
livecodebench,621,val
livecodebench,1021,val
livecodebench,479,val
livecodebench,371,val
livecodebench,821,val
livecodebench,237,val
livecodebench,162,val
livecodebench,354,val
livecodebench,306,val
livecodebench,340,val
livecodebench,250,val
livecodebench,916,val
livecodebench,136,val
livecodebench,650,val
livecodebench,543,val
livecodebench,568,val
livecodebench,281,val
livecodebench,876,val
livecodebench,299,val
livecodebench,160,val
livecodebench,1027,val
livecodebench,129,val
livecodebench,140,val
livecodebench,956,val
livecodebench,585,val
livecodebench,202,val
livecodebench,767,val
livecodebench,193,val
livecodebench,276,val
livecodebench,261,test
livecodebench,623,test
livecodebench,777,test
livecodebench,226,test
livecodebench,282,test
livecodebench,438,test
livecodebench,785,test
livecodebench,289,test
livecodebench,723,test
livecodebench,573,test
livecodebench,477,test
livecodebench,172,test
livecodebench,110,test
livecodebench,512,test
livecodebench,998,test
livecodebench,862,test
livecodebench,742,test
livecodebench,878,test
livecodebench,642,test
livecodebench,345,test
livecodebench,601,test
livecodebench,119,test
livecodebench,312,test
livecodebench,8,test
livecodebench,367,test
livecodebench,644,test
livecodebench,714,test
livecodebench,143,test
livecodebench,292,test
livecodebench,396,test
livecodebench,19,test
livecodebench,753,test
livecodebench,576,test
livecodebench,399,test
livecodebench,387,test
livecodebench,1052,test
livecodebench,37,test
livecodebench,253,test
livecodebench,530,test
livecodebench,863,test
livecodebench,539,test
livecodebench,239,test
livecodebench,740,test
livecodebench,274,test
livecodebench,13,test
livecodebench,820,test
livecodebench,442,test
livecodebench,356,test
livecodebench,812,test
livecodebench,924,test
livecodebench,39,test
livecodebench,914,test
livecodebench,629,test
livecodebench,580,test
livecodebench,961,test
livecodebench,273,test
livecodebench,832,test
livecodebench,891,test
livecodebench,495,test
livecodebench,609,test
livecodebench,511,test
livecodebench,847,test
livecodebench,889,test
livecodebench,401,test
livecodebench,350,test
livecodebench,509,test
livecodebench,717,test
livecodebench,700,test
livecodebench,447,test
livecodebench,361,test
livecodebench,42,test
livecodebench,1012,test
livecodebench,815,test
livecodebench,346,test
livecodebench,754,test
livecodebench,616,test
livecodebench,1019,test
livecodebench,38,test
livecodebench,443,test
livecodebench,89,test
livecodebench,964,test
livecodebench,906,test
livecodebench,97,test
livecodebench,352,test
livecodebench,649,test
livecodebench,976,test
livecodebench,267,test
livecodebench,925,test
livecodebench,826,test
livecodebench,995,test
livecodebench,111,test
livecodebench,896,test
livecodebench,383,test
livecodebench,933,test
livecodebench,1054,test
livecodebench,166,test
livecodebench,668,test
livecodebench,919,test
livecodebench,579,test
livecodebench,1042,test
livecodebench,524,test
livecodebench,204,test
livecodebench,368,test
livecodebench,669,test
livecodebench,190,test
livecodebench,930,test
livecodebench,871,test
livecodebench,564,test
livecodebench,57,test
livecodebench,671,test
livecodebench,541,test
livecodebench,319,test
livecodebench,264,test
livecodebench,126,test
livecodebench,296,test
livecodebench,800,test
livecodebench,342,test
livecodebench,492,test
livecodebench,456,test
livecodebench,18,test
livecodebench,804,test
livecodebench,429,test
livecodebench,1043,test
livecodebench,476,test
livecodebench,712,test
livecodebench,397,test
livecodebench,170,test
livecodebench,839,test
livecodebench,36,test
livecodebench,709,test
livecodebench,630,test
livecodebench,66,test
livecodebench,77,test
livecodebench,737,test
livecodebench,280,test
livecodebench,154,test
livecodebench,598,test
livecodebench,88,test
livecodebench,362,test
livecodebench,931,test
livecodebench,877,test
livecodebench,400,test
livecodebench,505,test
livecodebench,547,test
livecodebench,236,test
livecodebench,318,test
livecodebench,636,test
livecodebench,664,test
livecodebench,897,test
livecodebench,899,test
livecodebench,419,test
livecodebench,96,test
livecodebench,98,test
livecodebench,880,test
livecodebench,378,test
livecodebench,874,test
livecodebench,710,test
livecodebench,731,test
livecodebench,983,test
livecodebench,263,test
livecodebench,957,test
livecodebench,471,test
livecodebench,3,test
livecodebench,489,test
livecodebench,357,test
livecodebench,30,test
livecodebench,298,test
livecodebench,104,test
livecodebench,500,test
livecodebench,631,test
livecodebench,382,test
livecodebench,44,test
livecodebench,561,test
livecodebench,251,test
livecodebench,6,test
livecodebench,302,test
livecodebench,428,test
livecodebench,843,test
livecodebench,791,test
livecodebench,137,test
livecodebench,596,test
livecodebench,764,test
livecodebench,1053,test
livecodebench,577,test
livecodebench,886,test
livecodebench,465,test
livecodebench,975,test
livecodebench,506,test
livecodebench,866,test
livecodebench,47,test
livecodebench,686,test
livecodebench,484,test
livecodebench,333,test
livecodebench,936,test
livecodebench,372,test
livecodebench,79,test
livecodebench,771,test
livecodebench,85,test
livecodebench,225,test
livecodebench,25,test
livecodebench,448,test
livecodebench,840,test
livecodebench,954,test
livecodebench,514,test
livecodebench,349,test
livecodebench,774,test
livecodebench,794,test
livecodebench,472,test
livecodebench,58,test
livecodebench,287,test
livecodebench,570,test
math500,463,train
math500,415,train
math500,76,train
math500,177,train
math500,321,train
math500,54,train
math500,346,train
math500,77,train
math500,368,train
math500,425,train
math500,281,train
math500,444,train
math500,178,train
math500,7,train
math500,271,train
math500,336,train
math500,309,train
math500,145,train
math500,278,train
math500,71,train
math500,147,train
math500,280,train
math500,428,train
math500,363,train
math500,67,train
math500,99,train
math500,369,train
math500,91,train
math500,50,train
math500,377,train
math500,374,train
math500,14,train
math500,156,train
math500,322,train
math500,75,train
math500,191,train
math500,179,train
math500,172,train
math500,245,train
math500,282,train
math500,263,train
math500,228,train
math500,138,train
math500,316,train
math500,56,train
math500,199,train
math500,276,train
math500,212,train
math500,448,train
math500,421,train
math500,57,train
math500,312,train
math500,108,train
math500,378,train
math500,27,train
math500,371,train
math500,353,train
math500,493,train
math500,219,train
math500,130,train
math500,364,train
math500,104,train
math500,259,train
math500,382,train
math500,334,train
math500,356,train
math500,120,train
math500,164,train
math500,217,train
math500,471,train
math500,370,train
math500,472,train
math500,10,train
math500,449,train
math500,344,train
math500,398,train
math500,405,train
math500,499,train
math500,102,train
math500,332,train
math500,296,train
math500,273,train
math500,121,train
math500,96,train
math500,313,train
math500,294,train
math500,124,train
math500,183,train
math500,180,train
math500,101,train
math500,187,train
math500,357,train
math500,422,train
math500,410,train
math500,133,train
math500,381,train
math500,69,train
math500,182,train
math500,307,train
math500,88,train
math500,383,train
math500,105,train
math500,218,train
math500,328,train
math500,404,train
math500,440,train
math500,9,train
math500,148,train
math500,143,train
math500,310,train
math500,34,train
math500,109,train
math500,174,train
math500,18,train
math500,372,train
math500,419,train
math500,31,train
math500,141,train
math500,314,train
math500,289,train
math500,496,train
math500,89,train
math500,430,train
math500,168,train
math500,341,train
math500,159,train
math500,320,train
math500,432,train
math500,137,train
math500,234,train
math500,253,train
math500,55,train
math500,246,train
math500,318,train
math500,6,train
math500,458,train
math500,323,train
math500,326,train
math500,380,train
math500,416,train
math500,492,train
math500,460,train
math500,366,train
math500,49,train
math500,44,train
math500,420,train
math500,384,train
math500,8,train
math500,184,train
math500,359,train
math500,93,train
math500,387,train
math500,80,train
math500,72,train
math500,197,train
math500,315,train
math500,300,train
math500,373,train
math500,224,train
math500,190,train
math500,198,train
math500,311,train
math500,21,train
math500,230,train
math500,202,train
math500,193,train
math500,325,train
math500,46,train
math500,423,train
math500,360,train
math500,261,train
math500,154,train
math500,196,train
math500,399,train
math500,118,train
math500,292,train
math500,78,train
math500,308,train
math500,90,train
math500,11,train
math500,340,train
math500,98,train
math500,32,train
math500,438,train
math500,116,train
math500,248,train
math500,70,train
math500,386,train
math500,162,train
math500,331,train
math500,393,train
math500,446,train
math500,132,train
math500,277,train
math500,427,train
math500,155,train
math500,251,train
math500,3,train
math500,81,train
math500,361,train
math500,225,train
math500,235,train
math500,86,train
math500,244,train
math500,256,train
math500,201,train
math500,100,train
math500,348,train
math500,389,train
math500,123,train
math500,61,train
math500,135,train
math500,290,train
math500,171,train
math500,436,train
math500,43,train
math500,497,train
math500,85,train
math500,142,train
math500,291,train
math500,434,train
math500,431,train
math500,338,train
math500,424,train
math500,480,train
math500,287,train
math500,59,train
math500,53,train
math500,63,train
math500,65,train
math500,240,train
math500,275,train
math500,176,train
math500,94,train
math500,163,train
math500,451,train
math500,413,train
math500,447,train
math500,232,train
math500,239,train
math500,466,train
math500,442,train
math500,113,train
math500,406,train
math500,388,train
math500,146,train
math500,304,train
math500,115,train
math500,74,train
math500,249,train
math500,490,train
math500,110,train
math500,302,train
math500,345,train
math500,324,train
math500,12,train
math500,268,train
math500,484,train
math500,19,train
math500,455,train
math500,470,train
math500,267,train
math500,343,train
math500,236,train
math500,189,train
math500,112,train
math500,469,train
math500,195,train
math500,445,train
math500,462,train
math500,358,train
math500,38,train
math500,391,train
math500,397,train
math500,194,train
math500,60,train
math500,306,train
math500,441,train
math500,134,train
math500,207,train
math500,192,train
math500,4,train
math500,337,train
math500,73,train
math500,319,train
math500,465,train
math500,342,train
math500,188,train
math500,459,train
math500,375,train
math500,106,train
math500,285,train
math500,439,train
math500,149,train
math500,36,train
math500,477,train
math500,128,train
math500,260,train
math500,482,train
math500,226,train
math500,409,val
math500,167,val
math500,13,val
math500,131,val
math500,173,val
math500,213,val
math500,403,val
math500,223,val
math500,64,val
math500,221,val
math500,283,val
math500,24,val
math500,284,val
math500,351,val
math500,456,val
math500,376,val
math500,229,val
math500,269,val
math500,288,val
math500,152,val
math500,303,val
math500,265,val
math500,92,val
math500,204,val
math500,252,val
math500,47,val
math500,227,val
math500,365,val
math500,317,val
math500,494,val
math500,233,val
math500,20,val
math500,467,val
math500,200,val
math500,437,val
math500,238,val
math500,39,val
math500,243,val
math500,390,val
math500,395,val
math500,257,val
math500,117,val
math500,454,val
math500,258,val
math500,443,val
math500,5,val
math500,347,val
math500,111,val
math500,220,val
math500,335,val
math500,411,val
math500,28,val
math500,394,val
math500,487,val
math500,408,val
math500,16,val
math500,247,val
math500,186,val
math500,114,val
math500,350,val
math500,222,val
math500,379,val
math500,185,val
math500,166,val
math500,1,val
math500,103,val
math500,385,val
math500,495,val
math500,293,val
math500,41,val
math500,298,val
math500,478,val
math500,433,val
math500,125,val
math500,126,val
math500,210,val
math500,97,val
math500,139,val
math500,414,val
math500,481,val
math500,170,val
math500,84,val
math500,25,val
math500,464,val
math500,491,val
math500,151,val
math500,82,val
math500,144,val
math500,37,val
math500,15,val
math500,242,val
math500,264,val
math500,279,val
math500,305,val
math500,329,val
math500,488,val
math500,429,val
math500,30,val
math500,355,val
math500,255,val
math500,352,test
math500,66,test
math500,254,test
math500,203,test
math500,407,test
math500,122,test
math500,476,test
math500,231,test
math500,45,test
math500,475,test
math500,165,test
math500,150,test
math500,450,test
math500,396,test
math500,402,test
math500,52,test
math500,333,test
math500,26,test
math500,158,test
math500,208,test
math500,457,test
math500,181,test
math500,209,test
math500,160,test
math500,299,test
math500,412,test
math500,22,test
math500,241,test
math500,262,test
math500,140,test
math500,500,test
math500,266,test
math500,301,test
math500,29,test
math500,206,test
math500,58,test
math500,417,test
math500,498,test
math500,215,test
math500,23,test
math500,479,test
math500,161,test
math500,270,test
math500,237,test
math500,400,test
math500,33,test
math500,367,test
math500,42,test
math500,295,test
math500,169,test
math500,211,test
math500,362,test
math500,483,test
math500,339,test
math500,79,test
math500,87,test
math500,136,test
math500,401,test
math500,272,test
math500,127,test
math500,473,test
math500,327,test
math500,297,test
math500,35,test
math500,216,test
math500,83,test
math500,214,test
math500,175,test
math500,453,test
math500,286,test
math500,107,test
math500,48,test
math500,68,test
math500,435,test
math500,205,test
math500,153,test
math500,40,test
math500,17,test
math500,129,test
math500,474,test
math500,119,test
math500,354,test
math500,461,test
math500,250,test
math500,51,test
math500,2,test
math500,452,test
math500,486,test
math500,62,test
math500,274,test
math500,418,test
math500,349,test
math500,426,test
math500,95,test
math500,489,test
math500,468,test
math500,157,test
math500,485,test
math500,330,test
math500,392,test
medqa,728,train
medqa,122,train
medqa,269,train
medqa,14,train
medqa,900,train
medqa,559,train
medqa,367,train
medqa,776,train
medqa,69,train
medqa,1111,train
medqa,1002,train
medqa,339,train
medqa,866,train
medqa,907,train
medqa,323,train
medqa,501,train
medqa,950,train
medqa,612,train
medqa,800,train
medqa,583,train
medqa,707,train
medqa,701,train
medqa,1254,train
medqa,112,train
medqa,34,train
medqa,1052,train
medqa,505,train
medqa,1186,train
medqa,386,train
medqa,227,train
medqa,1155,train
medqa,762,train
medqa,614,train
medqa,676,train
medqa,703,train
medqa,352,train
medqa,195,train
medqa,881,train
medqa,650,train
medqa,449,train
medqa,1108,train
medqa,1266,train
medqa,1216,train
medqa,1008,train
medqa,318,train
medqa,606,train
medqa,1049,train
medqa,270,train
medqa,347,train
medqa,1055,train
medqa,1129,train
medqa,146,train
medqa,1110,train
medqa,210,train
medqa,461,train
medqa,601,train
medqa,1248,train
medqa,427,train
medqa,932,train
medqa,566,train
medqa,1140,train
medqa,992,train
medqa,99,train
medqa,357,train
medqa,787,train
medqa,939,train
medqa,1086,train
medqa,1237,train
medqa,68,train
medqa,76,train
medqa,591,train
medqa,480,train
medqa,282,train
medqa,475,train
medqa,1211,train
medqa,922,train
medqa,1101,train
medqa,377,train
medqa,292,train
medqa,242,train
medqa,1066,train
medqa,967,train
medqa,1145,train
medqa,301,train
medqa,4,train
medqa,754,train
medqa,452,train
medqa,757,train
medqa,1137,train
medqa,1106,train
medqa,406,train
medqa,351,train
medqa,1206,train
medqa,929,train
medqa,218,train
medqa,442,train
medqa,217,train
medqa,1,train
medqa,934,train
medqa,43,train
medqa,38,train
medqa,1084,train
medqa,156,train
medqa,73,train
medqa,1060,train
medqa,631,train
medqa,891,train
medqa,1053,train
medqa,127,train
medqa,846,train
medqa,252,train
medqa,198,train
medqa,380,train
medqa,80,train
medqa,194,train
medqa,659,train
medqa,654,train
medqa,818,train
medqa,413,train
medqa,9,train
medqa,561,train
medqa,31,train
medqa,179,train
medqa,319,train
medqa,178,train
medqa,97,train
medqa,1138,train
medqa,528,train
medqa,177,train
medqa,771,train
medqa,1012,train
medqa,637,train
medqa,997,train
medqa,1225,train
medqa,841,train
medqa,474,train
medqa,955,train
medqa,666,train
medqa,910,train
medqa,1178,train
medqa,644,train
medqa,1153,train
medqa,790,train
medqa,978,train
medqa,1116,train
medqa,363,train
medqa,3,train
medqa,1047,train
medqa,696,train
medqa,1105,train
medqa,977,train
medqa,239,train
medqa,913,train
medqa,868,train
medqa,562,train
medqa,737,train
medqa,1230,train
medqa,212,train
medqa,908,train
medqa,272,train
medqa,152,train
medqa,268,train
medqa,310,train
medqa,782,train
medqa,418,train
medqa,774,train
medqa,1231,train
medqa,1030,train
medqa,1088,train
medqa,1011,train
medqa,32,train
medqa,1188,train
medqa,136,train
medqa,1036,train
medqa,938,train
medqa,1177,train
medqa,425,train
medqa,106,train
medqa,51,train
medqa,889,train
medqa,1224,train
medqa,852,train
medqa,820,train
medqa,546,train
medqa,98,train
medqa,290,train
medqa,555,train
medqa,705,train
medqa,951,train
medqa,1166,train
medqa,118,train
medqa,314,train
medqa,341,train
medqa,355,train
medqa,884,train
medqa,130,train
medqa,300,train
medqa,172,train
medqa,174,train
medqa,758,train
medqa,1253,train
medqa,35,train
medqa,109,train
medqa,188,train
medqa,574,train
medqa,716,train
medqa,636,train
medqa,713,train
medqa,313,train
medqa,931,train
medqa,399,train
medqa,803,train
medqa,216,train
medqa,1069,train
medqa,720,train
medqa,734,train
medqa,220,train
medqa,1073,train
medqa,1164,train
medqa,383,train
medqa,1085,train
medqa,1205,train
medqa,588,train
medqa,254,train
medqa,170,train
medqa,896,train
medqa,539,train
medqa,116,train
medqa,738,train
medqa,344,train
medqa,192,train
medqa,844,train
medqa,379,train
medqa,1134,train
medqa,814,train
medqa,1241,train
medqa,1033,train
medqa,434,train
medqa,436,train
medqa,277,train
medqa,1176,train
medqa,148,train
medqa,549,train
medqa,642,train
medqa,356,train
medqa,953,train
medqa,599,train
medqa,570,train
medqa,50,train
medqa,149,train
medqa,544,train
medqa,980,train
medqa,1244,train
medqa,1076,train
medqa,443,train
medqa,1063,train
medqa,1151,train
medqa,865,train
medqa,59,train
medqa,750,train
medqa,834,train
medqa,221,train
medqa,1119,train
medqa,219,train
medqa,1158,train
medqa,415,train
medqa,796,train
medqa,700,train
medqa,1200,train
medqa,186,train
medqa,263,train
medqa,1270,train
medqa,993,train
medqa,1117,train
medqa,755,train
medqa,316,train
medqa,1059,train
medqa,576,train
medqa,568,train
medqa,307,train
medqa,224,train
medqa,784,train
medqa,433,train
medqa,1181,train
medqa,429,train
medqa,995,train
medqa,479,train
medqa,1004,train
medqa,918,train
medqa,665,train
medqa,30,train
medqa,1064,train
medqa,373,train
medqa,698,train
medqa,748,train
medqa,1093,train
medqa,743,train
medqa,287,train
medqa,855,train
medqa,1235,train
medqa,613,train
medqa,256,train
medqa,201,train
medqa,55,train
medqa,71,train
medqa,490,train
medqa,822,train
medqa,261,train
medqa,267,train
medqa,768,train
medqa,827,train
medqa,485,train
medqa,1267,train
medqa,808,train
medqa,664,train
medqa,1161,train
medqa,521,train
medqa,941,train
medqa,1021,train
medqa,44,train
medqa,37,train
medqa,968,train
medqa,1152,train
medqa,103,train
medqa,598,train
medqa,802,train
medqa,1183,train
medqa,150,train
medqa,656,train
medqa,422,train
medqa,440,train
medqa,883,train
medqa,416,train
medqa,262,train
medqa,102,train
medqa,550,train
medqa,153,train
medqa,64,train
medqa,25,train
medqa,492,train
medqa,638,train
medqa,184,train
medqa,185,train
medqa,1050,train
medqa,912,train
medqa,640,train
medqa,1252,train
medqa,1213,train
medqa,447,train
medqa,1074,train
medqa,281,train
medqa,975,train
medqa,1126,train
medqa,481,train
medqa,115,train
medqa,847,train
medqa,274,train
medqa,733,train
medqa,6,train
medqa,810,train
medqa,348,train
medqa,495,train
medqa,1162,train
medqa,128,train
medqa,875,train
medqa,565,train
medqa,1273,train
medqa,760,train
medqa,489,train
medqa,366,train
medqa,577,train
medqa,305,train
medqa,1133,train
medqa,689,train
medqa,727,train
medqa,151,train
medqa,134,train
medqa,444,train
medqa,690,train
medqa,1018,train
medqa,682,train
medqa,673,train
medqa,991,train
medqa,1062,train
medqa,289,train
medqa,19,train
medqa,680,train
medqa,1136,train
medqa,604,train
medqa,990,train
medqa,854,train
medqa,503,train
medqa,1109,train
medqa,311,train
medqa,364,train
medqa,830,train
medqa,593,train
medqa,541,train
medqa,1077,train
medqa,234,train
medqa,24,train
medqa,424,train
medqa,780,train
medqa,838,train
medqa,1193,train
medqa,36,train
medqa,840,train
medqa,1131,train
medqa,1144,train
medqa,567,train
medqa,781,train
medqa,233,train
medqa,1143,train
medqa,428,train
medqa,82,train
medqa,586,train
medqa,248,train
medqa,660,train
medqa,20,train
medqa,1054,train
medqa,886,train
medqa,532,train
medqa,679,train
medqa,437,train
medqa,765,train
medqa,522,train
medqa,812,train
medqa,321,train
medqa,48,train
medqa,569,train
medqa,1027,train
medqa,244,train
medqa,791,train
medqa,530,train
medqa,692,train
medqa,166,train
medqa,804,train
medqa,958,train
medqa,111,train
medqa,809,train
medqa,298,train
medqa,470,train
medqa,864,train
medqa,621,train
medqa,395,train
medqa,996,train
medqa,63,train
medqa,678,train
medqa,280,train
medqa,401,train
medqa,1029,train
medqa,1191,train
medqa,1222,train
medqa,41,train
medqa,1195,train
medqa,502,train
medqa,786,train
medqa,905,train
medqa,183,train
medqa,789,train
medqa,1258,train
medqa,1120,train
medqa,924,train
medqa,1003,train
medqa,460,train
medqa,430,train
medqa,369,train
medqa,143,train
medqa,647,train
medqa,388,train
medqa,1271,train
medqa,1261,train
medqa,1157,train
medqa,472,train
medqa,238,train
medqa,204,train
medqa,525,train
medqa,1125,train
medqa,710,train
medqa,807,train
medqa,353,train
medqa,1182,train
medqa,605,train
medqa,1123,train
medqa,457,train
medqa,90,train
medqa,873,train
medqa,324,train
medqa,113,train
medqa,320,train
medqa,21,train
medqa,726,train
medqa,1217,train
medqa,412,train
medqa,42,train
medqa,788,train
medqa,358,train
medqa,7,train
medqa,466,train
medqa,1023,train
medqa,509,train
medqa,453,train
medqa,836,train
medqa,536,train
medqa,869,train
medqa,117,train
medqa,397,train
medqa,829,train
medqa,83,train
medqa,1067,train
medqa,894,train
medqa,421,train
medqa,1096,train
medqa,154,train
medqa,672,train
medqa,294,train
medqa,1170,train
medqa,853,train
medqa,1220,train
medqa,322,train
medqa,1160,train
medqa,919,train
medqa,26,train
medqa,410,train
medqa,1212,train
medqa,423,train
medqa,215,train
medqa,770,train
medqa,1124,train
medqa,226,train
medqa,571,train
medqa,458,train
medqa,486,train
medqa,382,train
medqa,335,train
medqa,145,train
medqa,18,train
medqa,867,train
medqa,354,train
medqa,58,train
medqa,1034,train
medqa,426,train
medqa,253,train
medqa,296,train
medqa,223,train
medqa,851,train
medqa,556,train
medqa,798,train
medqa,336,train
medqa,764,train
medqa,639,train
medqa,53,train
medqa,819,train
medqa,1014,train
medqa,930,train
medqa,611,train
medqa,1075,train
medqa,1057,train
medqa,181,train
medqa,971,train
medqa,986,train
medqa,620,train
medqa,1179,train
medqa,285,train
medqa,587,train
medqa,641,train
medqa,963,train
medqa,396,train
medqa,104,train
medqa,1092,train
medqa,1259,train
medqa,985,train
medqa,622,train
medqa,499,train
medqa,439,train
medqa,893,train
medqa,207,train
medqa,635,train
medqa,989,train
medqa,27,train
medqa,1173,train
medqa,801,train
medqa,405,train
medqa,959,train
medqa,712,train
medqa,948,train
medqa,815,train
medqa,411,train
medqa,120,train
medqa,629,train
medqa,669,train
medqa,197,train
medqa,5,train
medqa,1146,train
medqa,487,train
medqa,1112,train
medqa,158,train
medqa,761,train
medqa,78,train
medqa,91,train
medqa,752,train
medqa,649,train
medqa,1156,train
medqa,209,train
medqa,1221,train
medqa,623,train
medqa,850,train
medqa,923,train
medqa,1185,train
medqa,74,train
medqa,1229,train
medqa,926,train
medqa,828,train
medqa,54,train
medqa,275,train
medqa,123,train
medqa,708,train
medqa,1210,train
medqa,928,train
medqa,124,train
medqa,370,train
medqa,527,train
medqa,681,train
medqa,1044,train
medqa,329,train
medqa,943,train
medqa,398,train
medqa,914,train
medqa,729,train
medqa,888,train
medqa,1037,train
medqa,965,train
medqa,456,train
medqa,877,train
medqa,175,train
medqa,251,train
medqa,759,train
medqa,878,train
medqa,769,train
medqa,260,train
medqa,871,train
medqa,359,train
medqa,65,train
medqa,228,train
medqa,972,train
medqa,1107,train
medqa,1019,train
medqa,361,train
medqa,182,train
medqa,205,train
medqa,949,train
medqa,468,train
medqa,1051,train
medqa,349,train
medqa,271,train
medqa,543,train
medqa,512,train
medqa,169,train
medqa,288,train
medqa,857,train
medqa,643,train
medqa,308,train
medqa,793,train
medqa,1013,train
medqa,17,train
medqa,1102,train
medqa,1010,train
medqa,879,train
medqa,1238,train
medqa,813,train
medqa,683,train
medqa,1236,train
medqa,1202,train
medqa,435,train
medqa,590,train
medqa,1040,train
medqa,62,train
medqa,1207,train
medqa,404,train
medqa,295,train
medqa,1209,train
medqa,284,train
medqa,488,train
medqa,537,train
medqa,699,train
medqa,12,train
medqa,691,train
medqa,77,train
medqa,338,train
medqa,824,train
medqa,93,train
medqa,860,train
medqa,741,train
medqa,724,train
medqa,47,train
medqa,230,train
medqa,330,train
medqa,389,train
medqa,706,train
medqa,1028,train
medqa,393,train
medqa,535,train
medqa,1026,train
medqa,259,train
medqa,833,train
medqa,1227,train
medqa,462,train
medqa,240,train
medqa,674,train
medqa,222,train
medqa,1097,train
medqa,40,train
medqa,121,train
medqa,1208,train
medqa,1121,train
medqa,1098,train
medqa,45,train
medqa,625,train
medqa,984,train
medqa,901,train
medqa,582,train
medqa,1132,train
medqa,516,train
medqa,1269,train
medqa,89,train
medqa,1043,train
medqa,381,train
medqa,973,train
medqa,778,train
medqa,70,train
medqa,387,train
medqa,190,train
medqa,1065,train
medqa,304,train
medqa,835,train
medqa,384,train
medqa,1032,train
medqa,1041,train
medqa,694,train
medqa,702,train
medqa,346,train
medqa,709,train
medqa,693,train
medqa,861,train
medqa,1114,train
medqa,652,train
medqa,670,train
medqa,1168,train
medqa,147,train
medqa,1167,train
medqa,825,train
medqa,173,train
medqa,1082,train
medqa,342,train
medqa,463,train
medqa,1068,train
medqa,432,train
medqa,391,train
medqa,974,train
medqa,119,train
medqa,603,train
medqa,1268,train
medqa,580,train
medqa,409,train
medqa,1232,val
medqa,648,val
medqa,839,val
medqa,849,val
medqa,1089,val
medqa,811,val
medqa,1080,val
medqa,898,val
medqa,935,val
medqa,334,val
medqa,511,val
medqa,394,val
medqa,627,val
medqa,859,val
medqa,531,val
medqa,1128,val
medqa,1174,val
medqa,817,val
medqa,1180,val
medqa,1005,val
medqa,1056,val
medqa,1149,val
medqa,61,val
medqa,916,val
medqa,1203,val
medqa,1122,val
medqa,732,val
medqa,1218,val
medqa,171,val
medqa,141,val
medqa,465,val
medqa,534,val
medqa,585,val
medqa,482,val
medqa,730,val
medqa,180,val
medqa,717,val
medqa,403,val
medqa,498,val
medqa,617,val
medqa,438,val
medqa,548,val
medqa,596,val
medqa,714,val
medqa,554,val
medqa,1154,val
medqa,94,val
medqa,671,val
medqa,940,val
medqa,736,val
medqa,947,val
medqa,795,val
medqa,303,val
medqa,1247,val
medqa,135,val
medqa,193,val
medqa,1265,val
medqa,911,val
medqa,445,val
medqa,746,val
medqa,904,val
medqa,1242,val
medqa,451,val
medqa,75,val
medqa,1006,val
medqa,618,val
medqa,667,val
medqa,885,val
medqa,66,val
medqa,110,val
medqa,856,val
medqa,595,val
medqa,845,val
medqa,312,val
medqa,137,val
medqa,473,val
medqa,1061,val
medqa,632,val
medqa,961,val
medqa,374,val
medqa,1171,val
medqa,1240,val
medqa,431,val
medqa,332,val
medqa,142,val
medqa,581,val
medqa,751,val
medqa,937,val
medqa,1233,val
medqa,345,val
medqa,624,val
medqa,243,val
medqa,826,val
medqa,2,val
medqa,735,val
medqa,8,val
medqa,806,val
medqa,553,val
medqa,899,val
medqa,365,val
medqa,1264,val
medqa,1257,val
medqa,584,val
medqa,81,val
medqa,538,val
medqa,792,val
medqa,983,val
medqa,375,val
medqa,455,val
medqa,725,val
medqa,420,val
medqa,719,val
medqa,159,val
medqa,515,val
medqa,779,val
medqa,484,val
medqa,514,val
medqa,837,val
medqa,862,val
medqa,573,val
medqa,777,val
medqa,988,val
medqa,371,val
medqa,1226,val
medqa,540,val
medqa,890,val
medqa,749,val
medqa,469,val
medqa,96,val
medqa,572,val
medqa,1035,val
medqa,229,val
medqa,247,val
medqa,962,val
medqa,575,val
medqa,1139,val
medqa,408,val
medqa,39,val
medqa,721,val
medqa,1159,val
medqa,1234,val
medqa,211,val
medqa,775,val
medqa,56,val
medqa,545,val
medqa,1025,val
medqa,524,val
medqa,237,val
medqa,740,val
medqa,1260,val
medqa,633,val
medqa,794,val
medqa,767,val
medqa,23,val
medqa,805,val
medqa,1038,val
medqa,108,val
medqa,1099,val
medqa,645,val
medqa,887,val
medqa,257,val
medqa,155,val
medqa,892,val
medqa,1169,val
medqa,874,val
medqa,400,val
medqa,956,val
medqa,592,val
medqa,607,val
medqa,675,val
medqa,917,val
medqa,1104,val
medqa,1095,val
medqa,459,val
medqa,340,val
medqa,964,val
medqa,619,val
medqa,162,val
medqa,157,val
medqa,579,val
medqa,232,val
medqa,1190,val
medqa,441,val
medqa,85,val
medqa,46,val
medqa,523,val
medqa,100,val
medqa,84,val
medqa,265,val
medqa,655,val
medqa,560,val
medqa,697,val
medqa,1250,val
medqa,225,val
medqa,551,val
medqa,933,val
medqa,140,val
medqa,563,val
medqa,1142,val
medqa,1228,val
medqa,658,val
medqa,1058,val
medqa,1172,val
medqa,493,val
medqa,273,val
medqa,1046,val
medqa,1091,val
medqa,372,val
medqa,328,val
medqa,114,val
medqa,533,val
medqa,999,val
medqa,842,val
medqa,450,val
medqa,392,val
medqa,952,val
medqa,976,val
medqa,1135,val
medqa,1239,val
medqa,1070,val
medqa,799,val
medqa,1199,val
medqa,15,val
medqa,139,val
medqa,477,val
medqa,22,val
medqa,1272,val
medqa,1039,val
medqa,1141,val
medqa,331,val
medqa,773,val
medqa,518,val
medqa,668,val
medqa,1196,val
medqa,957,val
medqa,508,val
medqa,29,val
medqa,969,val
medqa,823,val
medqa,283,val
medqa,189,val
medqa,510,val
medqa,333,val
medqa,11,val
medqa,144,val
medqa,126,val
medqa,858,val
medqa,1148,val
medqa,60,val
medqa,684,val
medqa,954,val
medqa,496,val
medqa,797,val
medqa,998,val
medqa,10,val
medqa,1198,test
medqa,615,test
medqa,616,test
medqa,52,test
medqa,742,test
medqa,600,test
medqa,1115,test
medqa,454,test
medqa,1016,test
medqa,315,test
medqa,848,test
medqa,1246,test
medqa,1000,test
medqa,196,test
medqa,13,test
medqa,966,test
medqa,1223,test
medqa,902,test
medqa,526,test
medqa,231,test
medqa,520,test
medqa,895,test
medqa,163,test
medqa,278,test
medqa,476,test
medqa,500,test
medqa,578,test
medqa,695,test
medqa,783,test
medqa,276,test
medqa,79,test
medqa,1071,test
medqa,1194,test
medqa,1163,test
medqa,1045,test
medqa,249,test
medqa,610,test
medqa,350,test
medqa,1083,test
medqa,542,test
medqa,506,test
medqa,1204,test
medqa,187,test
medqa,982,test
medqa,504,test
medqa,927,test
medqa,28,test
medqa,167,test
medqa,552,test
medqa,291,test
medqa,906,test
medqa,1078,test
medqa,164,test
medqa,246,test
medqa,711,test
medqa,208,test
medqa,491,test
medqa,317,test
medqa,1175,test
medqa,1263,test
medqa,1187,test
medqa,942,test
medqa,925,test
medqa,981,test
medqa,176,test
medqa,597,test
medqa,1009,test
medqa,816,test
medqa,202,test
medqa,107,test
medqa,1072,test
medqa,1150,test
medqa,661,test
medqa,129,test
medqa,368,test
medqa,1249,test
medqa,785,test
medqa,125,test
medqa,250,test
medqa,407,test
medqa,86,test
medqa,594,test
medqa,419,test
medqa,863,test
medqa,467,test
medqa,1001,test
medqa,558,test
medqa,1214,test
medqa,628,test
medqa,557,test
medqa,766,test
medqa,266,test
medqa,1087,test
medqa,756,test
medqa,653,test
medqa,417,test
medqa,87,test
medqa,870,test
medqa,876,test
medqa,168,test
medqa,1103,test
medqa,161,test
medqa,723,test
medqa,402,test
medqa,903,test
medqa,677,test
medqa,494,test
medqa,378,test
medqa,16,test
medqa,821,test
medqa,478,test
medqa,293,test
medqa,385,test
medqa,897,test
medqa,165,test
medqa,763,test
medqa,832,test
medqa,1113,test
medqa,1197,test
medqa,446,test
medqa,1255,test
medqa,1262,test
medqa,519,test
medqa,687,test
medqa,686,test
medqa,1118,test
medqa,1192,test
medqa,1042,test
medqa,1245,test
medqa,979,test
medqa,843,test
medqa,57,test
medqa,688,test
medqa,1243,test
medqa,1079,test
medqa,309,test
medqa,1017,test
medqa,33,test
medqa,245,test
medqa,286,test
medqa,718,test
medqa,264,test
medqa,1100,test
medqa,772,test
medqa,241,test
medqa,909,test
medqa,882,test
medqa,608,test
medqa,602,test
medqa,1007,test
medqa,880,test
medqa,589,test
medqa,483,test
medqa,306,test
medqa,872,test
medqa,326,test
medqa,279,test
medqa,464,test
medqa,1022,test
medqa,946,test
medqa,744,test
medqa,945,test
medqa,634,test
medqa,731,test
medqa,517,test
medqa,235,test
medqa,1215,test
medqa,214,test
medqa,1147,test
medqa,133,test
medqa,390,test
medqa,448,test
medqa,722,test
medqa,507,test
medqa,1090,test
medqa,704,test
medqa,1081,test
medqa,662,test
medqa,960,test
medqa,745,test
medqa,236,test
medqa,1048,test
medqa,297,test
medqa,497,test
medqa,1165,test
medqa,199,test
medqa,299,test
medqa,1015,test
medqa,1127,test
medqa,343,test
medqa,138,test
medqa,1024,test
medqa,609,test
medqa,67,test
medqa,753,test
medqa,1031,test
medqa,564,test
medqa,213,test
medqa,1184,test
medqa,920,test
medqa,92,test
medqa,471,test
medqa,1256,test
medqa,747,test
medqa,191,test
medqa,325,test
medqa,1201,test
medqa,200,test
medqa,936,test
medqa,1130,test
medqa,95,test
medqa,337,test
medqa,651,test
medqa,105,test
medqa,915,test
medqa,131,test
medqa,663,test
medqa,646,test
medqa,657,test
medqa,1094,test
medqa,360,test
medqa,255,test
medqa,547,test
medqa,258,test
medqa,362,test
medqa,1251,test
medqa,414,test
medqa,206,test
medqa,739,test
medqa,1020,test
medqa,831,test
medqa,160,test
medqa,1189,test
medqa,529,test
medqa,630,test
medqa,302,test
medqa,1219,test
medqa,101,test
medqa,49,test
medqa,626,test
medqa,944,test
medqa,970,test
medqa,921,test
medqa,72,test
medqa,376,test
medqa,715,test
medqa,987,test
medqa,203,test
medqa,327,test
medqa,685,test
medqa,88,test
medqa,994,test
medqa,132,test
medqa,513,test
meld,825,train
meld,357,train
meld,1012,train
meld,582,train
meld,1075,train
meld,348,train
meld,286,train
meld,496,train
meld,728,train
meld,70,train
meld,316,train
meld,258,train
meld,737,train
meld,629,train
meld,108,train
meld,437,train
meld,580,train
meld,938,train
meld,204,train
meld,800,train
meld,1232,train
meld,1080,train
meld,786,train
meld,415,train
meld,53,train
meld,1026,train
meld,976,train
meld,416,train
meld,735,train
meld,772,train
meld,52,train
meld,219,train
meld,1085,train
meld,265,train
meld,777,train
meld,902,train
meld,1129,train
meld,1050,train
meld,583,train
meld,810,train
meld,1078,train
meld,857,train
meld,537,train
meld,1151,train
meld,1186,train
meld,997,train
meld,646,train
meld,1105,train
meld,808,train
meld,793,train
meld,956,train
meld,338,train
meld,1178,train
meld,947,train
meld,608,train
meld,698,train
meld,480,train
meld,434,train
meld,117,train
meld,240,train
meld,1021,train
meld,1152,train
meld,432,train
meld,406,train
meld,908,train
meld,1040,train
meld,514,train
meld,807,train
meld,147,train
meld,205,train
meld,396,train
meld,1226,train
meld,255,train
meld,999,train
meld,604,train
meld,329,train
meld,563,train
meld,910,train
meld,844,train
meld,928,train
meld,185,train
meld,1209,train
meld,86,train
meld,442,train
meld,965,train
meld,188,train
meld,297,train
meld,208,train
meld,226,train
meld,891,train
meld,801,train
meld,935,train
meld,581,train
meld,454,train
meld,838,train
meld,285,train
meld,1225,train
meld,142,train
meld,815,train
meld,759,train
meld,319,train
meld,771,train
meld,520,train
meld,477,train
meld,251,train
meld,741,train
meld,1020,train
meld,448,train
meld,943,train
meld,439,train
meld,1223,train
meld,1133,train
meld,104,train
meld,32,train
meld,206,train
meld,39,train
meld,833,train
meld,875,train
meld,159,train
meld,26,train
meld,172,train
meld,960,train
meld,911,train
meld,534,train
meld,231,train
meld,267,train
meld,1111,train
meld,628,train
meld,505,train
meld,247,train
meld,975,train
meld,647,train
meld,1207,train
meld,232,train
meld,630,train
meld,937,train
meld,699,train
meld,767,train
meld,837,train
meld,847,train
meld,252,train
meld,634,train
meld,750,train
meld,183,train
meld,12,train
meld,458,train
meld,1149,train
meld,308,train
meld,596,train
meld,1184,train
meld,1039,train
meld,1214,train
meld,1157,train
meld,971,train
meld,981,train
meld,411,train
meld,920,train
meld,289,train
meld,742,train
meld,326,train
meld,1150,train
meld,708,train
meld,173,train
meld,460,train
meld,1079,train
meld,519,train
meld,1073,train
meld,484,train
meld,1146,train
meld,153,train
meld,1218,train
meld,322,train
meld,133,train
meld,388,train
meld,915,train
meld,478,train
meld,73,train
meld,120,train
meld,1203,train
meld,20,train
meld,1030,train
meld,658,train
meld,253,train
meld,174,train
meld,890,train
meld,373,train
meld,843,train
meld,5,train
meld,607,train
meld,545,train
meld,1145,train
meld,137,train
meld,743,train
meld,398,train
meld,873,train
meld,299,train
meld,368,train
meld,655,train
meld,773,train
meld,56,train
meld,614,train
meld,632,train
meld,379,train
meld,984,train
meld,846,train
meld,328,train
meld,276,train
meld,182,train
meld,933,train
meld,363,train
meld,191,train
meld,83,train
meld,1014,train
meld,309,train
meld,164,train
meld,827,train
meld,917,train
meld,97,train
meld,925,train
meld,464,train
meld,257,train
meld,394,train
meld,1130,train
meld,798,train
meld,136,train
meld,518,train
meld,691,train
meld,503,train
meld,1097,train
meld,590,train
meld,387,train
meld,1022,train
meld,225,train
meld,717,train
meld,229,train
meld,264,train
meld,68,train
meld,36,train
meld,1013,train
meld,260,train
meld,100,train
meld,167,train
meld,197,train
meld,497,train
meld,218,train
meld,358,train
meld,1190,train
meld,360,train
meld,382,train
meld,511,train
meld,678,train
meld,10,train
meld,595,train
meld,481,train
meld,278,train
meld,145,train
meld,1208,train
meld,664,train
meld,84,train
meld,1042,train
meld,702,train
meld,1045,train
meld,592,train
meld,281,train
meld,300,train
meld,291,train
meld,115,train
meld,539,train
meld,538,train
meld,1179,train
meld,684,train
meld,37,train
meld,180,train
meld,471,train
meld,889,train
meld,110,train
meld,573,train
meld,498,train
meld,1046,train
meld,102,train
meld,509,train
meld,365,train
meld,4,train
meld,455,train
meld,212,train
meld,1059,train
meld,76,train
meld,380,train
meld,1104,train
meld,988,train
meld,842,train
meld,637,train
meld,591,train
meld,410,train
meld,834,train
meld,391,train
meld,426,train
meld,615,train
meld,558,train
meld,587,train
meld,967,train
meld,390,train
meld,111,train
meld,427,train
meld,1035,train
meld,774,train
meld,355,train
meld,72,train
meld,979,train
meld,412,train
meld,351,train
meld,723,train
meld,399,train
meld,753,train
meld,1015,train
meld,1171,train
meld,487,train
meld,521,train
meld,1199,train
meld,179,train
meld,782,train
meld,245,train
meld,375,train
meld,848,train
meld,670,train
meld,33,train
meld,22,train
meld,839,train
meld,369,train
meld,1084,train
meld,131,train
meld,63,train
meld,763,train
meld,948,train
meld,89,train
meld,7,train
meld,491,train
meld,893,train
meld,995,train
meld,644,train
meld,661,train
meld,57,train
meld,222,train
meld,942,train
meld,693,train
meld,651,train
meld,571,train
meld,640,train
meld,694,train
meld,796,train
meld,482,train
meld,899,train
meld,586,train
meld,74,train
meld,476,train
meld,101,train
meld,211,train
meld,674,train
meld,983,train
meld,700,train
meld,516,train
meld,799,train
meld,894,train
meld,166,train
meld,659,train
meld,714,train
meld,1166,train
meld,272,train
meld,957,train
meld,1065,train
meld,1005,train
meld,733,train
meld,490,train
meld,992,train
meld,269,train
meld,422,train
meld,954,train
meld,178,train
meld,951,train
meld,601,train
meld,1185,train
meld,553,train
meld,268,train
meld,407,train
meld,349,train
meld,2,train
meld,1091,train
meld,642,train
meld,343,train
meld,69,train
meld,186,train
meld,1138,train
meld,963,train
meld,189,train
meld,361,train
meld,560,train
meld,130,train
meld,1221,train
meld,370,train
meld,1064,train
meld,143,train
meld,381,train
meld,762,train
meld,668,train
meld,112,train
meld,452,train
meld,40,train
meld,90,train
meld,924,train
meld,194,train
meld,1212,train
meld,939,train
meld,653,train
meld,605,train
meld,657,train
meld,6,train
meld,1217,train
meld,806,train
meld,896,train
meld,395,train
meld,156,train
meld,1096,train
meld,1002,train
meld,314,train
meld,770,train
meld,1072,train
meld,855,train
meld,152,train
meld,346,train
meld,1056,train
meld,1175,train
meld,114,train
meld,662,train
meld,140,train
meld,841,train
meld,1110,train
meld,79,train
meld,736,train
meld,973,train
meld,862,train
meld,927,train
meld,1086,train
meld,449,train
meld,165,train
meld,523,train
meld,469,train
meld,475,train
meld,106,train
meld,631,train
meld,1099,train
meld,428,train
meld,531,train
meld,1164,train
meld,1172,train
meld,566,train
meld,302,train
meld,867,train
meld,339,train
meld,122,train
meld,814,train
meld,150,train
meld,420,train
meld,1187,train
meld,804,train
meld,930,train
meld,198,train
meld,730,train
meld,400,train
meld,554,train
meld,707,train
meld,337,train
meld,424,train
meld,280,train
meld,163,train
meld,1224,train
meld,230,train
meld,1159,train
meld,1128,train
meld,461,train
meld,790,train
meld,666,train
meld,217,train
meld,824,train
meld,3,train
meld,720,train
meld,397,train
meld,1142,train
meld,959,train
meld,1147,train
meld,92,train
meld,546,train
meld,645,train
meld,619,train
meld,877,train
meld,677,train
meld,854,train
meld,530,train
meld,1177,train
meld,62,train
meld,513,train
meld,1008,train
meld,425,train
meld,859,train
meld,1121,train
meld,494,train
meld,282,train
meld,16,train
meld,744,train
meld,977,train
meld,65,train
meld,271,train
meld,912,train
meld,817,train
meld,649,train
meld,1198,train
meld,1062,train
meld,1043,train
meld,1088,train
meld,203,train
meld,1127,train
meld,679,train
meld,64,train
meld,207,train
meld,303,train
meld,622,train
meld,1023,train
meld,868,train
meld,941,train
meld,562,train
meld,853,train
meld,652,train
meld,256,train
meld,158,train
meld,77,train
meld,754,train
meld,1155,train
meld,1058,train
meld,192,train
meld,758,train
meld,468,train
meld,1016,train
meld,347,train
meld,542,train
meld,1118,train
meld,224,train
meld,321,train
meld,489,train
meld,945,train
meld,323,train
meld,871,train
meld,306,train
meld,129,train
meld,946,train
meld,372,train
meld,547,train
meld,459,train
meld,493,train
meld,431,train
meld,860,train
meld,293,train
meld,940,train
meld,612,train
meld,472,train
meld,88,train
meld,556,train
meld,310,train
meld,210,train
meld,246,train
meld,162,train
meld,892,train
meld,243,train
meld,421,train
meld,128,train
meld,354,train
meld,821,train
meld,445,train
meld,822,train
meld,254,train
meld,512,train
meld,705,train
meld,697,train
meld,241,train
meld,473,train
meld,340,train
meld,457,train
meld,1189,train
meld,423,train
meld,1201,train
meld,1174,train
meld,1000,train
meld,67,train
meld,288,train
meld,236,train
meld,643,train
meld,1132,train
meld,748,train
meld,781,train
meld,126,train
meld,625,train
meld,27,train
meld,913,train
meld,1168,train
meld,529,train
meld,898,train
meld,59,train
meld,234,train
meld,362,train
meld,914,train
meld,620,train
meld,1231,train
meld,193,train
meld,263,train
meld,170,train
meld,931,train
meld,1195,train
meld,1100,train
meld,1181,train
meld,1182,train
meld,414,train
meld,865,train
meld,510,train
meld,304,train
meld,818,train
meld,270,train
meld,1033,train
meld,1205,train
meld,874,train
meld,527,train
meld,19,train
meld,667,train
meld,13,train
meld,830,train
meld,345,train
meld,341,train
meld,663,train
meld,766,train
meld,1135,train
meld,706,train
meld,589,train
meld,21,train
meld,1215,train
meld,233,train
meld,572,train
meld,564,train
meld,526,train
meld,441,train
meld,578,train
meld,1048,train
meld,25,train
meld,1067,train
meld,1019,train
meld,820,train
meld,968,train
meld,929,train
meld,953,train
meld,61,train
meld,161,train
meld,734,train
meld,978,train
meld,1193,train
meld,485,train
meld,665,train
meld,613,train
meld,334,train
meld,540,train
meld,1153,train
meld,683,train
meld,506,train
meld,71,train
meld,1144,train
meld,541,train
meld,66,train
meld,463,train
meld,803,train
meld,829,train
meld,1170,train
meld,344,train
meld,982,train
meld,235,train
meld,465,train
meld,740,train
meld,727,train
meld,972,train
meld,756,train
meld,171,train
meld,1228,train
meld,900,train
meld,157,train
meld,549,train
meld,438,train
meld,716,train
meld,187,train
meld,1196,train
meld,1230,train
meld,342,train
meld,107,train
meld,23,train
meld,466,train
meld,1200,train
meld,462,train
meld,1053,train
meld,882,train
meld,312,train
meld,239,train
meld,1027,train
meld,785,train
meld,1093,train
meld,262,train
meld,479,train
meld,1060,train
meld,332,train
meld,93,train
meld,1018,train
meld,228,train
meld,575,train
meld,313,train
meld,371,train
meld,1004,train
meld,295,train
meld,214,train
meld,1213,train
meld,1143,train
meld,904,train
meld,726,train
meld,41,train
meld,366,train
meld,1160,train
meld,60,train
meld,916,train
meld,327,train
meld,1122,train
meld,654,train
meld,305,train
meld,1095,train
meld,1211,train
meld,985,train
meld,82,train
meld,283,train
meld,1227,train
meld,1031,val
meld,789,val
meld,603,val
meld,1003,val
meld,1134,val
meld,1161,val
meld,200,val
meld,768,val
meld,696,val
meld,51,val
meld,1131,val
meld,621,val
meld,648,val
meld,1034,val
meld,650,val
meld,712,val
meld,832,val
meld,1124,val
meld,775,val
meld,961,val
meld,141,val
meld,576,val
meld,1063,val
meld,1074,val
meld,1163,val
meld,994,val
meld,1049,val
meld,675,val
meld,325,val
meld,1115,val
meld,121,val
meld,402,val
meld,919,val
meld,641,val
meld,221,val
meld,769,val
meld,1089,val
meld,597,val
meld,483,val
meld,783,val
meld,685,val
meld,836,val
meld,1082,val
meld,669,val
meld,870,val
meld,1123,val
meld,850,val
meld,149,val
meld,1103,val
meld,802,val
meld,49,val
meld,991,val
meld,797,val
meld,1219,val
meld,536,val
meld,353,val
meld,1098,val
meld,474,val
meld,151,val
meld,220,val
meld,779,val
meld,1167,val
meld,883,val
meld,557,val
meld,501,val
meld,155,val
meld,1092,val
meld,724,val
meld,888,val
meld,949,val
meld,638,val
meld,274,val
meld,687,val
meld,952,val
meld,1120,val
meld,784,val
meld,1113,val
meld,127,val
meld,195,val
meld,9,val
meld,1011,val
meld,672,val
meld,787,val
meld,1,val
meld,690,val
meld,1025,val
meld,259,val
meld,851,val
meld,1204,val
meld,574,val
meld,598,val
meld,1222,val
meld,248,val
meld,921,val
meld,1148,val
meld,887,val
meld,958,val
meld,845,val
meld,1106,val
meld,160,val
meld,747,val
meld,279,val
meld,718,val
meld,602,val
meld,8,val
meld,453,val
meld,852,val
meld,732,val
meld,378,val
meld,290,val
meld,500,val
meld,1114,val
meld,34,val
meld,488,val
meld,987,val
meld,1102,val
meld,1017,val
meld,47,val
meld,738,val
meld,559,val
meld,746,val
meld,826,val
meld,284,val
meld,333,val
meld,94,val
meld,682,val
meld,1229,val
meld,1090,val
meld,436,val
meld,209,val
meld,1041,val
meld,261,val
meld,298,val
meld,1044,val
meld,213,val
meld,676,val
meld,85,val
meld,1140,val
meld,922,val
meld,618,val
meld,249,val
meld,1156,val
meld,196,val
meld,96,val
meld,636,val
meld,315,val
meld,35,val
meld,932,val
meld,386,val
meld,710,val
meld,936,val
meld,535,val
meld,989,val
meld,866,val
meld,1173,val
meld,1068,val
meld,565,val
meld,926,val
meld,1197,val
meld,584,val
meld,609,val
meld,125,val
meld,1076,val
meld,1052,val
meld,1220,val
meld,555,val
meld,986,val
meld,336,val
meld,181,val
meld,139,val
meld,48,val
meld,722,val
meld,980,val
meld,18,val
meld,446,val
meld,403,val
meld,43,val
meld,1057,val
meld,1136,val
meld,1176,val
meld,792,val
meld,606,val
meld,413,val
meld,1069,val
meld,242,val
meld,660,val
meld,311,val
meld,1169,val
meld,1180,val
meld,307,val
meld,1183,val
meld,237,val
meld,1206,val
meld,633,val
meld,878,val
meld,757,val
meld,42,val
meld,1107,val
meld,109,val
meld,528,val
meld,962,val
meld,1162,val
meld,1070,val
meld,970,val
meld,317,val
meld,430,val
meld,433,val
meld,955,val
meld,709,val
meld,1094,val
meld,377,val
meld,176,val
meld,840,val
meld,1032,val
meld,1154,val
meld,525,val
meld,1137,val
meld,376,val
meld,532,val
meld,17,val
meld,635,val
meld,331,val
meld,134,val
meld,273,val
meld,359,val
meld,745,val
meld,880,val
meld,918,val
meld,148,val
meld,897,val
meld,146,val
meld,132,val
meld,765,val
meld,502,val
meld,296,val
meld,356,val
meld,964,val
meld,292,val
meld,418,val
meld,611,val
meld,1055,val
meld,266,val
meld,216,val
meld,352,val
meld,38,val
meld,227,val
meld,805,test
meld,169,test
meld,828,test
meld,1117,test
meld,28,test
meld,577,test
meld,835,test
meld,417,test
meld,616,test
meld,250,test
meld,470,test
meld,275,test
meld,277,test
meld,831,test
meld,923,test
meld,401,test
meld,440,test
meld,50,test
meld,91,test
meld,950,test
meld,861,test
meld,876,test
meld,105,test
meld,778,test
meld,568,test
meld,495,test
meld,1101,test
meld,46,test
meld,1009,test
meld,881,test
meld,429,test
meld,1109,test
meld,1210,test
meld,223,test
meld,1083,test
meld,75,test
meld,95,test
meld,795,test
meld,1194,test
meld,29,test
meld,864,test
meld,1028,test
meld,1007,test
meld,713,test
meld,1024,test
meld,177,test
meld,385,test
meld,15,test
meld,123,test
meld,599,test
meld,703,test
meld,998,test
meld,447,test
meld,686,test
meld,1216,test
meld,98,test
meld,544,test
meld,823,test
meld,404,test
meld,623,test
meld,905,test
meld,504,test
meld,906,test
meld,719,test
meld,879,test
meld,570,test
meld,626,test
meld,202,test
meld,974,test
meld,443,test
meld,350,test
meld,548,test
meld,1054,test
meld,492,test
meld,1119,test
meld,673,test
meld,585,test
meld,55,test
meld,990,test
meld,593,test
meld,567,test
meld,1202,test
meld,1051,test
meld,729,test
meld,507,test
meld,849,test
meld,656,test
meld,901,test
meld,1047,test
meld,30,test
meld,1188,test
meld,138,test
meld,451,test
meld,811,test
meld,58,test
meld,812,test
meld,324,test
meld,594,test
meld,1037,test
meld,1112,test
meld,1066,test
meld,725,test
meld,184,test
meld,966,test
meld,731,test
meld,14,test
meld,617,test
meld,533,test
meld,1029,test
meld,435,test
meld,124,test
meld,1165,test
meld,1116,test
meld,1139,test
meld,791,test
meld,704,test
meld,907,test
meld,816,test
meld,794,test
meld,1192,test
meld,330,test
meld,467,test
meld,99,test
meld,113,test
meld,885,test
meld,760,test
meld,383,test
meld,238,test
meld,116,test
meld,681,test
meld,1006,test
meld,87,test
meld,1010,test
meld,721,test
meld,103,test
meld,692,test
meld,1077,test
meld,486,test
meld,389,test
meld,872,test
meld,884,test
meld,711,test
meld,1036,test
meld,969,test
meld,869,test
meld,688,test
meld,456,test
meld,392,test
meld,444,test
meld,244,test
meld,701,test
meld,450,test
meld,405,test
meld,761,test
meld,408,test
meld,44,test
meld,788,test
meld,374,test
meld,780,test
meld,1141,test
meld,522,test
meld,886,test
meld,364,test
meld,409,test
meld,294,test
meld,190,test
meld,384,test
meld,993,test
meld,813,test
meld,909,test
meld,588,test
meld,600,test
meld,550,test
meld,856,test
meld,318,test
meld,895,test
meld,739,test
meld,552,test
meld,627,test
meld,78,test
meld,81,test
meld,695,test
meld,1061,test
meld,903,test
meld,579,test
meld,1081,test
meld,11,test
meld,80,test
meld,764,test
meld,499,test
meld,639,test
meld,335,test
meld,551,test
meld,569,test
meld,31,test
meld,755,test
meld,301,test
meld,715,test
meld,367,test
meld,508,test
meld,680,test
meld,517,test
meld,1126,test
meld,45,test
meld,1001,test
meld,671,test
meld,320,test
meld,751,test
meld,524,test
meld,135,test
meld,1158,test
meld,1038,test
meld,752,test
meld,119,test
meld,1071,test
meld,749,test
meld,624,test
meld,863,test
meld,1087,test
meld,944,test
meld,858,test
meld,543,test
meld,287,test
meld,996,test
meld,809,test
meld,610,test
meld,215,test
meld,561,test
meld,24,test
meld,154,test
meld,118,test
meld,419,test
meld,1191,test
meld,1108,test
meld,1125,test
meld,201,test
meld,934,test
meld,199,test
meld,168,test
meld,54,test
meld,819,test
meld,175,test
meld,689,test
meld,393,test
meld,144,test
meld,776,test
meld,515,test
mmlupro,671,train
mmlupro,430,train
mmlupro,273,train
mmlupro,696,train
mmlupro,895,train
mmlupro,89,train
mmlupro,205,train
mmlupro,561,train
mmlupro,846,train
mmlupro,29,train
mmlupro,848,train
mmlupro,378,train
mmlupro,668,train
mmlupro,785,train
mmlupro,928,train
mmlupro,596,train
mmlupro,576,train
mmlupro,413,train
mmlupro,93,train
mmlupro,900,train
mmlupro,840,train
mmlupro,541,train
mmlupro,831,train
mmlupro,75,train
mmlupro,781,train
mmlupro,554,train
mmlupro,14,train
mmlupro,438,train
mmlupro,647,train
mmlupro,196,train
mmlupro,493,train
mmlupro,877,train
mmlupro,868,train
mmlupro,65,train
mmlupro,777,train
mmlupro,209,train
mmlupro,334,train
mmlupro,655,train
mmlupro,262,train
mmlupro,645,train
mmlupro,124,train
mmlupro,788,train
mmlupro,310,train
mmlupro,468,train
mmlupro,767,train
mmlupro,213,train
mmlupro,801,train
mmlupro,707,train
mmlupro,966,train
mmlupro,583,train
mmlupro,827,train
mmlupro,727,train
mmlupro,739,train
mmlupro,315,train
mmlupro,401,train
mmlupro,919,train
mmlupro,352,train
mmlupro,458,train
mmlupro,97,train
mmlupro,20,train
mmlupro,364,train
mmlupro,516,train
mmlupro,684,train
mmlupro,733,train
mmlupro,844,train
mmlupro,652,train
mmlupro,193,train
mmlupro,463,train
mmlupro,4,train
mmlupro,917,train
mmlupro,128,train
mmlupro,566,train
mmlupro,246,train
mmlupro,502,train
mmlupro,15,train
mmlupro,170,train
mmlupro,664,train
mmlupro,975,train
mmlupro,675,train
mmlupro,54,train
mmlupro,515,train
mmlupro,219,train
mmlupro,494,train
mmlupro,492,train
mmlupro,757,train
mmlupro,416,train
mmlupro,34,train
mmlupro,588,train
mmlupro,166,train
mmlupro,186,train
mmlupro,480,train
mmlupro,866,train
mmlupro,338,train
mmlupro,289,train
mmlupro,234,train
mmlupro,784,train
mmlupro,82,train
mmlupro,183,train
mmlupro,810,train
mmlupro,654,train
mmlupro,828,train
mmlupro,18,train
mmlupro,625,train
mmlupro,738,train
mmlupro,686,train
mmlupro,12,train
mmlupro,988,train
mmlupro,557,train
mmlupro,95,train
mmlupro,824,train
mmlupro,795,train
mmlupro,607,train
mmlupro,451,train
mmlupro,7,train
mmlupro,240,train
mmlupro,290,train
mmlupro,285,train
mmlupro,672,train
mmlupro,571,train
mmlupro,130,train
mmlupro,945,train
mmlupro,879,train
mmlupro,101,train
mmlupro,819,train
mmlupro,250,train
mmlupro,501,train
mmlupro,325,train
mmlupro,822,train
mmlupro,634,train
mmlupro,658,train
mmlupro,222,train
mmlupro,878,train
mmlupro,453,train
mmlupro,47,train
mmlupro,845,train
mmlupro,906,train
mmlupro,884,train
mmlupro,455,train
mmlupro,436,train
mmlupro,212,train
mmlupro,125,train
mmlupro,585,train
mmlupro,656,train
mmlupro,560,train
mmlupro,763,train
mmlupro,264,train
mmlupro,976,train
mmlupro,215,train
mmlupro,189,train
mmlupro,637,train
mmlupro,925,train
mmlupro,531,train
mmlupro,122,train
mmlupro,309,train
mmlupro,669,train
mmlupro,479,train
mmlupro,595,train
mmlupro,471,train
mmlupro,452,train
mmlupro,150,train
mmlupro,691,train
mmlupro,242,train
mmlupro,395,train
mmlupro,761,train
mmlupro,629,train
mmlupro,940,train
mmlupro,729,train
mmlupro,565,train
mmlupro,692,train
mmlupro,322,train
mmlupro,254,train
mmlupro,90,train
mmlupro,362,train
mmlupro,772,train
mmlupro,300,train
mmlupro,507,train
mmlupro,106,train
mmlupro,470,train
mmlupro,894,train
mmlupro,422,train
mmlupro,164,train
mmlupro,83,train
mmlupro,719,train
mmlupro,469,train
mmlupro,653,train
mmlupro,442,train
mmlupro,931,train
mmlupro,843,train
mmlupro,891,train
mmlupro,597,train
mmlupro,236,train
mmlupro,140,train
mmlupro,642,train
mmlupro,618,train
mmlupro,694,train
mmlupro,52,train
mmlupro,517,train
mmlupro,881,train
mmlupro,459,train
mmlupro,233,train
mmlupro,461,train
mmlupro,381,train
mmlupro,682,train
mmlupro,418,train
mmlupro,84,train
mmlupro,756,train
mmlupro,808,train
mmlupro,999,train
mmlupro,577,train
mmlupro,923,train
mmlupro,432,train
mmlupro,786,train
mmlupro,57,train
mmlupro,688,train
mmlupro,16,train
mmlupro,551,train
mmlupro,248,train
mmlupro,991,train
mmlupro,147,train
mmlupro,837,train
mmlupro,347,train
mmlupro,657,train
mmlupro,916,train
mmlupro,498,train
mmlupro,619,train
mmlupro,986,train
mmlupro,293,train
mmlupro,298,train
mmlupro,580,train
mmlupro,952,train
mmlupro,989,train
mmlupro,987,train
mmlupro,821,train
mmlupro,373,train
mmlupro,22,train
mmlupro,964,train
mmlupro,651,train
mmlupro,195,train
mmlupro,135,train
mmlupro,428,train
mmlupro,817,train
mmlupro,448,train
mmlupro,460,train
mmlupro,511,train
mmlupro,701,train
mmlupro,700,train
mmlupro,206,train
mmlupro,232,train
mmlupro,342,train
mmlupro,890,train
mmlupro,113,train
mmlupro,376,train
mmlupro,529,train
mmlupro,411,train
mmlupro,62,train
mmlupro,742,train
mmlupro,542,train
mmlupro,43,train
mmlupro,912,train
mmlupro,935,train
mmlupro,1000,train
mmlupro,915,train
mmlupro,370,train
mmlupro,605,train
mmlupro,519,train
mmlupro,929,train
mmlupro,880,train
mmlupro,699,train
mmlupro,228,train
mmlupro,217,train
mmlupro,782,train
mmlupro,72,train
mmlupro,255,train
mmlupro,161,train
mmlupro,799,train
mmlupro,855,train
mmlupro,887,train
mmlupro,134,train
mmlupro,323,train
mmlupro,365,train
mmlupro,115,train
mmlupro,882,train
mmlupro,825,train
mmlupro,528,train
mmlupro,883,train
mmlupro,748,train
mmlupro,292,train
mmlupro,152,train
mmlupro,760,train
mmlupro,417,train
mmlupro,751,train
mmlupro,353,train
mmlupro,301,train
mmlupro,194,train
mmlupro,387,train
mmlupro,407,train
mmlupro,220,train
mmlupro,392,train
mmlupro,154,train
mmlupro,382,train
mmlupro,798,train
mmlupro,901,train
mmlupro,835,train
mmlupro,197,train
mmlupro,329,train
mmlupro,622,train
mmlupro,63,train
mmlupro,858,train
mmlupro,969,train
mmlupro,862,train
mmlupro,64,train
mmlupro,386,train
mmlupro,506,train
mmlupro,936,train
mmlupro,723,train
mmlupro,579,train
mmlupro,681,train
mmlupro,157,train
mmlupro,391,train
mmlupro,129,train
mmlupro,714,train
mmlupro,665,train
mmlupro,690,train
mmlupro,850,train
mmlupro,371,train
mmlupro,396,train
mmlupro,98,train
mmlupro,454,train
mmlupro,294,train
mmlupro,282,train
mmlupro,933,train
mmlupro,303,train
mmlupro,508,train
mmlupro,278,train
mmlupro,120,train
mmlupro,94,train
mmlupro,337,train
mmlupro,424,train
mmlupro,345,train
mmlupro,489,train
mmlupro,539,train
mmlupro,947,train
mmlupro,510,train
mmlupro,377,train
mmlupro,960,train
mmlupro,523,train
mmlupro,578,train
mmlupro,275,train
mmlupro,252,train
mmlupro,589,train
mmlupro,274,train
mmlupro,909,train
mmlupro,465,train
mmlupro,372,train
mmlupro,267,train
mmlupro,896,train
mmlupro,617,train
mmlupro,932,train
mmlupro,995,train
mmlupro,291,train
mmlupro,926,train
mmlupro,269,train
mmlupro,332,train
mmlupro,425,train
mmlupro,32,train
mmlupro,793,train
mmlupro,971,train
mmlupro,257,train
mmlupro,783,train
mmlupro,581,train
mmlupro,666,train
mmlupro,704,train
mmlupro,537,train
mmlupro,803,train
mmlupro,984,train
mmlupro,615,train
mmlupro,230,train
mmlupro,527,train
mmlupro,872,train
mmlupro,627,train
mmlupro,695,train
mmlupro,203,train
mmlupro,137,train
mmlupro,138,train
mmlupro,400,train
mmlupro,635,train
mmlupro,165,train
mmlupro,937,train
mmlupro,429,train
mmlupro,587,train
mmlupro,31,train
mmlupro,759,train
mmlupro,231,train
mmlupro,162,train
mmlupro,306,train
mmlupro,536,train
mmlupro,601,train
mmlupro,447,train
mmlupro,974,train
mmlupro,414,train
mmlupro,441,train
mmlupro,349,train
mmlupro,811,train
mmlupro,144,train
mmlupro,331,train
mmlupro,842,train
mmlupro,544,train
mmlupro,227,train
mmlupro,247,train
mmlupro,839,train
mmlupro,876,train
mmlupro,613,train
mmlupro,214,train
mmlupro,384,train
mmlupro,33,train
mmlupro,726,train
mmlupro,139,train
mmlupro,127,train
mmlupro,25,train
mmlupro,402,train
mmlupro,245,train
mmlupro,126,train
mmlupro,659,train
mmlupro,92,train
mmlupro,142,train
mmlupro,513,train
mmlupro,992,train
mmlupro,548,train
mmlupro,450,train
mmlupro,556,train
mmlupro,286,train
mmlupro,11,train
mmlupro,791,train
mmlupro,582,train
mmlupro,628,train
mmlupro,520,train
mmlupro,687,train
mmlupro,36,train
mmlupro,283,train
mmlupro,225,train
mmlupro,77,train
mmlupro,320,train
mmlupro,181,train
mmlupro,584,train
mmlupro,340,train
mmlupro,367,train
mmlupro,814,train
mmlupro,177,train
mmlupro,771,train
mmlupro,711,train
mmlupro,564,train
mmlupro,775,train
mmlupro,204,train
mmlupro,343,train
mmlupro,224,train
mmlupro,680,train
mmlupro,421,train
mmlupro,39,train
mmlupro,606,train
mmlupro,963,train
mmlupro,356,train
mmlupro,649,train
mmlupro,977,train
mmlupro,569,train
mmlupro,423,train
mmlupro,118,train
mmlupro,272,train
mmlupro,953,train
mmlupro,832,train
mmlupro,388,train
mmlupro,406,train
mmlupro,201,train
mmlupro,830,train
mmlupro,841,train
mmlupro,603,train
mmlupro,546,train
mmlupro,179,train
mmlupro,132,train
mmlupro,558,train
mmlupro,42,train
mmlupro,741,train
mmlupro,1,train
mmlupro,363,train
mmlupro,972,train
mmlupro,930,train
mmlupro,973,train
mmlupro,114,train
mmlupro,191,train
mmlupro,736,train
mmlupro,61,train
mmlupro,660,train
mmlupro,73,train
mmlupro,5,train
mmlupro,380,train
mmlupro,745,train
mmlupro,208,train
mmlupro,792,train
mmlupro,749,train
mmlupro,552,train
mmlupro,192,train
mmlupro,223,train
mmlupro,503,train
mmlupro,271,train
mmlupro,621,train
mmlupro,612,train
mmlupro,514,train
mmlupro,312,train
mmlupro,957,train
mmlupro,913,train
mmlupro,490,train
mmlupro,287,train
mmlupro,533,train
mmlupro,393,train
mmlupro,412,train
mmlupro,661,train
mmlupro,802,train
mmlupro,218,train
mmlupro,553,train
mmlupro,676,train
mmlupro,141,train
mmlupro,280,train
mmlupro,399,train
mmlupro,397,train
mmlupro,85,train
mmlupro,410,train
mmlupro,794,train
mmlupro,948,train
mmlupro,725,train
mmlupro,526,train
mmlupro,238,train
mmlupro,419,train
mmlupro,258,train
mmlupro,151,train
mmlupro,774,train
mmlupro,21,train
mmlupro,861,train
mmlupro,444,train
mmlupro,446,train
mmlupro,51,train
mmlupro,698,train
mmlupro,369,train
mmlupro,813,train
mmlupro,350,train
mmlupro,644,train
mmlupro,478,train
mmlupro,104,train
mmlupro,172,train
mmlupro,550,train
mmlupro,575,train
mmlupro,403,train
mmlupro,710,train
mmlupro,336,train
mmlupro,96,train
mmlupro,379,train
mmlupro,235,train
mmlupro,633,train
mmlupro,324,train
mmlupro,562,train
mmlupro,178,train
mmlupro,823,train
mmlupro,679,train
mmlupro,754,train
mmlupro,398,train
mmlupro,81,train
mmlupro,210,train
mmlupro,19,train
mmlupro,860,train
mmlupro,849,train
mmlupro,713,train
mmlupro,41,train
mmlupro,505,train
mmlupro,420,train
mmlupro,593,train
mmlupro,632,train
mmlupro,117,train
mmlupro,439,train
mmlupro,198,train
mmlupro,871,train
mmlupro,497,train
mmlupro,998,train
mmlupro,296,train
mmlupro,426,train
mmlupro,434,train
mmlupro,570,train
mmlupro,40,train
mmlupro,484,train
mmlupro,826,train
mmlupro,921,train
mmlupro,702,train
mmlupro,159,train
mmlupro,279,train
mmlupro,773,train
mmlupro,404,train
mmlupro,243,train
mmlupro,23,train
mmlupro,636,train
mmlupro,708,train
mmlupro,994,train
mmlupro,630,train
mmlupro,326,train
mmlupro,237,train
mmlupro,163,val
mmlupro,327,val
mmlupro,567,val
mmlupro,119,val
mmlupro,339,val
mmlupro,171,val
mmlupro,408,val
mmlupro,435,val
mmlupro,270,val
mmlupro,856,val
mmlupro,100,val
mmlupro,744,val
mmlupro,148,val
mmlupro,764,val
mmlupro,997,val
mmlupro,990,val
mmlupro,103,val
mmlupro,17,val
mmlupro,288,val
mmlupro,873,val
mmlupro,766,val
mmlupro,922,val
mmlupro,568,val
mmlupro,111,val
mmlupro,6,val
mmlupro,244,val
mmlupro,847,val
mmlupro,574,val
mmlupro,631,val
mmlupro,920,val
mmlupro,730,val
mmlupro,169,val
mmlupro,765,val
mmlupro,10,val
mmlupro,752,val
mmlupro,390,val
mmlupro,797,val
mmlupro,962,val
mmlupro,886,val
mmlupro,780,val
mmlupro,3,val
mmlupro,820,val
mmlupro,358,val
mmlupro,168,val
mmlupro,980,val
mmlupro,263,val
mmlupro,600,val
mmlupro,405,val
mmlupro,559,val
mmlupro,893,val
mmlupro,740,val
mmlupro,869,val
mmlupro,512,val
mmlupro,307,val
mmlupro,685,val
mmlupro,705,val
mmlupro,888,val
mmlupro,670,val
mmlupro,483,val
mmlupro,180,val
mmlupro,663,val
mmlupro,807,val
mmlupro,750,val
mmlupro,35,val
mmlupro,486,val
mmlupro,717,val
mmlupro,476,val
mmlupro,626,val
mmlupro,473,val
mmlupro,604,val
mmlupro,110,val
mmlupro,153,val
mmlupro,758,val
mmlupro,833,val
mmlupro,68,val
mmlupro,706,val
mmlupro,187,val
mmlupro,190,val
mmlupro,555,val
mmlupro,805,val
mmlupro,815,val
mmlupro,226,val
mmlupro,608,val
mmlupro,563,val
mmlupro,91,val
mmlupro,46,val
mmlupro,297,val
mmlupro,71,val
mmlupro,689,val
mmlupro,167,val
mmlupro,598,val
mmlupro,173,val
mmlupro,650,val
mmlupro,611,val
mmlupro,200,val
mmlupro,466,val
mmlupro,703,val
mmlupro,809,val
mmlupro,472,val
mmlupro,482,val
mmlupro,712,val
mmlupro,427,val
mmlupro,592,val
mmlupro,360,val
mmlupro,914,val
mmlupro,594,val
mmlupro,253,val
mmlupro,160,val
mmlupro,956,val
mmlupro,330,val
mmlupro,834,val
mmlupro,967,val
mmlupro,762,val
mmlupro,221,val
mmlupro,522,val
mmlupro,346,val
mmlupro,778,val
mmlupro,905,val
mmlupro,88,val
mmlupro,543,val
mmlupro,721,val
mmlupro,123,val
mmlupro,317,val
mmlupro,464,val
mmlupro,158,val
mmlupro,146,val
mmlupro,735,val
mmlupro,790,val
mmlupro,55,val
mmlupro,547,val
mmlupro,521,val
mmlupro,488,val
mmlupro,979,val
mmlupro,59,val
mmlupro,965,val
mmlupro,776,val
mmlupro,491,val
mmlupro,155,val
mmlupro,602,val
mmlupro,467,val
mmlupro,359,val
mmlupro,266,val
mmlupro,136,val
mmlupro,112,val
mmlupro,859,val
mmlupro,641,val
mmlupro,623,val
mmlupro,863,val
mmlupro,50,val
mmlupro,344,val
mmlupro,299,val
mmlupro,677,val
mmlupro,58,val
mmlupro,265,val
mmlupro,304,val
mmlupro,662,val
mmlupro,70,val
mmlupro,311,val
mmlupro,69,val
mmlupro,8,val
mmlupro,499,val
mmlupro,549,val
mmlupro,746,val
mmlupro,357,val
mmlupro,318,val
mmlupro,78,val
mmlupro,534,val
mmlupro,573,val
mmlupro,102,val
mmlupro,996,val
mmlupro,302,val
mmlupro,13,val
mmlupro,500,val
mmlupro,865,val
mmlupro,968,val
mmlupro,375,val
mmlupro,540,val
mmlupro,769,val
mmlupro,389,val
mmlupro,812,val
mmlupro,993,val
mmlupro,321,val
mmlupro,60,val
mmlupro,852,val
mmlupro,383,val
mmlupro,897,val
mmlupro,889,val
mmlupro,241,val
mmlupro,874,val
mmlupro,946,val
mmlupro,643,val
mmlupro,462,val
mmlupro,818,val
mmlupro,941,val
mmlupro,836,val
mmlupro,202,val
mmlupro,985,val
mmlupro,674,val
mmlupro,216,val
mmlupro,715,val
mmlupro,348,test
mmlupro,24,test
mmlupro,538,test
mmlupro,374,test
mmlupro,199,test
mmlupro,918,test
mmlupro,800,test
mmlupro,524,test
mmlupro,74,test
mmlupro,609,test
mmlupro,908,test
mmlupro,949,test
mmlupro,722,test
mmlupro,99,test
mmlupro,475,test
mmlupro,737,test
mmlupro,716,test
mmlupro,457,test
mmlupro,851,test
mmlupro,66,test
mmlupro,211,test
mmlupro,26,test
mmlupro,341,test
mmlupro,44,test
mmlupro,305,test
mmlupro,667,test
mmlupro,56,test
mmlupro,816,test
mmlupro,368,test
mmlupro,184,test
mmlupro,899,test
mmlupro,804,test
mmlupro,934,test
mmlupro,755,test
mmlupro,149,test
mmlupro,415,test
mmlupro,229,test
mmlupro,504,test
mmlupro,366,test
mmlupro,535,test
mmlupro,599,test
mmlupro,277,test
mmlupro,256,test
mmlupro,857,test
mmlupro,76,test
mmlupro,942,test
mmlupro,496,test
mmlupro,724,test
mmlupro,185,test
mmlupro,697,test
mmlupro,910,test
mmlupro,648,test
mmlupro,145,test
mmlupro,156,test
mmlupro,518,test
mmlupro,907,test
mmlupro,838,test
mmlupro,281,test
mmlupro,683,test
mmlupro,45,test
mmlupro,939,test
mmlupro,121,test
mmlupro,319,test
mmlupro,728,test
mmlupro,532,test
mmlupro,586,test
mmlupro,610,test
mmlupro,284,test
mmlupro,261,test
mmlupro,107,test
mmlupro,314,test
mmlupro,720,test
mmlupro,143,test
mmlupro,67,test
mmlupro,958,test
mmlupro,853,test
mmlupro,174,test
mmlupro,176,test
mmlupro,509,test
mmlupro,614,test
mmlupro,938,test
mmlupro,743,test
mmlupro,875,test
mmlupro,105,test
mmlupro,854,test
mmlupro,49,test
mmlupro,678,test
mmlupro,260,test
mmlupro,27,test
mmlupro,48,test
mmlupro,961,test
mmlupro,133,test
mmlupro,867,test
mmlupro,732,test
mmlupro,951,test
mmlupro,335,test
mmlupro,970,test
mmlupro,796,test
mmlupro,747,test
mmlupro,591,test
mmlupro,718,test
mmlupro,904,test
mmlupro,620,test
mmlupro,316,test
mmlupro,944,test
mmlupro,251,test
mmlupro,924,test
mmlupro,433,test
mmlupro,28,test
mmlupro,885,test
mmlupro,276,test
mmlupro,431,test
mmlupro,950,test
mmlupro,983,test
mmlupro,806,test
mmlupro,9,test
mmlupro,239,test
mmlupro,768,test
mmlupro,385,test
mmlupro,638,test
mmlupro,87,test
mmlupro,870,test
mmlupro,709,test
mmlupro,53,test
mmlupro,525,test
mmlupro,624,test
mmlupro,789,test
mmlupro,981,test
mmlupro,361,test
mmlupro,79,test
mmlupro,259,test
mmlupro,545,test
mmlupro,590,test
mmlupro,959,test
mmlupro,734,test
mmlupro,2,test
mmlupro,449,test
mmlupro,902,test
mmlupro,175,test
mmlupro,1001,test
mmlupro,445,test
mmlupro,616,test
mmlupro,333,test
mmlupro,982,test
mmlupro,495,test
mmlupro,485,test
mmlupro,313,test
mmlupro,131,test
mmlupro,639,test
mmlupro,753,test
mmlupro,864,test
mmlupro,30,test
mmlupro,108,test
mmlupro,37,test
mmlupro,249,test
mmlupro,80,test
mmlupro,354,test
mmlupro,954,test
mmlupro,182,test
mmlupro,440,test
mmlupro,38,test
mmlupro,955,test
mmlupro,443,test
mmlupro,351,test
mmlupro,481,test
mmlupro,640,test
mmlupro,477,test
mmlupro,646,test
mmlupro,911,test
mmlupro,328,test
mmlupro,779,test
mmlupro,474,test
mmlupro,787,test
mmlupro,943,test
mmlupro,109,test
mmlupro,355,test
mmlupro,456,test
mmlupro,530,test
mmlupro,927,test
mmlupro,903,test
mmlupro,572,test
mmlupro,295,test
mmlupro,693,test
mmlupro,892,test
mmlupro,409,test
mmlupro,898,test
mmlupro,770,test
mmlupro,308,test
mmlupro,268,test
mmlupro,116,test
mmlupro,188,test
mmlupro,86,test
mmlupro,978,test
mmlupro,829,test
mmlupro,394,test
mmlupro,487,test
mmlupro,437,test
mmlupro,673,test
mmlupro,731,test
mmlupro,207,test
